R1,arm,band,entry_bid,entry_delay_bars,entry_fill,exit_bid,exit_fill,ficha,level_slip,margin1,net1,net1_con_coste,pos_id,reason,same_bar,sid,side,side_l,spread,t_exit,t_in,t_in_exec,t_out
78197.7500000034,mult1.50,0.5,4347.59,0,4347.59,4348.425,4348.63,F1,True,4071518.035,-97395.9999999966,-118467.2499999966,1767309300|SHORT,EXIT_STLINE,False,SuperTrend-p14x3-M15,SHORT,S,0.5,1767310203.104,1767309300,1767310200.0,1767310200
1352370.5038265446,mult1.50,0.5,4351.38,0,4351.88,4387.7238015691355,4387.48,F1,True,4075535.62,3333939.999999949,3312868.749999949,1767310200|LONG,EXIT_STLINE,False,SuperTrend-p14x3-M15,LONG,L,0.5,1767346909.622,1767310200,1767311100.0,1767346200
519071.1698888646,mult1.50,0.5,4393.91,0,4394.65,4426.923076799801,4426.9,F1,True,4115589.7249999996,3020212.5,2999141.25,1767567600|LONG,EXIT_STLINE,False,SuperTrend-p14x3-M15,LONG,L,0.5,1767601456.072,1767567600,1767568500.0,1767600900
928529.7161061985,mult1.50,0.5,4442.77,0,4442.77,4446.389001489126,4446.49,F1,True,4160654.1050000004,-348377.99999993865,-369449.24999993865,1767645000|SHORT,EXIT_STLINE,False,SuperTrend-p14x3-M15,SHORT,S,0.5,1767653586.668,1767645000,1767645900.0,1767653100
1728610.7873855766,mult1.50,0.5,4450.43,0,4450.98,4458.999045208203,4458.94,F1,True,4168342.7699999996,745454.0000000034,724382.7500000034,1767653100|LONG,EXIT_STLINE,False,SuperTrend-p14x3-M15,LONG,L,0.5,1767667628.615,1767653100,1767654000.0,1767667500
1487148.3155436334,mult1.50,0.5,4451.87,0,4452.34,4465.949150028272,4466.0,F1,True,4169616.41,-1279258.9999999863,-1300330.2499999863,1767667500|SHORT,EXIT_STLINE,False,SuperTrend-p14x3-M15,SHORT,S,0.5,1767670673.028,1767667500,1767668400.0,1767670200
223743.90014763677,mult1.50,0.5,4463.69,0,4463.56,4465.949150028272,4466.11,F1,True,4180123.9400000004,-238807.49999993187,-259878.74999993187,1767670200|SHORT,EXIT_STLINE,False,SuperTrend-p14x3-M15,SHORT,S,0.5,1767671754.08,1767670200,1767671100.0,1767671100
308805.59951549565,mult1.50,0.5,4492.95,0,4493.46,4490.162556331922,4490.15,F1,True,4208125.29,-309981.5000000375,-331052.7500000375,1767733200|LONG,EXIT_STLINE,False,SuperTrend-p14x3-M15,LONG,L,0.5,1767734308.073,1767733200,1767734100.0,1767734100
128061.0995154684,mult1.50,0.5,4491.03,0,4491.53,4490.162556331922,4490.14,F1,True,4206317.845,-130173.49999994549,-151244.7499999455,1767734100|LONG,EXIT_STLINE,False,SuperTrend-p14x3-M15,LONG,L,0.5,1767735180.814,1767734100,1767735000.0,1767735000
903886.9009074633,mult1.50,0.5,4489.78,0,4489.72,4495.587840186177,4495.69,F1,True,4204622.78,-559090.4999999386,-580161.7499999386,1767735000|SHORT,EXIT_STLINE,False,SuperTrend-p14x3-M15,SHORT,S,0.5,1767736805.316,1767735000,1767735900.0,1767736800
2083758.8060472808,mult1.50,0.5,4470.76,0,4470.81,4477.3329396230065,4477.41,F1,True,4186913.5650000004,-618089.9999999489,-639161.2499999489,1767736800|SHORT,EXIT_STLINE,False,SuperTrend-p14x3-M15,SHORT,S,0.5,1767742323.106,1767736800,1767737700.0,1767742200
148242.29569455833,mult1.50,0.5,4475.77,0,4475.75,4477.3329396230065,4477.41,F1,True,4191539.875,-155458.99999998638,-176530.24999998638,1767742200|SHORT,EXIT_STLINE,False,SuperTrend-p14x3-M15,SHORT,S,0.5,1767743245.058,1767742200,1767743100.0,1767743100
258749.2956945856,mult1.50,0.5,4474.57,0,4474.57,4477.3329396230065,4477.36,F1,True,4190434.805,-261283.4999999966,-282354.7499999966,1767743100|SHORT,EXIT_STLINE,False,SuperTrend-p14x3-M15,SHORT,S,0.5,1767744600.485,1767743100,1767744000.0,1767744000
246574.79569457535,mult1.50,0.5,4474.54,0,4474.7,4477.3329396230065,4477.45,F1,True,4190556.55,-257537.5,-278608.75,1767744000|SHORT,EXIT_STLINE,False,SuperTrend-p14x3-M15,SHORT,S,0.5,1767745047.565,1767744000,1767744900.0,1767744900
97671.29569456173,mult1.50,0.5,4476.29,0,4476.29,4477.3329396230065,4477.6,F1,True,4192045.585,-122681.50000003747,-143752.7500000375,1767744900|SHORT,EXIT_STLINE,False,SuperTrend-p14x3-M15,SHORT,S,0.5,1767745803.738,1767744900,1767745800.0,1767745800
1158873.3447050927,mult1.50,0.5,4478.16,0,4478.66,4466.2854848403085,4466.16,F1,True,4194265.09,-1170625.0,-1191696.25,1767745800|LONG,EXIT_STLINE,False,SuperTrend-p14x3-M15,LONG,L,0.5,1767749281.909,1767745800,1767746700.0,1767748500
1229142.7624150498,mult1.50,0.5,4465.98,0,4466.06,4460.282498687463,4460.29,F1,True,4182465.1900000004,540360.5000000409,519289.25000004086,1767748500|SHORT,EXIT_STLINE,False,SuperTrend-p14x3-M15,SHORT,S,0.5,1767755871.268,1767748500,1767749400.0,1767755700
506880.5020809179,mult1.50,0.5,4454.86,0,4454.87,4457.954804899329,4458.43,F1,True,4171985.755,-333394.0000000375,-354465.2500000375,1767755700|SHORT,EXIT_STLINE,False,SuperTrend-p14x3-M15,SHORT,S,0.5,1767760607.63,1767755700,1767756600.0,1767760200
193323.55963968142,mult1.50,0.5,4456.79,0,4457.29,4455.225680089272,4455.16,F1,True,4174252.085,-199474.50000001022,-220545.75000001022,1767820500|LONG,EXIT_STLINE,False,SuperTrend-p14x3-M15,LONG,L,0.5,1767821777.325,1767820500,1767821400.0,1767821400
1206816.4557607688,mult1.50,0.5,4451.29,0,4451.33,4459.009207669049,4459.11,F1,True,4168670.545,-728596.9999999761,-749668.2499999761,1767821400|SHORT,EXIT_STLINE,False,SuperTrend-p14x3-M15,SHORT,S,0.5,1767823730.713,1767821400,1767822300.0,1767823200
189098.79820645173,mult1.50,0.5,4456.84,0,4456.99,4459.009207669049,4459.16,F1,True,4173971.135,-203220.5000000068,-224291.7500000068,1767823200|SHORT,EXIT_STLINE,False,SuperTrend-p14x3-M15,SHORT,S,0.5,1767824315.694,1767823200,1767824100.0,1767824100
391382.79820643814,mult1.50,0.5,4454.94,0,4454.83,4431.199000513403,4431.39,F1,True,4171948.295,2195155.9999999627,2174084.7499999627,1767824100|SHORT,EXIT_STLINE,False,SuperTrend-p14x3-M15,SHORT,S,0.5,1767843110.606,1767824100,1767825000.0,1767843000
1515159.7656333533,mult1.50,0.5,4435.53,0,4435.97,4424.040487083255,4424.04,F1,True,4154285.905,-1117244.5000000272,-1138315.7500000272,1767843000|LONG,EXIT_STLINE,False,SuperTrend-p14x3-M15,LONG,L,0.5,1767850405.544,1767843000,1767843900.0,1767850200
1129080.2467152346,mult1.50,0.5,4465.6,0,4465.6,4467.611439462384,4467.68,F1,True,4182034.4000000004,-194791.9999999932,-215863.2499999932,1767906900|SHORT,EXIT_STLINE,False,SuperTrend-p14x3-M15,SHORT,S,0.5,1767912740.106,1767906900,1767907800.0,1767912300
1181147.0862356916,mult1.50,0.5,4468.79,0,4469.29,4461.958175109746,4461.88,F1,True,4185490.085,-693946.4999999864,-715017.7499999864,1767912300|LONG,EXIT_STLINE,False,SuperTrend-p14x3-M15,LONG,L,0.5,1767917923.919,1767912300,1767913200.0,1767917700
172486.9009723273,mult1.50,0.5,4463.3,0,4463.8,4461.958175109746,4461.91,F1,True,4180348.7,-176998.50000003068,-198069.75000003068,1767917700|LONG,EXIT_STLINE,False,SuperTrend-p14x3-M15,LONG,L,0.5,1767918655.683,1767917700,1767918600.0,1767918600
204327.90097234093,mult1.50,0.5,4463.64,0,4464.14,4461.958175109746,4461.8,F1,True,4180667.110000001,-219141.00000001362,-240212.25000001362,1767918600|LONG,EXIT_STLINE,False,SuperTrend-p14x3-M15,LONG,L,0.5,1767921351.752,1767918600,1767919500.0,1767921300
106931.90097234433,mult1.50,0.5,4462.6,0,4463.1,4461.958175109746,4461.81,F1,True,4179693.1500000004,-120808.4999999966,-141879.7499999966,1767921300|LONG,EXIT_STLINE,False,SuperTrend-p14x3-M15,LONG,L,0.5,1767922204.371,1767921300,1767922200.0,1767922200
150947.400972283,mult1.50,0.5,4462.87,0,4463.57,4461.958175109746,4461.79,F1,True,4180133.305,-166696.99999997616,-187768.24999997616,1767922200|LONG,EXIT_STLINE,False,SuperTrend-p14x3-M15,LONG,L,0.5,1767923493.893,1767922200,1767923100.0,1767923100
290485.9009723477,mult1.50,0.5,4464.56,0,4465.06,4461.958175109746,4461.77,F1,True,4181528.6900000004,-308108.49999999657,-329179.74999999657,1767923100|LONG,EXIT_STLINE,False,SuperTrend-p14x3-M15,LONG,L,0.5,1767924688.253,1767923100,1767924000.0,1767924000
133153.90097232047,mult1.50,0.5,4462.96,0,4463.38,4461.958175109746,4461.93,F1,True,4179955.37,-135792.49999998297,-156863.74999998297,1767924000|LONG,EXIT_STLINE,False,SuperTrend-p14x3-M15,LONG,L,0.5,1767924919.365,1767924000,1767924900.0,1767924900
281120.90097231366,mult1.50,0.5,4464.46,0,4464.96,4466.60383815241,4466.57,F1,True,4181435.04,150776.49999996932,129705.24999996932,1767924900|LONG,EXIT_STLINE,False,SuperTrend-p14x3-M15,LONG,L,0.5,1767934944.983,1767924900,1767925800.0,1767934800
529261.5573166717,mult1.50,0.5,4582.46,0,4583.03,4577.378515138103,4577.27,F1,True,4292007.595,-539423.9999999353,-560495.2499999353,1768169700|LONG,EXIT_STLINE,False,SuperTrend-p14x3-M15,LONG,L,0.5,1768170896.566,1768169700,1768170600.0,1768170600
2066499.7815869756,mult1.50,0.5,4573.45,0,4573.52,4580.394492039482,4580.49,F1,True,4283101.48,-652740.4999999386,-673811.7499999386,1768170600|SHORT,EXIT_STLINE,False,SuperTrend-p14x3-M15,SHORT,S,0.5,1768185716.953,1768170600,1768171500.0,1768185000
1725105.5537374571,mult1.50,0.5,4581.7,0,4582.13,4585.192021291878,4585.19,F1,True,4291164.745,286568.9999999523,265497.7499999523,1768185000|LONG,EXIT_STLINE,False,SuperTrend-p14x3-M15,LONG,L,0.5,1768206351.438,1768185000,1768185900.0,1768205700
2336876.523504604,mult1.50,0.5,4579.6,0,4579.08,4597.456432068414,4597.8,F1,True,4288308.42,-1753128.0000000237,-1774199.2500000237,1768248000|SHORT,EXIT_STLINE,False,SuperTrend-p14x3-M15,SHORT,S,0.5,1768251456.947,1768248000,1768248900.0,1768250700
1989535.4891937694,mult1.50,0.5,4598.93,0,4599.68,4581.706654061842,4581.49,F1,True,4307600.32,-1703493.5000000477,-1724564.7500000477,1768250700|LONG,EXIT_STLINE,False,SuperTrend-p14x3-M15,LONG,L,0.5,1768255478.209,1768250700,1768251600.0,1768255200
1036082.3471085733,mult1.50,0.5,4592.24,0,4592.77,4581.706654061842,4581.7,F1,True,4301129.105,-1036705.500000058,-1057776.750000058,1768255200|LONG,EXIT_STLINE,False,SuperTrend-p14x3-M15,LONG,L,0.5,1768256988.586,1768255200,1768256100.0,1768256100
1822121.0365373534,mult1.50,0.5,4581.59,0,4581.59,4595.755174628876,4595.9,F1,True,4290659.035,-1340131.4999999523,-1361202.7499999523,1768256100|SHORT,EXIT_STLINE,False,SuperTrend-p14x3-M15,SHORT,S,0.5,1768262486.417,1768256100,1768257000.0,1768262400
1464995.5826988586,mult1.50,0.5,4597.78,0,4598.29,4587.41380288981,4587.33,F1,True,4306298.585,-1026404.0000000034,-1047475.2500000034,1768262400|LONG,EXIT_STLINE,False,SuperTrend-p14x3-M15,LONG,L,0.5,1768271583.335,1768262400,1768263300.0,1768271400
679542.8593693349,mult1.50,0.5,4594.17,0,4594.67,4587.41380288981,4587.27,F1,True,4302908.455,-693009.9999999659,-714081.2499999659,1768271400|LONG,EXIT_STLINE,False,SuperTrend-p14x3-M15,LONG,L,0.5,1768274162.48,1768271400,1768272300.0,1768274100
1187781.5933711685,mult1.50,0.5,4584.68,0,4584.68,4590.599771251358,4590.6,F1,True,4293552.82,-554408.0000000069,-575479.2500000069,1768274100|SHORT,EXIT_STLINE,False,SuperTrend-p14x3-M15,SHORT,S,0.5,1768281062.969,1768274100,1768275000.0,1768280400
1384337.3428337544,mult1.50,0.5,4595.76,0,4596.26,4625.689278587911,4625.27,F1,True,4304397.49,2716786.5000000205,2695715.2500000205,1768334400|LONG,EXIT_STLINE,False,SuperTrend-p14x3-M15,LONG,L,0.5,1768359385.583,1768334400,1768335300.0,1768358700
1665298.7987382347,mult1.50,0.5,4619.73,0,4619.61,4637.392154818347,4637.41,F1,True,4326264.765,-1666970.000000017,-1688041.250000017,1768358700|SHORT,EXIT_STLINE,False,SuperTrend-p14x3-M15,SHORT,S,0.5,1768363199.053,1768358700,1768359600.0,1768362300
1516617.280445118,mult1.50,0.5,4616.67,0,4616.67,4607.92854850321,4607.94,F1,True,4323511.455,817564.5000000442,796493.2500000442,1768420800|SHORT,EXIT_STLINE,False,SuperTrend-p14x3-M15,SHORT,S,0.5,1768431970.223,1768420800,1768421700.0,1768431600
2236471.750653236,mult1.50,0.5,4613.92,0,4614.37,4595.739626070863,4595.68,F1,True,4321357.505,-1750318.4999999625,-1771389.7499999625,1768431600|LONG,EXIT_STLINE,False,SuperTrend-p14x3-M15,LONG,L,0.5,1768434754.348,1768431600,1768432500.0,1768434300
714584.5184636822,mult1.50,0.5,4602.76,0,4603.37,4595.739626070863,4595.68,F1,True,4311056.005,-720168.4999999625,-741239.7499999625,1768434300|LONG,EXIT_STLINE,False,SuperTrend-p14x3-M15,LONG,L,0.5,1768435544.36,1768434300,1768435200.0,1768435200
1998780.1246591709,mult1.50,0.5,4591.32,0,4591.28,4601.333679220419,4602.07,F1,True,4299733.72,-1010483.4999999966,-1031554.7499999966,1768435200|SHORT,EXIT_STLINE,False,SuperTrend-p14x3-M15,SHORT,S,0.5,1768446434.48,1768435200,1768436100.0,1768446000
1895445.2240728866,mult1.50,0.5,4605.17,0,4605.76,4610.617111922964,4610.57,F1,True,4313294.24,450456.4999999523,429385.2499999523,1768446000|LONG,EXIT_STLINE,False,SuperTrend-p14x3-M15,LONG,L,0.5,1768471309.079,1768446000,1768446900.0,1768471200
923827.9390007083,mult1.50,0.5,4608.09,0,4608.09,4608.611992520993,4608.63,F1,True,4315476.285,-50570.999999996595,-71642.2499999966,1768509000|SHORT,EXIT_STLINE,False,SuperTrend-p14x3-M15,SHORT,S,0.5,1768517016.752,1768509000,1768509900.0,1768516200
332644.0995909782,mult1.50,0.5,4605.06,0,4605.06,4604.273299883082,4604.36,F1,True,4312638.69,65555.00000006813,44483.75000006813,1768516200|SHORT,EXIT_STLINE,False,SuperTrend-p14x3-M15,SHORT,S,0.5,1768531146.757,1768516200,1768517100.0,1768530600
1333049.9785821205,mult1.50,0.5,4606.72,0,4607.22,4602.248072823149,4602.19,F1,True,4314661.53,-471059.50000006135,-492130.75000006135,1768530600|LONG,EXIT_STLINE,False,SuperTrend-p14x3-M15,LONG,L,0.5,1768534889.921,1768530600,1768531500.0,1768534200
1479969.9601151596,mult1.50,0.5,4595.8,0,4595.79,4606.232974206008,4606.3,F1,True,4303957.335,-984261.5000000205,-1005332.7500000205,1768534200|SHORT,EXIT_STLINE,False,SuperTrend-p14x3-M15,SHORT,S,0.5,1768536526.322,1768534200,1768535100.0,1768536000
423807.4900848648,mult1.50,0.5,4659.11,0,4659.61,4655.08455963604,4654.83,F1,True,4363724.765,-447646.99999997613,-468718.24999997613,1768777200|LONG,EXIT_STLINE,False,SuperTrend-p14x3-M15,LONG,L,0.5,1768780081.599,1768777200,1768778100.0,1768779900
724423.9900848682,mult1.50,0.5,4662.32,0,4662.82,4663.837621270937,4663.79,F1,True,4366730.93,90840.50000002385,69769.25000002385,1768779900|LONG,EXIT_STLINE,False,SuperTrend-p14x3-M15,LONG,L,0.5,1768796398.938,1768779900,1768780800.0,1768796100
745023.8885557514,mult1.50,0.5,4670.69,0,4670.69,4669.5967951552575,4669.77,F1,True,4374101.185,86157.99999992164,65086.74999992164,1768852800|SHORT,EXIT_STLINE,False,SuperTrend-p14x3-M15,SHORT,S,0.5,1768860309.128,1768852800,1768853700.0,1768860000
1158773.8401263836,mult1.50,0.5,4670.04,0,4670.54,4723.789010274703,4723.66,F1,True,4373960.71,4974687.99999999,4953616.74999999,1768860000|LONG,EXIT_STLINE,False,SuperTrend-p14x3-M15,LONG,L,0.5,1768894371.231,1768860000,1768860900.0,1768894200
555196.0703864307,mult1.50,0.5,4757.82,0,4757.92,4763.848415060186,4763.95,F1,True,4455792.08,-564709.4999999761,-585780.7499999761,1768939200|SHORT,EXIT_STLINE,False,SuperTrend-p14x3-M15,SHORT,S,0.5,1768941600.446,1768939200,1768940100.0,1768941000
1772083.7750261757,mult1.50,0.5,4773.28,0,4773.88,4861.338456930174,4861.14,F1,True,4470738.62,8171899.0000000205,8150827.7500000205,1768941000|LONG,EXIT_STLINE,False,SuperTrend-p14x3-M15,LONG,L,0.5,1768966951.881,1768941000,1768941900.0,1768966200
58207.50848918128,mult1.50,0.5,4861.41,0,4861.96,4861.338456930174,4860.92,F1,True,4553225.54,-97395.9999999966,-118467.2499999966,1768966200|LONG,EXIT_STLINE,False,SuperTrend-p14x3-M15,LONG,L,0.5,1768967100.4,1768966200,1768967100.0,1768967100
2690354.6374217877,mult1.50,0.5,4847.32,0,4847.32,4862.165593284499,4862.23,F1,True,4539515.18,-1396321.4999999863,-1417392.7499999863,1768967100|SHORT,EXIT_STLINE,False,SuperTrend-p14x3-M15,SHORT,S,0.5,1768971922.974,1768967100,1768968000.0,1768971600
659389.1535036294,mult1.50,0.5,4814.73,0,4815.23,4808.189005301616,4807.84,F1,True,4509462.895,-692073.4999999455,-713144.7499999455,1769025600|LONG,EXIT_STLINE,False,SuperTrend-p14x3-M15,LONG,L,0.5,1769026650.742,1769025600,1769026500.0,1769026500
3243645.405520194,mult1.50,0.5,4794.79,0,4794.81,4805.208810658024,4805.88,F1,True,4490339.565,-1036705.4999999728,-1057776.7499999728,1769026500|SHORT,EXIT_STLINE,False,SuperTrend-p14x3-M15,SHORT,S,0.5,1769049951.431,1769026500,1769027400.0,1769049900
2548976.206396263,mult1.50,0.5,4821.16,0,4821.67,4820.877226757494,4820.82,F1,True,4515493.955,-79602.50000003407,-100673.75000003407,1769049900|LONG,EXIT_STLINE,False,SuperTrend-p14x3-M15,LONG,L,0.5,1769063546.448,1769049900,1769050800.0,1769063400
572035.3010221183,mult1.50,0.5,4938.58,0,4939.08,4940.229985599278,4940.12,F1,True,4625448.42,97395.9999999966,76324.7499999966,1769113800|LONG,EXIT_STLINE,False,SuperTrend-p14x3-M15,LONG,L,0.5,1769119371.0,1769113800,1769114700.0,1769119200
866263.8486275908,mult1.50,0.5,4949.08,0,4949.48,4942.186618422598,4942.12,F1,True,4635188.02,-689263.9999999694,-710335.2499999694,1769119200|LONG,EXIT_STLINE,False,SuperTrend-p14x3-M15,LONG,L,0.5,1769127553.881,1769119200,1769120100.0,1769127300
168886.6847236527,mult1.50,0.5,4943.42,0,4943.99,4951.758247498227,4951.71,F1,True,4630046.635,722978.0000000239,701906.7500000239,1769127300|LONG,EXIT_STLINE,False,SuperTrend-p14x3-M15,LONG,L,0.5,1769137889.899,1769127300,1769128200.0,1769137200
107861.62179099787,mult1.50,0.5,4952.41,0,4952.91,4951.758247498227,4951.71,F1,True,4638400.215,-112379.99999998296,-133451.24999998295,1769137200|LONG,EXIT_STLINE,False,SuperTrend-p14x3-M15,LONG,L,0.5,1769138222.188,1769137200,1769138100.0,1769138100
149067.6217910456,mult1.50,0.5,4952.83,0,4953.35,4951.758247498227,4951.62,F1,True,4638812.275,-162014.5000000443,-183085.7500000443,1769138100|LONG,EXIT_STLINE,False,SuperTrend-p14x3-M15,LONG,L,0.5,1769139001.44,1769138100,1769139000.0,1769139000
160305.62179103534,mult1.50,0.5,4953.02,0,4953.47,4951.758247498227,4951.7,F1,True,4638924.655,-165760.5000000409,-186831.7500000409,1769139000|LONG,EXIT_STLINE,False,SuperTrend-p14x3-M15,LONG,L,0.5,1769140089.536,1769139000,1769139900.0,1769139900
209940.1217910115,mult1.50,0.5,4953.5,0,4954.0,4951.758247498227,4951.71,F1,True,4639421.0,-214458.4999999966,-235529.7499999966,1769139900|LONG,EXIT_STLINE,False,SuperTrend-p14x3-M15,LONG,L,0.5,1769142287.136,1769139900,1769140800.0,1769141700
289337.2841826863,mult1.50,0.5,5066.87,0,5067.37,5064.28044010483,5064.02,F1,True,4745592.005,-313727.4999999489,-334798.7499999489,1769391000|LONG,EXIT_STLINE,False,SuperTrend-p14x3-M15,LONG,L,0.5,1769391912.136,1769391000,1769391900.0,1769391900
603064.7841827204,mult1.50,0.5,5070.22,0,5070.72,5064.28044010483,5064.26,F1,True,4748729.28,-604979.0000000034,-626050.2500000034,1769391900|LONG,EXIT_STLINE,False,SuperTrend-p14x3-M15,LONG,L,0.5,1769393142.63,1769391900,1769392800.0,1769392800
2135520.371880869,mult1.50,0.5,5059.79,0,5059.75,5078.4840497173755,5078.53,F1,True,4738455.875,-1758746.9999999763,-1779818.2499999763,1769392800|SHORT,EXIT_STLINE,False,SuperTrend-p14x3-M15,SHORT,S,0.5,1769396499.666,1769392800,1769393700.0,1769396400
872260.7560322046,mult1.50,0.5,5069.11,0,5069.17,5078.4840497173755,5078.51,F1,True,4747277.705,-874691.0000000136,-895762.2500000136,1769396400|SHORT,EXIT_STLINE,False,SuperTrend-p14x3-M15,SHORT,S,0.5,1769398343.169,1769396400,1769397300.0,1769398200
2736403.2894817046,mult1.50,0.5,5091.86,0,5092.45,5077.231485335491,5077.19,F1,True,4769079.425,-1429099.0000000205,-1450170.2500000205,1769398200|LONG,EXIT_STLINE,False,SuperTrend-p14x3-M15,LONG,L,0.5,1769410484.493,1769398200,1769399100.0,1769409900
4362703.675924305,mult1.50,0.5,5039.54,0,5040.66,5021.339131827085,5020.97,F1,True,4720578.09,-1843968.4999999625,-1865039.7499999625,1769457600|LONG,EXIT_STLINE,False,SuperTrend-p14x3-M15,LONG,L,0.5,1769464216.357,1769457600,1769458500.0,1769463900
1107024.3043934656,mult1.50,0.5,5032.66,0,5033.16,5021.339131827085,5020.29,F1,True,4713554.34,-1205275.4999999898,-1226346.7499999898,1769463900|LONG,EXIT_STLINE,False,SuperTrend-p14x3-M15,LONG,L,0.5,1769464803.994,1769463900,1769464800.0,1769464800
4745326.8043935,mult1.50,0.5,5071.3,0,5072.01,5075.354199347068,5075.25,F1,True,4749937.365,303425.99999997957,282354.74999997957,1769464800|LONG,EXIT_STLINE,False,SuperTrend-p14x3-M15,LONG,L,0.5,1769491772.255,1769464800,1769465700.0,1769490900
1107349.0628180548,mult1.50,0.5,5170.31,0,5170.81,5158.985664038249,5158.92,F1,True,4842463.565,-1113498.5000000307,-1134569.7500000307,1769544900|LONG,EXIT_STLINE,False,SuperTrend-p14x3-M15,LONG,L,0.5,1769547911.162,1769544900,1769545800.0,1769547600
658765.5628180581,mult1.50,0.5,5165.59,0,5166.02,5280.070103920697,5279.99,F1,True,4837977.73,10673290.499999939,10652219.249999939,1769547600|LONG,EXIT_STLINE,False,SuperTrend-p14x3-M15,LONG,L,0.5,1769580868.699,1769547600,1769548500.0,1769580000
1506083.8697103916,mult1.50,0.5,5512.95,0,5513.43,5497.347951204374,5497.21,F1,True,5163327.195,-1519003.0000000237,-1540074.2500000237,1769633100|LONG,EXIT_STLINE,False,SuperTrend-p14x3-M15,LONG,L,0.5,1769634043.434,1769633100,1769634000.0,1769634000
3821625.359597163,mult1.50,0.5,5495.19,0,5495.26,5534.656993879005,5535.07,F1,True,5146310.99,-3728206.4999999525,-3749277.7499999525,1769634000|SHORT,EXIT_STLINE,False,SuperTrend-p14x3-M15,SHORT,S,0.5,1769640040.582,1769634000,1769634900.0,1769639400
6314855.798345678,mult1.50,0.5,5540.37,0,5540.43,5546.4095060217705,5546.19,F1,True,5188612.695,539423.9999999353,518352.7499999353,1769639400|LONG,EXIT_STLINE,False,SuperTrend-p14x3-M15,LONG,L,0.5,1769660913.168,1769639400,1769640300.0,1769660100
10594932.238538522,mult1.50,0.5,5310.91,0,5309.65,5242.01138674025,5242.2,F1,True,4972487.225,6316692.499999983,6295621.249999983,1769724000|SHORT,EXIT_STLINE,False,SuperTrend-p14x3-M15,SHORT,S,0.5,1769730527.103,1769724000,1769724900.0,1769730300
1635258.8682243666,mult1.50,0.5,5225.26,0,5224.55,5068.794748849456,5069.23,F1,True,4892791.075,14545718.000000058,14524646.750000058,1769730300|SHORT,EXIT_STLINE,False,SuperTrend-p14x3-M15,SHORT,S,0.5,1769757625.805,1769730300,1769731200.0,1769757300
13811201.708760742,mult1.50,0.5,4741.05,0,4741.16,4826.830236796499,4830.93,F1,True,4440096.34,-8406960.500000041,-8428031.750000041,1769976000|SHORT,EXIT_STLINE,False,SuperTrend-p14x3-M15,SHORT,S,0.5,1769980306.427,1769976000,1769976900.0,1769979600
14484786.294425894,mult1.50,0.5,4845.37,0,4845.87,4755.530587043296,4753.12,F1,True,4538157.255,-8686037.5,-8707108.75,1769979600|LONG,EXIT_STLINE,False,SuperTrend-p14x3-M15,LONG,L,0.5,1769983202.421,1769979600,1769980500.0,1769983200
14333926.008527532,mult1.50,0.5,4643.74,0,4643.27,4549.506962157215,4550.18,F1,True,4348422.355,8717878.500000013,8696807.250000013,1769983200|SHORT,EXIT_STLINE,False,SuperTrend-p14x3-M15,SHORT,S,0.5,1770005271.841,1769983200,1769984100.0,1770004800
6365062.372099485,mult1.50,0.5,4772.57,0,4772.55,4822.309625257024,4823.33,F1,True,4469493.075,-4755546.999999976,-4776618.249999976,1770074100|SHORT,EXIT_STLINE,False,SuperTrend-p14x3-M15,SHORT,S,0.5,1770080734.393,1770074100,1770075000.0,1770080400
574975.9053202891,mult1.50,0.5,4816.17,0,4816.17,4822.309625257024,4822.57,F1,True,4510343.205,-599359.9999999659,-620431.2499999659,1770080400|SHORT,EXIT_STLINE,False,SuperTrend-p14x3-M15,SHORT,S,0.5,1770082684.115,1770080400,1770081300.0,1770082200
176963.40532028902,mult1.50,0.5,4820.42,0,4820.42,4822.309625257024,4822.75,F1,True,4514323.33,-218204.4999999932,-239275.7499999932,1770082200|SHORT,EXIT_STLINE,False,SuperTrend-p14x3-M15,SHORT,S,0.5,1770083134.337,1770082200,1770083100.0,1770083100
1256747.905320265,mult1.50,0.5,4808.89,0,4808.89,4822.309625257024,4822.81,F1,True,4503525.485,-1303608.0000000068,-1324679.2500000068,1770083100|SHORT,EXIT_STLINE,False,SuperTrend-p14x3-M15,SHORT,S,0.5,1770085077.048,1770083100,1770084000.0,1770084900
5526507.335793275,mult1.50,0.5,4839.38,0,4839.86,4900.578054083316,4900.4,F1,True,4532528.89,5669570.999999996,5648499.749999996,1770084900|LONG,EXIT_STLINE,False,SuperTrend-p14x3-M15,LONG,L,0.5,1770099842.799,1770084900,1770085800.0,1770099300
2135677.9859539294,mult1.50,0.5,4932.57,0,4933.19,5055.648723523551,5054.56,F1,True,4619932.435,11366300.500000075,11345229.250000075,1770148800|LONG,EXIT_STLINE,False,SuperTrend-p14x3-M15,LONG,L,0.5,1770174919.879,1770148800,1770149700.0,1770174900
3168724.545159699,mult1.50,0.5,5054.29,0,5054.29,5088.125820023061,5088.19,F1,True,4733342.585,-3174734.999999966,-3195806.249999966,1770174900|SHORT,EXIT_STLINE,False,SuperTrend-p14x3-M15,SHORT,S,0.5,1770179344.416,1770174900,1770175800.0,1770178500
5468644.6560833445,mult1.50,0.5,4967.36,0,4967.26,4879.680806082995,4882.59,F1,True,4651838.99,7929345.5000000065,7908274.2500000065,1770242400|SHORT,EXIT_STLINE,False,SuperTrend-p14x3-M15,SHORT,S,0.5,1770250879.771,1770242400,1770243300.0,1770250500
1950804.9896724788,mult1.50,0.5,4858.84,0,4858.85,4879.680806082995,4879.7,F1,True,4550313.025,-1952602.499999949,-1973673.749999949,1770250500|SHORT,EXIT_STLINE,False,SuperTrend-p14x3-M15,SHORT,S,0.5,1770252857.153,1770250500,1770251400.0,1770252300
6485159.804595712,mult1.50,0.5,4880.55,0,4881.05,4827.227558018361,4827.01,F1,True,4571103.325,-5060845.999999996,-5081917.249999996,1770252300|LONG,EXIT_STLINE,False,SuperTrend-p14x3-M15,LONG,L,0.5,1770258764.685,1770252300,1770253200.0,1770258600
5514340.691580426,mult1.50,0.5,4885.61,0,4886.11,4886.0018525761925,4884.96,F1,True,4575842.015,-107697.49999996593,-128768.74999996593,1770258600|LONG,EXIT_STLINE,False,SuperTrend-p14x3-M15,LONG,L,0.5,1770271427.54,1770258600,1770259500.0,1770271200
6858454.2713337885,mult1.50,0.5,4758.51,0,4758.9,4704.191820206438,4703.99,F1,True,4456709.85,-5142321.499999986,-5163392.749999986,1770327000|LONG,EXIT_STLINE,False,SuperTrend-p14x3-M15,LONG,L,0.5,1770328931.162,1770327000,1770327900.0,1770328800
4128858.037667055,mult1.50,0.5,4747.55,0,4748.28,4839.895616476137,4839.69,F1,True,4446764.22,8560546.499999987,8539475.249999987,1770328800|LONG,EXIT_STLINE,False,SuperTrend-p14x3-M15,LONG,L,0.5,1770348968.477,1770328800,1770329700.0,1770348600
663452.5170097629,mult1.50,0.5,4846.48,0,4846.98,4839.895616476137,4839.89,F1,True,4539196.77,-663978.4999999284,-685049.7499999284,1770348600|LONG,EXIT_STLINE,False,SuperTrend-p14x3-M15,LONG,L,0.5,1770350148.533,1770348600,1770349500.0,1770349500
639103.5170098277,mult1.50,0.5,4846.22,0,4846.72,4839.895616476137,4839.74,F1,True,4538953.28,-653677.0000000442,-674748.2500000442,1770349500|LONG,EXIT_STLINE,False,SuperTrend-p14x3-M15,LONG,L,0.5,1770350410.813,1770349500,1770350400.0,1770350400
712751.093868105,mult1.50,0.5,5018.64,0,5019.24,5011.629203482455,5011.52,F1,True,4700518.26,-722977.9999999386,-744049.2499999386,1770588000|LONG,EXIT_STLINE,False,SuperTrend-p14x3-M15,LONG,L,0.5,1770589743.952,1770588000,1770588900.0,1770588900
512340.0938681595,mult1.50,0.5,5016.79,0,5017.1,5011.629203482455,5011.59,F1,True,4698514.15,-516011.50000002043,-537082.7500000205,1770588900|LONG,EXIT_STLINE,False,SuperTrend-p14x3-M15,LONG,L,0.5,1770589941.157,1770588900,1770589800.0,1770589800
2131868.6278128955,mult1.50,0.5,5009.5,0,5009.54,5019.6496792960315,5019.7,F1,True,4691434.21,-951483.9999999864,-972555.2499999864,1770589800|SHORT,EXIT_STLINE,False,SuperTrend-p14x3-M15,SHORT,S,0.5,1770595424.415,1770589800,1770590700.0,1770595200
3829195.212906678,mult1.50,0.5,5020.35,0,5020.93,5012.808683354326,5012.56,F1,True,4702100.945,-783850.4999999898,-804921.7499999898,1770595200|LONG,EXIT_STLINE,False,SuperTrend-p14x3-M15,LONG,L,0.5,1770610442.688,1770595200,1770596100.0,1770609600
4175039.4913648744,mult1.50,0.5,5013.04,0,5013.21,5042.2397859718885,5042.3,F1,True,4694871.165,-2724278.5000000135,-2745349.7500000135,1770667200|SHORT,EXIT_STLINE,False,SuperTrend-p14x3-M15,SHORT,S,0.5,1770669908.108,1770667200,1770668100.0,1770669900
978622.4562673636,mult1.50,0.5,5031.91,0,5031.79,5042.2397859718885,5042.26,F1,True,4712271.335,-980515.5000000239,-1001586.7500000239,1770669900|SHORT,EXIT_STLINE,False,SuperTrend-p14x3-M15,SHORT,S,0.5,1770670838.868,1770669900,1770670800.0,1770670800
676132.9562673193,mult1.50,0.5,5035.02,0,5035.02,5042.2397859718885,5042.32,F1,True,4715296.23,-683644.9999999319,-704716.2499999319,1770670800|SHORT,EXIT_STLINE,False,SuperTrend-p14x3-M15,SHORT,S,0.5,1770672250.925,1770670800,1770671700.0,1770671700
766036.9562673226,mult1.50,0.5,5034.06,0,5034.06,5042.2397859718885,5042.93,F1,True,4714397.19,-830675.4999999898,-851746.7499999898,1770671700|SHORT,EXIT_STLINE,False,SuperTrend-p14x3-M15,SHORT,S,0.5,1770678432.214,1770671700,1770672600.0,1770678000
27138.456267377205,mult1.50,0.5,5041.92,0,5041.95,5042.2397859718885,5042.45,F1,True,4721786.175,-46825.0,-67896.25,1770678000|SHORT,EXIT_STLINE,False,SuperTrend-p14x3-M15,SHORT,S,0.5,1770678900.093,1770678000,1770678900.0,1770678900
2469405.170288622,mult1.50,0.5,5047.17,0,5047.67,5021.382869564677,5021.04,F1,True,4727142.955,-2493899.5000000102,-2514970.7500000102,1770678900|LONG,EXIT_STLINE,False,SuperTrend-p14x3-M15,LONG,L,0.5,1770682548.431,1770678900,1770679800.0,1770682500
50302.265267996976,mult1.50,0.5,5021.79,0,5021.92,5021.382869564677,5021.13,F1,True,4703028.08,-73983.4999999966,-95054.7499999966,1770682500|LONG,EXIT_STLINE,False,SuperTrend-p14x3-M15,LONG,L,0.5,1770683441.053,1770682500,1770683400.0,1770683400
337807.7652679697,mult1.50,0.5,5024.49,0,5024.99,5021.382869564677,5021.28,F1,True,4705903.135,-347441.50000000343,-368512.75000000343,1770683400|LONG,EXIT_STLINE,False,SuperTrend-p14x3-M15,LONG,L,0.5,1770685025.774,1770683400,1770684300.0,1770684300
843517.7652680208,mult1.50,0.5,5029.89,0,5030.39,5021.382869564677,5021.31,F1,True,4710960.235,-850341.9999999931,-871413.2499999931,1770684300|LONG,EXIT_STLINE,False,SuperTrend-p14x3-M15,LONG,L,0.5,1770685482.026,1770684300,1770685200.0,1770685200
265697.265268014,mult1.50,0.5,5023.73,0,5024.22,5021.382869564677,5021.25,F1,True,4705182.03,-278140.50000002387,-299211.75000002387,1770685200|LONG,EXIT_STLINE,False,SuperTrend-p14x3-M15,LONG,L,0.5,1770690275.049,1770685200,1770686100.0,1770689700
2147444.5129221985,mult1.50,0.5,5018.74,0,5018.94,5041.870534040813,5041.91,F1,True,4700237.31,-2151140.5000000237,-2172211.7500000237,1770689700|SHORT,EXIT_STLINE,False,SuperTrend-p14x3-M15,SHORT,S,0.5,1770692811.828,1770689700,1770690600.0,1770692400
482347.5129221374,mult1.50,0.5,5036.72,0,5036.72,5041.870534040813,5042.13,F1,True,4716888.28,-506646.4999999864,-527717.7499999864,1770692400|SHORT,EXIT_STLINE,False,SuperTrend-p14x3-M15,SHORT,S,0.5,1770701853.892,1770692400,1770693300.0,1770701400
2530852.9669419546,mult1.50,0.5,5048.58,0,5049.08,5033.435380977569,5031.47,F1,True,4728463.42,-1649176.4999999693,-1670247.7499999693,1770701400|LONG,EXIT_STLINE,False,SuperTrend-p14x3-M15,LONG,L,0.5,1770716675.115,1770701400,1770702300.0,1770715800
3050206.0082925,mult1.50,0.5,5063.18,0,5063.18,5074.1083732824445,5074.11,F1,True,4741668.07,-1023594.499999942,-1044665.749999942,1770840000|SHORT,EXIT_STLINE,False,SuperTrend-p14x3-M15,SHORT,S,0.5,1770855010.229,1770840000,1770840900.0,1770854400
526160.6579009496,mult1.50,0.5,5068.38,0,5068.49,5071.291258695446,5071.55,F1,True,4746640.885,-286569.0000000375,-307640.2500000375,1770854400|SHORT,EXIT_STLINE,False,SuperTrend-p14x3-M15,SHORT,S,0.5,1770861880.964,1770854400,1770855300.0,1770861600
1937702.9813747385,mult1.50,0.5,5074.87,0,5075.37,5057.465590910021,5057.42,F1,True,4753084.005,-1681017.499999983,-1702088.749999983,1770861600|LONG,EXIT_STLINE,False,SuperTrend-p14x3-M15,LONG,L,0.5,1770866919.509,1770861600,1770862500.0,1770866100
2274075.390871534,mult1.50,0.5,5055.35,0,5055.37,5069.262512456205,5069.29,F1,True,4734354.005,-1303608.0000000068,-1324679.2500000068,1770866100|SHORT,EXIT_STLINE,False,SuperTrend-p14x3-M15,SHORT,S,0.5,1770872704.034,1770866100,1770867000.0,1770872400
3981627.113420065,mult1.50,0.5,4941.87,0,4942.37,4967.741202507598,4966.41,F1,True,4628529.505,2251345.9999999967,2230274.7499999967,1770930000|LONG,EXIT_STLINE,False,SuperTrend-p14x3-M15,LONG,L,0.5,1770949154.859,1770930000,1770930900.0,1770948900
1151782.3851634208,mult1.50,0.5,4979.55,0,4980.04,4967.741202507598,4967.71,F1,True,4663807.46,-1154704.4999999932,-1175775.7499999932,1770948900|LONG,EXIT_STLINE,False,SuperTrend-p14x3-M15,LONG,L,0.5,1770949939.944,1770948900,1770949800.0,1770949800
2683214.882802202,mult1.50,0.5,4963.96,0,4963.96,4976.667101749,4976.73,F1,True,4648748.54,-1195910.4999999558,-1216981.7499999558,1770949800|SHORT,EXIT_STLINE,False,SuperTrend-p14x3-M15,SHORT,S,0.5,1770956385.836,1770949800,1770950700.0,1770956100
452880.9115800962,mult1.50,0.5,5022.32,0,5022.8,5017.9641119959415,5017.48,F1,True,4703852.2,-498218.0000000579,-519289.2500000579,1771185600|LONG,EXIT_STLINE,False,SuperTrend-p14x3-M15,LONG,L,0.5,1771188283.096,1771185600,1771186500.0,1771187400
128851.91158009274,mult1.50,0.5,5018.84,0,5019.34,5017.9641119959415,5017.49,F1,True,4700611.91,-173252.50000003408,-194323.75000003408,1771187400|LONG,EXIT_STLINE,False,SuperTrend-p14x3-M15,LONG,L,0.5,1771188336.499,1771187400,1771188300.0,1771188300
243104.9115801166,mult1.50,0.5,5020.06,0,5020.56,5017.9641119959415,5017.74,F1,True,4701754.44,-264093.0000000579,-285164.2500000579,1771188300|LONG,EXIT_STLINE,False,SuperTrend-p14x3-M15,LONG,L,0.5,1771189222.751,1771188300,1771189200.0,1771189200
1458289.873524477,mult1.50,0.5,5017.44,0,5017.44,4992.855163512505,4992.97,F1,True,4698832.56,2291615.4999999385,2270544.2499999385,1771189200|SHORT,EXIT_STLINE,False,SuperTrend-p14x3-M15,SHORT,S,0.5,1771210980.709,1771189200,1771190100.0,1771210800
252402.06294610567,mult1.50,0.5,4990.16,0,4990.16,4992.855163512505,4992.87,F1,True,4673284.84,-253791.5000000034,-274862.7500000034,1771210800|SHORT,EXIT_STLINE,False,SuperTrend-p14x3-M15,SHORT,S,0.5,1771212412.513,1771210800,1771211700.0,1771211700
1745236.7761167497,mult1.50,0.5,4992.95,0,4993.45,4999.825641594299,4999.74,F1,True,4676365.925,589058.4999999966,567987.2499999966,1771211700|LONG,EXIT_STLINE,False,SuperTrend-p14x3-M15,LONG,L,0.5,1771229452.928,1771211700,1771212600.0,1771228800
457762.6562998401,mult1.50,0.5,4990.89,0,4991.39,4986.501984449548,4986.46,F1,True,4674436.735,-461694.50000002724,-482765.75000002724,1771272000|LONG,EXIT_STLINE,False,SuperTrend-p14x3-M15,LONG,L,0.5,1771273047.304,1771272000,1771272900.0,1771272900
768680.6562998128,mult1.50,0.5,4994.21,0,4994.71,4986.501984449548,4986.47,F1,True,4677545.915,-771675.9999999795,-792747.2499999795,1771272900|LONG,EXIT_STLINE,False,SuperTrend-p14x3-M15,LONG,L,0.5,1771275788.022,1771272900,1771273800.0,1771275600
1489544.7834016646,mult1.50,0.5,4979.15,0,4979.15,4954.327985909247,4954.41,F1,True,4662973.975,2316900.9999999795,2295829.7499999795,1771275600|SHORT,EXIT_STLINE,False,SuperTrend-p14x3-M15,SHORT,S,0.5,1771280796.263,1771275600,1771276500.0,1771280100
2200532.9603723395,mult1.50,0.5,4956.79,0,4957.07,4950.5679908442125,4950.56,F1,True,4642296.055,-609661.4999999353,-630732.7499999353,1771280100|LONG,EXIT_STLINE,False,SuperTrend-p14x3-M15,LONG,L,0.5,1771288628.914,1771280100,1771281000.0,1771288200
317661.6574394985,mult1.50,0.5,4953.76,0,4953.96,4950.5679908442125,4950.3,F1,True,4639383.54,-342758.9999999864,-363830.2499999864,1771288200|LONG,EXIT_STLINE,False,SuperTrend-p14x3-M15,LONG,L,0.5,1771290232.021,1771288200,1771289100.0,1771290000
170631.1574395258,mult1.50,0.5,4951.89,0,4952.39,4950.5679908442125,4950.56,F1,True,4637913.235,-171379.4999999932,-192450.7499999932,1771290000|LONG,EXIT_STLINE,False,SuperTrend-p14x3-M15,LONG,L,0.5,1771290922.832,1771290000,1771290900.0,1771290900
880498.157439519,mult1.50,0.5,4959.47,0,4959.97,4950.5679908442125,4950.33,F1,True,4645011.905,-902786.0000000306,-923857.2500000306,1771290900|LONG,EXIT_STLINE,False,SuperTrend-p14x3-M15,LONG,L,0.5,1771292236.995,1771290900,1771291800.0,1771291800
185615.15743951217,mult1.50,0.5,4952.05,0,4952.55,4950.5679908442125,4950.49,F1,True,4638063.075,-192919.0000000375,-213990.2500000375,1771291800|LONG,EXIT_STLINE,False,SuperTrend-p14x3-M15,LONG,L,0.5,1771292958.632,1771291800,1771292700.0,1771292700
243678.15743950196,mult1.50,0.5,4952.67,0,4953.17,4950.5679908442125,4949.75,F1,True,4638643.705,-320283.0000000068,-341354.2500000068,1771292700|LONG,EXIT_STLINE,False,SuperTrend-p14x3-M15,LONG,L,0.5,1771293820.545,1771292700,1771293600.0,1771293600
2697389.15355858,mult1.50,0.5,4928.24,0,4928.11,4905.376687307354,4905.47,F1,True,4615175.015,2120235.9999999455,2099164.7499999455,1771293600|SHORT,EXIT_STLINE,False,SuperTrend-p14x3-M15,SHORT,S,0.5,1771299272.679,1771293600,1771294500.0,1771299000
2774058.429033649,mult1.50,0.5,4908.77,0,4909.27,4913.920183058648,4913.62,F1,True,4597531.355,407377.4999999489,386306.2499999489,1771299000|LONG,EXIT_STLINE,False,SuperTrend-p14x3-M15,LONG,L,0.5,1771314666.212,1771299000,1771299900.0,1771314300
1077492.1457385574,mult1.50,0.5,4882.47,0,4882.97,4871.464477888537,4870.86,F1,True,4572901.405,-1134101.5000000545,-1155172.7500000545,1771358400|LONG,EXIT_STLINE,False,SuperTrend-p14x3-M15,LONG,L,0.5,1771359536.832,1771358400,1771359300.0,1771359300
620480.1457385471,mult1.50,0.5,4877.59,0,4878.09,4871.464477888537,4871.28,F1,True,4568331.285,-637756.5000000375,-658827.7500000375,1771359300|LONG,EXIT_STLINE,False,SuperTrend-p14x3-M15,LONG,L,0.5,1771360444.476,1771359300,1771360200.0,1771360200
480941.6457385676,mult1.50,0.5,4876.24,0,4876.6,4871.464477888537,4871.04,F1,True,4566935.9,-520694.0000000375,-541765.2500000375,1771360200|LONG,EXIT_STLINE,False,SuperTrend-p14x3-M15,LONG,L,0.5,1771361187.04,1771360200,1771361100.0,1771361100
2540904.494972977,mult1.50,0.5,4858.97,0,4858.97,4884.273570425329,4885.75,F1,True,4550425.405,-2507946.9999999763,-2529018.2499999763,1771361100|SHORT,EXIT_STLINE,False,SuperTrend-p14x3-M15,SHORT,S,0.5,1771365746.767,1771361100,1771362000.0,1771365600
2336462.614042384,mult1.50,0.5,4886.66,0,4887.16,4924.159423221038,4923.78,F1,True,4576825.34,3429462.9999999898,3408391.7499999898,1771365600|LONG,EXIT_STLINE,False,SuperTrend-p14x3-M15,LONG,L,0.5,1771391973.015,1771365600,1771366500.0,1771391700
318672.86485522625,mult1.50,0.5,4981.6,0,4981.6,4976.932544381851,4977.0,F1,True,4665268.4,430790.00000003405,409718.75000003405,1771446600|SHORT,EXIT_STLINE,False,SuperTrend-p14x3-M15,SHORT,S,0.5,1771455855.938,1771446600,1771447500.0,1771455600
269013.7813602783,mult1.50,0.5,4974.06,0,4974.06,4976.932544381851,4976.95,F1,True,4658207.19,-270648.4999999455,-291719.7499999455,1771455600|SHORT,EXIT_STLINE,False,SuperTrend-p14x3-M15,SHORT,S,0.5,1771461084.918,1771455600,1771456500.0,1771461000
1405996.8204966644,mult1.50,0.5,4976.98,0,4977.48,5008.9078429084,5008.67,F1,True,4661410.02,2920943.5000000475,2899872.2500000475,1771461000|LONG,EXIT_STLINE,False,SuperTrend-p14x3-M15,LONG,L,0.5,1771477032.207,1771461000,1771461900.0,1771476300
60336.085367748274,mult1.50,0.5,4987.46,0,4987.96,4987.315727865801,4987.31,F1,True,4671224.54,-60872.499999965934,-81943.74999996593,1771533900|LONG,EXIT_STLINE,False,SuperTrend-p14x3-M15,LONG,L,0.5,1771534801.38,1771533900,1771534800.0,1771534800
612871.0853677142,mult1.50,0.5,4993.36,0,4993.86,4987.315727865801,4987.22,F1,True,4676749.89,-621835.9999999455,-642907.2499999455,1771534800|LONG,EXIT_STLINE,False,SuperTrend-p14x3-M15,LONG,L,0.5,1771536907.255,1771534800,1771535700.0,1771536600
671870.5853677244,mult1.50,0.5,4993.99,0,4994.49,4995.898885940435,4995.86,F1,True,4677339.885,128300.49999998978,107229.24999998978,1771536600|LONG,EXIT_STLINE,False,SuperTrend-p14x3-M15,LONG,L,0.5,1771540050.881,1771536600,1771537500.0,1771539300
370958.33167820156,mult1.50,0.5,4999.36,0,4999.86,4995.898885940435,4995.89,F1,True,4682368.89,-371790.49999993865,-392861.74999993865,1771539300|LONG,EXIT_STLINE,False,SuperTrend-p14x3-M15,LONG,L,0.5,1771540640.153,1771539300,1771540200.0,1771540200
200515.3316782288,mult1.50,0.5,4997.54,0,4998.04,4995.898885940435,4995.58,F1,True,4680664.46,-230379.0000000034,-251450.2500000034,1771540200|LONG,EXIT_STLINE,False,SuperTrend-p14x3-M15,LONG,L,0.5,1771541359.535,1771540200,1771541100.0,1771541100
140579.33167819816,mult1.50,0.5,4996.9,0,4997.4,4995.898885940435,4995.85,F1,True,4680065.1,-145157.49999993187,-166228.74999993187,1771541100|LONG,EXIT_STLINE,False,SuperTrend-p14x3-M15,LONG,L,0.5,1771542063.471,1771541100,1771542000.0,1771542000
112484.33167826629,mult1.50,0.5,4996.64,0,4997.1,4995.898885940435,4995.43,F1,True,4679784.15,-156395.5000000068,-177466.7500000068,1771542000|LONG,EXIT_STLINE,False,SuperTrend-p14x3-M15,LONG,L,0.5,1771543158.857,1771542000,1771542900.0,1771542900
170547.33167825607,mult1.50,0.5,4997.2,0,4997.72,4995.898885940435,4995.89,F1,True,4680364.78,-171379.4999999932,-192450.7499999932,1771542900|LONG,EXIT_STLINE,False,SuperTrend-p14x3-M15,LONG,L,0.5,1771544839.105,1771542900,1771543800.0,1771544700
59103.83167820837,mult1.50,0.5,4996.03,0,4996.53,4995.898885940435,4995.78,F1,True,4679250.345,-70237.5,-91308.75,1771544700|LONG,EXIT_STLINE,False,SuperTrend-p14x3-M15,LONG,L,0.5,1771545600.567,1771544700,1771545600.0,1771545600
1219904.1278068991,mult1.50,0.5,4994.18,0,4994.18,5003.797249584006,5003.98,F1,True,4677049.57,-917769.9999999319,-938841.2499999319,1771545600|SHORT,EXIT_STLINE,False,SuperTrend-p14x3-M15,SHORT,S,0.5,1771552919.301,1771545600,1771546500.0,1771552800
244168.9235421844,mult1.50,0.5,5001.19,0,5001.19,5003.797249584006,5004.53,F1,True,4683614.435,-312791.0000000136,-333862.2500000136,1771552800|SHORT,EXIT_STLINE,False,SuperTrend-p14x3-M15,SHORT,S,0.5,1771554917.722,1771552800,1771553700.0,1771554600
423976.92354210606,mult1.50,0.5,4999.27,0,4999.27,5003.797249584006,5004.22,F1,True,4681816.355,-463567.49999998295,-484638.74999998295,1771554600|SHORT,EXIT_STLINE,False,SuperTrend-p14x3-M15,SHORT,S,0.5,1771555660.684,1771554600,1771555500.0,1771555500
1876400.3253220776,mult1.50,0.5,5011.7,0,5012.26,5011.870952662217,5011.75,F1,True,4693981.49,-47761.500000020445,-68832.75000002045,1771555500|LONG,EXIT_STLINE,False,SuperTrend-p14x3-M15,LONG,L,0.5,1771561397.782,1771555500,1771556400.0,1771560900
2593915.3018306554,mult1.50,0.5,5138.47,0,5138.62,5164.5856467056,5164.9,F1,True,4812317.63,-2461121.9999999763,-2482193.2499999763,1771794000|SHORT,EXIT_STLINE,False,SuperTrend-p14x3-M15,SHORT,S,0.5,1771800121.674,1771794000,1771794900.0,1771799400
2721213.7427342106,mult1.50,0.5,5165.97,0,5166.47,5148.414428603271,5147.92,F1,True,4838399.155,-1737207.500000017,-1758278.750000017,1771799400|LONG,EXIT_STLINE,False,SuperTrend-p14x3-M15,LONG,L,0.5,1771818105.087,1771799400,1771800300.0,1771817400
1731956.470371771,mult1.50,0.5,5148.18,0,5148.18,5143.5391315663455,5143.79,F1,True,4821270.57,411123.5000000307,390052.2500000307,1771817400|SHORT,EXIT_STLINE,False,SuperTrend-p14x3-M15,SHORT,S,0.5,1771826725.414,1771817400,1771818300.0,1771826400
396807.39212427253,mult1.50,0.5,5229.86,0,5230.32,5226.082868210098,5225.99,F1,True,4898194.68,-405504.4999999932,-426575.7499999932,1771880400|LONG,EXIT_STLINE,False,SuperTrend-p14x3-M15,LONG,L,0.5,1771882109.515,1771880400,1771881300.0,1771881300
1606911.7684026377,mult1.50,0.5,5225.56,0,5225.78,5189.723840670727,5190.98,F1,True,4893942.97,3259020.000000017,3237948.750000017,1771881300|SHORT,EXIT_STLINE,False,SuperTrend-p14x3-M15,SHORT,S,0.5,1771890768.589,1771881300,1771882200.0,1771890300
2294360.420353749,mult1.50,0.5,5189.82,0,5190.25,5168.123140329038,5167.89,F1,True,4860669.125,-2094013.9999999693,-2115085.2499999693,1771890300|LONG,EXIT_STLINE,False,SuperTrend-p14x3-M15,LONG,L,0.5,1771894874.0,1771890300,1771891200.0,1771894800
1634764.4511451588,mult1.50,0.5,5168.07,0,5168.07,5184.530321718932,5184.56,F1,True,4839897.555,-1544288.5000000647,-1565359.7500000647,1771894800|SHORT,EXIT_STLINE,False,SuperTrend-p14x3-M15,SHORT,S,0.5,1771901850.65,1771894800,1771895700.0,1771901100
193885.6289779878,mult1.50,0.5,5182.45,0,5182.46,5184.530321718932,5184.77,F1,True,4853373.79,-216331.5000000375,-237402.7500000375,1771901100|SHORT,EXIT_STLINE,False,SuperTrend-p14x3-M15,SHORT,S,0.5,1771902415.79,1771901100,1771902000.0,1771902000
185457.12897797415,mult1.50,0.5,5182.57,0,5182.55,5182.864834679397,5182.9,F1,True,4853458.075,-32777.499999948894,-53848.749999948894,1771902000|SHORT,EXIT_STLINE,False,SuperTrend-p14x3-M15,SHORT,S,0.5,1771907371.598,1771902000,1771902900.0,1771906500
431892.18769707053,mult1.50,0.5,5146.52,0,5146.52,5151.131769222607,5151.47,F1,True,4819715.98,-463567.49999998295,-484638.74999998295,1771965900|SHORT,EXIT_STLINE,False,SuperTrend-p14x3-M15,SHORT,S,0.5,1771968671.368,1771965900,1771966800.0,1771968600
355099.1876970978,mult1.50,0.5,5147.63,0,5147.34,5151.131769222607,5151.64,F1,True,4820483.91,-402695.00000001705,-423766.25000001705,1771968600|SHORT,EXIT_STLINE,False,SuperTrend-p14x3-M15,SHORT,S,0.5,1771970210.946,1771968600,1771969500.0,1771969500
2080061.1120996093,mult1.50,0.5,5152.15,0,5152.65,5169.625513111761,5169.55,F1,True,4825456.725,1582685.000000051,1561613.750000051,1771969500|LONG,EXIT_STLINE,False,SuperTrend-p14x3-M15,LONG,L,0.5,1771977065.025,1771969500,1771970400.0,1771976700
1065220.6970835456,mult1.50,0.5,5180.5,0,5181.0,5190.425674154452,5190.4,F1,True,4852006.5,880309.9999999659,859238.7499999659,1771976700|LONG,EXIT_STLINE,False,SuperTrend-p14x3-M15,LONG,L,0.5,1771988825.915,1771976700,1771977600.0,1771988400
168038.6154355677,mult1.50,0.5,5191.72,0,5192.22,5190.425674154452,5190.41,F1,True,4862514.03,-169506.5000000375,-190577.7500000375,1771988400|LONG,EXIT_STLINE,False,SuperTrend-p14x3-M15,LONG,L,0.5,1771989331.483,1771988400,1771989300.0,1771989300
1733509.7908601682,mult1.50,0.5,5189.57,0,5189.42,5195.274763782167,5195.54,F1,True,4859891.83,-573137.9999999898,-594209.2499999898,1771989300|SHORT,EXIT_STLINE,False,SuperTrend-p14x3-M15,SHORT,S,0.5,1772002892.467,1771989300,1771990200.0,1772002800
620580.9896121421,mult1.50,0.5,5168.61,0,5168.61,5175.236598928052,5175.27,F1,True,4840403.265,-623709.0000000716,-644780.2500000716,1772049600|SHORT,EXIT_STLINE,False,SuperTrend-p14x3-M15,SHORT,S,0.5,1772050742.601,1772049600,1772050500.0,1772050500
499772.4896121455,mult1.50,0.5,5169.94,0,5169.9,5175.236598928052,5175.31,F1,True,4841611.35,-506646.50000007154,-527717.7500000715,1772050500|SHORT,EXIT_STLINE,False,SuperTrend-p14x3-M15,SHORT,S,0.5,1772052306.767,1772050500,1772051400.0,1772052300
1148766.9896120876,mult1.50,0.5,5162.89,0,5162.97,5175.236598928052,5175.42,F1,True,4835121.405,-1165942.499999983,-1187013.749999983,1772052300|SHORT,EXIT_STLINE,False,SuperTrend-p14x3-M15,SHORT,S,0.5,1772054575.926,1772052300,1772053200.0,1772054100
2652609.840935322,mult1.50,0.5,5184.89,0,5185.62,5187.189557074368,5187.17,F1,True,4856333.13,145157.50000001703,124086.25000001703,1772054100|LONG,EXIT_STLINE,False,SuperTrend-p14x3-M15,LONG,L,0.5,1772078632.974,1772054100,1772055000.0,1772078400
107455.59527099949,mult1.50,0.5,5183.83,0,5184.33,5183.1825830723865,5182.78,F1,True,4855125.045,-145157.50000001703,-166228.75000001703,1772136000|LONG,EXIT_STLINE,False,SuperTrend-p14x3-M15,LONG,L,0.5,1772136912.335,1772136000,1772136900.0,1772136900
101836.59527104719,mult1.50,0.5,5183.77,0,5184.27,5183.1825830723865,5182.82,F1,True,4855068.855,-135792.50000006813,-156863.75000006813,1772136900|LONG,EXIT_STLINE,False,SuperTrend-p14x3-M15,LONG,L,0.5,1772137820.792,1772136900,1772137800.0,1772137800
276962.09527103696,mult1.50,0.5,5185.8,0,5186.14,5183.1825830723865,5182.96,F1,True,4856820.11,-297807.00000002724,-318878.25000002724,1772137800|LONG,EXIT_STLINE,False,SuperTrend-p14x3-M15,LONG,L,0.5,1772139024.791,1772137800,1772138700.0,1772138700
166455.09527100972,mult1.50,0.5,5184.46,0,5184.96,5183.1825830723865,5182.57,F1,True,4855715.04,-223823.50000003068,-244894.75000003068,1772138700|LONG,EXIT_STLINE,False,SuperTrend-p14x3-M15,LONG,L,0.5,1772139630.546,1772138700,1772139600.0,1772139600
280708.0952710336,mult1.50,0.5,5185.67,0,5186.18,5183.1825830723865,5182.92,F1,True,4856857.57,-305299.00000002043,-326370.25000002043,1772139600|LONG,EXIT_STLINE,False,SuperTrend-p14x3-M15,LONG,L,0.5,1772141605.515,1772139600,1772140500.0,1772141400
1868226.8255003642,mult1.50,0.5,5176.08,0,5174.9,5187.573552905933,5187.63,F1,True,4846293.85,-1192164.5000000442,-1213235.7500000442,1772141400|SHORT,EXIT_STLINE,False,SuperTrend-p14x3-M15,SHORT,S,0.5,1772145455.326,1772141400,1772142300.0,1772145000
2053608.5360165767,mult1.50,0.5,5188.3,0,5188.77,5180.907119180905,5180.87,F1,True,4859283.105,-739835.0000000511,-760906.2500000511,1772145000|LONG,EXIT_STLINE,False,SuperTrend-p14x3-M15,LONG,L,0.5,1772149002.218,1772145000,1772145900.0,1772148600
85491.28870819295,mult1.50,0.5,5181.25,0,5181.82,5180.907119180905,5180.39,F1,True,4852774.43,-133919.49999994208,-154990.74999994208,1772148600|LONG,EXIT_STLINE,False,SuperTrend-p14x3-M15,LONG,L,0.5,1772149545.675,1772148600,1772149500.0,1772149500
269981.7887082168,mult1.50,0.5,5183.29,0,5183.79,5180.907119180905,5180.82,F1,True,4854619.335,-278140.50000002387,-299211.75000002387,1772149500|LONG,EXIT_STLINE,False,SuperTrend-p14x3-M15,LONG,L,0.5,1772157569.174,1772149500,1772150400.0,1772156700
108903.78870819295,mult1.50,0.5,5181.56,0,5182.07,5184.00078765727,5183.82,F1,True,4853008.555,163887.5,142816.25,1772156700|LONG,EXIT_STLINE,False,SuperTrend-p14x3-M15,LONG,L,0.5,1772164828.959,1772156700,1772157600.0,1772164800
309665.0490784154,mult1.50,0.5,5366.57,0,5366.57,5369.87662091915,5369.9,F1,True,5025792.805,-311854.4999999932,-332925.7499999932,1772496000|SHORT,EXIT_STLINE,False,SuperTrend-p14x3-M15,SHORT,S,0.5,1772496960.245,1772496000,1772496900.0,1772496900
245046.5490783677,mult1.50,0.5,5367.28,0,5367.26,5369.87662091915,5369.91,F1,True,5026438.99,-248172.49999996592,-269243.7499999659,1772496900|SHORT,EXIT_STLINE,False,SuperTrend-p14x3-M15,SHORT,S,0.5,1772497993.89,1772496900,1772497800.0,1772497800
73667.04907837452,mult1.50,0.5,5369.09,0,5369.09,5369.87662091915,5370.24,F1,True,5028152.785,-107697.49999996593,-128768.74999996593,1772497800|SHORT,EXIT_STLINE,False,SuperTrend-p14x3-M15,SHORT,S,0.5,1772498701.114,1772497800,1772498700.0,1772498700
251602.04907842563,mult1.50,0.5,5366.85,0,5367.19,5369.87662091915,5369.99,F1,True,5026373.435,-262220.00000001705,-283291.25000001705,1772498700|SHORT,EXIT_STLINE,False,SuperTrend-p14x3-M15,SHORT,S,0.5,1772500852.015,1772498700,1772499600.0,1772500500
2347128.2877700985,mult1.50,0.5,5371.83,0,5372.33,5351.714857571315,5351.23,F1,True,5031187.045,-1976015.000000034,-1997086.250000034,1772500500|LONG,EXIT_STLINE,False,SuperTrend-p14x3-M15,LONG,L,0.5,1772505072.341,1772500500,1772501400.0,1772505000
2062275.7841554831,mult1.50,0.5,5345.03,0,5345.03,5327.413344303162,5327.9,F1,True,5005620.595,1604224.5000000102,1583153.2500000102,1772505000|SHORT,EXIT_STLINE,False,SuperTrend-p14x3-M15,SHORT,S,0.5,1772512815.622,1772505000,1772505900.0,1772512200
2911757.286810812,mult1.50,0.5,5117.11,0,5117.58,5153.016416384148,5152.83,F1,True,4792613.67,3301162.5,3280091.25,1772568000|LONG,EXIT_STLINE,False,SuperTrend-p14x3-M15,LONG,L,0.5,1772582558.546,1772568000,1772568900.0,1772582400
313126.605624489,mult1.50,0.5,5155.86,0,5156.36,5153.016416384148,5152.24,F1,True,4828931.14,-385837.99999998976,-406909.24999998976,1772582400|LONG,EXIT_STLINE,False,SuperTrend-p14x3-M15,LONG,L,0.5,1772583330.882,1772582400,1772583300.0,1772583300
921851.605624489,mult1.50,0.5,5162.36,0,5162.86,5153.016416384148,5151.93,F1,True,4835018.39,-1023594.499999942,-1044665.749999942,1772583300|LONG,EXIT_STLINE,False,SuperTrend-p14x3-M15,LONG,L,0.5,1772588578.551,1772583300,1772584200.0,1772587800
843185.6056245605,mult1.50,0.5,5161.52,0,5162.02,5153.016416384148,5152.79,F1,True,4834231.73,-864389.5000000442,-885460.7500000442,1772587800|LONG,EXIT_STLINE,False,SuperTrend-p14x3-M15,LONG,L,0.5,1772589889.806,1772587800,1772588700.0,1772589600
780440.1056245537,mult1.50,0.5,5160.85,0,5161.35,5153.016416384148,5152.97,F1,True,4833604.275,-784787.0000000102,-805858.2500000102,1772589600|LONG,EXIT_STLINE,False,SuperTrend-p14x3-M15,LONG,L,0.5,1772591090.708,1772589600,1772590500.0,1772590500
421760.60562456056,mult1.50,0.5,5156.45,0,5157.52,5153.016416384148,5152.92,F1,True,4830017.48,-430790.00000003405,-451861.25000003405,1772590500|LONG,EXIT_STLINE,False,SuperTrend-p14x3-M15,LONG,L,0.5,1772593273.901,1772590500,1772591400.0,1772593200
2426528.1981803393,mult1.50,0.5,5142.39,0,5141.85,5166.678776467352,5166.78,F1,True,4815342.525,-2334694.4999999423,-2355765.7499999423,1772593200|SHORT,EXIT_STLINE,False,SuperTrend-p14x3-M15,SHORT,S,0.5,1772596909.483,1772593200,1772594100.0,1772596800
17078.107395341205,mult1.50,0.5,5146.81,0,5146.81,5146.992360997281,5147.31,F1,True,4819987.565,-46825.0,-67896.25,1772654400|SHORT,EXIT_STLINE,False,SuperTrend-p14x3-M15,SHORT,S,0.5,1772655300.054,1772654400,1772655300.0,1772655300
2179087.629747507,mult1.50,0.5,5154.41,0,5154.91,5171.0494288550935,5170.95,F1,True,4827573.215,1502145.9999999965,1481074.7499999965,1772655300|LONG,EXIT_STLINE,False,SuperTrend-p14x3-M15,LONG,L,0.5,1772675289.752,1772655300,1772656200.0,1772675100
89020.98772049017,mult1.50,0.5,5171.5,0,5172.0,5171.0494288550935,5171.02,F1,True,4843578.0,-91776.99999995911,-112848.24999995911,1772675100|LONG,EXIT_STLINE,False,SuperTrend-p14x3-M15,LONG,L,0.5,1772676006.662,1772675100,1772676000.0,1772676000
457065.48772051744,mult1.50,0.5,5175.43,0,5175.93,5171.0494288550935,5170.83,F1,True,4847258.445,-477615.00000003405,-498686.25000003405,1772676000|LONG,EXIT_STLINE,False,SuperTrend-p14x3-M15,LONG,L,0.5,1772677159.525,1772676000,1772676900.0,1772676900
164877.48772052763,mult1.50,0.5,5172.25,0,5172.81,5171.0494288550935,5170.9,F1,True,4844336.565,-178871.50000007154,-199942.75000007154,1772676900|LONG,EXIT_STLINE,False,SuperTrend-p14x3-M15,LONG,L,0.5,1772677832.503,1772676900,1772677800.0,1772677800
1642435.2172553034,mult1.50,0.5,5166.27,0,5166.27,5154.220995478987,5154.37,F1,True,4838211.855,1114435.000000051,1093363.750000051,1772677800|SHORT,EXIT_STLINE,False,SuperTrend-p14x3-M15,SHORT,S,0.5,1772682033.735,1772677800,1772678700.0,1772681400
324122.22660710075,mult1.50,0.5,5150.74,0,5150.76,5154.220995478987,5154.45,F1,True,4823686.74,-345568.4999999625,-366639.7499999625,1772681400|SHORT,EXIT_STLINE,False,SuperTrend-p14x3-M15,SHORT,S,0.5,1772682405.494,1772681400,1772682300.0,1772682300
120115.44049910977,mult1.50,0.5,5086.27,0,5086.28,5087.562599471426,5088.37,F1,True,4763301.22,-195728.50000001362,-216799.75000001362,1772740800|SHORT,EXIT_STLINE,False,SuperTrend-p14x3-M15,SHORT,S,0.5,1772741869.432,1772740800,1772741700.0,1772741700
2186675.42964268,mult1.50,0.5,5091.1,0,5091.6,5072.990159152349,5072.18,F1,True,4768283.4,-1818683.0000000068,-1839754.2500000068,1772741700|LONG,EXIT_STLINE,False,SuperTrend-p14x3-M15,LONG,L,0.5,1772748025.445,1772741700,1772742600.0,1772748000
438267.0953824849,mult1.50,0.5,5077.16,0,5077.67,5114.615915309344,5114.37,F1,True,4755237.955,3436954.999999983,3415883.749999983,1772748000|LONG,EXIT_STLINE,False,SuperTrend-p14x3-M15,LONG,L,0.5,1772765404.121,1772748000,1772748900.0,1772765100
300999.0312799259,mult1.50,0.5,5116.96,0,5117.83,5114.615915309344,5114.28,F1,True,4792847.795,-332457.50000001705,-353528.75000001705,1772765100|LONG,EXIT_STLINE,False,SuperTrend-p14x3-M15,LONG,L,0.5,1772766033.181,1772765100,1772766000.0,1772766000
191428.53127991906,mult1.50,0.5,5116.16,0,5116.66,5114.615915309344,5114.55,F1,True,4791752.09,-197601.49999996932,-218672.74999996932,1772766000|LONG,EXIT_STLINE,False,SuperTrend-p14x3-M15,LONG,L,0.5,1772766938.673,1772766000,1772766900.0,1772766900
555727.0312799497,mult1.50,0.5,5120.05,0,5120.55,5114.615915309344,5114.59,F1,True,4795395.075,-558154.0000000034,-579225.2500000034,1772766900|LONG,EXIT_STLINE,False,SuperTrend-p14x3-M15,LONG,L,0.5,1772769605.757,1772766900,1772767800.0,1772769600
1317574.2227168246,mult1.50,0.5,5158.99,0,5159.49,5145.420867883429,5144.95,F1,True,4831862.385,-1361670.9999999965,-1382742.2499999965,1772996400|LONG,EXIT_STLINE,False,SuperTrend-p14x3-M15,LONG,L,0.5,1772997336.462,1772996400,1772997300.0,1772997300
1013211.7227168247,mult1.50,0.5,5155.54,0,5156.24,5145.420867883429,5145.33,F1,True,4828818.76,-1021721.4999999864,-1042792.7499999864,1772997300|LONG,EXIT_STLINE,False,SuperTrend-p14x3-M15,LONG,L,0.5,1772998554.96,1772997300,1772998200.0,1772998200
3909523.294629281,mult1.50,0.5,5125.47,0,5125.79,5082.917350796142,5083.12,F1,True,4800302.335,3996045.500000007,3974974.250000007,1772998200|SHORT,EXIT_STLINE,False,SuperTrend-p14x3-M15,SHORT,S,0.5,1773008229.351,1772998200,1772999100.0,1773008100
1025219.4020587,mult1.50,0.5,5071.97,0,5071.97,5082.917350796142,5082.95,F1,True,4749899.905,-1028276.9999999591,-1049348.249999959,1773008100|SHORT,EXIT_STLINE,False,SuperTrend-p14x3-M15,SHORT,S,0.5,1773009157.889,1773008100,1773009000.0,1773009000
235749.90205875793,mult1.50,0.5,5080.4,0,5080.4,5082.917350796142,5083.25,F1,True,4757794.6,-266902.50000003405,-287973.75000003405,1773009000|SHORT,EXIT_STLINE,False,SuperTrend-p14x3-M15,SHORT,S,0.5,1773011402.046,1773009000,1773009900.0,1773010800
5249948.211760802,mult1.50,0.5,5094.32,0,5094.82,5101.177045345168,5101.17,F1,True,4771298.93,594677.5000000341,573606.2500000341,1773010800|LONG,EXIT_STLINE,False,SuperTrend-p14x3-M15,LONG,L,0.5,1773028338.191,1773010800,1773011700.0,1773027900
3151675.4497675956,mult1.50,0.5,5097.45,0,5097.63,5114.809210321287,5115.11,F1,True,4773930.495,-1637001.999999959,-1658073.249999959,1773027900|SHORT,EXIT_STLINE,False,SuperTrend-p14x3-M15,SHORT,S,0.5,1773036745.168,1773027900,1773028800.0,1773036000
1007863.8651889283,mult1.50,0.5,5132.71,0,5133.21,5122.4479726087675,5122.44,F1,True,4807251.165,-1008610.5000000409,-1029681.7500000409,1773082800|LONG,EXIT_STLINE,False,SuperTrend-p14x3-M15,LONG,L,0.5,1773084226.862,1773082800,1773083700.0,1773083700
942308.8651889453,mult1.50,0.5,5132.07,0,5132.51,5128.442944146616,5128.31,F1,True,4806595.615,-393329.99999998295,-414401.24999998295,1773083700|LONG,EXIT_STLINE,False,SuperTrend-p14x3-M15,LONG,L,0.5,1773091942.907,1773083700,1773084600.0,1773091800
870669.2806693579,mult1.50,0.5,5137.18,0,5137.74,5128.442944146616,5128.18,F1,True,4811493.51,-895293.9999999523,-916365.2499999523,1773091800|LONG,EXIT_STLINE,False,SuperTrend-p14x3-M15,LONG,L,0.5,1773093484.955,1773091800,1773092700.0,1773092700
275991.78066940897,mult1.50,0.5,5130.89,0,5131.39,5128.442944146616,5127.66,F1,True,4805546.735,-349314.5000000443,-370385.7500000443,1773092700|LONG,EXIT_STLINE,False,SuperTrend-p14x3-M15,LONG,L,0.5,1773093605.984,1773092700,1773093600.0,1773093600
1426950.2806694056,mult1.50,0.5,5143.18,0,5143.68,5158.611005851594,5158.57,F1,True,4817056.32,1394448.4999999455,1373377.2499999455,1773093600|LONG,EXIT_STLINE,False,SuperTrend-p14x3-M15,LONG,L,0.5,1773103563.224,1773093600,1773094500.0,1773103500
2011210.9798275833,mult1.50,0.5,5157.56,0,5157.44,5178.915824664469,5178.92,F1,True,4829942.56,-2011602.0000000442,-2032673.2500000442,1773103500|SHORT,EXIT_STLINE,False,SuperTrend-p14x3-M15,SHORT,S,0.5,1773111446.569,1773103500,1773104400.0,1773110700
97004.97982753554,mult1.50,0.5,5177.65,0,5177.88,5178.915824664469,5179.13,F1,True,4849084.62,-117062.5,-138133.75,1773110700|SHORT,EXIT_STLINE,False,SuperTrend-p14x3-M15,SHORT,S,0.5,1773111605.616,1773110700,1773111600.0,1773111600
1685661.3841491817,mult1.50,0.5,5179.46,0,5179.96,5161.9604123422405,5161.59,F1,True,4851032.54,-1720350.4999999898,-1741421.7499999898,1773111600|LONG,EXIT_STLINE,False,SuperTrend-p14x3-M15,LONG,L,0.5,1773116557.446,1773111600,1773112500.0,1773116100
2528564.13680656,mult1.50,0.5,5212.23,0,5212.73,5200.745801149743,5200.65,F1,True,4881721.645,-1131291.9999999932,-1152363.2499999932,1773177300|LONG,EXIT_STLINE,False,SuperTrend-p14x3-M15,LONG,L,0.5,1773183772.143,1773177300,1773178200.0,1773183600
104344.72232654916,mult1.50,0.5,5201.47,0,5201.86,5200.745801149743,5200.7,F1,True,4871541.89,-108633.99999998638,-129705.24999998638,1773183600|LONG,EXIT_STLINE,False,SuperTrend-p14x3-M15,LONG,L,0.5,1773184502.332,1773183600,1773184500.0,1773184500
359072.722326573,mult1.50,0.5,5204.29,0,5204.58,5200.745801149743,5200.57,F1,True,4874089.17,-375536.50000002043,-396607.75000002043,1773184500|LONG,EXIT_STLINE,False,SuperTrend-p14x3-M15,LONG,L,0.5,1773190386.757,1773184500,1773185400.0,1773189900
272914.7223265662,mult1.50,0.5,5203.16,0,5203.66,5200.745801149743,5200.5,F1,True,4873227.59,-295933.9999999864,-317005.2499999864,1773189900|LONG,EXIT_STLINE,False,SuperTrend-p14x3-M15,LONG,L,0.5,1773190884.894,1773189900,1773190800.0,1773190800
511722.2223265832,mult1.50,0.5,5205.71,0,5206.21,5200.745801149743,5200.71,F1,True,4875615.665,-515075.0,-536146.25,1773190800|LONG,EXIT_STLINE,False,SuperTrend-p14x3-M15,LONG,L,0.5,1773195730.926,1773190800,1773191700.0,1773195300
1426557.7076688593,mult1.50,0.5,5200.32,0,5200.34,5210.5408736554755,5210.7,F1,True,4870118.41,-970213.9999999694,-991285.2499999694,1773195300|SHORT,EXIT_STLINE,False,SuperTrend-p14x3-M15,SHORT,S,0.5,1773198845.292,1773195300,1773196200.0,1773198000
127445.81783525141,mult1.50,0.5,5209.22,0,5209.18,5210.5408736554755,5210.66,F1,True,4878397.07,-138601.9999999591,-159673.2499999591,1773198000|SHORT,EXIT_STLINE,False,SuperTrend-p14x3-M15,SHORT,S,0.5,1773199020.875,1773198000,1773198900.0,1773198900
386856.3178352923,mult1.50,0.5,5206.41,0,5206.41,5195.912095288407,5196.06,F1,True,4875802.965,969277.4999999489,948206.2499999489,1773198900|SHORT,EXIT_STLINE,False,SuperTrend-p14x3-M15,SHORT,S,0.5,1773210918.194,1773198900,1773199800.0,1773210600
806264.9929768719,mult1.50,0.5,5174.99,0,5175.53,5166.920656775474,5166.46,F1,True,4846883.845,-849405.4999999728,-870476.7499999728,1773255600|LONG,EXIT_STLINE,False,SuperTrend-p14x3-M15,LONG,L,0.5,1773257270.993,1773255600,1773256500.0,1773256500
320221.4929769094,mult1.50,0.5,5169.84,0,5170.34,5166.920656775474,5166.68,F1,True,4842023.41,-342758.9999999864,-363830.2499999864,1773256500|LONG,EXIT_STLINE,False,SuperTrend-p14x3-M15,LONG,L,0.5,1773257468.492,1773256500,1773257400.0,1773257400
1558807.7439353112,mult1.50,0.5,5158.76,0,5158.55,5151.637106841074,5151.8,F1,True,4830982.075,632137.5,611066.25,1773257400|SHORT,EXIT_STLINE,False,SuperTrend-p14x3-M15,SHORT,S,0.5,1773264333.175,1773257400,1773258300.0,1773263700
2193967.908833145,mult1.50,0.5,5152.6,0,5153.08,5154.158556275322,5153.98,F1,True,4825859.42,84284.99999996593,63213.749999965934,1773263700|LONG,EXIT_STLINE,False,SuperTrend-p14x3-M15,LONG,L,0.5,1773272720.14,1773263700,1773264600.0,1773272700
1761453.2888465913,mult1.50,0.5,5150.41,0,5150.41,5156.468473609322,5156.49,F1,True,4823358.965,-569391.9999999931,-590463.2499999931,1773272700|SHORT,EXIT_STLINE,False,SuperTrend-p14x3-M15,SHORT,S,0.5,1773283532.371,1773272700,1773273600.0,1773283500
195585.55351301807,mult1.50,0.5,5154.38,0,5154.38,5156.468473609322,5156.6,F1,True,4827076.87,-207903.00000002384,-228974.25000002384,1773283500|SHORT,EXIT_STLINE,False,SuperTrend-p14x3-M15,SHORT,S,0.5,1773284407.412,1773283500,1773284400.0,1773284400
31241.28015092742,mult1.50,0.5,5081.62,0,5081.65,5081.983596157511,5082.15,F1,True,4758965.225,-46825.0,-67896.25,1773342000|SHORT,EXIT_STLINE,False,SuperTrend-p14x3-M15,SHORT,S,0.5,1773342900.061,1773342000,1773342900.0,1773342900
2178173.43111924,mult1.50,0.5,5092.44,0,5092.94,5111.4336471328315,5111.42,F1,True,4769538.31,1730652.0000000442,1709580.7500000442,1773342900|LONG,EXIT_STLINE,False,SuperTrend-p14x3-M15,LONG,L,0.5,1773359946.224,1773342900,1773343800.0,1773359100
81133.94601034347,mult1.50,0.5,5111.86,0,5112.3,5111.4336471328315,5111.09,F1,True,4787668.95,-113316.5000000034,-134387.7500000034,1773359100|LONG,EXIT_STLINE,False,SuperTrend-p14x3-M15,LONG,L,0.5,1773360029.896,1773359100,1773360000.0,1773360000
1386533.4047378823,mult1.50,0.5,5110.59,0,5110.59,5085.832258543819,5085.84,F1,True,4786067.535,2317837.5,2296766.25,1773360000|SHORT,EXIT_STLINE,False,SuperTrend-p14x3-M15,SHORT,S,0.5,1773381021.115,1773360000,1773360900.0,1773380700
212673.68772954907,mult1.50,0.5,5001.72,0,5002.22,4999.949058326433,4999.65,F1,True,4684579.03,-240680.50000005792,-261751.75000005792,1773688500|LONG,EXIT_STLINE,False,SuperTrend-p14x3-M15,LONG,L,0.5,1773689419.283,1773688500,1773689400.0,1773689400
194880.18772950137,mult1.50,0.5,5001.11,0,5002.03,4999.949058326433,4999.63,F1,True,4684401.095,-224759.99999996592,-245831.24999996592,1773689400|LONG,EXIT_STLINE,False,SuperTrend-p14x3-M15,LONG,L,0.5,1773697412.5,1773689400,1773690300.0,1773696600
189261.18772954907,mult1.50,0.5,5001.59,0,5001.97,4999.949058326433,4999.94,F1,True,4684344.905,-190109.50000006132,-211180.75000006132,1773696600|LONG,EXIT_STLINE,False,SuperTrend-p14x3-M15,LONG,L,0.5,1773697727.584,1773696600,1773697500.0,1773697500
309133.1877295252,mult1.50,0.5,5002.75,0,5003.25,4999.949058326433,4999.88,F1,True,4685543.625,-315600.49999998976,-336671.74999998976,1773697500|LONG,EXIT_STLINE,False,SuperTrend-p14x3-M15,LONG,L,0.5,1773698401.479,1773697500,1773698400.0,1773698400
995587.6877295184,mult1.50,0.5,5010.08,0,5010.58,5027.641092922797,5027.57,F1,True,4692408.17,1591113.4999999795,1570042.2499999795,1773698400|LONG,EXIT_STLINE,False,SuperTrend-p14x3-M15,LONG,L,0.5,1773715624.238,1773698400,1773699300.0,1773715500
1718336.8398063846,mult1.50,0.5,5020.57,0,5020.67,5022.8537049275565,5022.96,F1,True,4701857.455,-214458.4999999966,-235529.7499999966,1773715500|SHORT,EXIT_STLINE,False,SuperTrend-p14x3-M15,SHORT,S,0.5,1773721930.198,1773715500,1773716400.0,1773721800
882351.0247016271,mult1.50,0.5,4998.57,0,4998.39,4994.605577293826,4994.62,F1,True,4680992.235,353060.50000004086,331989.25000004086,1773787500|SHORT,EXIT_STLINE,False,SuperTrend-p14x3-M15,SHORT,S,0.5,1773801364.487,1773787500,1773788400.0,1773801000
1517324.9897618396,mult1.50,0.5,4999.08,0,4999.58,5001.141985053296,5001.02,F1,True,4682106.67,134856.0000000477,113784.7500000477,1773801000|LONG,EXIT_STLINE,False,SuperTrend-p14x3-M15,LONG,L,0.5,1773809104.636,1773801000,1773801900.0,1773809100
352122.7793548952,mult1.50,0.5,4834.43,1,4834.3,4838.059986965883,4838.13,F1,True,4527321.95,-358679.4999999932,-379750.7499999932,1773863100|SHORT,EXIT_STLINE,False,SuperTrend-p14x3-M15,SHORT,S,0.5,1773865513.562,1773863100,1773864900.0,1773864900
114251.7793548986,mult1.50,0.5,4836.84,0,4836.84,4838.059986965883,4838.26,F1,True,4529700.66,-132983.0000000068,-154054.2500000068,1773864900|SHORT,EXIT_STLINE,False,SuperTrend-p14x3-M15,SHORT,S,0.5,1773865876.928,1773864900,1773865800.0,1773865800
372725.77935491904,mult1.50,0.5,4834.26,0,4834.08,4838.059986965883,4838.54,F1,True,4527115.92,-417679.00000000343,-438750.25000000343,1773865800|SHORT,EXIT_STLINE,False,SuperTrend-p14x3-M15,SHORT,S,0.5,1773867535.047,1773865800,1773866700.0,1773866700
140473.77935487474,mult1.50,0.5,4836.57,0,4836.56,4838.059986965883,4838.07,F1,True,4529438.44,-141411.49999993527,-162482.74999993527,1773866700|SHORT,EXIT_STLINE,False,SuperTrend-p14x3-M15,SHORT,S,0.5,1773867626.547,1773866700,1773867600.0,1773867600
2227653.06136186,mult1.50,0.5,4843.16,0,4843.66,4842.3896560502535,4841.89,F1,True,4536087.59,-165760.4999999557,-186831.7499999557,1773867600|LONG,EXIT_STLINE,False,SuperTrend-p14x3-M15,LONG,L,0.5,1773887417.881,1773867600,1773868500.0,1773887400
1941488.4721170021,mult1.50,0.5,4833.63,0,4833.61,4587.11087687325,4587.15,F1,True,4526675.765,23080979.000000004,23059907.750000004,1773887400|SHORT,EXIT_STLINE,False,SuperTrend-p14x3-M15,SHORT,S,0.5,1773917606.129,1773887400,1773888300.0,1773917100
145510.18768848703,mult1.50,0.5,4635.44,0,4635.87,4702.880325488325,4702.69,F1,True,4341492.255,6257692.999999973,6236621.749999973,1773952200|LONG,EXIT_STLINE,False,SuperTrend-p14x3-M15,LONG,L,0.5,1773974005.904,1773952200,1773953100.0,1773973800
649900.5180183299,mult1.50,0.5,4709.32,0,4709.82,4702.880325488325,4702.75,F1,True,4410746.43,-662105.4999999728,-683176.7499999728,1773973800|LONG,EXIT_STLINE,False,SuperTrend-p14x3-M15,LONG,L,0.5,1773974875.464,1773973800,1773974700.0,1773974700
3122562.2069819705,mult1.50,0.5,4687.71,0,4688.29,4693.4517644110165,4693.58,F1,True,4390583.585,-495408.49999999657,-516479.74999999657,1773974700|SHORT,EXIT_STLINE,False,SuperTrend-p14x3-M15,SHORT,S,0.5,1773981494.818,1773974700,1773975600.0,1773981000
4020068.0731602004,mult1.50,0.5,4524.22,0,4524.72,4481.793485604269,4481.79,F1,True,4237400.28,-4020394.5000000275,-4041465.7500000275,1774206900|LONG,EXIT_STLINE,False,SuperTrend-p14x3-M15,LONG,L,0.5,1774211441.695,1774206900,1774207800.0,1774211400
693620.0731601598,mult1.50,0.5,4488.44,0,4489.2,4481.793485604269,4481.73,F1,True,4204135.8,-699565.5000000239,-720636.7500000239,1774211400|LONG,EXIT_STLINE,False,SuperTrend-p14x3-M15,LONG,L,0.5,1774212421.521,1774211400,1774212300.0,1774212300
4338531.956531429,mult1.50,0.5,4464.69,0,4464.69,4397.286576447056,4398.88,F1,True,4181182.1849999996,6163106.4999999525,6142035.2499999525,1774212300|SHORT,EXIT_STLINE,False,SuperTrend-p14x3-M15,SHORT,S,0.5,1774217296.212,1774212300,1774213200.0,1774216800
8418937.624676302,mult1.50,0.5,4407.75,0,4408.26,4377.630261131858,4376.88,F1,True,4128335.49,-2938737.0000000102,-2959808.2500000102,1774216800|LONG,EXIT_STLINE,False,SuperTrend-p14x3-M15,LONG,L,0.5,1774222667.154,1774216800,1774217700.0,1774222200
678938.04500152,mult1.50,0.5,4384.61,0,4384.88,4377.630261131858,4377.62,F1,True,4106440.12,-679899.0000000205,-700970.2500000205,1774222200|LONG,EXIT_STLINE,False,SuperTrend-p14x3-M15,LONG,L,0.5,1774223120.325,1774222200,1774223100.0,1774223100
6094492.230257032,mult1.50,0.5,4360.4,0,4360.4,4193.108713253909,4193.17,F1,True,4083514.5999999996,15661089.499999959,15640018.249999959,1774223100|SHORT,EXIT_STLINE,False,SuperTrend-p14x3-M15,SHORT,S,0.5,1774240718.851,1774223100,1774224000.0,1774240200
3989640.556029762,mult1.50,0.5,4441.72,0,4442.22,4399.618392354194,4398.96,F1,True,4160139.03,-4051299.0000000205,-4072370.2500000205,1774296900|LONG,EXIT_STLINE,False,SuperTrend-p14x3-M15,LONG,L,0.5,1774301195.857,1774296900,1774297800.0,1774300500
5765433.744462295,mult1.50,0.5,4378.11,0,4377.84,4370.030099428283,4370.9,F1,True,4099847.16,649931.0000000477,628859.7500000477,1774300500|SHORT,EXIT_STLINE,False,SuperTrend-p14x3-M15,SHORT,S,0.5,1774308847.025,1774300500,1774301400.0,1774308600
312800.31145877717,mult1.50,0.5,4366.77,0,4366.69,4370.030099428283,4371.27,F1,True,4089405.1849999996,-428917.00000007835,-449988.25000007835,1774308600|SHORT,EXIT_STLINE,False,SuperTrend-p14x3-M15,SHORT,S,0.5,1774309528.628,1774308600,1774309500.0,1774309500
380228.3114587159,mult1.50,0.5,4365.97,0,4365.97,4370.030099428283,4370.24,F1,True,4088730.905,-399885.4999999557,-420956.7499999557,1774309500|SHORT,EXIT_STLINE,False,SuperTrend-p14x3-M15,SHORT,S,0.5,1774320076.465,1774309500,1774310400.0,1774319400
1104142.8114587602,mult1.50,0.5,4358.23,0,4358.24,4370.030099428283,4370.13,F1,True,4081491.76,-1113498.5000000307,-1134569.7500000307,1774319400|SHORT,EXIT_STLINE,False,SuperTrend-p14x3-M15,SHORT,S,0.5,1774321752.157,1774319400,1774320300.0,1774321200
2671535.6168201664,mult1.50,0.5,4554.59,0,4554.66,4564.357559695308,4564.45,F1,True,4265439.09,-916833.4999999966,-937904.7499999966,1774404900|SHORT,EXIT_STLINE,False,SuperTrend-p14x3-M15,SHORT,S,0.5,1774415759.604,1774404900,1774405800.0,1774415700
1785902.111666375,mult1.50,0.5,4512.29,0,4512.27,4531.339963819182,4531.37,F1,True,4225740.855,-1788714.999999949,-1809786.249999949,1774465200|SHORT,EXIT_STLINE,False,SuperTrend-p14x3-M15,SHORT,S,0.5,1774467838.037,1774465200,1774466100.0,1774467000
3705928.806972007,mult1.50,0.5,4531.98,0,4532.55,4494.077676576435,4492.71,F1,True,4244733.075,-3731016.0000000135,-3752087.2500000135,1774467000|LONG,EXIT_STLINE,False,SuperTrend-p14x3-M15,LONG,L,0.5,1774471043.068,1774467000,1774467900.0,1774470600
300834.08861686854,mult1.50,0.5,4494.59,0,4497.29,4494.077676576435,4494.05,F1,True,4211712.085,-303425.99999997957,-324497.24999997957,1774470600|LONG,EXIT_STLINE,False,SuperTrend-p14x3-M15,LONG,L,0.5,1774471699.335,1774470600,1774471500.0,1774471500
419769.5886169094,mult1.50,0.5,4498.16,0,4498.56,4512.084851607019,4511.92,F1,True,4212901.44,1251163.9999999693,1230092.7499999693,1774471500|LONG,EXIT_STLINE,False,SuperTrend-p14x3-M15,LONG,L,0.5,1774481876.604,1774471500,1774472400.0,1774481400
730952.1470026902,mult1.50,0.5,4519.37,0,4519.89,4512.084851607019,4512.0,F1,True,4232876.985,-738898.5000000306,-759969.7500000306,1774481400|LONG,EXIT_STLINE,False,SuperTrend-p14x3-M15,LONG,L,0.5,1774482971.648,1774481400,1774482300.0,1774482300
2574243.157732604,mult1.50,0.5,4508.73,0,4508.73,4454.394901096085,4454.4,F1,True,4222425.645,5088004.4999999935,5066933.2499999935,1774482300|SHORT,EXIT_STLINE,False,SuperTrend-p14x3-M15,SHORT,S,0.5,1774496875.953,1774482300,1774483200.0,1774496700
2414847.738987867,mult1.50,0.5,4400.76,0,4401.45,4378.479442997117,4378.46,F1,True,4121957.925,-2153013.4999999795,-2174084.7499999795,1774551600|LONG,EXIT_STLINE,False,SuperTrend-p14x3-M15,LONG,L,0.5,1774561895.285,1774551600,1774552500.0,1774561500
60924.66331999608,mult1.50,0.5,4378.49,0,4379.13,4378.479442997117,4378.27,F1,True,4101055.245,-80538.99999996934,-101610.24999996934,1774561500|LONG,EXIT_STLINE,False,SuperTrend-p14x3-M15,LONG,L,0.5,1774562400.259,1774561500,1774562400.0,1774562400
1477849.1633200063,mult1.50,0.5,4393.73,0,4394.26,4443.638165348109,4443.58,F1,True,4115224.49,4618817.999999973,4597746.749999973,1774562400|LONG,EXIT_STLINE,False,SuperTrend-p14x3-M15,LONG,L,0.5,1774587294.377,1774562400,1774563300.0,1774586700
361440.95708645566,mult1.50,0.5,4496.94,0,4497.49,4493.6305130049495,4493.47,F1,True,4211899.385,-376472.9999999557,-397544.2499999557,1774810800|LONG,EXIT_STLINE,False,SuperTrend-p14x3-M15,LONG,L,0.5,1774811713.126,1774810800,1774811700.0,1774811700
1496478.9570864455,mult1.50,0.5,4509.08,0,4509.61,4493.6305130049495,4493.53,F1,True,4223249.765,-1505891.9999999932,-1526963.2499999932,1774811700|LONG,EXIT_STLINE,False,SuperTrend-p14x3-M15,LONG,L,0.5,1774813477.382,1774811700,1774812600.0,1774812600
2313065.8036621236,mult1.50,0.5,4493.25,0,4493.15,4465.178514879218,4465.48,F1,True,4207834.975,2591295.500000007,2570224.250000007,1774812600|SHORT,EXIT_STLINE,False,SuperTrend-p14x3-M15,SHORT,S,0.5,1774819616.197,1774812600,1774813500.0,1774818900
1502943.4184387368,mult1.50,0.5,4449.05,0,4449.13,4465.178514879218,4465.41,F1,True,4166610.245,-1524621.9999999763,-1545693.2499999763,1774818900|SHORT,EXIT_STLINE,False,SuperTrend-p14x3-M15,SHORT,S,0.5,1774822895.021,1774818900,1774819800.0,1774822500
1565688.9184387436,mult1.50,0.5,4448.47,0,4448.46,4465.178514879218,4466.73,F1,True,4165982.79,-1710985.4999999558,-1732056.7499999558,1774822500|SHORT,EXIT_STLINE,False,SuperTrend-p14x3-M15,SHORT,S,0.5,1774823684.99,1774822500,1774823400.0,1774823400
4229659.272456563,mult1.50,0.5,4471.11,0,4471.86,4516.911865955661,4516.86,F1,True,4187896.889999999,4214250.0,4193178.75,1774823400|LONG,EXIT_STLINE,False,SuperTrend-p14x3-M15,LONG,L,0.5,1774845293.279,1774823400,1774824300.0,1774845000
481548.9936432498,mult1.50,0.5,4508.38,1,4514.74,4519.882007406762,4519.92,F1,True,4228054.01,-485107.00000002724,-506178.25000002724,1774897200|SHORT,EXIT_STLINE,False,SuperTrend-p14x3-M15,SHORT,S,0.5,1774903483.652,1774897200,1774899000.0,1774902600
147218.49364319188,mult1.50,0.5,4518.3,0,4518.31,4519.882007406762,4519.9,F1,True,4231397.315,-148903.49999992846,-169974.74999992846,1774902600|SHORT,EXIT_STLINE,False,SuperTrend-p14x3-M15,SHORT,S,0.5,1774903508.748,1774902600,1774903500.0,1774903500
594865.4936432532,mult1.50,0.5,4513.61,0,4513.53,4519.882007406762,4519.9,F1,True,4226920.845,-596550.4999999898,-617621.7499999898,1774903500|SHORT,EXIT_STLINE,False,SuperTrend-p14x3-M15,SHORT,S,0.5,1774904516.58,1774903500,1774904400.0,1774904400
361676.99364318844,mult1.50,0.5,4516.04,0,4516.02,4519.882007406762,4520.34,F1,True,4229252.73,-404567.99999997276,-425639.24999997276,1774904400|SHORT,EXIT_STLINE,False,SuperTrend-p14x3-M15,SHORT,S,0.5,1774906560.852,1774904400,1774905300.0,1774906200
3487699.4824149515,mult1.50,0.5,4535.95,0,4536.43,4577.626763567628,4577.21,F1,True,4248366.695,3819046.9999999763,3797975.7499999763,1774906200|LONG,EXIT_STLINE,False,SuperTrend-p14x3-M15,LONG,L,0.5,1774914401.501,1774906200,1774907100.0,1774914300
3482400.921706296,mult1.50,0.5,4568.18,0,4568.06,4579.658322424344,4579.71,F1,True,4277988.19,-1091022.499999966,-1112093.749999966,1774914300|SHORT,EXIT_STLINE,False,SuperTrend-p14x3-M15,SHORT,S,0.5,1774924779.324,1774914300,1774915200.0,1774924200
276110.39503981953,mult1.50,0.5,4576.7,0,4576.71,4579.658322424344,4579.86,F1,True,4286088.915,-294997.49999996595,-316068.74999996595,1774924200|SHORT,EXIT_STLINE,False,SuperTrend-p14x3-M15,SHORT,S,0.5,1774925209.853,1774924200,1774925100.0,1774925100
1015008.8950398501,mult1.50,0.5,4568.7,0,4568.82,4571.480343483183,4571.68,F1,True,4278699.93,-267839.0000000545,-288910.2500000545,1774925100|SHORT,EXIT_STLINE,False,SuperTrend-p14x3-M15,SHORT,S,0.5,1774933592.332,1774925100,1774926000.0,1774933200
1761997.0790935555,mult1.50,0.5,4708.03,0,4708.48,4689.665295471505,4689.6,F1,True,4409491.52,-1768111.999999925,-1789183.249999925,1774994400|LONG,EXIT_STLINE,False,SuperTrend-p14x3-M15,LONG,L,0.5,1774996788.811,1774994400,1774995300.0,1774996200
3110646.517149908,mult1.50,0.5,4687.66,0,4687.75,4690.233302006414,4690.31,F1,True,4390077.875,-239744.0000000375,-260815.2500000375,1774996200|SHORT,EXIT_STLINE,False,SuperTrend-p14x3-M15,SHORT,S,0.5,1775010413.516,1774996200,1774997100.0,1775009700
387083.73290066567,mult1.50,0.5,4686.08,0,4686.1,4690.233302006414,4690.36,F1,True,4388532.65,-398948.9999999353,-420020.2499999353,1775009700|SHORT,EXIT_STLINE,False,SuperTrend-p14x3-M15,SHORT,S,0.5,1775010609.53,1775009700,1775010600.0,1775010600
2485955.6305081393,mult1.50,0.5,4701.99,0,4702.47,4712.04422069789,4712.02,F1,True,4403863.155,894357.500000017,873286.250000017,1775010600|LONG,EXIT_STLINE,False,SuperTrend-p14x3-M15,LONG,L,0.5,1775019208.571,1775010600,1775011500.0,1775018700
1806691.6422931901,mult1.50,0.5,4775.79,0,4776.28,4775.521039566865,4775.28,F1,True,4472986.22,-93650.0,-114721.25,1775071800|LONG,EXIT_STLINE,False,SuperTrend-p14x3-M15,LONG,L,0.5,1775077407.858,1775071800,1775072700.0,1775077200
1626603.1445631608,mult1.50,0.5,4792.45,0,4792.89,4775.521039566865,4775.08,F1,True,4488541.485,-1667906.5000000375,-1688977.7500000375,1775077200|LONG,EXIT_STLINE,False,SuperTrend-p14x3-M15,LONG,L,0.5,1775080842.964,1775077200,1775078100.0,1775080800
2668819.922086179,mult1.50,0.5,4750.79,0,4750.75,4609.843625735457,4610.16,F1,True,4449077.375,13166253.500000013,13145182.250000013,1775080800|SHORT,EXIT_STLINE,False,SuperTrend-p14x3-M15,SHORT,S,0.5,1775102905.338,1775080800,1775081700.0,1775102400
3459395.428573853,mult1.50,0.5,4630.3,0,4631.08,4639.1991959000225,4639.25,F1,True,4337006.42,-765120.5000000069,-786191.7500000069,1775412000|SHORT,EXIT_STLINE,False,SuperTrend-p14x3-M15,SHORT,S,0.5,1775423251.616,1775412000,1775412900.0,1775422800
3529358.1827713666,mult1.50,0.5,4641.59,0,4642.16,4626.252772737464,4626.09,F1,True,4347382.84,-1504955.4999999728,-1526026.7499999728,1775422800|LONG,EXIT_STLINE,False,SuperTrend-p14x3-M15,LONG,L,0.5,1775431200.901,1775422800,1775423700.0,1775430900
416482.8331365167,mult1.50,0.5,4630.18,0,4630.7,4626.252772737464,4626.16,F1,True,4336650.55,-425170.99999999657,-446242.24999999657,1775430900|LONG,EXIT_STLINE,False,SuperTrend-p14x3-M15,LONG,L,0.5,1775431951.441,1775430900,1775431800.0,1775431800
632814.3331365541,mult1.50,0.5,4632.55,0,4633.01,4650.2500213678,4650.15,F1,True,4338813.865,1605160.9999999455,1584089.7499999455,1775431800|LONG,EXIT_STLINE,False,SuperTrend-p14x3-M15,LONG,L,0.5,1775440802.983,1775431800,1775432700.0,1775440800
1032957.4989054687,mult1.50,0.5,4660.83,0,4661.28,4650.2500213678,4650.25,F1,True,4365288.72,-1032959.4999999761,-1054030.7499999763,1775440800|LONG,EXIT_STLINE,False,SuperTrend-p14x3-M15,LONG,L,0.5,1775445128.241,1775440800,1775441700.0,1775444400
225694.4989054789,mult1.50,0.5,4651.75,0,4652.66,4650.2500213678,4650.23,F1,True,4357216.09,-227569.50000002724,-248640.75000002724,1775444400|LONG,EXIT_STLINE,False,SuperTrend-p14x3-M15,LONG,L,0.5,1775445458.197,1775444400,1775445300.0,1775445300
76790.99890546527,mult1.50,0.5,4650.67,0,4651.07,4650.2500213678,4650.23,F1,True,4355727.055,-78666.00000001362,-99737.25000001362,1775445300|LONG,EXIT_STLINE,False,SuperTrend-p14x3-M15,LONG,L,0.5,1775446201.8,1775445300,1775446200.0,1775446200
1351367.4989055197,mult1.50,0.5,4664.23,0,4664.68,4685.387591666445,4685.12,F1,True,4368472.82,1914205.9999999625,1893134.7499999625,1775446200|LONG,EXIT_STLINE,False,SuperTrend-p14x3-M15,LONG,L,0.5,1775457979.343,1775446200,1775447100.0,1775457900
149660.19156856977,mult1.50,0.5,4663.74,0,4663.73,4665.328079995393,4665.35,F1,True,4367583.145,-151713.00000007494,-172784.25000007494,1775498400|SHORT,EXIT_STLINE,False,SuperTrend-p14x3-M15,SHORT,S,0.5,1775499437.558,1775498400,1775499300.0,1775499300
322912.6915685187,mult1.50,0.5,4662.09,0,4661.88,4660.732132713639,4661.59,F1,True,4365850.62,27158.499999996595,6087.249999996595,1775499300|SHORT,EXIT_STLINE,False,SuperTrend-p14x3-M15,SHORT,S,0.5,1775511157.619,1775499300,1775500200.0,1775511000
1812327.2286322585,mult1.50,0.5,4641.4,0,4641.38,4647.277265395518,4647.33,F1,True,4346652.37,-557217.499999983,-578288.749999983,1775511000|SHORT,EXIT_STLINE,False,SuperTrend-p14x3-M15,SHORT,S,0.5,1775515520.583,1775511000,1775511900.0,1775515500
1963397.7468934248,mult1.50,0.5,4650.39,0,4650.82,4645.54653823182,4644.88,F1,True,4355492.93,-556280.9999999625,-577352.2499999625,1775515500|LONG,EXIT_STLINE,False,SuperTrend-p14x3-M15,LONG,L,0.5,1775525152.311,1775515500,1775516400.0,1775524500
2750440.7927844585,mult1.50,0.5,4632.57,0,4632.36,4650.317622268475,4650.78,F1,True,4338205.14,-1725033.0000000068,-1746104.2500000068,1775524500|SHORT,EXIT_STLINE,False,SuperTrend-p14x3-M15,SHORT,S,0.5,1775529768.266,1775524500,1775525400.0,1775529000
2246616.230371933,mult1.50,0.5,4652.29,0,4652.75,4668.835654772093,4668.81,F1,True,4357300.375,1504019.0000000375,1482947.7500000375,1775529000|LONG,EXIT_STLINE,False,SuperTrend-p14x3-M15,LONG,L,0.5,1775540523.717,1775529000,1775529900.0,1775539800
858377.6639664355,mult1.50,0.5,4817.74,0,4818.29,4809.124194725398,4809.0,F1,True,4512328.585,-870008.4999999966,-891079.7499999966,1775594700|LONG,EXIT_STLINE,False,SuperTrend-p14x3-M15,LONG,L,0.5,1775595765.067,1775594700,1775595600.0,1775595600
1053169.6639664287,mult1.50,0.5,4819.92,0,4820.37,4809.124194725398,4808.98,F1,True,4514276.505,-1066673.5000000307,-1087744.7500000307,1775595600|LONG,EXIT_STLINE,False,SuperTrend-p14x3-M15,LONG,L,0.5,1775596727.512,1775595600,1775596500.0,1775596500
4361628.711280177,mult1.50,0.5,4794.06,0,4793.83,4820.37081233545,4820.58,F1,True,4489421.795,-2505137.5,-2526208.75,1775596500|SHORT,EXIT_STLINE,False,SuperTrend-p14x3-M15,SHORT,S,0.5,1775611898.356,1775596500,1775597400.0,1775611800
2215841.7871311363,mult1.50,0.5,4822.35,0,4822.82,4813.606006401344,4811.83,F1,True,4516570.93,-1029213.4999999795,-1050284.7499999795,1775611800|LONG,EXIT_STLINE,False,SuperTrend-p14x3-M15,LONG,L,0.5,1775617321.929,1775611800,1775612700.0,1775617200
1712381.0154252285,mult1.50,0.5,4712.45,0,4712.59,4725.2166458692145,4725.47,F1,True,4413340.535,-1206212.0000000102,-1227283.2500000102,1775671200|SHORT,EXIT_STLINE,False,SuperTrend-p14x3-M15,SHORT,S,0.5,1775685438.051,1775671200,1775672100.0,1775684700
2396820.449740381,mult1.50,0.5,4727.07,0,4727.59,4710.287980851763,4709.85,F1,True,4427388.035,-1661350.9999999795,-1682422.2499999795,1775684700|LONG,EXIT_STLINE,False,SuperTrend-p14x3-M15,LONG,L,0.5,1775690167.219,1775684700,1775685600.0,1775690100
246488.5932324236,mult1.50,0.5,4712.48,0,4712.92,4710.287980851763,4710.25,F1,True,4413649.58,-250045.5000000068,-271116.7500000068,1775690100|LONG,EXIT_STLINE,False,SuperTrend-p14x3-M15,LONG,L,0.5,1775692061.135,1775690100,1775691000.0,1775691900
152838.5932324236,mult1.50,0.5,4711.37,0,4711.92,4710.287980851763,4710.25,F1,True,4412713.08,-156395.5000000068,-177466.7500000068,1775691900|LONG,EXIT_STLINE,False,SuperTrend-p14x3-M15,LONG,L,0.5,1775692889.53,1775691900,1775692800.0,1775692800
1113687.593232444,mult1.50,0.5,4721.56,0,4722.18,4710.287980851763,4709.91,F1,True,4422321.57,-1149085.500000041,-1170156.750000041,1775692800|LONG,EXIT_STLINE,False,SuperTrend-p14x3-M15,LONG,L,0.5,1775699493.288,1775692800,1775693700.0,1775699100
310170.59323245083,mult1.50,0.5,4713.35,0,4713.6,4710.287980851763,4709.72,F1,True,4414286.4,-363362.00000001024,-384433.25000001024,1775699100|LONG,EXIT_STLINE,False,SuperTrend-p14x3-M15,LONG,L,0.5,1775703044.794,1775699100,1775700000.0,1775702700
248361.5932323793,mult1.50,0.5,4712.44,0,4712.94,4710.287980851763,4710.23,F1,True,4413668.31,-253791.5000000034,-274862.7500000034,1775702700|LONG,EXIT_STLINE,False,SuperTrend-p14x3-M15,LONG,L,0.5,1775703664.062,1775702700,1775703600.0,1775703600
1047580.6609118233,mult1.50,0.5,4769.97,0,4769.93,4767.861317534484,4767.92,F1,True,4467039.445,188236.50000002043,167165.25000002043,1775757600|SHORT,EXIT_STLINE,False,SuperTrend-p14x3-M15,SHORT,S,0.5,1775770432.048,1775757600,1775758500.0,1775770200
1645600.6281166081,mult1.50,0.5,4771.68,0,4772.17,4754.598183362343,4754.59,F1,True,4469137.205,-1646366.9999999932,-1667438.2499999932,1775770200|LONG,EXIT_STLINE,False,SuperTrend-p14x3-M15,LONG,L,0.5,1775772295.552,1775770200,1775771100.0,1775772000
1842846.6168454797,mult1.50,0.5,4752.16,0,4752.25,4759.415691117974,4759.45,F1,True,4450482.125,-674279.999999983,-695351.249999983,1775772000|SHORT,EXIT_STLINE,False,SuperTrend-p14x3-M15,SHORT,S,0.5,1775776295.774,1775772000,1775772900.0,1775775600
1702022.7166863114,mult1.50,0.5,4760.04,0,4760.45,4754.986303008001,4754.98,F1,True,4458161.425,-512265.50000002387,-533336.7500000239,1775775600|LONG,EXIT_STLINE,False,SuperTrend-p14x3-M15,LONG,L,0.5,1775787394.943,1775775600,1775776500.0,1775787300
78075.72330064031,mult1.50,0.5,4755.3,0,4755.82,4754.986303008001,4754.93,F1,True,4453825.43,-83348.49999994549,-104419.74999994549,1775787300|LONG,EXIT_STLINE,False,SuperTrend-p14x3-M15,LONG,L,0.5,1775788202.273,1775787300,1775788200.0,1775788200
1403402.664938583,mult1.50,0.5,4750.93,0,4750.91,4750.1890489916805,4750.23,F1,True,4449227.215,63682.000000027256,42610.750000027256,1775788200|SHORT,EXIT_STLINE,False,SuperTrend-p14x3-M15,SHORT,S,0.5,1775798336.063,1775788200,1775789100.0,1775798100
2233052.66931092,mult1.50,0.5,4678.31,0,4678.79,4721.582719393951,4721.52,F1,True,4381686.835,4001664.5000000442,3980593.2500000442,1776025800|LONG,EXIT_STLINE,False,SuperTrend-p14x3-M15,LONG,L,0.5,1776055442.602,1776025800,1776026700.0,1776054600
193188.5943193041,mult1.50,0.5,4765.28,0,4765.84,4763.777121256601,4763.77,F1,True,4463209.16,-193855.49999997276,-214926.74999997276,1776128400|LONG,EXIT_STLINE,False,SuperTrend-p14x3-M15,LONG,L,0.5,1776129918.473,1776128400,1776129300.0,1776129300
101411.5943192598,mult1.50,0.5,4764.58,0,4764.86,4763.777121256601,4763.46,F1,True,4462291.39,-131109.99999996592,-152181.24999996592,1776129300|LONG,EXIT_STLINE,False,SuperTrend-p14x3-M15,LONG,L,0.5,1776130205.333,1776129300,1776130200.0,1776130200
1176503.0254990414,mult1.50,0.5,4761.08,0,4760.86,4773.422765888938,4773.58,F1,True,4458545.39,-1191228.0000000237,-1212299.2500000237,1776130200|SHORT,EXIT_STLINE,False,SuperTrend-p14x3-M15,SHORT,S,0.5,1776134809.614,1776130200,1776131100.0,1776134700
1705315.9124860077,mult1.50,0.5,4781.92,0,4782.46,4776.180858735171,4776.11,F1,True,4478773.79,-594677.5000000341,-615748.7500000341,1776134700|LONG,EXIT_STLINE,False,SuperTrend-p14x3-M15,LONG,L,0.5,1776137023.714,1776134700,1776135600.0,1776136500
167322.77653792463,mult1.50,0.5,4833.74,0,4833.77,4831.9833179227135,4831.98,F1,True,4526825.605,-167633.50000008178,-188704.75000008178,1776196800|LONG,EXIT_STLINE,False,SuperTrend-p14x3-M15,LONG,L,0.5,1776197709.489,1776196800,1776197700.0,1776197700
195417.7765378565,mult1.50,0.5,4833.53,0,4834.07,4831.9833179227135,4831.86,F1,True,4527106.555,-206966.5000000034,-228037.7500000034,1776197700|LONG,EXIT_STLINE,False,SuperTrend-p14x3-M15,LONG,L,0.5,1776198608.853,1776197700,1776198600.0,1776198600
1128508.4505999254,mult1.50,0.5,4829.89,0,4829.89,4841.940277101975,4842.08,F1,True,4523191.985,-1141593.4999999625,-1162664.7499999625,1776198600|SHORT,EXIT_STLINE,False,SuperTrend-p14x3-M15,SHORT,S,0.5,1776201023.223,1776198600,1776199500.0,1776200400
2236408.266078456,mult1.50,0.5,4850.11,0,4850.57,4841.157755541896,4841.09,F1,True,4542558.805,-887801.9999999591,-908873.2499999591,1776200400|LONG,EXIT_STLINE,False,SuperTrend-p14x3-M15,LONG,L,0.5,1776203282.559,1776200400,1776201300.0,1776203100
589268.6935014018,mult1.50,0.5,4847.03,0,4847.45,4841.157755541896,4841.11,F1,True,4539636.925,-593741.0000000136,-614812.2500000136,1776203100|LONG,EXIT_STLINE,False,SuperTrend-p14x3-M15,LONG,L,0.5,1776205272.961,1776203100,1776204000.0,1776204900
1889548.580945379,mult1.50,0.5,4834.49,0,4834.49,4821.252925576533,4822.07,F1,True,4527499.885,1163133.0000000068,1142061.7500000068,1776204900|SHORT,EXIT_STLINE,False,SuperTrend-p14x3-M15,SHORT,S,0.5,1776229182.385,1776204900,1776205800.0,1776228300
1264674.9156527151,mult1.50,0.5,4800.97,0,4801.58,4822.278530767472,4822.21,F1,True,4496679.67,1931999.5000000102,1910928.2500000102,1776276900|LONG,EXIT_STLINE,False,SuperTrend-p14x3-M15,LONG,L,0.5,1776288796.587,1776276900,1776277800.0,1776288600
1397069.87762266,mult1.50,0.5,4815.83,0,4815.81,4828.755954867625,4828.94,F1,True,4510006.065,-1229624.499999925,-1250695.749999925,1776288600|SHORT,EXIT_STLINE,False,SuperTrend-p14x3-M15,SHORT,S,0.5,1776298627.202,1776288600,1776289500.0,1776298500
227190.673353126,mult1.50,0.5,4826.31,0,4826.33,4828.755954867625,4828.8,F1,True,4519858.045,-231315.50000002384,-252386.75000002384,1776298500|SHORT,EXIT_STLINE,False,SuperTrend-p14x3-M15,SHORT,S,0.5,1776299731.318,1776298500,1776299400.0,1776299400
1234958.3826683785,mult1.50,0.5,4830.44,0,4830.74,4825.415711838425,4825.3,F1,True,4523988.01,-509455.9999999625,-530527.2499999625,1776299400|LONG,EXIT_STLINE,False,SuperTrend-p14x3-M15,LONG,L,0.5,1776303530.337,1776299400,1776300300.0,1776303000
1311484.4902552024,mult1.50,0.5,4825.12,0,4825.11,4830.318596946911,4830.36,F1,True,4518715.515,-491662.5,-512733.75,1776303000|SHORT,EXIT_STLINE,False,SuperTrend-p14x3-M15,SHORT,S,0.5,1776307834.428,1776303000,1776303900.0,1776307500
407246.1040782273,mult1.50,0.5,4825.87,0,4825.97,4830.318596946911,4830.37,F1,True,4519520.905,-412059.99999996595,-433131.24999996595,1776307500|SHORT,EXIT_STLINE,False,SuperTrend-p14x3-M15,SHORT,S,0.5,1776308867.691,1776307500,1776308400.0,1776308400
1162904.3887864538,mult1.50,0.5,4798.36,0,4799.01,4788.526552471801,4788.52,F1,True,4494272.865,-982388.4999999795,-1003459.7499999795,1776371400|LONG,EXIT_STLINE,False,SuperTrend-p14x3-M15,LONG,L,0.5,1776373447.4,1776371400,1776372300.0,1776373200
1380667.353086225,mult1.50,0.5,4778.87,0,4778.73,4785.008778870064,4785.37,F1,True,4475280.645,-621836.0000000306,-642907.2500000306,1776373200|SHORT,EXIT_STLINE,False,SuperTrend-p14x3-M15,SHORT,S,0.5,1776376342.083,1776373200,1776374100.0,1776375900
1862425.0775256786,mult1.50,0.5,4789.36,0,4789.81,4793.316994822766,4793.28,F1,True,4485657.065,324965.49999993865,303894.24999993865,1776375900|LONG,EXIT_STLINE,False,SuperTrend-p14x3-M15,LONG,L,0.5,1776391203.291,1776375900,1776376800.0,1776391200
1286350.4064727197,mult1.50,0.5,4787.54,0,4787.57,4793.472077001529,4793.51,F1,True,4483559.305,-556281.0000000477,-577352.2500000477,1776391200|SHORT,EXIT_STLINE,False,SuperTrend-p14x3-M15,SHORT,S,0.5,1776396685.657,1776391200,1776392100.0,1776396600
293578.37906378147,mult1.50,0.5,4764.08,0,4764.16,4767.29484654633,4767.44,F1,True,4461635.84,-307171.99999997613,-328243.24999997613,1776630600|SHORT,EXIT_STLINE,False,SuperTrend-p14x3-M15,SHORT,S,0.5,1776631594.048,1776630600,1776631500.0,1776631500
2460107.8375141523,mult1.50,0.5,4772.38,0,4772.81,4789.6044248540275,4789.4,F1,True,4469736.565,1553653.4999999285,1532582.2499999285,1776631500|LONG,EXIT_STLINE,False,SuperTrend-p14x3-M15,LONG,L,0.5,1776640745.709,1776631500,1776632400.0,1776640500
554930.1124203048,mult1.50,0.5,4795.0,0,4795.53,4789.6044248540275,4789.52,F1,True,4491013.845,-562836.4999999353,-583907.7499999353,1776640500|LONG,EXIT_STLINE,False,SuperTrend-p14x3-M15,LONG,L,0.5,1776642998.337,1776640500,1776641400.0,1776642300
173774.6124203321,mult1.50,0.5,4790.71,0,4791.46,4789.6044248540275,4789.4,F1,True,4487202.29,-192919.0000000375,-213990.2500000375,1776642300|LONG,EXIT_STLINE,False,SuperTrend-p14x3-M15,LONG,L,0.5,1776645135.127,1776642300,1776643200.0,1776645000
1658195.553186154,mult1.50,0.5,4787.3,0,4787.35,4800.412922447111,4800.48,F1,True,4483353.275,-1229624.499999925,-1250695.749999925,1776645000|SHORT,EXIT_STLINE,False,SuperTrend-p14x3-M15,SHORT,S,0.5,1776654205.08,1776645000,1776645900.0,1776654000
144679.78773712303,mult1.50,0.5,4821.6,0,4822.19,4820.645101038578,4820.52,F1,True,4515980.935,-156395.49999992165,-177466.74999992165,1776714300|LONG,EXIT_STLINE,False,SuperTrend-p14x3-M15,LONG,L,0.5,1776715205.714,1776714300,1776715200.0,1776715200
757150.7877371196,mult1.50,0.5,4828.37,0,4828.73,4820.645101038578,4820.23,F1,True,4522105.645,-796025.0,-817096.25,1776715200|LONG,EXIT_STLINE,False,SuperTrend-p14x3-M15,LONG,L,0.5,1776716765.192,1776715200,1776716100.0,1776716100
1094472.772961103,mult1.50,0.5,4819.64,0,4819.63,4790.487449002245,4790.59,F1,True,4513583.495,2719595.9999999967,2698524.7499999967,1776716100|SHORT,EXIT_STLINE,False,SuperTrend-p14x3-M15,SHORT,S,0.5,1776743310.622,1776716100,1776717000.0,1776743100
52526.03249665099,mult1.50,0.5,4757.85,0,4758.36,4757.799124052358,4757.76,F1,True,4456204.14,-56189.999999948894,-77261.2499999489,1776830400|LONG,EXIT_STLINE,False,SuperTrend-p14x3-M15,LONG,L,0.5,1776831300.51,1776830400,1776831300.0,1776831300
1190311.7585666024,mult1.50,0.5,4754.11,0,4753.98,4760.203067007008,4760.23,F1,True,4452102.27,-585312.5,-606383.75,1776831300|SHORT,EXIT_STLINE,False,SuperTrend-p14x3-M15,SHORT,S,0.5,1776846541.304,1776831300,1776832200.0,1776845700
677376.7252062783,mult1.50,0.5,4752.96,0,4752.97,4754.908992403653,4754.96,F1,True,4451156.405,-186363.49999997957,-207434.74999997957,1776845700|SHORT,EXIT_STLINE,False,SuperTrend-p14x3-M15,SHORT,S,0.5,1776851051.584,1776845700,1776846600.0,1776850200
1785684.0929877055,mult1.50,0.5,4755.14,0,4755.72,4743.045409611136,4743.0,F1,True,4453731.78,-1191228.0000000237,-1212299.2500000237,1776850200|LONG,EXIT_STLINE,False,SuperTrend-p14x3-M15,LONG,L,0.5,1776852332.774,1776850200,1776851100.0,1776852000
265459.38991710835,mult1.50,0.5,4745.31,0,4745.88,4743.045409611136,4743.04,F1,True,4444516.62,-265966.0000000136,-287037.2500000136,1776852000|LONG,EXIT_STLINE,False,SuperTrend-p14x3-M15,LONG,L,0.5,1776853780.532,1776852000,1776852900.0,1776852900
114682.88991713902,mult1.50,0.5,4743.82,0,4744.27,4743.045409611136,4742.95,F1,True,4443008.855,-123618.00000005792,-144689.25000005792,1776852900|LONG,EXIT_STLINE,False,SuperTrend-p14x3-M15,LONG,L,0.5,1776853824.158,1776852900,1776853800.0,1776853800
1693672.8806115119,mult1.50,0.5,4732.92,0,4732.92,4739.881896060173,4739.93,F1,True,4432379.58,-656486.5000000205,-677557.7500000205,1776853800|SHORT,EXIT_STLINE,False,SuperTrend-p14x3-M15,SHORT,S,0.5,1776869096.286,1776853800,1776854700.0,1776868200
56367.56603522049,mult1.50,0.5,4739.25,0,4739.28,4739.881896060173,4739.97,F1,True,4438335.72,-64618.5000000477,-85689.7500000477,1776868200|SHORT,EXIT_STLINE,False,SuperTrend-p14x3-M15,SHORT,S,0.5,1776869102.617,1776868200,1776869100.0,1776869100
897042.8237380746,mult1.50,0.5,4741.55,0,4742.1,4732.521325961153,4732.5,F1,True,4440976.65,-899040.0000000341,-920111.2500000341,1776869100|LONG,EXIT_STLINE,False,SuperTrend-p14x3-M15,LONG,L,0.5,1776882555.26,1776869100,1776870000.0,1776881700
76668.82373805415,mult1.50,0.5,4732.74,0,4733.34,4732.521325961153,4732.5,F1,True,4432772.91,-78666.00000001362,-99737.25000001362,1776881700|LONG,EXIT_STLINE,False,SuperTrend-p14x3-M15,LONG,L,0.5,1776882815.951,1776881700,1776882600.0,1776882600
1155838.6808753975,mult1.50,0.5,4729.73,0,4729.68,4724.839733038407,4725.01,F1,True,4429345.32,437345.5000000068,416274.2500000068,1776882600|SHORT,EXIT_STLINE,False,SuperTrend-p14x3-M15,SHORT,S,0.5,1776889217.874,1776882600,1776883500.0,1776888900
3705473.159829243,mult1.50,0.5,4741.38,0,4741.84,4732.697700989293,4732.68,F1,True,4440733.16,-857833.9999999864,-878905.2499999864,1776888900|LONG,EXIT_STLINE,False,SuperTrend-p14x3-M15,LONG,L,0.5,1776892845.25,1776888900,1776889800.0,1776892500
1954037.6063653706,mult1.50,0.5,4728.04,0,4728.07,4713.347162695335,4713.39,F1,True,4427837.555,1374781.999999942,1353710.749999942,1776892500|SHORT,EXIT_STLINE,False,SuperTrend-p14x3-M15,SHORT,S,0.5,1776909028.314,1776892500,1776893400.0,1776908700
7757.7135818950865,mult1.50,0.5,4713.32,0,4713.43,4713.347162695335,4713.93,F1,True,4414127.195,-46825.0,-67896.25,1776908700|SHORT,EXIT_STLINE,False,SuperTrend-p14x3-M15,SHORT,S,0.5,1776909600.008,1776908700,1776909600.0,1776909600
146764.78641815603,mult1.50,0.5,4711.76,0,4711.78,4713.347162695335,4713.35,F1,True,4412581.97,-147030.50000005792,-168101.75000005792,1776909600|SHORT,EXIT_STLINE,False,SuperTrend-p14x3-M15,SHORT,S,0.5,1776911105.752,1776909600,1776910500.0,1776910500
119606.28641815942,mult1.50,0.5,4712.06,0,4712.07,4713.347162695335,4713.36,F1,True,4412853.555,-120808.4999999966,-141879.7499999966,1776910500|SHORT,EXIT_STLINE,False,SuperTrend-p14x3-M15,SHORT,S,0.5,1776911523.306,1776910500,1776911400.0,1776911400
1405259.1002788064,mult1.50,0.5,4714.91,0,4715.4,4703.075177356089,4702.89,F1,True,4415972.1,-1171561.4999999353,-1192632.7499999353,1776911400|LONG,EXIT_STLINE,False,SuperTrend-p14x3-M15,LONG,L,0.5,1776914666.902,1776911400,1776912300.0,1776914100
1761588.679768627,mult1.50,0.5,4705.34,0,4705.8,4690.794680926709,4690.64,F1,True,4406981.7,-1419733.9999999863,-1440805.2499999863,1776975300|LONG,EXIT_STLINE,False,SuperTrend-p14x3-M15,LONG,L,0.5,1776979932.823,1776975300,1776976200.0,1776979800
37958.13121371516,mult1.50,0.5,4690.82,0,4691.2,4690.794680926709,4690.7,F1,True,4393308.8,-46825.0,-67896.25,1776979800|LONG,EXIT_STLINE,False,SuperTrend-p14x3-M15,LONG,L,0.5,1776980700.064,1776979800,1776980700.0,1776980700
848030.6312137663,mult1.50,0.5,4699.38,0,4699.85,4690.794680926709,4690.67,F1,True,4401409.525,-859707.0000000272,-880778.2500000272,1776980700|LONG,EXIT_STLINE,False,SuperTrend-p14x3-M15,LONG,L,0.5,1776982364.399,1776980700,1776981600.0,1776981600
268337.13121371856,mult1.50,0.5,4692.95,0,4693.66,4690.794680926709,4690.77,F1,True,4395612.59,-270648.4999999455,-291719.7499999455,1776981600|LONG,EXIT_STLINE,False,SuperTrend-p14x3-M15,LONG,L,0.5,1776982746.428,1776981600,1776982500.0,1776982500
1945954.2036115741,mult1.50,0.5,4683.5,0,4683.5,4677.328586100535,4677.69,F1,True,4386097.75,544106.5000000375,523035.2500000375,1776982500|SHORT,EXIT_STLINE,False,SuperTrend-p14x3-M15,SHORT,S,0.5,1776993992.063,1776982500,1776983400.0,1776993300
88835.08831510904,mult1.50,0.5,4676.36,0,4676.38,4677.328586100535,4677.48,F1,True,4379429.87,-103014.9999999489,-124086.2499999489,1776993300|SHORT,EXIT_STLINE,False,SuperTrend-p14x3-M15,SHORT,S,0.5,1776994200.739,1776993300,1776994200.0,1776994200
1420701.2956220955,mult1.50,0.5,4682.54,0,4683.05,4670.885915441225,4670.87,F1,True,4385676.325,-1140657.0000000272,-1161728.2500000272,1776994200|LONG,EXIT_STLINE,False,SuperTrend-p14x3-M15,LONG,L,0.5,1776997679.413,1776994200,1776995100.0,1776996900
86540.51892933267,mult1.50,0.5,4671.32,0,4671.81,4670.885915441225,4670.86,F1,True,4375150.065,-88967.50000006813,-110038.75000006813,1776996900|LONG,EXIT_STLINE,False,SuperTrend-p14x3-M15,LONG,L,0.5,1776998539.559,1776996900,1776997800.0,1776997800
278523.0189292645,mult1.50,0.5,4673.54,0,4673.86,4670.885915441225,4670.79,F1,True,4377069.89,-287505.49999997276,-308576.74999997276,1776997800|LONG,EXIT_STLINE,False,SuperTrend-p14x3-M15,LONG,L,0.5,1776998760.203,1776997800,1776998700.0,1776998700
137111.51892932926,mult1.50,0.5,4671.85,0,4672.35,4670.885915441225,4670.84,F1,True,4375655.775,-141411.50000002043,-162482.75000002043,1776998700|LONG,EXIT_STLINE,False,SuperTrend-p14x3-M15,LONG,L,0.5,1776999639.107,1776998700,1776999600.0,1776999600
1936195.130606827,mult1.50,0.5,4697.65,0,4698.16,4716.175266561738,4716.07,F1,True,4399826.84,1677271.4999999863,1656200.2499999863,1777236300|LONG,EXIT_STLINE,False,SuperTrend-p14x3-M15,LONG,L,0.5,1777252657.327,1777236300,1777237200.0,1777252500
217711.2864932577,mult1.50,0.5,4717.99,0,4718.5,4716.175266561738,4716.03,F1,True,4418875.25,-231315.50000002384,-252386.75000002384,1777252500|LONG,EXIT_STLINE,False,SuperTrend-p14x3-M15,LONG,L,0.5,1777253406.728,1777252500,1777253400.0,1777253400
1213561.6862513702,mult1.50,0.5,4711.5,0,4711.49,4711.167248046828,4711.2,F1,True,4412310.385,27158.499999996595,6087.249999996595,1777253400|SHORT,EXIT_STLINE,False,SuperTrend-p14x3-M15,SHORT,S,0.5,1777272986.728,1777253400,1777254300.0,1777272300
1024083.9899604744,mult1.50,0.5,4689.06,0,4689.34,4689.29507132188,4689.15,F1,True,4391566.91,-17793.500000047698,-38864.7500000477,1777312800|LONG,EXIT_STLINE,False,SuperTrend-p14x3-M15,LONG,L,0.5,1777323602.126,1777312800,1777313700.0,1777323600
703369.0755787537,mult1.50,0.5,4687.79,0,4687.36,4641.507344641745,4641.53,F1,True,4389712.64,4291979.4999999935,4270908.2499999935,1777323600|SHORT,EXIT_STLINE,False,SuperTrend-p14x3-M15,SHORT,S,0.5,1777342113.214,1777323600,1777324500.0,1777341600
103702.82569941273,mult1.50,0.5,4640.41,0,4640.4,4582.20323707903,4582.26,F1,True,4345734.6,5444810.999999945,5423739.749999945,1777341600|SHORT,EXIT_STLINE,False,SuperTrend-p14x3-M15,SHORT,S,0.5,1777364100.186,1777341600,1777342500.0,1777364100
1713797.8633605195,mult1.50,0.5,4582.46,0,4582.21,4594.956814105473,4594.96,F1,True,4291239.665,-1194037.5,-1215108.75,1777410000|SHORT,EXIT_STLINE,False,SuperTrend-p14x3-M15,SHORT,S,0.5,1777413691.753,1777410000,1777410900.0,1777413600
2040414.0706006526,mult1.50,0.5,4600.79,0,4601.27,4592.7104408717105,4592.62,F1,True,4309089.355,-810072.5000000511,-831143.7500000511,1777413600|LONG,EXIT_STLINE,False,SuperTrend-p14x3-M15,LONG,L,0.5,1777427880.382,1777413600,1777414500.0,1777427100
1488665.5392731351,mult1.50,0.5,4590.92,0,4590.81,4575.346068547311,4575.42,F1,True,4299293.565,1441273.5000000307,1420202.2500000307,1777427100|SHORT,EXIT_STLINE,False,SuperTrend-p14x3-M15,SHORT,S,0.5,1777438463.213,1777427100,1777428000.0,1777437900
48897.528797799445,mult1.50,0.5,4549.07,0,4548.92,4549.442130579795,4549.49,F1,True,4260063.58,-53380.499999972744,-74451.74999997274,1777486500|SHORT,EXIT_STLINE,False,SuperTrend-p14x3-M15,SHORT,S,0.5,1777487429.213,1777486500,1777487400.0,1777487400
121008.02879784032,mult1.50,0.5,4548.23,0,4548.15,4549.442130579795,4549.45,F1,True,4259342.475,-121745.00000001704,-142816.25000001705,1777487400|SHORT,EXIT_STLINE,False,SuperTrend-p14x3-M15,SHORT,S,0.5,1777488325.801,1777487400,1777488300.0,1777488300
1580886.0522217792,mult1.50,0.5,4551.94,0,4552.44,4565.233535433374,4565.2,F1,True,4263360.06,1194974.0000000205,1173902.7500000205,1777488300|LONG,EXIT_STLINE,False,SuperTrend-p14x3-M15,LONG,L,0.5,1777502282.558,1777488300,1777489200.0,1777501800
1685988.0318416508,mult1.50,0.5,4562.18,0,4562.13,4556.128875018774,4556.13,F1,True,4272434.745,561900.0,540828.75,1777501800|SHORT,EXIT_STLINE,False,SuperTrend-p14x3-M15,SHORT,S,0.5,1777512218.592,1777501800,1777502700.0,1777511700
57957.6455081763,mult1.50,0.5,4555.53,0,4555.51,4556.128875018774,4556.33,F1,True,4266235.115,-76792.99999997274,-97864.24999997274,1777511700|SHORT,EXIT_STLINE,False,SuperTrend-p14x3-M15,SHORT,S,0.5,1777512600.426,1777511700,1777512600.0,1777512600
1573847.2308051044,mult1.50,0.5,4563.8,0,4564.24,4625.427752677942,4625.39,F1,True,4274410.76,5726697.500000051,5705626.250000051,1777512600|LONG,EXIT_STLINE,False,SuperTrend-p14x3-M15,LONG,L,0.5,1777537802.198,1777512600,1777513500.0,1777537800
1267675.0095033771,mult1.50,0.5,4622.16,0,4621.9,4625.732628640123,4625.74,F1,True,4328409.35,-359616.0000000136,-380687.2500000136,1777579200|SHORT,EXIT_STLINE,False,SuperTrend-p14x3-M15,SHORT,S,0.5,1777586941.95,1777579200,1777580100.0,1777586400
1346750.6547769043,mult1.50,0.5,4630.72,0,4631.28,4621.9579402699255,4621.95,F1,True,4337193.72,-873754.4999999931,-894825.7499999931,1777586400|LONG,EXIT_STLINE,False,SuperTrend-p14x3-M15,LONG,L,0.5,1777589182.587,1777586400,1777587300.0,1777589100
1097782.546116935,mult1.50,0.5,4618.93,0,4618.89,4629.319528143941,4629.37,F1,True,4325590.485,-981451.9999999591,-1002523.2499999591,1777589100|SHORT,EXIT_STLINE,False,SuperTrend-p14x3-M15,SHORT,S,0.5,1777591901.618,1777589100,1777590000.0,1777591800
310873.81068009057,mult1.50,0.5,4625.98,0,4626.0,4575.597265045562,4575.62,F1,True,4332249.0,4718087.00000001,4697015.75000001,1777591800|SHORT,EXIT_STLINE,False,SuperTrend-p14x3-M15,SHORT,S,0.5,1777617084.071,1777591800,1777592700.0,1777617000
258376.94663537559,mult1.50,0.5,4620.72,0,4620.68,4623.43896365868,4623.5,F1,True,4327266.82,-264092.99999997276,-285164.24999997276,1777832100|SHORT,EXIT_STLINE,False,SuperTrend-p14x3-M15,SHORT,S,0.5,1777833256.916,1777832100,1777833000.0,1777833000
1591529.7424016963,mult1.50,0.5,4627.97,0,4628.51,4611.515555340078,4611.23,F1,True,4334599.615,-1618272.0000000612,-1639343.2500000612,1777833000|LONG,EXIT_STLINE,False,SuperTrend-p14x3-M15,LONG,L,0.5,1777835576.454,1777833000,1777833900.0,1777834800
362841.74240170646,mult1.50,0.5,4614.87,0,4615.39,4611.515555340078,4611.48,F1,True,4322312.735,-366171.50000007154,-387242.75000007154,1777834800|LONG,EXIT_STLINE,False,SuperTrend-p14x3-M15,LONG,L,0.5,1777837517.422,1777834800,1777835700.0,1777837500
251398.24240165876,mult1.50,0.5,4613.75,0,4614.2,4611.515555340078,4611.48,F1,True,4321198.3,-254728.00000002384,-275799.25000002387,1777837500|LONG,EXIT_STLINE,False,SuperTrend-p14x3-M15,LONG,L,0.5,1777838402.566,1777837500,1777838400.0,1777838400
89383.74240169965,mult1.50,0.5,4612.02,0,4612.47,4611.515555340078,4611.45,F1,True,4319578.155,-95523.00000004089,-116594.25000004089,1777838400|LONG,EXIT_STLINE,False,SuperTrend-p14x3-M15,LONG,L,0.5,1777839390.734,1777838400,1777839300.0,1777839300
1483150.9575034224,mult1.50,0.5,4605.82,0,4605.84,4611.155519090415,4611.34,F1,True,4313369.16,-515075.0,-536146.25,1777839300|SHORT,EXIT_STLINE,False,SuperTrend-p14x3-M15,SHORT,S,0.5,1777845528.999,1777839300,1777840200.0,1777844700
1935690.301187399,mult1.50,0.5,4612.9,0,4613.37,4595.807690172042,4595.76,F1,True,4320421.005,-1649176.4999999693,-1670247.7499999693,1777844700|LONG,EXIT_STLINE,False,SuperTrend-p14x3-M15,LONG,L,0.5,1777847253.144,1777844700,1777845600.0,1777846500
2133246.846432012,mult1.50,0.5,4592.92,0,4592.72,4613.45329265778,4613.68,F1,True,4301082.28,-1962904.0000000035,-1983975.2500000035,1777846500|SHORT,EXIT_STLINE,False,SuperTrend-p14x3-M15,SHORT,S,0.5,1777852236.524,1777846500,1777847400.0,1777851900
1859878.1180327497,mult1.50,0.5,4614.95,0,4615.43,4596.3772507555295,4596.25,F1,True,4322350.195,-1796207.0000000272,-1817278.2500000272,1777851900|LONG,EXIT_STLINE,False,SuperTrend-p14x3-M15,LONG,L,0.5,1777858175.13,1777851900,1777852800.0,1777857300
1984514.8081057607,mult1.50,0.5,4596.35,0,4596.33,4551.762906250262,4552.32,F1,True,4304463.045,4121536.5000000205,4100465.2500000205,1777857300|SHORT,EXIT_STLINE,False,SuperTrend-p14x3-M15,SHORT,S,0.5,1777876322.176,1777857300,1777858200.0,1777876200
168101.8236670689,mult1.50,0.5,4527.69,0,4527.04,4528.835000786621,4529.4,F1,True,4239572.96,-221013.99999996932,-242085.24999996932,1777924800|SHORT,EXIT_STLINE,False,SuperTrend-p14x3-M15,SHORT,S,0.5,1777928049.252,1777924800,1777925700.0,1777927500
1355234.4178162226,mult1.50,0.5,4529.8,0,4529.94,4531.8200021894445,4531.7,F1,True,4242288.81,164824.00000002043,143752.75000002043,1777927500|LONG,EXIT_STLINE,False,SuperTrend-p14x3-M15,LONG,L,0.5,1777940291.936,1777927500,1777928400.0,1777940100
1082541.5383720107,mult1.50,0.5,4529.37,0,4529.35,4540.106622682356,4540.19,F1,True,4241736.275,-1015165.9999999284,-1036237.2499999284,1777940100|SHORT,EXIT_STLINE,False,SuperTrend-p14x3-M15,SHORT,S,0.5,1777943228.003,1777940100,1777941000.0,1777942800
1161981.120919627,mult1.50,0.5,4540.16,0,4540.66,4536.061194565933,4535.54,F1,True,4252328.09,-479487.99999998976,-500559.24999998976,1777942800|LONG,EXIT_STLINE,False,SuperTrend-p14x3-M15,LONG,L,0.5,1777947741.761,1777942800,1777943700.0,1777947300
102903.12890036422,mult1.50,0.5,4536.74,0,4537.16,4545.272412895576,4545.2,F1,True,4249050.34,752945.9999999966,731874.7499999966,1777947300|LONG,EXIT_STLINE,False,SuperTrend-p14x3-M15,LONG,L,0.5,1777963435.839,1777947300,1777948200.0,1777962600
2207530.396673186,mult1.50,0.5,4573.14,0,4573.8,4698.943272360901,4698.79,F1,True,4283363.7,11705313.49999998,11684242.24999998,1778006700|LONG,EXIT_STLINE,False,SuperTrend-p14x3-M15,LONG,L,0.5,1778053398.001,1778006700,1778007600.0,1778052600
1174252.0248087675,mult1.50,0.5,4690.74,1,4697.63,4686.5216682343735,4686.4,F1,True,4399330.495,-1051689.5000000442,-1072760.7500000442,1778085900|LONG,EXIT_STLINE,False,SuperTrend-p14x3-M15,LONG,L,0.5,1778100165.784,1778085900,1778091300.0,1778099400
198381.7698509557,mult1.50,0.5,4688.17,0,4688.64,4686.5216682343735,4686.3,F1,True,4390911.36,-219141.00000001362,-240212.25000001362,1778099400|LONG,EXIT_STLINE,False,SuperTrend-p14x3-M15,LONG,L,0.5,1778100392.806,1778099400,1778100300.0,1778100300
232095.76985092505,mult1.50,0.5,4688.49,0,4689.0,4686.5216682343735,4686.34,F1,True,4391248.5,-249108.99999998638,-270180.2499999864,1778100300|LONG,EXIT_STLINE,False,SuperTrend-p14x3-M15,LONG,L,0.5,1778101245.838,1778100300,1778101200.0,1778101200
2208110.769850959,mult1.50,0.5,4709.56,0,4710.1,4703.0443570352845,4702.87,F1,True,4411008.65,-677089.5000000442,-698160.7500000442,1778101200|LONG,EXIT_STLINE,False,SuperTrend-p14x3-M15,LONG,L,0.5,1778105730.716,1778101200,1778102100.0,1778105700
1499880.5592148614,mult1.50,0.5,4702.62,0,4702.57,4706.413953729463,4706.42,F1,True,4403956.805,-360552.50000003405,-381623.75000003405,1778105700|SHORT,EXIT_STLINE,False,SuperTrend-p14x3-M15,SHORT,S,0.5,1778118765.316,1778105700,1778106600.0,1778118300
513572.26676419895,mult1.50,0.5,4700.92,0,4700.93,4706.413953729463,4706.48,F1,True,4402420.945,-519757.49999993184,-540828.7499999318,1778118300|SHORT,EXIT_STLINE,False,SuperTrend-p14x3-M15,SHORT,S,0.5,1778119335.557,1778118300,1778119200.0,1778119200
1275896.3587169931,mult1.50,0.5,4707.86,0,4708.39,4732.932161829341,4732.76,F1,True,4409407.235,2282250.4999999898,2261179.2499999898,1778119200|LONG,EXIT_STLINE,False,SuperTrend-p14x3-M15,LONG,L,0.5,1778129498.326,1778119200,1778120100.0,1778129100
1817354.2606574465,mult1.50,0.5,4704.13,0,4704.58,4710.2007279809295,4710.12,F1,True,4405839.17,518820.99999999657,497749.74999999657,1778183100|LONG,EXIT_STLINE,False,SuperTrend-p14x3-M15,LONG,L,0.5,1778193404.181,1778183100,1778184000.0,1778193000
42074.324585916926,mult1.50,0.5,4710.23,0,4710.65,4710.2007279809295,4710.15,F1,True,4411523.725,-46825.0,-67896.25,1778193000|LONG,EXIT_STLINE,False,SuperTrend-p14x3-M15,LONG,L,0.5,1778193900.388,1778193000,1778193900.0,1778193900
314595.8245859885,mult1.50,0.5,4713.18,0,4713.56,4710.2007279809295,4710.05,F1,True,4414248.94,-328711.50000002043,-349782.75000002043,1778193900|LONG,EXIT_STLINE,False,SuperTrend-p14x3-M15,LONG,L,0.5,1778200945.268,1778193900,1778194800.0,1778200200
211580.8245859544,mult1.50,0.5,4711.93,0,4712.46,4710.2007279809295,4710.08,F1,True,4413218.79,-222887.00000001022,-243958.25000001022,1778200200|LONG,EXIT_STLINE,False,SuperTrend-p14x3-M15,LONG,L,0.5,1778201168.369,1778200200,1778201100.0,1778201100
114184.82458595782,mult1.50,0.5,4710.89,0,4711.42,4710.2007279809295,4709.96,F1,True,4412244.83,-136729.0000000034,-157800.2500000034,1778201100|LONG,EXIT_STLINE,False,SuperTrend-p14x3-M15,LONG,L,0.5,1778202005.25,1778201100,1778202000.0,1778202000
225628.32458592035,mult1.50,0.5,4712.12,0,4712.61,4713.317459055936,4713.28,F1,True,4413359.265,62745.50000000681,41674.25000000681,1778202000|LONG,EXIT_STLINE,False,SuperTrend-p14x3-M15,LONG,L,0.5,1778205651.806,1778202000,1778202900.0,1778205600
931118.9594116501,mult1.50,0.5,4722.78,0,4723.26,4714.8611999073955,4714.85,F1,True,4423332.99,-787596.4999999864,-808667.7499999864,1778205600|LONG,EXIT_STLINE,False,SuperTrend-p14x3-M15,LONG,L,0.5,1778210100.628,1778205600,1778206500.0,1778210100
1434433.1383433018,mult1.50,0.5,4687.27,0,4687.23,4693.719790863782,4694.31,F1,True,4389590.895,-663042.0000000783,-684113.2500000783,1778436000|SHORT,EXIT_STLINE,False,SuperTrend-p14x3-M15,SHORT,S,0.5,1778447129.41,1778436000,1778436900.0,1778446800
163867.91439314,mult1.50,0.5,4691.94,0,4691.97,4693.719790863782,4693.74,F1,True,4394029.905,-165760.4999999557,-186831.7499999557,1778446800|SHORT,EXIT_STLINE,False,SuperTrend-p14x3-M15,SHORT,S,0.5,1778447811.215,1778446800,1778447700.0,1778447700
1718408.161703075,mult1.50,0.5,4698.77,0,4699.29,4680.940740398259,4680.94,F1,True,4400885.085,-1718477.500000034,-1739548.750000034,1778447700|LONG,EXIT_STLINE,False,SuperTrend-p14x3-M15,LONG,L,0.5,1778450259.731,1778447700,1778448600.0,1778449500
471926.66170303745,mult1.50,0.5,4685.53,0,4685.98,4680.940740398259,4680.91,F1,True,4388420.27,-474805.49999997276,-495876.74999997276,1778449500|LONG,EXIT_STLINE,False,SuperTrend-p14x3-M15,LONG,L,0.5,1778450772.774,1778449500,1778450400.0,1778450400
504704.16170307156,mult1.50,0.5,4685.86,0,4686.33,4680.940740398259,4680.9,F1,True,4388748.045,-508519.50000002724,-529590.7500000272,1778450400|LONG,EXIT_STLINE,False,SuperTrend-p14x3-M15,LONG,L,0.5,1778453531.013,1778450400,1778451300.0,1778453100
87025.16170306812,mult1.50,0.5,4681.54,0,4681.87,4680.940740398259,4680.63,F1,True,4384571.255,-116125.99999997955,-137197.24999997957,1778453100|LONG,EXIT_STLINE,False,SuperTrend-p14x3-M15,LONG,L,0.5,1778454000.701,1778453100,1778454000.0,1778454000
613338.1617030579,mult1.50,0.5,4686.95,0,4687.49,4680.940740398259,4680.92,F1,True,4389834.385,-615280.4999999728,-636351.7499999728,1778454000|LONG,EXIT_STLINE,False,SuperTrend-p14x3-M15,LONG,L,0.5,1778457001.32,1778454000,1778454900.0,1778456700
1902304.8059810689,mult1.50,0.5,4678.55,0,4678.79,4671.4713008434765,4671.49,F1,True,4381686.835,683645.000000017,662573.750000017,1778456700|SHORT,EXIT_STLINE,False,SuperTrend-p14x3-M15,SHORT,S,0.5,1778466677.433,1778456700,1778457600.0,1778466600
1774427.1619203156,mult1.50,0.5,4674.15,0,4674.73,4662.289406694241,4662.24,F1,True,4377884.645,-1169688.4999999795,-1190759.7499999795,1778466600|LONG,EXIT_STLINE,False,SuperTrend-p14x3-M15,LONG,L,0.5,1778477084.586,1778466600,1778467500.0,1778476500
78197.7500000034,mult1.75,0.5,4347.59,0,4347.59,4348.425,4348.63,F1,True,4071518.035,-97395.9999999966,-118467.2499999966,1767309300|SHORT,EXIT_STLINE,False,SuperTrend-p14x3-M15,SHORT,S,0.5,1767310203.104,1767309300,1767310200.0,1767310200
1538744.7544642736,mult1.75,0.5,4351.38,0,4351.88,4386.2411018306575,4386.12,F1,True,4075535.62,3206575.9999999795,3185504.7499999795,1767310200|LONG,EXIT_STLINE,False,SuperTrend-p14x3-M15,LONG,L,0.5,1767346915.103,1767310200,1767311100.0,1767346200
130707.32869086027,mult1.75,0.5,4442.77,0,4443.27,4441.874299747028,4441.78,F1,True,4161122.3550000004,-139538.50000006473,-160609.75000006473,1767645000|LONG,EXIT_STLINE,False,SuperTrend-p14x3-M15,LONG,L,0.5,1767645935.508,1767645000,1767645900.0,1767645900
1181381.5576288183,mult1.75,0.5,4440.38,0,4440.38,4448.288001737314,4448.35,F1,True,4158415.87,-746390.5000000239,-767461.7500000239,1767645900|SHORT,EXIT_STLINE,False,SuperTrend-p14x3-M15,SHORT,S,0.5,1767653668.791,1767645900,1767646800.0,1767653100
1925481.876949864,mult1.75,0.5,4450.43,0,4450.98,4457.383052742904,4457.31,F1,True,4168342.7699999996,592804.5000000783,571733.2500000783,1767653100|LONG,EXIT_STLINE,False,SuperTrend-p14x3-M15,LONG,L,0.5,1767667826.966,1767653100,1767654000.0,1767667500
1662271.534800908,mult1.75,0.5,4451.87,0,4452.34,4467.80734169965,4467.84,F1,True,4169616.41,-1451575.0,-1472646.25,1767667500|SHORT,EXIT_STLINE,False,SuperTrend-p14x3-M15,SHORT,S,0.5,1767672037.3,1767667500,1767668400.0,1767672000
138712.90776808283,mult1.75,0.5,4489.78,0,4490.22,4488.738815720576,4488.73,F1,True,4205091.03,-139538.50000006473,-160609.75000006473,1767735000|LONG,EXIT_STLINE,False,SuperTrend-p14x3-M15,LONG,L,0.5,1767735952.405,1767735000,1767735900.0,1767735900
336314.4077680522,mult1.75,0.5,4491.83,0,4492.33,4488.738815720576,4487.85,F1,True,4207067.045,-419551.99999995914,-440623.24999995914,1767735900|LONG,EXIT_STLINE,False,SuperTrend-p14x3-M15,LONG,L,0.5,1767736848.847,1767735900,1767736800.0,1767736800
2250463.5237218463,mult1.75,0.5,4470.76,0,4470.81,4479.254262893508,4479.27,F1,True,4186913.5650000004,-792279.0000000034,-813350.2500000034,1767736800|SHORT,EXIT_STLINE,False,SuperTrend-p14x3-M15,SHORT,S,0.5,1767745145.318,1767736800,1767737700.0,1767744900
277603.21997702616,mult1.75,0.5,4476.29,0,4476.29,4459.938105715884,4460.0,F1,True,4192045.585,1525558.4999999965,1504487.2499999965,1767744900|SHORT,EXIT_STLINE,False,SuperTrend-p14x3-M15,SHORT,S,0.5,1767760726.813,1767744900,1767745800.0,1767760200
1358318.0317208213,mult1.75,0.5,4451.29,0,4451.33,4460.61157561389,4460.76,F1,True,4168670.545,-883119.5000000272,-904190.7500000272,1767821400|SHORT,EXIT_STLINE,False,SuperTrend-p14x3-M15,SHORT,S,0.5,1767823823.26,1767821400,1767822300.0,1767823200
339160.5562407934,mult1.75,0.5,4456.84,0,4456.99,4460.61157561389,4460.7,F1,True,4173971.135,-347441.50000000343,-368512.75000000343,1767823200|SHORT,EXIT_STLINE,False,SuperTrend-p14x3-M15,SHORT,S,0.5,1767824609.119,1767823200,1767824100.0,1767824100
541444.5562407797,mult1.75,0.5,4454.94,0,4454.83,4432.885500598971,4432.92,F1,True,4171948.295,2051871.4999999863,2030800.2499999863,1767824100|SHORT,EXIT_STLINE,False,SuperTrend-p14x3-M15,SHORT,S,0.5,1767843163.918,1767824100,1767825000.0,1767843000
1702365.5182389342,mult1.75,0.5,4435.53,0,4435.97,4422.079734930464,4422.05,F1,True,4154285.905,-1303608.0000000068,-1324679.2500000068,1767843000|LONG,EXIT_STLINE,False,SuperTrend-p14x3-M15,LONG,L,0.5,1767850523.87,1767843000,1767843900.0,1767850200
1279175.9545011416,mult1.75,0.5,4465.6,0,4465.6,4469.357512706114,4469.36,F1,True,4182034.4000000004,-352123.9999999353,-373195.2499999353,1767906900|SHORT,EXIT_STLINE,False,SuperTrend-p14x3-M15,SHORT,S,0.5,1767912972.251,1767906900,1767907800.0,1767912300
53147.564927578926,mult1.75,0.5,4468.79,0,4468.79,4469.357512706114,4469.45,F1,True,4185021.835,-61808.99999998637,-82880.24999998638,1767912300|SHORT,EXIT_STLINE,False,SuperTrend-p14x3-M15,SHORT,S,0.5,1767913200.497,1767912300,1767913200.0,1767913200
1131413.3428010382,mult1.75,0.5,4471.77,0,4472.27,4460.188704294704,4459.87,F1,True,4188280.8550000004,-1161260.000000051,-1182331.250000051,1767913200|LONG,EXIT_STLINE,False,SuperTrend-p14x3-M15,LONG,L,0.5,1767924992.78,1767913200,1767914100.0,1767924900
446831.8428010008,mult1.75,0.5,4464.46,0,4464.96,4465.226977844479,4465.15,F1,True,4181435.04,17793.49999996252,-3277.7500000374785,1767924900|LONG,EXIT_STLINE,False,SuperTrend-p14x3-M15,LONG,L,0.5,1767937625.944,1767924900,1767925800.0,1767937500
798528.4835360942,mult1.75,0.5,4582.46,0,4583.03,4574.50326766112,4574.26,F1,True,4292007.595,-821310.4999999558,-842381.7499999558,1768169700|LONG,EXIT_STLINE,False,SuperTrend-p14x3-M15,LONG,L,0.5,1768170932.716,1768169700,1768170600.0,1768170600
2342629.9535181667,mult1.75,0.5,4573.45,0,4573.52,4582.699407379396,4582.7,F1,True,4283101.48,-859706.999999942,-880778.249999942,1768170600|SHORT,EXIT_STLINE,False,SuperTrend-p14x3-M15,SHORT,S,0.5,1768185865.264,1768170600,1768171500.0,1768185000
100150.00108040453,mult1.75,0.5,4581.7,0,4581.63,4582.699407379396,4582.85,F1,True,4290696.495,-114253.00000002385,-135324.25000002387,1768185000|SHORT,EXIT_STLINE,False,SuperTrend-p14x3-M15,SHORT,S,0.5,1768185905.935,1768185000,1768185900.0,1768185900
189117.5010803875,mult1.75,0.5,4580.69,0,4580.68,4582.699407379396,4582.71,F1,True,4289806.82,-190109.49999997616,-211180.74999997616,1768185900|SHORT,EXIT_STLINE,False,SuperTrend-p14x3-M15,SHORT,S,0.5,1768190959.213,1768185900,1768186800.0,1768190400
2518609.0274220323,mult1.75,0.5,4579.6,0,4579.08,4598.1693704003565,4599.09,F1,True,4288308.42,-1873936.5000000205,-1895007.7500000205,1768248000|SHORT,EXIT_STLINE,False,SuperTrend-p14x3-M15,SHORT,S,0.5,1768263134.243,1768248000,1768248900.0,1768262400
35528.03799338553,mult1.75,0.5,4597.78,0,4597.79,4598.1693704003565,4598.29,F1,True,4305830.335,-46825.0,-67896.25,1768262400|SHORT,EXIT_STLINE,False,SuperTrend-p14x3-M15,SHORT,S,0.5,1768263300.007,1768262400,1768263300.0,1768263300
247177.03799340597,mult1.75,0.5,4595.53,0,4595.53,4598.1693704003565,4598.32,F1,True,4303713.845,-261283.4999999966,-282354.7499999966,1768263300|SHORT,EXIT_STLINE,False,SuperTrend-p14x3-M15,SHORT,S,0.5,1768264749.705,1768263300,1768264200.0,1768264200
416683.5379933583,mult1.75,0.5,4593.74,0,4593.72,4598.1693704003565,4598.28,F1,True,4302018.78,-427043.9999999523,-448115.2499999523,1768264200|SHORT,EXIT_STLINE,False,SuperTrend-p14x3-M15,SHORT,S,0.5,1768266836.502,1768264200,1768265100.0,1768266000
58004.03799336509,mult1.75,0.5,4597.55,0,4597.55,4598.1693704003565,4598.19,F1,True,4305605.575,-59935.99999994549,-81007.24999994549,1768266000|SHORT,EXIT_STLINE,False,SuperTrend-p14x3-M15,SHORT,S,0.5,1768266909.996,1768266000,1768266900.0,1768266900
86099.03799338212,mult1.75,0.5,4597.27,0,4597.25,4598.1693704003565,4598.17,F1,True,4305324.625,-86158.00000000681,-107229.25000000681,1768266900|SHORT,EXIT_STLINE,False,SuperTrend-p14x3-M15,SHORT,S,0.5,1768267854.029,1768266900,1768267800.0,1768267800
1317862.984811648,mult1.75,0.5,4598.73,0,4599.21,4585.693603371445,4585.67,F1,True,4307160.165,-1268020.9999999965,-1289092.2499999965,1768267800|LONG,EXIT_STLINE,False,SuperTrend-p14x3-M15,LONG,L,0.5,1768271636.977,1768267800,1768268700.0,1768271400
840639.5442642178,mult1.75,0.5,4594.17,0,4594.67,4585.693603371445,4585.68,F1,True,4302908.455,-841913.4999999795,-862984.7499999795,1768271400|LONG,EXIT_STLINE,False,SuperTrend-p14x3-M15,LONG,L,0.5,1768274591.922,1768271400,1768272300.0,1768274100
1356713.6922664111,mult1.75,0.5,4584.68,0,4584.68,4592.411399793252,4592.45,F1,True,4293552.82,-727660.4999999558,-748731.7499999558,1768274100|SHORT,EXIT_STLINE,False,SuperTrend-p14x3-M15,SHORT,S,0.5,1768282032.319,1768274100,1768275000.0,1768281300
116187.95764132874,mult1.75,0.5,4596.8,0,4596.94,4598.1806615872,4598.55,F1,True,4305034.31,-150776.5000000545,-171847.7500000545,1768337100|SHORT,EXIT_STLINE,False,SuperTrend-p14x3-M15,SHORT,S,0.5,1768338001.344,1768337100,1768338000.0,1768338000
1686328.7473798322,mult1.75,0.5,4605.02,0,4605.53,4624.0408250192295,4624.04,F1,True,4313078.845,1733461.5000000205,1712390.2500000205,1768338000|LONG,EXIT_STLINE,False,SuperTrend-p14x3-M15,LONG,L,0.5,1768359450.919,1768338000,1768338900.0,1768358700
2097872.211095623,mult1.75,0.5,4619.73,0,4619.61,4638.372345208267,4638.58,F1,True,4326264.765,-1776540.5000000237,-1797611.7500000237,1768358700|SHORT,EXIT_STLINE,False,SuperTrend-p14x3-M15,SHORT,S,0.5,1768370967.106,1768358700,1768359600.0,1768370400
2477014.45909541,mult1.75,0.5,4613.92,0,4614.37,4593.22456374934,4593.2,F1,True,4321357.505,-1982570.5000000068,-2003641.7500000068,1768431600|LONG,EXIT_STLINE,False,SuperTrend-p14x3-M15,LONG,L,0.5,1768435985.939,1768431600,1768432500.0,1768435200
2245361.9371023364,mult1.75,0.5,4591.32,0,4591.28,4603.731792423822,4603.81,F1,True,4299733.72,-1173434.5000000612,-1194505.7500000612,1768435200|SHORT,EXIT_STLINE,False,SuperTrend-p14x3-M15,SHORT,S,0.5,1768446528.954,1768435200,1768436100.0,1768446000
2135418.219751733,mult1.75,0.5,4605.17,0,4605.76,4609.042463910125,4608.98,F1,True,4313294.24,301552.99999993865,280481.74999993865,1768446000|LONG,EXIT_STLINE,False,SuperTrend-p14x3-M15,LONG,L,0.5,1768472310.996,1768446000,1768446900.0,1768472100
232196.57066360663,mult1.75,0.5,4614.12,0,4614.06,4605.825516530262,4605.88,F1,True,4321067.19,766057.0000000272,744985.7500000272,1768507200|SHORT,EXIT_STLINE,False,SuperTrend-p14x3-M15,SHORT,S,0.5,1768531363.106,1768507200,1768508100.0,1768530600
1467506.1416791992,mult1.75,0.5,4606.72,0,4607.22,4600.747751627008,4600.72,F1,True,4314661.53,-608725.0,-629796.25,1768530600|LONG,EXIT_STLINE,False,SuperTrend-p14x3-M15,LONG,L,0.5,1768534947.152,1768530600,1768531500.0,1768534200
1633762.0368010225,mult1.75,0.5,4595.8,0,4595.79,4607.846803240343,4608.2,F1,True,4303957.335,-1162196.4999999863,-1183267.7499999863,1768534200|SHORT,EXIT_STLINE,False,SuperTrend-p14x3-M15,SHORT,S,0.5,1768536613.587,1768534200,1768535100.0,1768536000
142006.1893966917,mult1.75,0.5,4670.69,0,4671.19,4669.673649872966,4669.66,F1,True,4374569.435,-143284.49999997616,-164355.74999997616,1768852800|LONG,EXIT_STLINE,False,SuperTrend-p14x3-M15,LONG,L,0.5,1768853762.41,1768852800,1768853700.0,1768853700
1033352.0042687077,mult1.75,0.5,4666.16,0,4666.16,4670.841261014467,4670.86,F1,True,4369858.84,-440154.99999998295,-461226.24999998295,1768853700|SHORT,EXIT_STLINE,False,SuperTrend-p14x3-M15,SHORT,S,0.5,1768860433.038,1768853700,1768854600.0,1768860000
75038.09400482941,mult1.75,0.5,4670.04,0,4670.04,4670.841261014467,4670.85,F1,True,4373492.46,-75856.50000003747,-96927.75000003747,1768860000|SHORT,EXIT_STLINE,False,SuperTrend-p14x3-M15,SHORT,S,0.5,1768860907.115,1768860000,1768860900.0,1768860900
1133632.3476369418,mult1.75,0.5,4670.85,0,4671.37,4721.978011987154,4721.97,F1,True,4374738.005,4738690.000000034,4717618.750000034,1768860900|LONG,EXIT_STLINE,False,SuperTrend-p14x3-M15,LONG,L,0.5,1768896423.037,1768860900,1768861800.0,1768896000
3006622.5353253884,mult1.75,0.5,4847.32,0,4847.32,4865.640692165249,4865.78,F1,True,4539515.18,-1728779.0000000035,-1749850.2500000035,1768967100|SHORT,EXIT_STLINE,False,SuperTrend-p14x3-M15,SHORT,S,0.5,1768972729.5,1768967100,1768968000.0,1768972500
1087541.2624208634,mult1.75,0.5,4814.73,0,4815.23,4803.617172851886,4803.35,F1,True,4509462.895,-1112561.999999925,-1133633.249999925,1769025600|LONG,EXIT_STLINE,False,SuperTrend-p14x3-M15,LONG,L,0.5,1769026798.46,1769025600,1769026500.0,1769026500
3702621.3897735667,mult1.75,0.5,4794.79,0,4794.81,4809.210279101028,4809.29,F1,True,4490339.565,-1356051.999999959,-1377123.249999959,1769026500|SHORT,EXIT_STLINE,False,SuperTrend-p14x3-M15,SHORT,S,0.5,1769050213.315,1769026500,1769027400.0,1769049900
2808279.1991289947,mult1.75,0.5,4821.16,0,4821.67,4818.468431217077,4818.03,F1,True,4515493.955,-340886.0000000307,-361957.2500000307,1769049900|LONG,EXIT_STLINE,False,SuperTrend-p14x3-M15,LONG,L,0.5,1769063547.693,1769049900,1769050800.0,1769063400
1133322.6567321557,mult1.75,0.5,4949.08,0,4949.48,4939.433554826364,4939.16,F1,True,4635188.02,-966467.9999999728,-987539.2499999728,1769119200|LONG,EXIT_STLINE,False,SuperTrend-p14x3-M15,LONG,L,0.5,1769127599.559,1769119200,1769120100.0,1769127300
426711.0905109588,mult1.75,0.5,4943.42,0,4943.99,4949.776288747931,4949.72,F1,True,4630046.635,536614.5000000442,515543.25000004424,1769127300|LONG,EXIT_STLINE,False,SuperTrend-p14x3-M15,LONG,L,0.5,1769137901.158,1769127300,1769128200.0,1769137200
293472.05875623174,mult1.75,0.5,4952.41,0,4952.91,4949.776288747931,4949.69,F1,True,4638400.215,-301553.00000002387,-322624.25000002387,1769137200|LONG,EXIT_STLINE,False,SuperTrend-p14x3-M15,LONG,L,0.5,1769143403.263,1769137200,1769138100.0,1769142600
2931143.9570614197,mult1.75,0.5,5021.41,0,5021.91,5060.718013455635,5059.99,F1,True,4703018.715,3566191.999999993,3545120.749999993,1769371200|LONG,EXIT_STLINE,False,SuperTrend-p14x3-M15,LONG,L,0.5,1769391939.605,1769371200,1769372100.0,1769391900
936686.0398798324,mult1.75,0.5,5070.22,0,5070.72,5060.718013455635,5060.65,F1,True,4748729.28,-943055.500000058,-964126.750000058,1769391900|LONG,EXIT_STLINE,False,SuperTrend-p14x3-M15,LONG,L,0.5,1769393252.93,1769391900,1769392800.0,1769392800
2427992.558860935,mult1.75,0.5,5059.79,0,5059.75,5081.644724670271,5081.65,F1,True,4738455.875,-2050934.999999966,-2072006.249999966,1769392800|SHORT,EXIT_STLINE,False,SuperTrend-p14x3-M15,SHORT,S,0.5,1769396513.006,1769392800,1769393700.0,1769396400
1168257.9653708714,mult1.75,0.5,5069.11,0,5069.17,5081.644724670271,5081.93,F1,True,4747277.705,-1194974.0000000205,-1216045.2500000205,1769396400|SHORT,EXIT_STLINE,False,SuperTrend-p14x3-M15,SHORT,S,0.5,1769398595.674,1769396400,1769397300.0,1769398200
3052619.8377286694,mult1.75,0.5,5091.86,0,5092.45,5074.10006622474,5074.1,F1,True,4769079.425,-1718477.499999949,-1739548.749999949,1769398200|LONG,EXIT_STLINE,False,SuperTrend-p14x3-M15,LONG,L,0.5,1769421755.521,1769398200,1769399100.0,1769421600
3654008.8364179865,mult1.75,0.5,5044.71,0,5045.51,5016.1814871316,5016.18,F1,True,4725120.115,-2746754.499999993,-2767825.749999993,1769458500|LONG,EXIT_STLINE,False,SuperTrend-p14x3-M15,LONG,L,0.5,1769464294.369,1769458500,1769459400.0,1769463900
1590037.730125639,mult1.75,0.5,5032.66,0,5033.16,5075.772771007632,5075.77,F1,True,4713554.34,3990426.5000000545,3969355.2500000545,1769463900|LONG,EXIT_STLINE,False,SuperTrend-p14x3-M15,LONG,L,0.5,1769503725.177,1769463900,1769464800.0,1769503500
2222460.3063288266,mult1.75,0.5,5512.95,0,5513.43,5489.698443071769,5489.68,F1,True,5163327.195,-2224187.5,-2245258.75,1769633100|LONG,EXIT_STLINE,False,SuperTrend-p14x3-M15,LONG,L,0.5,1769634054.467,1769633100,1769634000.0,1769634000
567664.8063288197,mult1.75,0.5,5495.19,0,5495.76,5489.698443071769,5489.49,F1,True,5146779.24,-587185.5000000409,-608256.7500000409,1769634000|LONG,EXIT_STLINE,False,SuperTrend-p14x3-M15,LONG,L,0.5,1769635013.465,1769634000,1769634900.0,1769634900
794297.8063288266,mult1.75,0.5,5497.64,0,5498.18,5489.698443071769,5489.67,F1,True,5149045.57,-796961.5000000205,-818032.7500000205,1769634900|LONG,EXIT_STLINE,False,SuperTrend-p14x3-M15,LONG,L,0.5,1769637646.883,1769634900,1769635800.0,1769637600
5954250.722897061,mult1.75,0.5,5479.87,0,5479.78,5543.359826192173,5544.14,F1,True,5131813.97,-6027314.000000055,-6048385.250000055,1769637600|SHORT,EXIT_STLINE,False,SuperTrend-p14x3-M15,SHORT,S,0.5,1769640106.673,1769637600,1769638500.0,1769639400
321203.2228970104,mult1.75,0.5,5540.37,0,5539.93,5543.359826192173,5543.86,F1,True,5188144.445,-368044.4999999421,-389115.7499999421,1769639400|SHORT,EXIT_STLINE,False,SuperTrend-p14x3-M15,SHORT,S,0.5,1769640309.521,1769639400,1769640300.0,1769640300
6705145.198207795,mult1.75,0.5,5545.45,0,5545.95,5540.031090358732,5539.39,F1,True,5193782.175,-614343.9999999523,-635415.2499999523,1769640300|LONG,EXIT_STLINE,False,SuperTrend-p14x3-M15,LONG,L,0.5,1769660929.367,1769640300,1769641200.0,1769660100
11592277.986628251,mult1.75,0.5,5310.91,0,5309.65,5082.537206991032,5082.62,F1,True,4972487.225,21261359.499999978,21240288.249999978,1769724000|SHORT,EXIT_STLINE,False,SuperTrend-p14x3-M15,SHORT,S,0.5,1769758701.531,1769724000,1769724900.0,1769758200
15345528.868554195,mult1.75,0.5,4741.05,0,4741.16,4843.118609595916,4843.41,F1,True,4440096.34,-9575712.5,-9596783.75,1769976000|SHORT,EXIT_STLINE,False,SuperTrend-p14x3-M15,SHORT,S,0.5,1769980443.188,1769976000,1769976900.0,1769979600
16076436.218496922,mult1.75,0.5,4845.37,0,4845.87,4738.731518217178,4738.67,F1,True,4538157.255,-10039279.999999983,-10060351.249999983,1769979600|LONG,EXIT_STLINE,False,SuperTrend-p14x3-M15,LONG,L,0.5,1769983218.031,1769979600,1769980500.0,1769983200
16076494.551615484,mult1.75,0.5,4643.74,0,4643.27,4565.839789183417,4565.97,F1,True,4348422.355,7239145.000000017,7218073.750000017,1769983200|SHORT,EXIT_STLINE,False,SuperTrend-p14x3-M15,SHORT,S,0.5,1770006341.023,1769983200,1769984100.0,1770005700
7286133.47578272,mult1.75,0.5,4772.57,0,4772.55,4831.681229466528,4834.17,F1,True,4469493.075,-5770712.99999999,-5791784.24999999,1770074100|SHORT,EXIT_STLINE,False,SuperTrend-p14x3-M15,SHORT,S,0.5,1770085739.145,1770074100,1770075000.0,1770084900
6241874.058425469,mult1.75,0.5,4839.38,0,4839.86,4893.949396430535,4893.62,F1,True,4532528.89,5034624.0000000205,5013552.7500000205,1770084900|LONG,EXIT_STLINE,False,SuperTrend-p14x3-M15,LONG,L,0.5,1770100053.598,1770084900,1770085800.0,1770099300
6033580.432097195,mult1.75,0.5,4967.36,0,4967.26,4889.030107096828,4889.15,F1,True,4651838.99,7315001.500000055,7293930.250000055,1770242400|SHORT,EXIT_STLINE,False,SuperTrend-p14x3-M15,SHORT,S,0.5,1770254427.312,1770242400,1770243300.0,1770254100
227579.5296179112,mult1.75,0.5,4886.6,0,4886.6,4889.030107096828,4890.29,F1,True,4576300.9,-345568.4999999625,-366639.7499999625,1770254100|SHORT,EXIT_STLINE,False,SuperTrend-p14x3-M15,SHORT,S,0.5,1770259506.994,1770254100,1770255000.0,1770259500
5643159.217457662,mult1.75,0.5,4895.9,0,4896.7,4878.427161338891,4878.41,F1,True,4585759.55,-1712858.4999999965,-1733929.7499999965,1770259500|LONG,EXIT_STLINE,False,SuperTrend-p14x3-M15,LONG,L,0.5,1770271550.907,1770259500,1770260400.0,1770271200
7612882.483222759,mult1.75,0.5,4758.51,0,4758.9,4696.262123574178,4696.05,F1,True,4456709.85,-5885902.499999949,-5906973.749999949,1770327000|LONG,EXIT_STLINE,False,SuperTrend-p14x3-M15,LONG,L,0.5,1770328954.42,1770327000,1770327900.0,1770328800
4871474.127278199,mult1.75,0.5,4747.55,0,4748.28,4832.486552555492,4826.85,F1,True,4446764.22,7358080.500000058,7337009.250000058,1770328800|LONG,EXIT_STLINE,False,SuperTrend-p14x3-M15,LONG,L,0.5,1770350182.876,1770328800,1770329700.0,1770349500
1332962.3531781624,mult1.75,0.5,4846.22,0,4846.72,4832.486552555492,4831.8,F1,True,4538953.28,-1397258.0000000068,-1418329.2500000068,1770349500|LONG,EXIT_STLINE,False,SuperTrend-p14x3-M15,LONG,L,0.5,1770354057.549,1770349500,1770350400.0,1770354000
1160878.7761794615,mult1.75,0.5,5018.64,0,5019.24,5006.84407072953,5006.77,F1,True,4700518.26,-1167815.4999999388,-1188886.7499999388,1770588000|LONG,EXIT_STLINE,False,SuperTrend-p14x3-M15,LONG,L,0.5,1770589969.58,1770588000,1770588900.0,1770589800
299298.77617947856,mult1.75,0.5,5009.5,0,5010.04,5006.84407072953,5006.8,F1,True,4691902.46,-303425.99999997957,-324497.24999997957,1770589800|LONG,EXIT_STLINE,False,SuperTrend-p14x3-M15,LONG,L,0.5,1770590763.479,1770589800,1770590700.0,1770590700
5020106.534297295,mult1.75,0.5,4982.43,0,4982.43,5025.49462584537,5025.67,F1,True,4666045.695,-4049425.9999999795,-4070497.2499999795,1770590700|SHORT,EXIT_STLINE,False,SuperTrend-p14x3-M15,SHORT,S,0.5,1770596711.412,1770590700,1770591600.0,1770596100
56623.21041888272,mult1.75,0.5,5024.87,0,5024.89,5025.49462584537,5025.79,F1,True,4705809.485,-84284.99999996593,-105356.24999996593,1770596100|SHORT,EXIT_STLINE,False,SuperTrend-p14x3-M15,SHORT,S,0.5,1770597041.468,1770596100,1770597000.0,1770597000
30401.210418906565,mult1.75,0.5,5025.17,0,5025.17,5025.49462584537,5025.67,F1,True,4706071.705,-46825.0,-67896.25,1770597000|SHORT,EXIT_STLINE,False,SuperTrend-p14x3-M15,SHORT,S,0.5,1770597900.031,1770597000,1770597900.0,1770597900
882616.2104189406,mult1.75,0.5,5016.24,0,5016.07,5025.49462584537,5025.52,F1,True,4697549.555,-884992.5000000681,-906063.7500000681,1770597900|SHORT,EXIT_STLINE,False,SuperTrend-p14x3-M15,SHORT,S,0.5,1770603765.725,1770597900,1770598800.0,1770603300
3590155.623572809,mult1.75,0.5,5030.06,0,5030.56,5008.535130580046,5007.71,F1,True,4711119.44,-2139902.500000034,-2160973.750000034,1770603300|LONG,EXIT_STLINE,False,SuperTrend-p14x3-M15,LONG,L,0.5,1770610713.323,1770603300,1770604200.0,1770610500
1103954.032311923,mult1.75,0.5,5035.02,0,5035.02,5046.80808363387,5046.92,F1,True,4715296.23,-1114434.999999966,-1135506.249999966,1770670800|SHORT,EXIT_STLINE,False,SuperTrend-p14x3-M15,SHORT,S,0.5,1770679347.19,1770670800,1770671700.0,1770678900
2886825.823670073,mult1.75,0.5,5047.17,0,5047.67,5017.04918115879,5016.95,F1,True,4727142.955,-2876928.0000000237,-2897999.2500000237,1770678900|LONG,EXIT_STLINE,False,SuperTrend-p14x3-M15,LONG,L,0.5,1770682744.047,1770678900,1770679800.0,1770682500
456152.18447933206,mult1.75,0.5,5021.79,0,5021.92,5017.04918115879,5015.7,F1,True,4703028.08,-582503.0000000239,-603574.2500000239,1770682500|LONG,EXIT_STLINE,False,SuperTrend-p14x3-M15,LONG,L,0.5,1770690444.546,1770682500,1770683400.0,1770689700
223900.18447928777,mult1.75,0.5,5018.74,0,5019.44,5017.04918115879,5016.76,F1,True,4700705.56,-250981.99999994208,-272053.2499999421,1770689700|LONG,EXIT_STLINE,False,SuperTrend-p14x3-M15,LONG,L,0.5,1770690603.497,1770689700,1770690600.0,1770690600
1480683.1844792946,mult1.75,0.5,5032.38,0,5032.86,5030.501277807165,5029.75,F1,True,4713273.39,-291251.4999999693,-312322.7499999693,1770690600|LONG,EXIT_STLINE,False,SuperTrend-p14x3-M15,LONG,L,0.5,1770716675.963,1770690600,1770691500.0,1770715800
3345519.9263412836,mult1.75,0.5,5063.18,0,5063.18,5074.150635144688,5074.67,F1,True,4741668.07,-1076038.4999999795,-1097109.7499999795,1770840000|SHORT,EXIT_STLINE,False,SuperTrend-p14x3-M15,SHORT,S,0.5,1770861980.899,1770840000,1770840900.0,1770861600
2204853.6866038362,mult1.75,0.5,5074.87,0,5075.37,5054.6890227283575,5054.68,F1,True,4753084.005,-1937618.4999999625,-1958689.7499999625,1770861600|LONG,EXIT_STLINE,False,SuperTrend-p14x3-M15,LONG,L,0.5,1770867090.322,1770861600,1770862500.0,1770867000
315692.0214893589,mult1.75,0.5,5057.54,0,5058.06,5054.6890227283575,5054.63,F1,True,4736873.19,-321219.50000002724,-342290.75000002724,1770867000|LONG,EXIT_STLINE,False,SuperTrend-p14x3-M15,LONG,L,0.5,1770867902.818,1770867000,1770867900.0,1770867900
510484.0214893521,mult1.75,0.5,5059.64,0,5060.14,5054.6890227283575,5054.44,F1,True,4738821.11,-533805.0000000681,-554876.2500000681,1770867900|LONG,EXIT_STLINE,False,SuperTrend-p14x3-M15,LONG,L,0.5,1770868886.665,1770867900,1770868800.0,1770868800
209514.2088469253,mult1.75,0.5,4941.87,0,4941.87,4944.107204579252,4944.37,F1,True,4628061.255,-234125.0,-255196.25,1770930000|SHORT,EXIT_STLINE,False,SuperTrend-p14x3-M15,SHORT,S,0.5,1770930965.852,1770930000,1770930900.0,1770930900
732081.2088469184,mult1.75,0.5,4936.29,0,4936.29,4944.107204579252,4944.97,F1,True,4622835.585,-812882.0000000272,-833953.2500000272,1770930900|SHORT,EXIT_STLINE,False,SuperTrend-p14x3-M15,SHORT,S,0.5,1770931852.102,1770930900,1770931800.0,1770931800
317211.70884689124,mult1.75,0.5,4940.72,0,4940.72,4944.107204579252,4944.36,F1,True,4626984.28,-340885.9999999455,-361957.2499999455,1770931800|SHORT,EXIT_STLINE,False,SuperTrend-p14x3-M15,SHORT,S,0.5,1770932855.129,1770931800,1770932700.0,1770932700
1522487.208846881,mult1.75,0.5,4927.85,0,4927.85,4944.107204579252,4944.13,F1,True,4614931.525,-1524621.9999999763,-1545693.2499999763,1770932700|SHORT,EXIT_STLINE,False,SuperTrend-p14x3-M15,SHORT,S,0.5,1770933657.416,1770932700,1770933600.0,1770933600
5180784.732177526,mult1.75,0.5,4965.27,0,4965.81,4963.856402925531,4960.86,F1,True,4650481.065,-463567.50000006816,-484638.75000006816,1770933600|LONG,EXIT_STLINE,False,SuperTrend-p14x3-M15,LONG,L,0.5,1770950609.463,1770933600,1770934500.0,1770949800
56526.86602400127,mult1.75,0.5,4963.96,0,4964.46,4963.856402925531,4963.6,F1,True,4649216.79,-80538.99999996934,-101610.24999996934,1770949800|LONG,EXIT_STLINE,False,SuperTrend-p14x3-M15,LONG,L,0.5,1770950728.955,1770949800,1770950700.0,1770950700
3375105.143869138,mult1.75,0.5,4946.1,0,4945.9,4980.4849520405,4980.57,F1,True,4631835.35,-3246845.500000007,-3267916.750000007,1770950700|SHORT,EXIT_STLINE,False,SuperTrend-p14x3-M15,SHORT,S,0.5,1770957437.398,1770950700,1770951600.0,1770957000
806267.4385100742,mult1.75,0.5,5022.32,0,5022.8,5014.190630661932,5014.15,F1,True,4703852.2,-810072.5000000511,-831143.7500000511,1771185600|LONG,EXIT_STLINE,False,SuperTrend-p14x3-M15,LONG,L,0.5,1771188569.791,1771185600,1771186500.0,1771188300
596491.4385100945,mult1.75,0.5,5020.06,0,5020.56,5014.190630661932,5014.17,F1,True,4701754.44,-598423.5000000306,-619494.7500000306,1771188300|LONG,EXIT_STLINE,False,SuperTrend-p14x3-M15,LONG,L,0.5,1771189310.085,1771188300,1771189200.0,1771189200
351128.4385100196,mult1.75,0.5,5017.44,0,5017.94,5014.190630661932,5013.51,F1,True,4699300.81,-414869.4999999421,-435940.7499999421,1771189200|LONG,EXIT_STLINE,False,SuperTrend-p14x3-M15,LONG,L,0.5,1771190559.562,1771189200,1771190100.0,1771190100
2281812.1024451177,mult1.75,0.5,5012.12,0,5012.34,4995.785190764589,4995.86,F1,True,4694056.41,1543352.0000000442,1522280.7500000442,1771190100|SHORT,EXIT_STLINE,False,SuperTrend-p14x3-M15,SHORT,S,0.5,1771213136.614,1771190100,1771191000.0,1771212600
2258653.8015698907,mult1.75,0.5,5002.48,0,5002.73,4997.559915193349,4997.53,F1,True,4685056.645,-486979.99999998295,-508051.24999998295,1771212600|LONG,EXIT_STLINE,False,SuperTrend-p14x3-M15,LONG,L,0.5,1771233280.132,1771212600,1771213500.0,1771232400
1671935.0806353,mult1.75,0.5,4979.15,0,4979.15,4957.2118168941215,4957.38,F1,True,4662973.975,2038760.4999999558,2017689.2499999558,1771275600|SHORT,EXIT_STLINE,False,SuperTrend-p14x3-M15,SHORT,S,0.5,1771280824.527,1771275600,1771276500.0,1771280100
60106.15213450683,mult1.75,0.5,4956.79,0,4956.57,4957.2118168941215,4957.3,F1,True,4641827.805,-68364.5000000443,-89435.7500000443,1771280100|SHORT,EXIT_STLINE,False,SuperTrend-p14x3-M15,SHORT,S,0.5,1771281000.963,1771280100,1771281000.0,1771281000
2300562.2070701034,mult1.75,0.5,4963.13,0,4963.76,4947.825155984914,4947.06,F1,True,4648561.24,-1563954.999999983,-1585026.249999983,1771281000|LONG,EXIT_STLINE,False,SuperTrend-p14x3-M15,LONG,L,0.5,1771290372.31,1771281000,1771281900.0,1771290000
427497.6420128261,mult1.75,0.5,4951.89,0,4952.39,4947.825155984914,4947.04,F1,True,4637913.235,-501027.50000003405,-522098.75000003405,1771290000|LONG,EXIT_STLINE,False,SuperTrend-p14x3-M15,LONG,L,0.5,1771293986.839,1771290000,1771290900.0,1771293600
2951927.8874850404,mult1.75,0.5,4928.24,0,4928.11,4909.057801858579,4909.38,F1,True,4615175.015,1754064.499999959,1732993.249999959,1771293600|SHORT,EXIT_STLINE,False,SuperTrend-p14x3-M15,SHORT,S,0.5,1771299523.757,1771293600,1771294500.0,1771299000
26952.644055910197,mult1.75,0.5,4908.77,0,4908.77,4909.057801858579,4909.27,F1,True,4597063.105,-46825.0,-67896.25,1771299000|SHORT,EXIT_STLINE,False,SuperTrend-p14x3-M15,SHORT,S,0.5,1771299900.004,1771299000,1771299900.0,1771299900
1473249.5866949894,mult1.75,0.5,4882.47,0,4882.97,4867.238557536626,4867.21,F1,True,4572901.405,-1475924.0000000205,-1496995.2500000205,1771358400|LONG,EXIT_STLINE,False,SuperTrend-p14x3-M15,LONG,L,0.5,1771360713.728,1771358400,1771359300.0,1771360200
876699.0866949995,mult1.75,0.5,4876.24,0,4876.6,4867.238557536626,4867.1,F1,True,4566935.9,-889675.0,-910746.25,1771360200|LONG,EXIT_STLINE,False,SuperTrend-p14x3-M15,LONG,L,0.5,1771361298.68,1771360200,1771361100.0,1771361100
2864651.3274685103,mult1.75,0.5,4858.97,0,4858.97,4887.681665496217,4888.1,F1,True,4550425.405,-2728024.5000000102,-2749095.7500000102,1771361100|SHORT,EXIT_STLINE,False,SuperTrend-p14x3-M15,SHORT,S,0.5,1771365788.176,1771361100,1771362000.0,1771365600
95678.9737207111,mult1.75,0.5,4886.66,0,4886.66,4887.681665496217,4887.71,F1,True,4576357.09,-98332.50000001704,-119403.75000001704,1771365600|SHORT,EXIT_STLINE,False,SuperTrend-p14x3-M15,SHORT,S,0.5,1771366508.104,1771365600,1771366500.0,1771366500
61028.47372072133,mult1.75,0.5,4887.03,0,4887.03,4887.681665496217,4887.74,F1,True,4576703.595,-66491.5000000034,-87562.7500000034,1771366500|SHORT,EXIT_STLINE,False,SuperTrend-p14x3-M15,SHORT,S,0.5,1771367406.24,1771366500,1771367400.0,1771367400
172471.97372068386,mult1.75,0.5,4885.84,0,4885.84,4887.681665496217,4887.79,F1,True,4575589.16,-182617.49999998297,-203688.74999998297,1771367400|SHORT,EXIT_STLINE,False,SuperTrend-p14x3-M15,SHORT,S,0.5,1771368504.155,1771367400,1771368300.0,1771368300
2347273.7180277104,mult1.75,0.5,4889.79,0,4890.29,4922.0209937578775,4921.61,F1,True,4579756.585,2933117.9999999725,2912046.7499999725,1771368300|LONG,EXIT_STLINE,False,SuperTrend-p14x3-M15,LONG,L,0.5,1771392872.51,1771368300,1771369200.0,1771392600
524356.46733112,mult1.75,0.5,4981.6,0,4981.6,4979.237968445493,4979.3,F1,True,4665268.4,215395.00000001703,194323.75000001703,1771446600|SHORT,EXIT_STLINE,False,SuperTrend-p14x3-M15,SHORT,S,0.5,1771461256.919,1771446600,1771447500.0,1771461000
211458.744920432,mult1.75,0.5,4976.98,0,4976.98,4979.237968445493,4979.71,F1,True,4660941.77,-255664.5000000443,-276735.7500000443,1771461000|SHORT,EXIT_STLINE,False,SuperTrend-p14x3-M15,SHORT,S,0.5,1771461954.257,1771461000,1771461900.0,1771461900
1442663.2430381626,mult1.75,0.5,4981.49,0,4981.99,5007.190816726467,5007.19,F1,True,4665633.635,2359979.999999983,2338908.749999983,1771461900|LONG,EXIT_STLINE,False,SuperTrend-p14x3-M15,LONG,L,0.5,1771477351.439,1771461900,1771462800.0,1771477200
336715.4286246434,mult1.75,0.5,4996.64,0,4997.1,4993.5045335971745,4993.5,F1,True,4679784.15,-337140.00000003405,-358211.25000003405,1771542000|LONG,EXIT_STLINE,False,SuperTrend-p14x3-M15,LONG,L,0.5,1771543193.661,1771542000,1771542900.0,1771542900
394778.42862463323,mult1.75,0.5,4997.2,0,4997.72,4993.5045335971745,4993.49,F1,True,4680364.78,-396139.5000000443,-417210.7500000443,1771542900|LONG,EXIT_STLINE,False,SuperTrend-p14x3-M15,LONG,L,0.5,1771545299.454,1771542900,1771543800.0,1771544700
283334.9286245855,mult1.75,0.5,4996.03,0,4996.53,4993.5045335971745,4993.41,F1,True,4679250.345,-292187.99999998976,-313259.24999998976,1771544700|LONG,EXIT_STLINE,False,SuperTrend-p14x3-M15,LONG,L,0.5,1771545751.251,1771544700,1771545600.0,1771545600
110082.42862463662,mult1.75,0.5,4994.18,0,4994.68,4993.5045335971745,4993.5,F1,True,4677517.82,-110507.00000002726,-131578.25000002724,1771545600|LONG,EXIT_STLINE,False,SuperTrend-p14x3-M15,LONG,L,0.5,1771547319.223,1771545600,1771546500.0,1771546500
1628861.2741081086,mult1.75,0.5,4992.1,0,4992.1,5006.133457848006,5006.3,F1,True,4675101.65,-1329829.999999983,-1350901.249999983,1771546500|SHORT,EXIT_STLINE,False,SuperTrend-p14x3-M15,SHORT,S,0.5,1771553038.408,1771546500,1771547400.0,1771552800
462954.82746583695,mult1.75,0.5,5001.19,0,5001.19,5006.133457848006,5006.48,F1,True,4683614.435,-495408.49999999657,-516479.74999999657,1771552800|SHORT,EXIT_STLINE,False,SuperTrend-p14x3-M15,SHORT,S,0.5,1771555719.467,1771552800,1771553700.0,1771555500
2074100.2962091207,mult1.75,0.5,5011.7,0,5012.26,5009.687778105919,5009.39,F1,True,4693981.49,-268775.49999998976,-289846.74999998976,1771555500|LONG,EXIT_STLINE,False,SuperTrend-p14x3-M15,LONG,L,0.5,1771561662.577,1771555500,1771556400.0,1771560900
83132.58785349563,mult1.75,0.5,5138.47,0,5139.12,5138.2323055221195,5137.11,F1,True,4812785.88,-188236.50000002043,-209307.75000002043,1771794000|LONG,EXIT_STLINE,False,SuperTrend-p14x3-M15,LONG,L,0.5,1771794904.518,1771794000,1771794900.0,1771794900
1455105.0878535467,mult1.75,0.5,5153.1,0,5153.77,5138.2323055221195,5138.09,F1,True,4826505.605,-1468432.0000000272,-1489503.2500000272,1771794900|LONG,EXIT_STLINE,False,SuperTrend-p14x3-M15,LONG,L,0.5,1771796715.609,1771794900,1771795800.0,1771796700
617874.087853499,mult1.75,0.5,5144.33,0,5144.83,5145.026833370482,5144.38,F1,True,4818133.295,-42142.49999998297,-63213.74999998297,1771796700|LONG,EXIT_STLINE,False,SuperTrend-p14x3-M15,LONG,L,0.5,1771819200.811,1771796700,1771797600.0,1771819200
641579.332478285,mult1.75,0.5,5229.86,0,5230.32,5223.469179578448,5223.39,F1,True,4898194.68,-648994.499999942,-670065.749999942,1771880400|LONG,EXIT_STLINE,False,SuperTrend-p14x3-M15,LONG,L,0.5,1771883747.497,1771880400,1771881300.0,1771883100
83425.3324782816,mult1.75,0.5,5223.72,0,5224.36,5223.469179578448,5223.27,F1,True,4892613.14,-102078.49999992845,-123149.74999992845,1771883100|LONG,EXIT_STLINE,False,SuperTrend-p14x3-M15,LONG,L,0.5,1771884000.593,1771883100,1771884000.0,1771884000
3863160.2150479187,mult1.75,0.5,5185.16,0,5185.32,5134.920699219622,5134.94,F1,True,4856052.18,4718087.00000001,4697015.75000001,1771884000|SHORT,EXIT_STLINE,False,SuperTrend-p14x3-M15,SHORT,S,0.5,1771933196.24,1771884000,1771884900.0,1771932600
2693313.26358017,mult1.75,0.5,5142.74,1,5135.6,5154.150397426374,5154.17,F1,True,4809489.4,-1739080.4999999728,-1760151.7499999728,1771958700|SHORT,EXIT_STLINE,False,SuperTrend-p14x3-M15,SHORT,S,0.5,1771969097.578,1771958700,1771964100.0,1771968600
637793.7189799286,mult1.75,0.5,5147.63,0,5147.34,5154.150397426374,5154.22,F1,True,4820483.91,-644312.0000000102,-665383.2500000102,1771968600|SHORT,EXIT_STLINE,False,SuperTrend-p14x3-M15,SHORT,S,0.5,1771970287.68,1771968600,1771969500.0,1771969500
187337.21897997637,mult1.75,0.5,5152.15,0,5152.15,5154.150397426374,5154.37,F1,True,4824988.475,-207903.00000002384,-228974.25000002384,1771969500|SHORT,EXIT_STLINE,False,SuperTrend-p14x3-M15,SHORT,S,0.5,1771970401.651,1771969500,1771970400.0,1771970400
3676177.163108055,mult1.75,0.5,5174.14,0,5175.27,5187.849119846861,5187.72,F1,True,4846640.355,1165942.499999983,1144871.249999983,1771970400|LONG,EXIT_STLINE,False,SuperTrend-p14x3-M15,LONG,L,0.5,1771988869.388,1771970400,1771971300.0,1771988400
409332.9263414951,mult1.75,0.5,5191.72,0,5192.22,5187.849119846861,5187.74,F1,True,4862514.03,-419552.0000000443,-440623.2500000443,1771988400|LONG,EXIT_STLINE,False,SuperTrend-p14x3-M15,LONG,L,0.5,1771992197.354,1771988400,1771989300.0,1771992000
113398.92634150875,mult1.75,0.5,5188.56,0,5189.06,5187.849119846861,5187.58,F1,True,4859554.69,-138602.0000000443,-159673.2500000443,1771992000|LONG,EXIT_STLINE,False,SuperTrend-p14x3-M15,LONG,L,0.5,1771993043.562,1771992000,1771992900.0,1771992900
177080.92634145083,mult1.75,0.5,5189.24,0,5189.74,5187.849119846861,5187.68,F1,True,4860191.51,-192918.9999999523,-213990.2499999523,1771992900|LONG,EXIT_STLINE,False,SuperTrend-p14x3-M15,LONG,L,0.5,1771993949.968,1771992900,1771993800.0,1771993800
1596442.8372968498,mult1.75,0.5,5186.13,0,5186.1,5178.622370235626,5179.01,F1,True,4856782.65,663978.5000000136,642907.2500000136,1771993800|SHORT,EXIT_STLINE,False,SuperTrend-p14x3-M15,SHORT,S,0.5,1772009837.791,1771993800,1771994700.0,1772009100
894220.0295475093,mult1.75,0.5,5168.61,0,5168.61,5178.158532082728,5178.56,F1,True,4840403.265,-931817.5000000681,-952888.7500000681,1772049600|SHORT,EXIT_STLINE,False,SuperTrend-p14x3-M15,SHORT,S,0.5,1772050831.463,1772049600,1772050500.0,1772050500
773411.5295475128,mult1.75,0.5,5169.94,0,5169.9,5178.158532082728,5178.65,F1,True,4841611.35,-819437.5,-840508.75,1772050500|SHORT,EXIT_STLINE,False,SuperTrend-p14x3-M15,SHORT,S,0.5,1772052389.658,1772050500,1772051400.0,1772052300
1422406.0295474548,mult1.75,0.5,5162.89,0,5162.97,5178.158532082728,5178.35,F1,True,4835121.405,-1440337.0000000102,-1461408.2500000102,1772052300|SHORT,EXIT_STLINE,False,SuperTrend-p14x3-M15,SHORT,S,0.5,1772054609.075,1772052300,1772053200.0,1772054100
2956499.689424535,mult1.75,0.5,5184.89,0,5185.62,5184.910316586763,5184.84,F1,True,4856333.13,-73046.99999997615,-94118.24999997615,1772054100|LONG,EXIT_STLINE,False,SuperTrend-p14x3-M15,LONG,L,0.5,1772078945.922,1772054100,1772055000.0,1772078400
344818.02781612973,mult1.75,0.5,5183.83,0,5184.33,5180.648013584451,5180.49,F1,True,4855125.045,-359616.0000000136,-380687.2500000136,1772136000|LONG,EXIT_STLINE,False,SuperTrend-p14x3-M15,LONG,L,0.5,1772139805.72,1772136000,1772136900.0,1772139600
518070.5278161638,mult1.75,0.5,5185.67,0,5186.18,5180.648013584451,5180.64,F1,True,4856857.57,-518820.99999999657,-539892.2499999965,1772139600|LONG,EXIT_STLINE,False,SuperTrend-p14x3-M15,LONG,L,0.5,1772141681.324,1772139600,1772140500.0,1772141400
2103273.213083739,mult1.75,0.5,5176.08,0,5174.9,5190.040811723588,5190.14,F1,True,4846293.85,-1427226.0000000647,-1448297.2500000647,1772141400|SHORT,EXIT_STLINE,False,SuperTrend-p14x3-M15,SHORT,S,0.5,1772145468.749,1772141400,1772142300.0,1772145000
165836.51791401056,mult1.75,0.5,5188.3,0,5188.27,5190.040811723588,5190.11,F1,True,4858814.855,-172315.99999992846,-193387.24999992846,1772145000|SHORT,EXIT_STLINE,False,SuperTrend-p14x3-M15,SHORT,S,0.5,1772146235.708,1772145000,1772145900.0,1772145900
1979691.7473512446,mult1.75,0.5,5193.93,0,5194.4,5178.454972377723,5178.37,F1,True,4864555.6,-1501209.4999999763,-1522280.7499999763,1772145900|LONG,EXIT_STLINE,False,SuperTrend-p14x3-M15,LONG,L,0.5,1772149007.445,1772145900,1772146800.0,1772148600
315134.83682624216,mult1.75,0.5,5181.25,0,5181.82,5178.454972377723,5178.38,F1,True,4852774.43,-322155.9999999625,-343227.2499999625,1772148600|LONG,EXIT_STLINE,False,SuperTrend-p14x3-M15,LONG,L,0.5,1772149658.739,1772148600,1772149500.0,1772149500
499625.336826266,mult1.75,0.5,5183.29,0,5183.79,5182.066752266815,5182.01,F1,True,4854619.335,-166696.99999997616,-187768.24999997616,1772149500|LONG,EXIT_STLINE,False,SuperTrend-p14x3-M15,LONG,L,0.5,1772165685.092,1772149500,1772150400.0,1772164800
205738.8489248015,mult1.75,0.5,5371.83,0,5371.83,5374.026891072342,5374.04,F1,True,5030718.795,-206966.5000000034,-228037.7500000034,1772500500|SHORT,EXIT_STLINE,False,SuperTrend-p14x3-M15,SHORT,S,0.5,1772501450.17,1772500500,1772501400.0,1772501400
426752.84892477083,mult1.75,0.5,5369.47,0,5369.47,5331.7830683536895,5331.8,F1,True,5028508.655,3527795.500000007,3506724.250000007,1772501400|SHORT,EXIT_STLINE,False,SuperTrend-p14x3-M15,SHORT,S,0.5,1772514169.599,1772501400,1772502300.0,1772514000
776828.0815619288,mult1.75,0.5,5155.86,0,5156.36,5148.064985781506,5146.19,F1,True,4828931.14,-952420.5000000069,-973491.7500000069,1772582400|LONG,EXIT_STLINE,False,SuperTrend-p14x3-M15,LONG,L,0.5,1772593285.982,1772582400,1772583300.0,1772593200
2845153.147877075,mult1.75,0.5,5142.39,0,5141.85,5171.214405878577,5171.98,F1,True,4815342.525,-2821674.499999925,-2842745.749999925,1772593200|SHORT,EXIT_STLINE,False,SuperTrend-p14x3-M15,SHORT,S,0.5,1772597193.525,1772593200,1772594100.0,1772596800
447514.75029458577,mult1.75,0.5,5146.81,0,5146.81,5151.5885878301615,5152.45,F1,True,4819987.565,-528185.9999999455,-549257.2499999455,1772654400|SHORT,EXIT_STLINE,False,SuperTrend-p14x3-M15,SHORT,S,0.5,1772655522.343,1772654400,1772655300.0,1772655300
2484440.026372121,mult1.75,0.5,5154.41,0,5154.91,5168.007666997609,5167.78,F1,True,4827573.215,1205275.4999999898,1184204.2499999898,1772655300|LONG,EXIT_STLINE,False,SuperTrend-p14x3-M15,LONG,L,0.5,1772675407.794,1772655300,1772656200.0,1772675100
373881.98567393643,mult1.75,0.5,5171.5,0,5172.0,5168.007666997609,5167.98,F1,True,4843578.0,-376473.00000004086,-397544.25000004086,1772675100|LONG,EXIT_STLINE,False,SuperTrend-p14x3-M15,LONG,L,0.5,1772677930.144,1772675100,1772676000.0,1772677800
1890186.5451311877,mult1.75,0.5,5166.27,0,5166.27,5157.579494725485,5157.76,F1,True,4838211.855,796961.5000000205,775890.2500000205,1772677800|SHORT,EXIT_STLINE,False,SuperTrend-p14x3-M15,SHORT,S,0.5,1772682460.038,1772677800,1772678700.0,1772682300
529172.3889156025,mult1.75,0.5,5086.27,0,5086.28,5091.930532716664,5091.94,F1,True,4763301.22,-530058.9999999864,-551130.2499999864,1772740800|SHORT,EXIT_STLINE,False,SuperTrend-p14x3-M15,SHORT,S,0.5,1772741889.801,1772740800,1772741700.0,1772741700
77779.38891554458,mult1.75,0.5,5091.1,0,5091.1,5091.930532716664,5092.05,F1,True,4767815.15,-88967.49999998296,-110038.74999998296,1772741700|SHORT,EXIT_STLINE,False,SuperTrend-p14x3-M15,SHORT,S,0.5,1772742606.816,1772741700,1772742600.0,1772742600
2991944.0279462794,mult1.75,0.5,5100.85,0,5101.35,5069.401852344407,5069.37,F1,True,4777414.275,-2994927.0000000442,-3015998.2500000442,1772742600|LONG,EXIT_STLINE,False,SuperTrend-p14x3-M15,LONG,L,0.5,1772748038.489,1772742600,1772743500.0,1772748000
774312.0279462523,mult1.75,0.5,5077.16,0,5077.67,5111.054401194235,5110.4,F1,True,4755237.955,3065164.499999959,3044093.249999959,1772748000|LONG,EXIT_STLINE,False,SuperTrend-p14x3-M15,LONG,L,0.5,1772766110.425,1772748000,1772748900.0,1772766000
524964.3281599027,mult1.75,0.5,5116.16,0,5116.66,5111.054401194235,5110.67,F1,True,4791752.09,-560963.4999999795,-582034.7499999795,1772766000|LONG,EXIT_STLINE,False,SuperTrend-p14x3-M15,LONG,L,0.5,1772769903.421,1772766000,1772766900.0,1772769600
1689429.2181697015,mult1.75,0.5,5158.99,0,5159.49,5141.4501791973335,5140.95,F1,True,4831862.385,-1736270.9999999965,-1757342.2499999965,1772996400|LONG,EXIT_STLINE,False,SuperTrend-p14x3-M15,LONG,L,0.5,1772997349.962,1772996400,1772997300.0,1772997300
1385066.7181697015,mult1.75,0.5,5155.54,0,5156.24,5141.4501791973335,5141.38,F1,True,4828818.76,-1391638.9999999693,-1412710.2499999693,1772997300|LONG,EXIT_STLINE,False,SuperTrend-p14x3-M15,LONG,L,0.5,1772998578.346,1772997300,1772998200.0,1772998200
4415718.885400876,mult1.75,0.5,5125.47,0,5125.79,5089.6102425955,5089.97,F1,True,4800302.335,3354542.9999999725,3333471.7499999725,1772998200|SHORT,EXIT_STLINE,False,SuperTrend-p14x3-M15,SHORT,S,0.5,1773011436.389,1772998200,1772999100.0,1773010800
5872943.038720943,mult1.75,0.5,5094.32,0,5094.82,5096.411552902696,5096.25,F1,True,4771298.93,133919.50000002724,112848.25000002724,1773010800|LONG,EXIT_STLINE,False,SuperTrend-p14x3-M15,LONG,L,0.5,1773028803.075,1773010800,1773011700.0,1773028800
80393.57066257895,mult1.75,0.5,5096.77,0,5097.27,5096.411552902696,5096.41,F1,True,4773593.355,-80539.00000005451,-101610.25000005451,1773028800|LONG,EXIT_STLINE,False,SuperTrend-p14x3-M15,LONG,L,0.5,1773029712.251,1773028800,1773029700.0,1773029700
1259892.0510537815,mult1.75,0.5,5132.07,0,5132.51,5124.976768171052,5124.75,F1,True,4806595.615,-726724.0000000205,-747795.2500000205,1773083700|LONG,EXIT_STLINE,False,SuperTrend-p14x3-M15,LONG,L,0.5,1773092045.172,1773083700,1773084600.0,1773091800
1195276.6607809744,mult1.75,0.5,5137.18,0,5137.74,5124.976768171052,5124.71,F1,True,4811493.51,-1220259.4999999763,-1241330.7499999763,1773091800|LONG,EXIT_STLINE,False,SuperTrend-p14x3-M15,LONG,L,0.5,1773093616.763,1773091800,1773092700.0,1773093600
1751557.660781022,mult1.75,0.5,5143.18,0,5143.68,5155.026173493527,5154.88,F1,True,4817056.32,1048879.999999983,1027808.749999983,1773093600|LONG,EXIT_STLINE,False,SuperTrend-p14x3-M15,LONG,L,0.5,1773104480.776,1773093600,1773094500.0,1773104400
909699.8523312149,mult1.75,0.5,5164.24,0,5164.74,5159.397147732613,5159.38,F1,True,4836779.01,-501963.9999999693,-523035.2499999693,1773104400|LONG,EXIT_STLINE,False,SuperTrend-p14x3-M15,LONG,L,0.5,1773116621.348,1773104400,1773105300.0,1773116100
2803741.409607627,mult1.75,0.5,5212.23,0,5212.73,5197.9659346747,5197.96,F1,True,4881721.645,-1383210.4999999558,-1404281.7499999558,1773177300|LONG,EXIT_STLINE,False,SuperTrend-p14x3-M15,LONG,L,0.5,1773184185.467,1773177300,1773178200.0,1773183600
364679.21771428693,mult1.75,0.5,5201.47,0,5201.86,5197.9659346747,5197.81,F1,True,4871541.89,-379282.49999993184,-400353.74999993184,1773183600|LONG,EXIT_STLINE,False,SuperTrend-p14x3-M15,LONG,L,0.5,1773196222.95,1773183600,1773184500.0,1773196200
288822.7177143346,mult1.75,0.5,5200.55,0,5201.05,5197.9659346747,5197.92,F1,True,4870783.325,-293124.50000001024,-314195.75000001024,1773196200|LONG,EXIT_STLINE,False,SuperTrend-p14x3-M15,LONG,L,0.5,1773197164.874,1773196200,1773197100.0,1773197100
189553.71771429715,mult1.75,0.5,5199.3,0,5199.99,5197.9659346747,5197.75,F1,True,4869790.635,-209775.99999997957,-230847.24999997957,1773197100|LONG,EXIT_STLINE,False,SuperTrend-p14x3-M15,LONG,L,0.5,1773198017.187,1773197100,1773198000.0,1773198000
1097022.2177143448,mult1.75,0.5,5209.22,0,5209.68,5197.9659346747,5197.95,F1,True,4878865.32,-1098514.5000000442,-1119585.7500000442,1773198000|LONG,EXIT_STLINE,False,SuperTrend-p14x3-M15,LONG,L,0.5,1773200500.02,1773198000,1773198900.0,1773199800
1686029.57914121,mult1.75,0.5,5194.72,0,5194.72,5185.920800472944,5186.16,F1,True,4864855.28,801644.0000000375,780572.7500000375,1773199800|SHORT,EXIT_STLINE,False,SuperTrend-p14x3-M15,SHORT,S,0.5,1773226895.264,1773199800,1773200700.0,1773226800
190964.02327756473,mult1.75,0.5,5152.6,0,5152.58,5154.619124647918,5154.64,F1,True,4825391.17,-192919.0000000375,-213990.2500000375,1773263700|SHORT,EXIT_STLINE,False,SuperTrend-p14x3-M15,SHORT,S,0.5,1773264698.432,1773263700,1773264600.0,1773264600
42060.5232775511,mult1.75,0.5,5154.14,0,5154.17,5154.619124647918,5154.67,F1,True,4826880.205,-46825.0,-67896.25,1773264600|SHORT,EXIT_STLINE,False,SuperTrend-p14x3-M15,SHORT,S,0.5,1773265500.006,1773264600,1773265500.0,1773265500
183472.02327757154,mult1.75,0.5,5152.66,0,5152.66,5154.619124647918,5154.84,F1,True,4825466.09,-204157.00000002724,-225228.25000002724,1773265500|SHORT,EXIT_STLINE,False,SuperTrend-p14x3-M15,SHORT,S,0.5,1773266404.264,1773265500,1773266400.0,1773266400
1841770.9003853998,mult1.75,0.5,5157.07,0,5157.57,5151.338315654542,5151.28,F1,True,4830064.305,-589058.4999999966,-610129.7499999966,1773266400|LONG,EXIT_STLINE,False,SuperTrend-p14x3-M15,LONG,L,0.5,1773272823.207,1773266400,1773267300.0,1773272700
2034581.9203209458,mult1.75,0.5,5150.41,0,5150.41,5158.735719210877,5158.74,F1,True,4823358.965,-780104.4999999931,-801175.7499999931,1773272700|SHORT,EXIT_STLINE,False,SuperTrend-p14x3-M15,SHORT,S,0.5,1773286310.272,1773272700,1773273600.0,1773286200
314666.7018427174,mult1.75,0.5,5081.62,0,5081.65,5085.010028850429,5085.11,F1,True,4758965.225,-324029.00000000343,-345100.25000000343,1773342000|SHORT,EXIT_STLINE,False,SuperTrend-p14x3-M15,SHORT,S,0.5,1773342963.701,1773342000,1773342900.0,1773342900
2463004.58630572,mult1.75,0.5,5092.44,0,5092.94,5109.105088321637,5109.05,F1,True,4769538.31,1508701.5000000545,1487630.2500000545,1773342900|LONG,EXIT_STLINE,False,SuperTrend-p14x3-M15,LONG,L,0.5,1773360115.282,1773342900,1773343800.0,1773360000
185886.97867873803,mult1.75,0.5,5110.59,0,5111.09,5109.105088321637,5109.05,F1,True,4786535.785,-191045.9999999966,-212117.2499999966,1773360000|LONG,EXIT_STLINE,False,SuperTrend-p14x3-M15,LONG,L,0.5,1773361741.196,1773360000,1773360900.0,1773360900
160601.47867869714,mult1.75,0.5,5110.37,0,5110.82,5109.105088321637,5108.97,F1,True,4786282.93,-173252.4999999489,-194323.7499999489,1773360900|LONG,EXIT_STLINE,False,SuperTrend-p14x3-M15,LONG,L,0.5,1773362052.098,1773360900,1773361800.0,1773361800
175585.47867868352,mult1.75,0.5,5110.48,0,5110.98,5109.105088321637,5109.04,F1,True,4786432.77,-181680.9999999625,-202752.2499999625,1773361800|LONG,EXIT_STLINE,False,SuperTrend-p14x3-M15,LONG,L,0.5,1773364932.134,1773361800,1773362700.0,1773364500
1677934.4357907958,mult1.75,0.5,5105.36,0,5105.36,5088.440134967789,5088.63,F1,True,4781169.64,1566764.499999959,1545693.249999959,1773364500|SHORT,EXIT_STLINE,False,SuperTrend-p14x3-M15,SHORT,S,0.5,1773381624.597,1773364500,1773365400.0,1773381600
1241667.760684399,mult1.75,0.5,5010.08,0,5010.58,5025.702941743262,5025.15,F1,True,4692408.17,1364480.4999999728,1343409.2499999728,1773698400|LONG,EXIT_STLINE,False,SuperTrend-p14x3-M15,LONG,L,0.5,1773716044.354,1773698400,1773699300.0,1773715500
1914510.1464407293,mult1.75,0.5,5020.57,0,5020.67,5025.085989082149,5025.15,F1,True,4701857.455,-419551.99999995914,-440623.24999995914,1773715500|SHORT,EXIT_STLINE,False,SuperTrend-p14x3-M15,SHORT,S,0.5,1773722105.958,1773715500,1773716400.0,1773721800
1413636.31551852,mult1.75,0.5,5009.81,0,5010.31,4998.718405708857,4998.71,F1,True,4692155.315,-1086340.000000034,-1107411.250000034,1773781200|LONG,EXIT_STLINE,False,SuperTrend-p14x3-M15,LONG,L,0.5,1773787531.677,1773781200,1773782100.0,1773787500
1061874.862151897,mult1.75,0.5,4998.57,0,4998.39,4996.270673509464,4996.63,F1,True,4680992.235,164824.00000002043,143752.75000002043,1773787500|SHORT,EXIT_STLINE,False,SuperTrend-p14x3-M15,SHORT,S,0.5,1773801431.459,1773787500,1773788400.0,1773801000
1686473.7797220787,mult1.75,0.5,4999.08,0,4999.58,4999.286133773851,4999.06,F1,True,4682106.67,-48697.99999995571,-69769.2499999557,1773801000|LONG,EXIT_STLINE,False,SuperTrend-p14x3-M15,LONG,L,0.5,1773809191.929,1773801000,1773801900.0,1773809100
747871.867580786,mult1.75,0.5,4834.26,0,4834.08,4842.065818126864,4842.38,F1,True,4527115.92,-777295.000000017,-798366.250000017,1773865800|SHORT,EXIT_STLINE,False,SuperTrend-p14x3-M15,SHORT,S,0.5,1773867669.207,1773865800,1773866700.0,1773867600
2564512.1965889093,mult1.75,0.5,4843.16,0,4843.66,4839.24293205863,4839.23,F1,True,4536087.59,-414869.50000002724,-435940.75000002724,1773867600|LONG,EXIT_STLINE,False,SuperTrend-p14x3-M15,LONG,L,0.5,1773887660.484,1773867600,1773868500.0,1773887400
2172434.425803177,mult1.75,0.5,4833.63,0,4833.61,4595.207689685459,4595.35,F1,True,4526675.765,22313048.999999937,22291977.749999937,1773887400|SHORT,EXIT_STLINE,False,SuperTrend-p14x3-M15,SHORT,S,0.5,1773917668.965,1773887400,1773888300.0,1773917100
3490495.824812292,mult1.75,0.5,4687.71,0,4688.29,4697.541225146186,4697.61,F1,True,4390583.585,-872817.9999999728,-893889.2499999728,1773974700|SHORT,EXIT_STLINE,False,SuperTrend-p14x3-M15,SHORT,S,0.5,1773981746.975,1773974700,1773975600.0,1773981000
127488.15922688182,mult1.75,0.5,4524.22,0,4524.22,4525.5813257792515,4525.76,F1,True,4236932.03,-144220.9999999966,-165292.2499999966,1774206900|SHORT,EXIT_STLINE,False,SuperTrend-p14x3-M15,SHORT,S,0.5,1774207802.265,1774206900,1774207800.0,1774207800
1756061.6592269125,mult1.75,0.5,4506.83,0,4506.83,4405.945172521565,4406.22,F1,True,4220646.295,9422126.49999997,9401055.24999997,1774207800|SHORT,EXIT_STLINE,False,SuperTrend-p14x3-M15,SHORT,S,0.5,1774217303.629,1774207800,1774208700.0,1774216800
9325748.895455698,mult1.75,0.5,4407.75,0,4408.26,4368.012804653835,4367.28,F1,True,4128335.49,-3837777.0000000442,-3858848.2500000442,1774216800|LONG,EXIT_STLINE,False,SuperTrend-p14x3-M15,LONG,L,0.5,1774223590.531,1774216800,1774217700.0,1774223100
6967190.560299914,mult1.75,0.5,4360.4,0,4360.4,4203.80683212956,4203.95,F1,True,4083514.5999999996,14651542.499999983,14630471.249999983,1774223100|SHORT,EXIT_STLINE,False,SuperTrend-p14x3-M15,SHORT,S,0.5,1774240891.15,1774223100,1774224000.0,1774240200
600498.3268725538,mult1.75,0.5,4398.24,0,4398.74,4392.3278448812325,4391.79,F1,True,4119420.01,-650867.499999983,-671938.749999983,1774292400|LONG,EXIT_STLINE,False,SuperTrend-p14x3-M15,LONG,L,0.5,1774293346.794,1774292400,1774293300.0,1774293300
2117628.326872537,mult1.75,0.5,4414.44,0,4414.94,4392.734791079893,4392.5,F1,True,4134591.3099999996,-2101505.9999999627,-2122577.2499999627,1774293300|LONG,EXIT_STLINE,False,SuperTrend-p14x3-M15,LONG,L,0.5,1774301241.385,1774293300,1774294200.0,1774300500
6363690.50725947,mult1.75,0.5,4378.11,0,4377.84,4378.3492826663305,4378.41,F1,True,4099847.16,-53380.499999972744,-74451.74999997274,1774300500|SHORT,EXIT_STLINE,False,SuperTrend-p14x3-M15,SHORT,S,0.5,1774309608.967,1774300500,1774301400.0,1774309500
1159319.8217018284,mult1.75,0.5,4365.97,0,4365.97,4377.451112400173,4377.92,F1,True,4088730.905,-1119117.499999983,-1140188.749999983,1774309500|SHORT,EXIT_STLINE,False,SuperTrend-p14x3-M15,SHORT,S,0.5,1774322521.081,1774309500,1774310400.0,1774322100
2991066.4279568135,mult1.75,0.5,4554.59,0,4554.66,4567.850486311193,4568.28,F1,True,4265439.09,-1275512.9999999898,-1296584.2499999898,1774404900|SHORT,EXIT_STLINE,False,SuperTrend-p14x3-M15,SHORT,S,0.5,1774416070.233,1774404900,1774405800.0,1774415700
684.0286682157966,mult1.75,0.5,4527.56,0,4527.57,4527.577304096831,4528.07,F1,True,4240069.305,-46825.0,-67896.25,1774472400|SHORT,EXIT_STLINE,False,SuperTrend-p14x3-M15,SHORT,S,0.5,1774473300.079,1774472400,1774473300.0,1774473300
204841.02866815787,mult1.75,0.5,4525.32,0,4525.39,4527.577304096831,4527.59,F1,True,4238027.735,-206029.99999998297,-227101.24999998297,1774473300|SHORT,EXIT_STLINE,False,SuperTrend-p14x3-M15,SHORT,S,0.5,1774474218.424,1774473300,1774474200.0,1774474200
2919370.9922955134,mult1.75,0.5,4527.82,0,4528.55,4507.816493541522,4507.8,F1,True,4240987.075,-1943237.5,-1964308.75,1774474200|LONG,EXIT_STLINE,False,SuperTrend-p14x3-M15,LONG,L,0.5,1774482991.129,1774474200,1774475100.0,1774482300
132374.87983646174,mult1.75,0.5,4508.73,0,4509.23,4507.816493541522,4506.82,F1,True,4222893.895,-225696.49999998638,-246767.74999998638,1774482300|LONG,EXIT_STLINE,False,SuperTrend-p14x3-M15,LONG,L,0.5,1774483226.27,1774482300,1774483200.0,1774483200
360880.8798365094,mult1.75,0.5,4511.04,0,4511.67,4507.816493541522,4507.72,F1,True,4225178.955,-369917.49999998295,-390988.74999998295,1774483200|LONG,EXIT_STLINE,False,SuperTrend-p14x3-M15,LONG,L,0.5,1774484294.556,1774483200,1774484100.0,1774484100
2445308.800040546,mult1.75,0.5,4506.53,0,4506.59,4458.713217945432,4458.82,F1,True,4220421.535,4473660.500000041,4452589.250000041,1774484100|SHORT,EXIT_STLINE,False,SuperTrend-p14x3-M15,SHORT,S,0.5,1774497443.044,1774484100,1774485000.0,1774496700
766781.3666008456,mult1.75,0.5,4496.94,0,4497.49,4489.302265172441,4489.05,F1,True,4211899.385,-790405.9999999625,-811477.2499999625,1774810800|LONG,EXIT_STLINE,False,SuperTrend-p14x3-M15,LONG,L,0.5,1774813736.068,1774810800,1774811700.0,1774813500
3497572.9679615917,mult1.75,0.5,4484.49,0,4484.43,4470.174934025754,4470.21,F1,True,4199668.695,1331703.0000000237,1310631.7500000237,1774813500|SHORT,EXIT_STLINE,False,SuperTrend-p14x3-M15,SHORT,S,0.5,1774823713.357,1774813500,1774814400.0,1774823400
4753545.81786607,mult1.75,0.5,4471.11,0,4471.86,4546.401297387638,4546.27,F1,True,4187896.889999999,6968496.500000072,6947425.250000072,1774823400|LONG,EXIT_STLINE,False,SuperTrend-p14x3-M15,LONG,L,0.5,1774867333.033,1774823400,1774824300.0,1774866600
815676.7009171867,mult1.75,0.5,4508.38,1,4514.74,4523.449841974556,4523.74,F1,True,4228054.01,-842850.0,-863921.25,1774897200|SHORT,EXIT_STLINE,False,SuperTrend-p14x3-M15,SHORT,S,0.5,1774904553.972,1774897200,1774899000.0,1774904400
695804.7009171253,mult1.75,0.5,4516.04,0,4516.02,4523.449841974556,4523.53,F1,True,4229252.73,-703311.4999999353,-724382.7499999353,1774904400|SHORT,EXIT_STLINE,False,SuperTrend-p14x3-M15,SHORT,S,0.5,1774906601.135,1774904400,1774905300.0,1774906200
3802236.3128174697,mult1.75,0.5,4535.95,0,4536.43,4572.646224162232,4572.6,F1,True,4248366.695,3387320.500000007,3366249.250000007,1774906200|LONG,EXIT_STLINE,False,SuperTrend-p14x3-M15,LONG,L,0.5,1774914482.159,1774906200,1774907100.0,1774914300
3926852.4919906924,mult1.75,0.5,4568.18,0,4568.06,4575.07790073038,4575.27,F1,True,4277988.19,-675216.5000000034,-696287.7500000034,1774914300|SHORT,EXIT_STLINE,False,SuperTrend-p14x3-M15,SHORT,S,0.5,1774935493.065,1774914300,1774915200.0,1774935000
217938.0922758748,mult1.75,0.5,4687.66,0,4688.25,4685.922844716755,4685.92,F1,True,4390546.125,-218204.4999999932,-239275.7499999932,1774996200|LONG,EXIT_STLINE,False,SuperTrend-p14x3-M15,LONG,L,0.5,1774999367.0,1774996200,1774997100.0,1774998900
157065.5922759089,mult1.75,0.5,4687.14,0,4687.6,4685.922844716755,4685.9,F1,True,4389937.4,-159205.00000006813,-180276.25000006813,1774998900|LONG,EXIT_STLINE,False,SuperTrend-p14x3-M15,LONG,L,0.5,1774999804.724,1774998900,1774999800.0,1774999800
2906523.9440238583,mult1.75,0.5,4681.56,0,4681.51,4693.533019007484,4693.57,F1,True,4384234.115,-1129418.9999999523,-1150490.2499999523,1774999800|SHORT,EXIT_STLINE,False,SuperTrend-p14x3-M15,SHORT,S,0.5,1775010726.914,1774999800,1775000700.0,1775010600
2779004.8189260988,mult1.75,0.5,4701.99,0,4702.47,4734.159975660839,4734.15,F1,True,4403863.155,2966831.9999999423,2945760.7499999423,1775010600|LONG,EXIT_STLINE,False,SuperTrend-p14x3-M15,LONG,L,0.5,1775035293.431,1775010600,1775011500.0,1775034900
291848.51795315876,mult1.75,0.5,4775.79,0,4775.78,4778.896374991491,4778.92,F1,True,4472517.97,-294061.0000000307,-315132.2500000307,1775071800|SHORT,EXIT_STLINE,False,SuperTrend-p14x3-M15,SHORT,S,0.5,1775072726.224,1775071800,1775072700.0,1775072700
239404.51795312128,mult1.75,0.5,4776.36,0,4776.34,4778.896374991491,4778.97,F1,True,4473042.41,-246299.50000001022,-267370.75000001024,1775072700|SHORT,EXIT_STLINE,False,SuperTrend-p14x3-M15,SHORT,S,0.5,1775073861.547,1775072700,1775073600.0,1775073600
2935392.634211539,mult1.75,0.5,4791.06,0,4791.57,4772.401212828009,4772.31,F1,True,4487305.305,-1803698.9999999353,-1824770.2499999353,1775073600|LONG,EXIT_STLINE,False,SuperTrend-p14x3-M15,LONG,L,0.5,1775080847.883,1775073600,1775074500.0,1775080800
3039951.9091005665,mult1.75,0.5,4750.79,0,4750.75,4615.6142300247,4615.64,F1,True,4449077.375,12653051.49999997,12631980.24999997,1775080800|SHORT,EXIT_STLINE,False,SuperTrend-p14x3-M15,SHORT,S,0.5,1775103115.936,1775080800,1775081700.0,1775102400
3852173.208336196,mult1.75,0.5,4630.3,0,4631.08,4643.887395216693,4643.91,F1,True,4337006.42,-1201529.4999999932,-1222600.7499999932,1775412000|SHORT,EXIT_STLINE,False,SuperTrend-p14x3-M15,SHORT,S,0.5,1775427402.985,1775412000,1775412900.0,1775427300
3851420.2102227425,mult1.75,0.5,4660.88,0,4661.51,4646.505858262434,4646.0,F1,True,4365504.115,-1452511.5000000205,-1473582.7500000205,1775427300|LONG,EXIT_STLINE,False,SuperTrend-p14x3-M15,LONG,L,0.5,1775440807.236,1775427300,1775428200.0,1775440800
1383598.3737230105,mult1.75,0.5,4660.83,0,4661.28,4646.505858262434,4646.5,F1,True,4365288.72,-1384146.9999999763,-1405218.2499999763,1775440800|LONG,EXIT_STLINE,False,SuperTrend-p14x3-M15,LONG,L,0.5,1775445505.629,1775440800,1775441700.0,1775445300
427431.87372300704,mult1.75,0.5,4650.67,0,4651.07,4682.355523610852,4682.34,F1,True,4355727.055,2928435.500000041,2907364.250000041,1775445300|LONG,EXIT_STLINE,False,SuperTrend-p14x3-M15,LONG,L,0.5,1775461610.434,1775445300,1775446200.0,1775461500
381868.28666200914,mult1.75,0.5,4663.74,0,4663.73,4650.671809628104,4651.15,F1,True,4367583.145,1178116.9999999932,1157045.7499999932,1775498400|SHORT,EXIT_STLINE,False,SuperTrend-p14x3-M15,SHORT,S,0.5,1775515693.975,1775498400,1775499300.0,1775515500
32946.97167194827,mult1.75,0.5,4650.39,0,4650.32,4650.671809628104,4650.82,F1,True,4355024.68,-46825.0,-67896.25,1775515500|SHORT,EXIT_STLINE,False,SuperTrend-p14x3-M15,SHORT,S,0.5,1775516400.093,1775515500,1775516400.0,1775516400
536783.9716719585,mult1.75,0.5,4644.91,0,4644.94,4650.671809628104,4650.71,F1,True,4349986.31,-540360.5000000409,-561431.7500000409,1775516400|SHORT,EXIT_STLINE,False,SuperTrend-p14x3-M15,SHORT,S,0.5,1775519856.757,1775516400,1775517300.0,1775519100
110676.47167194146,mult1.75,0.5,4649.51,0,4649.49,4650.671809628104,4650.76,F1,True,4354247.385,-118935.50000004089,-140006.7500000409,1775519100|SHORT,EXIT_STLINE,False,SuperTrend-p14x3-M15,SHORT,S,0.5,1775520002.29,1775519100,1775520000.0,1775520000
410356.4716719244,mult1.75,0.5,4645.99,0,4646.29,4650.671809628104,4650.68,F1,True,4351250.585,-411123.5000000307,-432194.7500000307,1775520000|SHORT,EXIT_STLINE,False,SuperTrend-p14x3-M15,SHORT,S,0.5,1775521522.55,1775520000,1775520900.0,1775520900
47930.97167193464,mult1.75,0.5,4650.0,0,4650.16,4650.671809628104,4650.72,F1,True,4354874.84,-52444.00000003748,-73515.25000003749,1775520900|SHORT,EXIT_STLINE,False,SuperTrend-p14x3-M15,SHORT,S,0.5,1775521800.976,1775520900,1775521800.0,1775521800
2381332.504100426,mult1.75,0.5,4662.19,0,4662.7,4642.888461270457,4641.09,F1,True,4366618.55,-2023776.4999999693,-2044847.7499999693,1775521800|LONG,EXIT_STLINE,False,SuperTrend-p14x3-M15,LONG,L,0.5,1775525167.865,1775521800,1775522700.0,1775524500
3022796.258248463,mult1.75,0.5,4632.57,0,4632.36,4653.344725979887,4653.45,F1,True,4338205.14,-1975078.5000000137,-1996149.7500000137,1775524500|SHORT,EXIT_STLINE,False,SuperTrend-p14x3-M15,SHORT,S,0.5,1775529795.027,1775524500,1775525400.0,1775529000
102521.08801639779,mult1.75,0.5,4652.29,0,4652.25,4653.344725979887,4653.37,F1,True,4356832.125,-104887.99999998978,-125959.24999998978,1775529000|SHORT,EXIT_STLINE,False,SuperTrend-p14x3-M15,SHORT,S,0.5,1775530331.229,1775529000,1775529900.0,1775529900
3252.0880163603124,mult1.75,0.5,4653.27,0,4653.31,4653.344725979887,4653.81,F1,True,4357824.815,-46825.0,-67896.25,1775529900|SHORT,EXIT_STLINE,False,SuperTrend-p14x3-M15,SHORT,S,0.5,1775530800.013,1775529900,1775530800.0,1775530800
4884175.704826927,mult1.75,0.5,4794.06,0,4793.83,4824.259281058025,4824.5,F1,True,4489421.795,-2872245.500000007,-2893316.750000007,1775596500|SHORT,EXIT_STLINE,False,SuperTrend-p14x3-M15,SHORT,S,0.5,1775612464.526,1775596500,1775597400.0,1775611800
181613.67108410673,mult1.75,0.5,4822.35,0,4822.32,4824.259281058025,4824.36,F1,True,4516102.68,-191045.9999999966,-212117.2499999966,1775611800|SHORT,EXIT_STLINE,False,SuperTrend-p14x3-M15,SHORT,S,0.5,1775612763.825,1775611800,1775612700.0,1775612700
1904930.6860587383,mult1.75,0.5,4827.47,0,4827.77,4810.172007468234,4810.17,F1,True,4521206.605,-1648240.000000034,-1669311.250000034,1775612700|LONG,EXIT_STLINE,False,SuperTrend-p14x3-M15,LONG,L,0.5,1775617324.981,1775612700,1775613600.0,1775617200
2073400.2263294798,mult1.75,0.5,4712.45,0,4712.59,4728.331920180751,4728.39,F1,True,4413340.535,-1479670.000000017,-1500741.250000017,1775671200|SHORT,EXIT_STLINE,False,SuperTrend-p14x3-M15,SHORT,S,0.5,1775685566.051,1775671200,1775672100.0,1775684700
116305.8249272974,mult1.75,0.5,4727.07,0,4727.09,4728.331920180751,4728.4,F1,True,4426919.785,-122681.4999999523,-143752.7499999523,1775684700|SHORT,EXIT_STLINE,False,SuperTrend-p14x3-M15,SHORT,S,0.5,1775685602.945,1775684700,1775685600.0,1775685600
521810.3249272906,mult1.75,0.5,4722.77,0,4722.76,4728.331920180751,4728.34,F1,True,4422864.74,-522566.9999999932,-543638.2499999932,1775685600|SHORT,EXIT_STLINE,False,SuperTrend-p14x3-M15,SHORT,S,0.5,1775687452.839,1775685600,1775686500.0,1775687400
2384003.317104417,mult1.75,0.5,4732.26,0,4732.65,4707.19347766039,4706.59,F1,True,4432126.725,-2440518.9999999525,-2461590.2499999525,1775687400|LONG,EXIT_STLINE,False,SuperTrend-p14x3-M15,LONG,L,0.5,1775690364.34,1775687400,1775688300.0,1775690100
536288.8171044579,mult1.75,0.5,4712.48,0,4712.92,4707.19347766039,4706.83,F1,True,4413649.58,-570328.5000000136,-591399.7500000136,1775690100|LONG,EXIT_STLINE,False,SuperTrend-p14x3-M15,LONG,L,0.5,1775692125.606,1775690100,1775691000.0,1775691900
442638.8171044579,mult1.75,0.5,4711.37,0,4711.92,4707.19347766039,4706.86,F1,True,4412713.08,-473869.0000000375,-494940.2500000375,1775691900|LONG,EXIT_STLINE,False,SuperTrend-p14x3-M15,LONG,L,0.5,1775699523.416,1775691900,1775692800.0,1775699100
599970.8171044851,mult1.75,0.5,4713.35,0,4713.6,4707.19347766039,4706.84,F1,True,4414286.4,-633074.0000000205,-654145.2500000205,1775699100|LONG,EXIT_STLINE,False,SuperTrend-p14x3-M15,LONG,L,0.5,1775703233.229,1775699100,1775700000.0,1775702700
538161.8171044135,mult1.75,0.5,4712.44,0,4712.94,4707.19347766039,4706.43,F1,True,4413668.31,-609661.4999999353,-630732.7499999353,1775702700|LONG,EXIT_STLINE,False,SuperTrend-p14x3-M15,LONG,L,0.5,1775705289.747,1775702700,1775703600.0,1775704500
1862896.9828026583,mult1.75,0.5,4771.68,0,4772.17,4752.2778805894,4752.24,F1,True,4469137.205,-1866444.5000000272,-1887515.7500000272,1775770200|LONG,EXIT_STLINE,False,SuperTrend-p14x3-M15,LONG,L,0.5,1775772790.542,1775770200,1775771100.0,1775772000
2079125.8863197837,mult1.75,0.5,4752.16,0,4752.25,4762.000806304304,4762.14,F1,True,4450482.125,-926198.5000000306,-947269.7500000306,1775772000|SHORT,EXIT_STLINE,False,SuperTrend-p14x3-M15,SHORT,S,0.5,1775776352.207,1775772000,1775772900.0,1775775600
192058.0103981059,mult1.75,0.5,4760.04,0,4759.95,4762.000806304304,4762.03,F1,True,4457693.175,-194791.9999999932,-215863.2499999932,1775775600|SHORT,EXIT_STLINE,False,SuperTrend-p14x3-M15,SHORT,S,0.5,1775776763.885,1775775600,1775776500.0,1775776500
562912.0103981093,mult1.75,0.5,4756.01,0,4755.99,4762.000806304304,4762.02,F1,True,4453984.635,-564709.5000000614,-585780.7500000614,1775776500|SHORT,EXIT_STLINE,False,SuperTrend-p14x3-M15,SHORT,S,0.5,1775777641.067,1775776500,1775777400.0,1775777400
1960972.935237983,mult1.75,0.5,4765.18,0,4765.63,4753.010686842668,4752.64,F1,True,4463012.495,-1216513.4999999795,-1237584.7499999795,1775777400|LONG,EXIT_STLINE,False,SuperTrend-p14x3-M15,LONG,L,0.5,1775787578.742,1775777400,1775778300.0,1775787300
263092.17718408717,mult1.75,0.5,4755.3,0,4755.82,4753.010686842668,4752.74,F1,True,4453825.43,-288441.9999999932,-309513.2499999932,1775787300|LONG,EXIT_STLINE,False,SuperTrend-p14x3-M15,LONG,L,0.5,1775788630.981,1775787300,1775788200.0,1775788200
1590634.1924283786,mult1.75,0.5,4750.93,0,4750.91,4752.362223823627,4753.36,F1,True,4449227.215,-229442.49999998297,-250513.74999998297,1775788200|SHORT,EXIT_STLINE,False,SuperTrend-p14x3-M15,SHORT,S,0.5,1775798337.575,1775788200,1775789100.0,1775798100
212796.41398633257,mult1.75,0.5,4678.31,0,4678.29,4680.562252151482,4680.59,F1,True,4381218.585,-215395.00000001703,-236466.25000001703,1776025800|SHORT,EXIT_STLINE,False,SuperTrend-p14x3-M15,SHORT,S,0.5,1776026713.711,1776025800,1776026700.0,1776026700
3209780.5167534784,mult1.75,0.5,4695.34,0,4696.01,4719.303172626277,4719.19,F1,True,4397813.365,2170806.9999999423,2149735.7499999423,1776026700|LONG,EXIT_STLINE,False,SuperTrend-p14x3-M15,LONG,L,0.5,1776056960.182,1776026700,1776027600.0,1776056400
263002.7767057815,mult1.75,0.5,4764.58,0,4764.86,4762.051641466035,4762.04,F1,True,4462291.39,-264092.99999997276,-285164.24999997276,1776129300|LONG,EXIT_STLINE,False,SuperTrend-p14x3-M15,LONG,L,0.5,1776130424.526,1776129300,1776130200.0,1776130200
1347301.363082245,mult1.75,0.5,4761.08,0,4760.86,4775.246560203761,4775.37,F1,True,4458545.39,-1358861.5000000205,-1379932.7500000205,1776130200|SHORT,EXIT_STLINE,False,SuperTrend-p14x3-M15,SHORT,S,0.5,1776135044.314,1776130200,1776131100.0,1776134700
1885349.606233701,mult1.75,0.5,4781.92,0,4782.46,4774.1243351910325,4774.02,F1,True,4478773.79,-790405.9999999625,-811477.2499999625,1776134700|LONG,EXIT_STLINE,False,SuperTrend-p14x3-M15,LONG,L,0.5,1776137038.825,1776134700,1776135600.0,1776136500
383134.23929420224,mult1.75,0.5,4833.53,0,4834.07,4829.978870909832,4829.93,F1,True,4527106.555,-387710.9999999455,-408782.2499999455,1776197700|LONG,EXIT_STLINE,False,SuperTrend-p14x3-M15,LONG,L,0.5,1776198686.936,1776197700,1776198600.0,1776198600
1310115.7340332894,mult1.75,0.5,4829.89,0,4829.89,4843.8794899523045,4844.08,F1,True,4523191.985,-1328893.4999999625,-1349964.7499999625,1776198600|SHORT,EXIT_STLINE,False,SuperTrend-p14x3-M15,SHORT,S,0.5,1776201059.706,1776198600,1776199500.0,1776200400
2446270.0187582346,mult1.75,0.5,4850.11,0,4850.57,4838.554048132212,4838.51,F1,True,4542558.805,-1129418.9999999523,-1150490.2499999523,1776200400|LONG,EXIT_STLINE,False,SuperTrend-p14x3-M15,LONG,L,0.5,1776205309.712,1776200400,1776201300.0,1776204900
2132128.719436244,mult1.75,0.5,4834.49,0,4834.49,4810.992755721311,4811.59,F1,True,4527499.885,2144584.999999966,2123513.749999966,1776204900|SHORT,EXIT_STLINE,False,SuperTrend-p14x3-M15,SHORT,S,0.5,1776239180.415,1776204900,1776205800.0,1776239100
116521.06424509143,mult1.75,0.5,4801.26,0,4801.21,4802.454218518367,4802.88,F1,True,4496333.165,-156395.5000000068,-177466.7500000068,1776277800|SHORT,EXIT_STLINE,False,SuperTrend-p14x3-M15,SHORT,S,0.5,1776278734.131,1776277800,1776278700.0,1776278700
1341883.3910259176,mult1.75,0.5,4807.49,0,4807.91,4820.329952562051,4820.3,F1,True,4502607.715,1160323.5000000307,1139252.2500000307,1776278700|LONG,EXIT_STLINE,False,SuperTrend-p14x3-M15,LONG,L,0.5,1776288916.881,1776278700,1776279600.0,1776288600
1590659.8988931123,mult1.75,0.5,4815.83,0,4815.81,4830.7427806788955,4830.75,F1,True,4510006.065,-1399130.9999999625,-1420202.2499999625,1776288600|SHORT,EXIT_STLINE,False,SuperTrend-p14x3-M15,SHORT,S,0.5,1776299843.453,1776288600,1776289500.0,1776299400
47085.41057858797,mult1.75,0.5,4830.44,0,4830.24,4830.7427806788955,4830.76,F1,True,4523519.76,-48698.00000004088,-69769.25000004089,1776299400|SHORT,EXIT_STLINE,False,SuperTrend-p14x3-M15,SHORT,S,0.5,1776300301.213,1776299400,1776300300.0,1776300300
1300606.6853907674,mult1.75,0.5,4832.91,0,4833.48,4823.753330478163,4823.71,F1,True,4526554.02,-914960.4999999558,-936031.7499999558,1776300300|LONG,EXIT_STLINE,False,SuperTrend-p14x3-M15,LONG,L,0.5,1776304539.878,1776300300,1776301200.0,1776303900
1495460.7394430626,mult1.75,0.5,4821.07,0,4821.06,4820.2921685726415,4820.33,F1,True,4514922.69,68364.5000000443,47293.250000044296,1776303900|SHORT,EXIT_STLINE,False,SuperTrend-p14x3-M15,SHORT,S,0.5,1776323093.932,1776303900,1776304800.0,1776322800
397068.2215630679,mult1.75,0.5,4794.7,0,4794.76,4787.076075348407,4787.11,F1,True,4490292.74,716422.5000000511,695351.2500000511,1776372300|SHORT,EXIT_STLINE,False,SuperTrend-p14x3-M15,SHORT,S,0.5,1776376407.943,1776372300,1776373200.0,1776375900
2069189.9237800243,mult1.75,0.5,4789.36,0,4789.81,4791.661493959894,4791.53,F1,True,4485657.065,161077.99999993868,140006.74999993868,1776375900|LONG,EXIT_STLINE,False,SuperTrend-p14x3-M15,LONG,L,0.5,1776391221.746,1776375900,1776376800.0,1776391200
1449078.5575514436,mult1.75,0.5,4787.54,0,4787.57,4794.970543417519,4795.03,F1,True,4483559.305,-698629.0000000034,-719700.2500000034,1776391200|SHORT,EXIT_STLINE,False,SuperTrend-p14x3-M15,SHORT,S,0.5,1776400987.48,1776391200,1776392100.0,1776400200
2775773.435433177,mult1.75,0.5,4772.38,0,4772.81,4786.203495663032,4785.97,F1,True,4469736.565,1232433.9999999863,1211362.7499999863,1776631500|LONG,EXIT_STLINE,False,SuperTrend-p14x3-M15,LONG,L,0.5,1776647493.258,1776631500,1776632400.0,1776646800
54926.131157021744,mult1.75,0.5,4786.27,0,4786.79,4786.203495663032,4786.2,F1,True,4482828.835,-55253.50000001363,-76324.75000001362,1776646800|LONG,EXIT_STLINE,False,SuperTrend-p14x3-M15,LONG,L,0.5,1776648093.084,1776646800,1776647700.0,1776647700
188845.631157049,mult1.75,0.5,4787.77,0,4788.22,4786.203495663032,4786.18,F1,True,4484168.03,-191045.9999999966,-212117.2499999966,1776647700|LONG,EXIT_STLINE,False,SuperTrend-p14x3-M15,LONG,L,0.5,1776649370.219,1776647700,1776648600.0,1776648600
2054297.9267006104,mult1.75,0.5,4780.65,0,4780.68,4802.61590952163,4802.87,F1,True,4477106.82,-2078093.4999999625,-2099164.7499999627,1776648600|SHORT,EXIT_STLINE,False,SuperTrend-p14x3-M15,SHORT,S,0.5,1776655114.986,1776648600,1776649500.0,1776654900
387778.0023600439,mult1.75,0.5,4822.53,0,4823.08,4818.9392845450075,4818.62,F1,True,4516814.42,-417679.00000000343,-438750.25000000343,1776717000|LONG,EXIT_STLINE,False,SuperTrend-p14x3-M15,LONG,L,0.5,1776718931.214,1776717000,1776717900.0,1776718800
1521689.2393584596,mult1.75,0.5,4814.64,0,4814.66,4792.420357169286,4792.47,F1,True,4508929.09,2078093.4999999625,2057022.2499999625,1776718800|SHORT,EXIT_STLINE,False,SuperTrend-p14x3-M15,SHORT,S,0.5,1776743422.348,1776718800,1776719700.0,1776743100
1343588.9683276834,mult1.75,0.5,4754.11,0,4753.98,4756.869657804262,4756.87,F1,True,4452102.27,-270648.5000000307,-291719.7500000307,1776831300|SHORT,EXIT_STLINE,False,SuperTrend-p14x3-M15,SHORT,S,0.5,1776851079.624,1776831300,1776832200.0,1776850200
154490.45336909426,mult1.75,0.5,4755.14,0,4755.22,4756.869657804262,4757.25,F1,True,4453263.53,-190109.49999997616,-211180.74999997616,1776850200|SHORT,EXIT_STLINE,False,SuperTrend-p14x3-M15,SHORT,S,0.5,1776851112.168,1776850200,1776851100.0,1776851100
412027.95336909423,mult1.75,0.5,4752.76,0,4752.47,4756.869657804262,4756.89,F1,True,4450688.155,-413933.0000000068,-435004.2500000068,1776851100|SHORT,EXIT_STLINE,False,SuperTrend-p14x3-M15,SHORT,S,0.5,1776852024.305,1776851100,1776852000.0,1776852000
1076006.4533691078,mult1.75,0.5,4745.31,0,4745.38,4742.012212070202,4742.11,F1,True,4444048.37,306235.50000004086,285164.25000004086,1776852000|SHORT,EXIT_STLINE,False,SuperTrend-p14x3-M15,SHORT,S,0.5,1776869182.285,1776852000,1776852900.0,1776869100
38603.66037435633,mult1.75,0.5,4741.55,0,4741.6,4742.012212070202,4742.1,F1,True,4440508.4,-46825.0,-67896.25,1776869100|SHORT,EXIT_STLINE,False,SuperTrend-p14x3-M15,SHORT,S,0.5,1776870000.009,1776869100,1776870000.0,1776870000
333601.1603744074,mult1.75,0.5,4738.45,0,4738.45,4742.012212070202,4742.04,F1,True,4437558.425,-336203.5000000136,-357274.7500000136,1776870000|SHORT,EXIT_STLINE,False,SuperTrend-p14x3-M15,SHORT,S,0.5,1776871111.346,1776870000,1776870900.0,1776870900
1334991.9610276192,mult1.75,0.5,4744.22,0,4744.86,4730.604880288012,4730.34,F1,True,4443561.39,-1359797.9999999558,-1380869.2499999558,1776870900|LONG,EXIT_STLINE,False,SuperTrend-p14x3-M15,LONG,L,0.5,1776883154.784,1776870900,1776871800.0,1776882600
1308130.919354573,mult1.75,0.5,4729.73,0,4729.68,4726.758855211475,4726.79,F1,True,4429345.32,270648.5000000307,249577.25000003068,1776882600|SHORT,EXIT_STLINE,False,SuperTrend-p14x3-M15,SHORT,S,0.5,1776889244.587,1776882600,1776883500.0,1776888900
3953134.5198007864,mult1.75,0.5,4741.38,0,4741.84,4730.0573178208415,4729.88,F1,True,4440733.16,-1120054.0000000035,-1141125.2500000035,1776888900|LONG,EXIT_STLINE,False,SuperTrend-p14x3-M15,LONG,L,0.5,1776892960.209,1776888900,1776889800.0,1776892500
2208224.3740928764,mult1.75,0.5,4728.04,0,4728.07,4715.62335647789,4715.71,F1,True,4427837.555,1157513.9999999693,1136442.7499999693,1776892500|SHORT,EXIT_STLINE,False,SuperTrend-p14x3-M15,SHORT,S,0.5,1776909624.148,1776892500,1776893400.0,1776909600
359930.33415446087,mult1.75,0.5,4711.76,0,4711.78,4715.62335647789,4715.63,F1,True,4412581.97,-360552.50000003405,-381623.75000003405,1776909600|SHORT,EXIT_STLINE,False,SuperTrend-p14x3-M15,SHORT,S,0.5,1776912150.27,1776909600,1776910500.0,1776911400
67742.33415447106,mult1.75,0.5,4714.91,0,4714.9,4715.62335647789,4715.73,F1,True,4415503.85,-77729.49999999319,-98800.74999999319,1776911400|SHORT,EXIT_STLINE,False,SuperTrend-p14x3-M15,SHORT,S,0.5,1776912347.883,1776911400,1776912300.0,1776912300
266280.33415446087,mult1.75,0.5,4712.76,0,4712.78,4715.62335647789,4715.72,F1,True,4413518.47,-275331.0000000477,-296402.2500000477,1776912300|SHORT,EXIT_STLINE,False,SuperTrend-p14x3-M15,SHORT,S,0.5,1776913539.321,1776912300,1776913200.0,1776913200
699224.1288544686,mult1.75,0.5,4694.29,0,4695.17,4688.524627747826,4688.4,F1,True,4397026.705,-634010.5000000409,-655081.7500000409,1776971700|LONG,EXIT_STLINE,False,SuperTrend-p14x3-M15,LONG,L,0.5,1776982965.865,1776971700,1776972600.0,1776982500
2185058.4042134597,mult1.75,0.5,4683.5,0,4683.5,4679.717517117291,4680.14,F1,True,4386097.75,314663.9999999693,293592.7499999693,1776982500|SHORT,EXIT_STLINE,False,SuperTrend-p14x3-M15,SHORT,S,0.5,1776994254.77,1776982500,1776983400.0,1776994200
1637350.0948924595,mult1.75,0.5,4682.54,0,4683.05,4668.656068014762,4668.57,F1,True,4385676.325,-1356052.0000000442,-1377123.2500000442,1776994200|LONG,EXIT_STLINE,False,SuperTrend-p14x3-M15,LONG,L,0.5,1776998805.383,1776994200,1776995100.0,1776998700
345936.73041755025,mult1.75,0.5,4671.85,0,4672.35,4678.11046083016,4678.09,F1,True,4375655.775,537550.9999999795,516479.7499999795,1776998700|LONG,EXIT_STLINE,False,SuperTrend-p14x3-M15,LONG,L,0.5,1777012310.825,1776998700,1776999600.0,1777012200
2119902.1107079973,mult1.75,0.5,4697.65,0,4698.16,4714.271977655361,4714.27,F1,True,4399826.84,1508701.5000000545,1487630.2500000545,1777236300|LONG,EXIT_STLINE,False,SuperTrend-p14x3-M15,LONG,L,0.5,1777253500.239,1777236300,1777237200.0,1777253400
1383200.5506266246,mult1.75,0.5,4711.5,0,4711.49,4712.714289387965,4712.72,F1,True,4412310.385,-115189.5000000443,-136260.7500000443,1777253400|SHORT,EXIT_STLINE,False,SuperTrend-p14x3-M15,SHORT,S,0.5,1777278023.659,1777253400,1777254300.0,1777277700
1150515.0299538863,mult1.75,0.5,4689.06,0,4689.34,4688.11008320886,4688.05,F1,True,4391566.91,-120808.4999999966,-141879.7499999966,1777312800|LONG,EXIT_STLINE,False,SuperTrend-p14x3-M15,LONG,L,0.5,1777323627.336,1777312800,1777313700.0,1777323600
818021.8798418941,mult1.75,0.5,4687.79,0,4687.36,4585.143776592202,4585.3,F1,True,4389712.64,9557918.999999952,9536847.749999952,1777323600|SHORT,EXIT_STLINE,False,SuperTrend-p14x3-M15,SHORT,S,0.5,1777364162.219,1777323600,1777324500.0,1777364100
1907419.7155871948,mult1.75,0.5,4582.46,0,4582.21,4597.0062831230525,4597.53,F1,True,4291239.665,-1434717.9999999728,-1455789.2499999728,1777410000|SHORT,EXIT_STLINE,False,SuperTrend-p14x3-M15,SHORT,S,0.5,1777413986.102,1777410000,1777410900.0,1777413600
2259284.3740340895,mult1.75,0.5,4600.79,0,4601.27,4590.849681016996,4590.78,F1,True,4309089.355,-982388.5000000647,-1003459.7500000647,1777413600|LONG,EXIT_STLINE,False,SuperTrend-p14x3-M15,LONG,L,0.5,1777427994.714,1777413600,1777414500.0,1777427100
43108.87275833134,mult1.75,0.5,4590.92,0,4591.31,4590.849681016996,4590.81,F1,True,4299761.815,-46825.0,-67896.25,1777427100|LONG,EXIT_STLINE,False,SuperTrend-p14x3-M15,LONG,L,0.5,1777428000.279,1777427100,1777428000.0,1777428000
1699300.1064166364,mult1.75,0.5,4588.4,0,4588.42,4577.417079971863,4577.65,F1,True,4297055.33,1008610.5000000409,987539.2500000409,1777428000|SHORT,EXIT_STLINE,False,SuperTrend-p14x3-M15,SHORT,S,0.5,1777439887.609,1777428000,1777428900.0,1777439700
64070.866930834156,mult1.75,0.5,4551.94,0,4551.94,4552.6241523430945,4553.0,F1,True,4262891.81,-99269.00000003747,-120340.25000003747,1777488300|SHORT,EXIT_STLINE,False,SuperTrend-p14x3-M15,SHORT,S,0.5,1777489201.64,1777488300,1777489200.0,1777489200
1659636.264906956,mult1.75,0.5,4553.18,0,4553.72,4563.060791338936,4562.94,F1,True,4264558.78,863452.9999999386,842381.7499999386,1777489200|LONG,EXIT_STLINE,False,SuperTrend-p14x3-M15,LONG,L,0.5,1777502299.35,1777489200,1777490100.0,1777501800
1877940.4954818846,mult1.75,0.5,4562.18,0,4562.13,4558.12785418857,4558.52,F1,True,4272434.745,338076.4999999693,317005.2499999693,1777501800|SHORT,EXIT_STLINE,False,SuperTrend-p14x3-M15,SHORT,S,0.5,1777512262.159,1777501800,1777502700.0,1777511700
245162.0447595958,mult1.75,0.5,4555.53,0,4555.51,4558.12785418857,4558.48,F1,True,4266235.115,-278140.49999993865,-299211.74999993865,1777511700|SHORT,EXIT_STLINE,False,SuperTrend-p14x3-M15,SHORT,S,0.5,1777512672.65,1777511700,1777512600.0,1777512600
1772551.1442726245,mult1.75,0.5,4563.8,0,4564.24,4622.8882114576,4622.59,F1,True,4274410.76,5464477.500000034,5443406.250000034,1777512600|LONG,EXIT_STLINE,False,SuperTrend-p14x3-M15,LONG,L,0.5,1777542099.638,1777512600,1777513500.0,1777541400
1401531.0603029085,mult1.75,0.5,4631.2,0,4631.77,4621.43771090964,4621.43,F1,True,4337652.605,-968341.0000000136,-989412.2500000136,1777572000|LONG,EXIT_STLINE,False,SuperTrend-p14x3-M15,LONG,L,0.5,1777580008.401,1777572000,1777572900.0,1777579200
90118.373312145,mult1.75,0.5,4622.16,0,4622.4,4621.43771090964,4621.42,F1,True,4328877.6,-91776.99999995911,-112848.24999995911,1777579200|LONG,EXIT_STLINE,False,SuperTrend-p14x3-M15,LONG,L,0.5,1777580113.611,1777579200,1777580100.0,1777580100
248386.8733121927,mult1.75,0.5,4623.57,0,4624.09,4621.43771090964,4621.27,F1,True,4330460.285,-264092.99999997276,-285164.24999997276,1777580100|LONG,EXIT_STLINE,False,SuperTrend-p14x3-M15,LONG,L,0.5,1777581083.794,1777580100,1777581000.0,1777581000
1161820.5780123323,mult1.75,0.5,4620.6,0,4620.65,4627.309733413476,4627.31,F1,True,4327238.725,-623709.0000000716,-644780.2500000716,1777581000|SHORT,EXIT_STLINE,False,SuperTrend-p14x3-M15,SHORT,S,0.5,1777587018.012,1777581000,1777581900.0,1777586400
1503312.8472397302,mult1.75,0.5,4630.72,0,4631.28,4620.270930314913,4620.22,F1,True,4337193.72,-1035768.9999999523,-1056840.2499999523,1777586400|LONG,EXIT_STLINE,False,SuperTrend-p14x3-M15,LONG,L,0.5,1777589231.39,1777586400,1777587300.0,1777589100
1258270.303803083,mult1.75,0.5,4618.93,0,4618.89,4630.975282834597,4631.01,F1,True,4325590.485,-1135037.9999999898,-1156109.2499999898,1777589100|SHORT,EXIT_STLINE,False,SuperTrend-p14x3-M15,SHORT,S,0.5,1777592104.198,1777589100,1777590000.0,1777591800
465935.2374600313,mult1.75,0.5,4625.98,0,4626.0,4577.448475886489,4577.45,F1,True,4332249.0,4546707.500000017,4525636.250000017,1777591800|SHORT,EXIT_STLINE,False,SuperTrend-p14x3-M15,SHORT,S,0.5,1777621276.067,1777591800,1777592700.0,1777620600
474380.10440793703,mult1.75,0.5,4622.84,1,4620.68,4625.7454576017935,4625.79,F1,True,4327266.82,-478551.4999999693,-499622.7499999693,1777831200|SHORT,EXIT_STLINE,False,SuperTrend-p14x3-M15,SHORT,S,0.5,1777833480.404,1777831200,1777833000.0,1777833000
1803794.4078020004,mult1.75,0.5,4627.97,0,4628.51,4609.248981230091,4609.21,F1,True,4334599.615,-1807445.000000017,-1828516.250000017,1777833000|LONG,EXIT_STLINE,False,SuperTrend-p14x3-M15,LONG,L,0.5,1777838441.007,1777833000,1777833900.0,1777838400
301648.4078020039,mult1.75,0.5,4612.02,0,4612.47,4609.248981230091,4609.12,F1,True,4319578.155,-313727.50000003405,-334798.75000003405,1777838400|LONG,EXIT_STLINE,False,SuperTrend-p14x3-M15,LONG,L,0.5,1777839455.173,1777838400,1777839300.0,1777839300
1694833.8254205943,mult1.75,0.5,4605.82,0,4605.84,4613.51727227215,4613.54,F1,True,4313369.16,-721104.999999983,-742176.249999983,1777839300|SHORT,EXIT_STLINE,False,SuperTrend-p14x3-M15,SHORT,S,0.5,1777845569.644,1777839300,1777840200.0,1777844700
60617.04828685461,mult1.75,0.5,4612.9,0,4612.87,4613.51727227215,4613.52,F1,True,4319952.755,-60872.500000051106,-81943.7500000511,1777844700|SHORT,EXIT_STLINE,False,SuperTrend-p14x3-M15,SHORT,S,0.5,1777845600.384,1777844700,1777845600.0,1777845600
519502.0482868205,mult1.75,0.5,4608.19,0,4607.97,4613.51727227215,4613.68,F1,True,4315363.905,-534741.5000000034,-555812.7500000034,1777845600|SHORT,EXIT_STLINE,False,SuperTrend-p14x3-M15,SHORT,S,0.5,1777852236.524,1777845600,1777846500.0,1777851900
2099542.262704873,mult1.75,0.5,4614.95,0,4615.43,4593.864292548118,4593.79,F1,True,4322350.195,-2026586.0000000307,-2047657.2500000307,1777851900|LONG,EXIT_STLINE,False,SuperTrend-p14x3-M15,LONG,L,0.5,1777858353.182,1777851900,1777852800.0,1777858200
516546.0028687501,mult1.75,0.5,4598.83,0,4599.38,4593.864292548118,4593.8,F1,True,4307319.37,-522566.9999999932,-543638.2499999932,1777858200|LONG,EXIT_STLINE,False,SuperTrend-p14x3-M15,LONG,L,0.5,1777860202.054,1777858200,1777859100.0,1777860000
374198.00286870915,mult1.75,0.5,4597.35,0,4597.86,4593.864292548118,4593.71,F1,True,4305895.89,-388647.49999996595,-409718.74999996595,1777860000|LONG,EXIT_STLINE,False,SuperTrend-p14x3-M15,LONG,L,0.5,1777860943.693,1777860000,1777860900.0,1777860900
1492621.463007556,mult1.75,0.5,4593.72,0,4593.72,4554.481723958639,4554.55,F1,True,4302018.78,3668270.500000007,3647199.250000007,1777860900|SHORT,EXIT_STLINE,False,SuperTrend-p14x3-M15,SHORT,S,0.5,1777876337.663,1777860900,1777861800.0,1777876200
1974231.8068008672,mult1.75,0.5,4538.6,0,4539.17,4529.980002554353,4529.98,F1,True,4250932.705,-860643.5000000477,-881714.7500000477,1777928400|LONG,EXIT_STLINE,False,SuperTrend-p14x3-M15,LONG,L,0.5,1777940418.479,1777928400,1777929300.0,1777940100
1229485.2531006583,mult1.75,0.5,4529.37,0,4529.35,4541.665226462749,4541.74,F1,True,4241736.275,-1160323.4999999455,-1181394.7499999455,1777940100|SHORT,EXIT_STLINE,False,SuperTrend-p14x3-M15,SHORT,S,0.5,1777943250.531,1777940100,1777941000.0,1777942800
140964.4582364725,mult1.75,0.5,4540.16,0,4540.16,4541.665226462749,4541.72,F1,True,4251859.84,-146094.0000000375,-167165.2500000375,1777942800|SHORT,EXIT_STLINE,False,SuperTrend-p14x3-M15,SHORT,S,0.5,1777944619.711,1777942800,1777943700.0,1777944600
1217029.873127564,mult1.75,0.5,4545.88,0,4546.43,4534.286393660255,4534.04,F1,True,4257731.695,-1160323.5000000307,-1181394.7500000307,1777944600|LONG,EXIT_STLINE,False,SuperTrend-p14x3-M15,LONG,L,0.5,1777947877.674,1777944600,1777945500.0,1777947300
269113.2337170802,mult1.75,0.5,4536.74,0,4537.16,4543.342815044838,4543.31,F1,True,4249050.34,575947.5000000511,554876.2500000511,1777947300|LONG,EXIT_STLINE,False,SuperTrend-p14x3-M15,LONG,L,0.5,1777963863.757,1777947300,1777948200.0,1777963500
2390103.1711187176,mult1.75,0.5,4573.14,0,4573.8,4696.257984421051,4696.22,F1,True,4283363.7,11464633.000000007,11443561.750000007,1778006700|LONG,EXIT_STLINE,False,SuperTrend-p14x3-M15,LONG,L,0.5,1778054070.011,1778006700,1778007600.0,1778053500
342595.12425322307,mult1.75,0.5,4703.98,0,4704.41,4700.751749874498,4700.7,F1,True,4405679.965,-347441.50000000343,-368512.75000000343,1778106600|LONG,EXIT_STLINE,False,SuperTrend-p14x3-M15,LONG,L,0.5,1778111850.58,1778106600,1778107500.0,1778111100
1533850.1570138386,mult1.75,0.5,4698.98,0,4698.97,4708.2096126843735,4708.25,F1,True,4400585.405,-869071.9999999761,-890143.2499999761,1778111100|SHORT,EXIT_STLINE,False,SuperTrend-p14x3-M15,SHORT,S,0.5,1778119741.098,1778111100,1778112000.0,1778119200
29931.727891547278,mult1.75,0.5,4707.86,0,4707.89,4708.2096126843735,4708.39,F1,True,4408938.985,-46825.0,-67896.25,1778119200|SHORT,EXIT_STLINE,False,SuperTrend-p14x3-M15,SHORT,S,0.5,1778120100.008,1778119200,1778120100.0,1778120100
1701489.5136101313,mult1.75,0.5,4717.24,0,4717.51,4730.450855467564,4730.38,F1,True,4417948.115,1205275.4999999898,1184204.2499999898,1778120100|LONG,EXIT_STLINE,False,SuperTrend-p14x3-M15,LONG,L,0.5,1778130004.818,1778120100,1778121000.0,1778130000
365008.9692861078,mult1.75,0.5,4702.58,0,4702.61,4706.507586431245,4706.52,F1,True,4403994.265,-366171.50000007154,-387242.75000007154,1778184000|SHORT,EXIT_STLINE,False,SuperTrend-p14x3-M15,SHORT,S,0.5,1778186368.278,1778184000,1778184900.0,1778185800
152423.46928606695,mult1.75,0.5,4704.88,0,4704.88,4706.507586431245,4706.56,F1,True,4406120.12,-157332.00000002724,-178403.25000002724,1778185800|SHORT,EXIT_STLINE,False,SuperTrend-p14x3-M15,SHORT,S,0.5,1778187610.363,1778185800,1778186700.0,1778187600
2261843.91011246,mult1.75,0.5,4713.92,0,4714.15,4707.403349311085,4707.4,F1,True,4414801.475,-632137.5,-653208.75,1778187600|LONG,EXIT_STLINE,False,SuperTrend-p14x3-M15,LONG,L,0.5,1778193505.008,1778187600,1778188500.0,1778193000
304048.8370168895,mult1.75,0.5,4710.23,0,4710.65,4712.370566558628,4712.26,F1,True,4411523.725,150776.5000000545,129705.25000005451,1778193000|LONG,EXIT_STLINE,False,SuperTrend-p14x3-M15,LONG,L,0.5,1778210523.184,1778193000,1778193900.0,1778210100
1627148.5780671246,mult1.75,0.5,4687.27,0,4687.23,4695.8189226744125,4695.95,F1,True,4389590.895,-816628.0000000239,-837699.2500000239,1778436000|SHORT,EXIT_STLINE,False,SuperTrend-p14x3-M15,SHORT,S,0.5,1778447132.371,1778436000,1778436900.0,1778446800
360451.6084587099,mult1.75,0.5,4691.94,0,4691.97,4695.8189226744125,4695.88,F1,True,4394029.905,-366171.4999999864,-387242.7499999864,1778446800|SHORT,EXIT_STLINE,False,SuperTrend-p14x3-M15,SHORT,S,0.5,1778447846.333,1778446800,1778447700.0,1778447700
1572090.6069006894,mult1.75,0.5,4698.77,0,4699.29,4682.50312752909,4682.43,F1,True,4400885.085,-1578938.9999999693,-1600010.2499999693,1778447700|LONG,EXIT_STLINE,False,SuperTrend-p14x3-M15,LONG,L,0.5,1778450160.1,1778447700,1778448600.0,1778449500
325609.1069006519,mult1.75,0.5,4685.53,0,4685.98,4682.50312752909,4682.44,F1,True,4388420.27,-331520.99999999657,-352592.24999999657,1778449500|LONG,EXIT_STLINE,False,SuperTrend-p14x3-M15,LONG,L,0.5,1778450768.444,1778449500,1778450400.0,1778450400
358386.60690068593,mult1.75,0.5,4685.86,0,4686.33,4682.50312752909,4682.49,F1,True,4388748.045,-359616.0000000136,-380687.2500000136,1778450400|LONG,EXIT_STLINE,False,SuperTrend-p14x3-M15,LONG,L,0.5,1778453437.547,1778450400,1778451300.0,1778453100
2224696.6151801143,mult1.75,0.5,4681.54,0,4681.37,4674.057350984056,4674.08,F1,True,4384103.005,682708.4999999966,661637.2499999966,1778453100|SHORT,EXIT_STLINE,False,SuperTrend-p14x3-M15,SHORT,S,0.5,1778467105.302,1778453100,1778454000.0,1778466600
2017564.9389070224,mult1.75,0.5,4674.15,0,4674.73,4659.794307809947,4659.75,F1,True,4377884.645,-1402876.999999959,-1423948.249999959,1778466600|LONG,EXIT_STLINE,False,SuperTrend-p14x3-M15,LONG,L,0.5,1778477091.587,1778466600,1778467500.0,1778476500
78197.7500000034,mult2.00,0.5,4347.59,0,4347.59,4348.425,4348.63,F1,True,4071518.035,-97395.9999999966,-118467.2499999966,1767309300|SHORT,EXIT_STLINE,False,SuperTrend-p14x3-M15,SHORT,S,0.5,1767310203.104,1767309300,1767310200.0,1767310200
1725119.0051020025,mult2.00,0.5,4351.38,0,4351.88,4384.75840209218,4384.47,F1,True,4075535.62,3052053.5000000135,3030982.2500000135,1767310200|LONG,EXIT_STLINE,False,SuperTrend-p14x3-M15,LONG,L,0.5,1767349441.888,1767310200,1767311100.0,1767348900
297413.6970752514,mult2.00,0.5,4442.77,0,4443.27,4440.094199710889,4440.05,F1,True,4161122.3550000004,-301553.00000002387,-322624.25000002387,1767645000|LONG,EXIT_STLINE,False,SuperTrend-p14x3-M15,LONG,L,0.5,1767646056.494,1767645000,1767645900.0,1767645900
73590.1970752207,mult2.00,0.5,4440.38,0,4440.88,4440.094199710889,4440.05,F1,True,4158884.12,-77729.49999999319,-98800.74999999319,1767645900|LONG,EXIT_STLINE,False,SuperTrend-p14x3-M15,LONG,L,0.5,1767646801.723,1767645900,1767646800.0,1767646800
80145.69707519344,mult2.00,0.5,4440.38,0,4440.95,4440.094199710889,4439.87,F1,True,4158949.675,-101141.99999999319,-122213.24999999319,1767646800|LONG,EXIT_STLINE,False,SuperTrend-p14x3-M15,LONG,L,0.5,1767647799.618,1767646800,1767647700.0,1767647700
105431.19707523433,mult2.00,0.5,4440.72,0,4441.22,4440.094199710889,4439.75,F1,True,4159202.53,-137665.50000002384,-158736.75000002384,1767647700|LONG,EXIT_STLINE,False,SuperTrend-p14x3-M15,LONG,L,0.5,1767648770.895,1767647700,1767648600.0,1767648600
1492358.4052938505,mult2.00,0.5,4436.35,0,4436.35,4450.187001985501,4450.38,F1,True,4154641.7750000004,-1313909.4999999763,-1334980.7499999763,1767648600|SHORT,EXIT_STLINE,False,SuperTrend-p14x3-M15,SHORT,S,0.5,1767653807.705,1767648600,1767649500.0,1767653100
2122352.966514151,mult2.00,0.5,4450.43,0,4450.98,4455.767060277604,4455.22,F1,True,4168342.7699999996,397076.0000000647,376004.7500000647,1767653100|LONG,EXIT_STLINE,False,SuperTrend-p14x3-M15,LONG,L,0.5,1767667882.974,1767653100,1767654000.0,1767667500
1779018.4096824704,mult2.00,0.5,4451.87,0,4452.34,4469.665533371029,4470.74,F1,True,4169616.41,-1723159.999999966,-1744231.249999966,1767667500|SHORT,EXIT_STLINE,False,SuperTrend-p14x3-M15,SHORT,S,0.5,1767672521.84,1767667500,1767668400.0,1767672000
469647.71602061886,mult2.00,0.5,4491.83,0,4492.33,4487.31507510923,4486.24,F1,True,4207067.045,-570328.5000000136,-591399.7500000136,1767735900|LONG,EXIT_STLINE,False,SuperTrend-p14x3-M15,LONG,L,0.5,1767736890.947,1767735900,1767736800.0,1767736800
2417168.2413963266,mult2.00,0.5,4470.76,0,4470.81,4461.921406532439,4461.99,F1,True,4186913.5650000004,825993.000000058,804921.750000058,1767736800|SHORT,EXIT_STLINE,False,SuperTrend-p14x3-M15,SHORT,S,0.5,1767761179.382,1767736800,1767737700.0,1767761100
1509819.6076809592,mult2.00,0.5,4451.29,0,4451.33,4434.572000684538,4434.67,F1,True,4168670.545,1560208.9999999863,1539137.7499999863,1767821400|SHORT,EXIT_STLINE,False,SuperTrend-p14x3-M15,SHORT,S,0.5,1767843209.134,1767821400,1767822300.0,1767843000
1889571.2708444302,mult2.00,0.5,4435.53,0,4435.97,4420.118982777673,4419.99,F1,True,4154285.905,-1496527.0000000442,-1517598.2500000442,1767843000|LONG,EXIT_STLINE,False,SuperTrend-p14x3-M15,LONG,L,0.5,1767851002.993,1767843000,1767843900.0,1767850200
73140.79297643807,mult2.00,0.5,4465.6,0,4466.1,4465.31899847329,4465.23,F1,True,4182502.6500000004,-81475.50000007496,-102546.75000007496,1767906900|LONG,EXIT_STLINE,False,SuperTrend-p14x3-M15,LONG,L,0.5,1767907875.649,1767906900,1767907800.0,1767907800
259504.29297641764,mult2.00,0.5,4467.59,0,4468.09,4465.31899847329,4465.01,F1,True,4184366.285,-288441.9999999932,-309513.2499999932,1767907800|LONG,EXIT_STLINE,False,SuperTrend-p14x3-M15,LONG,L,0.5,1767908920.028,1767907800,1767908700.0,1767908700
1434522.856767959,mult2.00,0.5,4461.19,0,4461.25,4471.103585949845,4471.22,F1,True,4177960.625,-933690.5000000239,-954761.7500000239,1767908700|SHORT,EXIT_STLINE,False,SuperTrend-p14x3-M15,SHORT,S,0.5,1767913222.62,1767908700,1767909600.0,1767913200
1297124.2846297254,mult2.00,0.5,4471.77,0,4472.27,4458.419233479662,4458.4,F1,True,4188280.8550000004,-1298925.500000075,-1319996.750000075,1767913200|LONG,EXIT_STLINE,False,SuperTrend-p14x3-M15,LONG,L,0.5,1767925448.542,1767913200,1767914100.0,1767924900
612542.7846296879,mult2.00,0.5,4464.46,0,4464.96,4463.850117536546,4463.83,F1,True,4181435.04,-105824.50000001022,-126895.75000001022,1767924900|LONG,EXIT_STLINE,False,SuperTrend-p14x3-M15,LONG,L,0.5,1767938035.618,1767924900,1767925800.0,1767937500
2547016.6330850143,mult2.00,0.5,4529.87,0,4530.48,4571.628020184136,4571.04,F1,True,4242794.52,3798444.0000000373,3777372.7500000373,1768161600|LONG,EXIT_STLINE,False,SuperTrend-p14x3-M15,LONG,L,0.5,1768172375.905,1768161600,1768162500.0,1768171500
2593419.312917256,mult2.00,0.5,4570.45,0,4570.03,4585.00432271931,4585.03,F1,True,4279833.095,-1404750.0,-1425821.25,1768171500|SHORT,EXIT_STLINE,False,SuperTrend-p14x3-M15,SHORT,S,0.5,1768186084.507,1768171500,1768172400.0,1768185900
404972.82266335795,mult2.00,0.5,4580.69,0,4580.68,4585.00432271931,4585.02,F1,True,4289806.82,-406441.0000000136,-427512.2500000136,1768185900|SHORT,EXIT_STLINE,False,SuperTrend-p14x3-M15,SHORT,S,0.5,1768191304.035,1768185900,1768186800.0,1768191300
2700341.5313395453,mult2.00,0.5,4579.6,0,4579.08,4600.583566171836,4600.59,F1,True,4288308.42,-2014411.5000000205,-2035482.7500000205,1768248000|SHORT,EXIT_STLINE,False,SuperTrend-p14x3-M15,SHORT,S,0.5,1768271302.92,1768248000,1768248900.0,1768270500
1658222.7291591212,mult2.00,0.5,4601.2,0,4601.68,4583.97340385308,4583.97,F1,True,4309473.32,-1658541.5000000035,-1679612.7500000035,1768270500|LONG,EXIT_STLINE,False,SuperTrend-p14x3-M15,LONG,L,0.5,1768274902.91,1768270500,1768271400.0,1768274100
112997.72915912113,mult2.00,0.5,4584.68,0,4585.18,4583.97340385308,4583.95,F1,True,4294021.07,-115189.5000000443,-136260.7500000443,1768274100|LONG,EXIT_STLINE,False,SuperTrend-p14x3-M15,LONG,L,0.5,1768275059.025,1768274100,1768275000.0,1768275000
1784648.6989358712,mult2.00,0.5,4575.83,0,4575.83,4594.223028335145,4594.39,F1,True,4285264.795,-1738144.0000000375,-1759215.2500000375,1768275000|SHORT,EXIT_STLINE,False,SuperTrend-p14x3-M15,SHORT,S,0.5,1768282501.224,1768275000,1768275900.0,1768282200
1883618.711291161,mult2.00,0.5,4605.02,0,4605.53,4622.392371450548,4621.8,F1,True,4313078.845,1523685.500000041,1502614.250000041,1768338000|LONG,EXIT_STLINE,False,SuperTrend-p14x3-M15,LONG,L,0.5,1768359455.025,1768338000,1768338900.0,1768358700
1974879.3149843197,mult2.00,0.5,4619.73,0,4619.61,4640.255537380876,4640.54,F1,True,4326264.765,-1960094.5000000272,-1981165.7500000272,1768358700|SHORT,EXIT_STLINE,False,SuperTrend-p14x3-M15,SHORT,S,0.5,1768384743.255,1768358700,1768359600.0,1768383900
1510842.3650317572,mult2.00,0.5,4613.92,0,4614.37,4598.237139722031,4598.18,F1,True,4321357.505,-1516193.4999999625,-1537264.7499999625,1768431600|LONG,EXIT_STLINE,False,SuperTrend-p14x3-M15,LONG,L,0.5,1768434694.535,1768431600,1768432500.0,1768434300
480692.36503175704,mult2.00,0.5,4602.76,0,4603.37,4598.237139722031,4598.07,F1,True,4311056.005,-496345.00000001705,-517416.25000001705,1768434300|LONG,EXIT_STLINE,False,SuperTrend-p14x3-M15,LONG,L,0.5,1768435395.331,1768434300,1768435200.0,1768435200
2491943.749545587,mult2.00,0.5,4591.32,0,4591.28,4606.1299056272255,4606.17,F1,True,4299733.72,-1394448.5000000307,-1415519.7500000307,1768435200|SHORT,EXIT_STLINE,False,SuperTrend-p14x3-M15,SHORT,S,0.5,1768446654.048,1768435200,1768436100.0,1768446000
81466.66198965003,mult2.00,0.5,4605.17,0,4605.26,4606.1299056272255,4606.42,F1,True,4312825.99,-108633.99999998638,-129705.24999998638,1768446000|SHORT,EXIT_STLINE,False,SuperTrend-p14x3-M15,SHORT,S,0.5,1768446914.592,1768446000,1768446900.0,1768446900
204148.1619896875,mult2.00,0.5,4604.03,0,4603.95,4606.1299056272255,4606.2,F1,True,4311599.175,-210712.5,-231783.75,1768446900|SHORT,EXIT_STLINE,False,SuperTrend-p14x3-M15,SHORT,S,0.5,1768448241.373,1768446900,1768447800.0,1768447800
58054.161989650034,mult2.00,0.5,4605.53,0,4605.51,4606.1299056272255,4606.13,F1,True,4313060.115,-58062.99999998978,-79134.24999998978,1768447800|SHORT,EXIT_STLINE,False,SuperTrend-p14x3-M15,SHORT,S,0.5,1768448700.552,1768447800,1768448700.0,1768448700
2084547.8874092163,mult2.00,0.5,4610.05,0,4610.54,4607.467815897286,4607.45,F1,True,4317770.71,-289378.5000000136,-310449.7500000136,1768448700|LONG,EXIT_STLINE,False,SuperTrend-p14x3-M15,LONG,L,0.5,1768472329.813,1768448700,1768449600.0,1768472100
392330.15218706126,mult2.00,0.5,4614.12,0,4614.06,4607.377733177442,4607.48,F1,True,4321067.19,616217.0000000783,595145.7500000783,1768507200|SHORT,EXIT_STLINE,False,SuperTrend-p14x3-M15,SHORT,S,0.5,1768531500.529,1768507200,1768508100.0,1768531500
1182103.6401493712,mult2.00,0.5,4611.37,0,4611.87,4599.247430430866,4599.16,F1,True,4319016.255,-1190291.5000000035,-1211362.7500000035,1768531500|LONG,EXIT_STLINE,False,SuperTrend-p14x3-M15,LONG,L,0.5,1768534989.998,1768531500,1768532400.0,1768534200
1787554.113486885,mult2.00,0.5,4595.8,0,4595.79,4609.460632274678,4609.48,F1,True,4303957.335,-1282068.4999999625,-1303139.7499999625,1768534200|SHORT,EXIT_STLINE,False,SuperTrend-p14x3-M15,SHORT,S,0.5,1768536729.366,1768534200,1768535100.0,1768536000
247848.75216760483,mult2.00,0.5,4670.69,0,4671.19,4668.543456997676,4668.47,F1,True,4374569.435,-254727.99999993868,-275799.24999993865,1768852800|LONG,EXIT_STLINE,False,SuperTrend-p14x3-M15,LONG,L,0.5,1768854273.089,1768852800,1768853700.0,1768853700
1149734.7548785713,mult2.00,0.5,4666.16,0,4666.16,4672.085726873676,4672.16,F1,True,4369858.84,-561900.0,-582971.25,1768853700|SHORT,EXIT_STLINE,False,SuperTrend-p14x3-M15,SHORT,S,0.5,1768860452.06,1768853700,1768854600.0,1768860000
191582.32171979093,mult2.00,0.5,4670.04,0,4670.04,4672.085726873676,4672.17,F1,True,4373492.46,-199474.50000001022,-220545.75000001022,1768860000|SHORT,EXIT_STLINE,False,SuperTrend-p14x3-M15,SHORT,S,0.5,1768861020.618,1768860000,1768860900.0,1768860900
113852.82171979775,mult2.00,0.5,4670.85,0,4670.87,4672.085726873676,4672.09,F1,True,4374269.755,-114253.00000002385,-135324.25000002387,1768860900|SHORT,EXIT_STLINE,False,SuperTrend-p14x3-M15,SHORT,S,0.5,1768861824.33,1768860900,1768861800.0,1768861800
1060948.425043224,mult2.00,0.5,4673.05,0,4673.54,4720.167013699604,4720.13,F1,True,4376770.21,4363153.500000014,4342082.250000014,1768861800|LONG,EXIT_STLINE,False,SuperTrend-p14x3-M15,LONG,L,0.5,1768904515.078,1768861800,1768862700.0,1768904100
3322890.4332290743,mult2.00,0.5,4847.32,0,4847.32,4869.115791045998,4869.15,F1,True,4539515.18,-2044379.4999999932,-2065450.7499999932,1768967100|SHORT,EXIT_STLINE,False,SuperTrend-p14x3-M15,SHORT,S,0.5,1768973284.67,1768967100,1768968000.0,1768972500
4161597.3740269393,mult2.00,0.5,4794.79,0,4794.81,4813.211747544032,4813.28,F1,True,4490339.565,-1729715.4999999388,-1750786.7499999388,1769026500|SHORT,EXIT_STLINE,False,SuperTrend-p14x3-M15,SHORT,S,0.5,1769050272.265,1769026500,1769027400.0,1769049900
3067582.1918617263,mult2.00,0.5,4821.16,0,4821.67,4816.281654764758,4816.1,F1,True,4515493.955,-521630.49999997276,-542701.7499999728,1769049900|LONG,EXIT_STLINE,False,SuperTrend-p14x3-M15,LONG,L,0.5,1769063550.996,1769049900,1769050800.0,1769063400
479082.49572138046,mult2.00,0.5,4952.41,0,4952.91,4947.794329997636,4947.73,F1,True,4638400.215,-485107.00000002724,-506178.25000002724,1769137200|LONG,EXIT_STLINE,False,SuperTrend-p14x3-M15,LONG,L,0.5,1769143420.975,1769137200,1769138100.0,1769142600
289791.7955770059,mult2.00,0.5,5059.79,0,5060.25,5057.155586806439,5057.1,F1,True,4738924.125,-294997.49999996595,-316068.74999996595,1769392800|LONG,EXIT_STLINE,False,SuperTrend-p14x3-M15,LONG,L,0.5,1769393968.591,1769392800,1769393700.0,1769393700
823596.7955769888,mult2.00,0.5,5065.37,0,5065.95,5057.155586806439,5056.87,F1,True,4744262.175,-850341.9999999931,-871413.2499999931,1769393700|LONG,EXIT_STLINE,False,SuperTrend-p14x3-M15,LONG,L,0.5,1769394703.273,1769393700,1769394600.0,1769394600
286045.7955770093,mult2.00,0.5,5059.75,0,5060.21,5071.623344371691,5071.62,F1,True,4738886.665,1068546.4999999863,1047475.2499999863,1769394600|LONG,EXIT_STLINE,False,SuperTrend-p14x3-M15,LONG,L,0.5,1769421766.392,1769394600,1769395500.0,1769421600
357325.4086284354,mult2.00,0.5,5044.71,0,5045.01,5048.825540935702,5049.09,F1,True,4724651.865,-382091.9999999932,-403163.2499999932,1769458500|SHORT,EXIT_STLINE,False,SuperTrend-p14x3-M15,SHORT,S,0.5,1769459850.198,1769458500,1769459400.0,1769459400
4652648.744770127,mult2.00,0.5,5056.59,0,5057.09,5073.053881151581,5072.97,F1,True,4735964.785,1487162.0000000102,1466090.7500000102,1769459400|LONG,EXIT_STLINE,False,SuperTrend-p14x3-M15,LONG,L,0.5,1769503861.024,1769459400,1769460300.0,1769503500
1284041.2429471696,mult2.00,0.5,5495.19,0,5495.76,5482.0489349391655,5482.01,F1,True,5146779.24,-1287687.5,-1308758.75,1769634000|LONG,EXIT_STLINE,False,SuperTrend-p14x3-M15,LONG,L,0.5,1769635067.531,1769634000,1769634900.0,1769634900
1510674.2429471763,mult2.00,0.5,5497.64,0,5498.18,5482.0489349391655,5481.42,F1,True,5149045.57,-1569574.0000000205,-1590645.2500000205,1769634900|LONG,EXIT_STLINE,False,SuperTrend-p14x3-M15,LONG,L,0.5,1769637749.974,1769634900,1769635800.0,1769637600
5022376.819327737,mult2.00,0.5,5479.87,0,5479.78,5533.409223911668,5533.46,F1,True,5131813.97,-5027132.000000027,-5048203.250000027,1769637600|SHORT,EXIT_STLINE,False,SuperTrend-p14x3-M15,SHORT,S,0.5,1769640039.688,1769637600,1769638500.0,1769639400
8070805.397794227,mult2.00,0.5,5540.37,0,5540.43,5533.860340788859,5532.99,F1,True,5188612.695,-696756.0000000477,-717827.2500000477,1769639400|LONG,EXIT_STLINE,False,SuperTrend-p14x3-M15,LONG,L,0.5,1769663100.109,1769639400,1769640300.0,1769662800
12589623.734717982,mult2.00,0.5,5310.91,0,5309.65,5096.279665132608,5096.82,F1,True,4972487.225,19931529.499999993,19910458.249999993,1769724000|SHORT,EXIT_STLINE,False,SuperTrend-p14x3-M15,SHORT,S,0.5,1769759583.629,1769724000,1769724900.0,1769759100
16879856.02834765,mult2.00,0.5,4741.05,0,4741.16,4859.406982395331,4863.68,F1,True,4440096.34,-11473998.000000041,-11495069.250000041,1769976000|SHORT,EXIT_STLINE,False,SuperTrend-p14x3-M15,SHORT,S,0.5,1769980732.883,1769976000,1769976900.0,1769980500
1209675.4013228058,mult2.00,0.5,4846.43,0,4846.49,4582.17261620962,4583.07,F1,True,4538737.885,24669283.000000007,24648211.750000007,1769980500|SHORT,EXIT_STLINE,False,SuperTrend-p14x3-M15,SHORT,S,0.5,1770007259.552,1769980500,1769981400.0,1770006600
6734723.010945595,mult2.00,0.5,4737.86,1,4731.97,4765.0680067305075,4762.35,F1,True,4431489.905,2845087.0000000102,2824015.7500000102,1770063300|LONG,EXIT_STLINE,False,SuperTrend-p14x3-M15,LONG,L,0.5,1770074816.862,1770063300,1770065100.0,1770074100
747513.6696879918,mult2.00,0.5,4772.57,0,4773.05,4765.0680067305075,4765.0,F1,True,4469961.325,-753882.500000017,-774953.750000017,1770074100|LONG,EXIT_STLINE,False,SuperTrend-p14x3-M15,LONG,L,0.5,1770075005.433,1770074100,1770075000.0,1770075000
8838325.341646932,mult2.00,0.5,4758.27,0,4755.31,4841.052833676032,4841.64,F1,True,4453347.815,-8084804.4999999935,-8105875.7499999935,1770075000|SHORT,EXIT_STLINE,False,SuperTrend-p14x3-M15,SHORT,S,0.5,1770085746.915,1770075000,1770075900.0,1770084900
158533.873760399,mult2.00,0.5,4839.38,0,4839.36,4841.052833676032,4841.11,F1,True,4532060.64,-163887.5,-184958.75,1770084900|SHORT,EXIT_STLINE,False,SuperTrend-p14x3-M15,SHORT,S,0.5,1770088383.44,1770084900,1770085800.0,1770087600
6477310.247078684,mult2.00,0.5,4842.76,0,4843.26,4887.320738777754,4887.23,F1,True,4535712.99,4117790.4999999385,4096719.2499999385,1770087600|LONG,EXIT_STLINE,False,SuperTrend-p14x3-M15,LONG,L,0.5,1770100233.622,1770087600,1770088500.0,1770100200
2597617.3942649947,mult2.00,0.5,4932.57,0,4932.69,4960.427505544741,4960.53,F1,True,4619464.185,-2607216.0000000135,-2628287.2500000135,1770148800|SHORT,EXIT_STLINE,False,SuperTrend-p14x3-M15,SHORT,S,0.5,1770152711.066,1770148800,1770149700.0,1770152400
7191321.809244527,mult2.00,0.5,4986.66,0,4987.15,5048.017279608432,5046.79,F1,True,4670465.975,5585286.000000031,5564214.750000031,1770152400|LONG,EXIT_STLINE,False,SuperTrend-p14x3-M15,LONG,L,0.5,1770186759.561,1770152400,1770153300.0,1770186600
6598516.208111132,mult2.00,0.5,4967.36,0,4967.26,4898.379408110661,4899.38,F1,True,4651838.99,6356962.00000001,6335890.75000001,1770242400|SHORT,EXIT_STLINE,False,SuperTrend-p14x3-M15,SHORT,S,0.5,1770259521.445,1770242400,1770243300.0,1770259500
204101.56956339473,mult2.00,0.5,4895.9,0,4896.2,4898.379408110661,4898.52,F1,True,4585291.3,-217268.00000005792,-238339.25000005792,1770259500|SHORT,EXIT_STLINE,False,SuperTrend-p14x3-M15,SHORT,S,0.5,1770260827.026,1770259500,1770260400.0,1770260400
7557716.730771331,mult2.00,0.5,4910.2,0,4910.75,4870.8524701015895,4869.72,F1,True,4598917.375,-3842459.4999999763,-3863530.7499999763,1770260400|LONG,EXIT_STLINE,False,SuperTrend-p14x3-M15,LONG,L,0.5,1770271880.335,1770260400,1770261300.0,1770271200
8367310.69511173,mult2.00,0.5,4758.51,0,4758.9,5002.058937976606,5001.56,F1,True,4456709.85,22725109.00000007,22704037.75000007,1770327000|LONG,EXIT_STLINE,False,SuperTrend-p14x3-M15,LONG,L,0.5,1770589976.77,1770327000,1770327900.0,1770589800
747426.458490835,mult2.00,0.5,5009.5,0,5010.04,5002.058937976606,5001.94,F1,True,4691902.46,-758565.0000000341,-779636.2500000341,1770589800|LONG,EXIT_STLINE,False,SuperTrend-p14x3-M15,LONG,L,0.5,1770590771.61,1770589800,1770590700.0,1770590700
5553978.182054018,mult2.00,0.5,4982.43,0,4982.43,5031.339572394709,5031.42,F1,True,4666045.695,-4587913.4999999795,-4608984.7499999795,1770590700|SHORT,EXIT_STLINE,False,SuperTrend-p14x3-M15,SHORT,S,0.5,1770597070.636,1770590700,1770591600.0,1770597000
577780.4547644666,mult2.00,0.5,5025.17,0,5025.17,5031.339572394709,5031.52,F1,True,4706071.705,-594677.5000000341,-615748.7500000341,1770597000|SHORT,EXIT_STLINE,False,SuperTrend-p14x3-M15,SHORT,S,0.5,1770604169.854,1770597000,1770597900.0,1770603300
119831.95476443593,mult2.00,0.5,5030.06,0,5030.06,5031.339572394709,5031.59,F1,True,4710651.19,-143284.49999997616,-164355.74999997616,1770603300|SHORT,EXIT_STLINE,False,SuperTrend-p14x3-M15,SHORT,S,0.5,1770604201.47,1770603300,1770604200.0,1770604200
3391546.2484853654,mult2.00,0.5,5034.2,0,5034.71,5004.261577805767,5003.53,F1,True,4715005.915,-2920007.0000000275,-2941078.2500000275,1770604200|LONG,EXIT_STLINE,False,SuperTrend-p14x3-M15,LONG,L,0.5,1770610947.473,1770604200,1770605100.0,1770610500
393927.6083564757,mult2.00,0.5,5047.17,0,5047.17,5051.376381295851,5051.59,F1,True,4726674.705,-413933.0000000068,-435004.2500000068,1770678900|SHORT,EXIT_STLINE,False,SuperTrend-p14x3-M15,SHORT,S,0.5,1770679907.863,1770678900,1770679800.0,1770679800
90501.60835649613,mult2.00,0.5,5050.34,0,5050.41,5051.376381295851,5051.4,F1,True,4729708.965,-92713.49999997955,-113784.74999997955,1770679800|SHORT,EXIT_STLINE,False,SuperTrend-p14x3-M15,SHORT,S,0.5,1770680700.951,1770679800,1770680700.0,1770680700
1225539.6083564858,mult2.00,0.5,5038.12,0,5038.29,5048.952378721084,5049.08,F1,True,4718358.585,-1010483.4999999966,-1031554.7499999966,1770680700|SHORT,EXIT_STLINE,False,SuperTrend-p14x3-M15,SHORT,S,0.5,1770702263.497,1770680700,1770681600.0,1770701400
34873.26722949838,mult2.00,0.5,5048.58,0,5048.58,5048.952378721084,5049.08,F1,True,4727995.17,-46825.0,-67896.25,1770701400|SHORT,EXIT_STLINE,False,SuperTrend-p14x3-M15,SHORT,S,0.5,1770702300.037,1770701400,1770702300.0,1770702300
674502.7672294916,mult2.00,0.5,5041.75,0,5041.75,5048.952378721084,5049.76,F1,True,4721598.875,-750136.5000000205,-771207.7500000205,1770702300|SHORT,EXIT_STLINE,False,SuperTrend-p14x3-M15,SHORT,S,0.5,1770703381.573,1770702300,1770703200.0,1770703200
2618177.455191781,mult2.00,0.5,5051.62,0,5052.14,5027.56717463676,5027.53,F1,True,4731329.11,-2304726.5000000545,-2325797.7500000545,1770703200|LONG,EXIT_STLINE,False,SuperTrend-p14x3-M15,LONG,L,0.5,1770716687.955,1770703200,1770704100.0,1770715800
2450322.7369061625,mult2.00,0.5,5046.55,0,5047.05,5090.639891567497,5090.38,F1,True,4726562.325,4057854.499999993,4036783.249999993,1770754500|LONG,EXIT_STLINE,False,SuperTrend-p14x3-M15,LONG,L,0.5,1770801650.542,1770754500,1770755400.0,1770801300
179853.90976607346,mult2.00,0.5,5063.18,0,5063.68,5061.75950977292,5061.71,F1,True,4742136.32,-184490.50000002384,-205561.75000002384,1770840000|LONG,EXIT_STLINE,False,SuperTrend-p14x3-M15,LONG,L,0.5,1770840900.464,1770840000,1770840900.0,1770840900
698674.9097660701,mult2.00,0.5,5068.72,0,5069.22,5061.75950977292,5061.02,F1,True,4747324.53,-767929.999999983,-789001.249999983,1770840900|LONG,EXIT_STLINE,False,SuperTrend-p14x3-M15,LONG,L,0.5,1770842015.236,1770840900,1770841800.0,1770841800
155504.90976605302,mult2.00,0.5,5062.94,0,5063.42,5061.75950977292,5059.93,F1,True,4741892.83,-326838.49999997957,-347909.74999997957,1770841800|LONG,EXIT_STLINE,False,SuperTrend-p14x3-M15,LONG,L,0.5,1770843581.211,1770841800,1770842700.0,1770842700
2988340.6357279355,mult2.00,0.5,5061.0,0,5060.85,5077.0100115939285,5077.05,F1,True,4739486.025,-1517129.999999983,-1538201.249999983,1770842700|SHORT,EXIT_STLINE,False,SuperTrend-p14x3-M15,SHORT,S,0.5,1770862022.935,1770842700,1770843600.0,1770861600
200412.0857714179,mult2.00,0.5,5074.87,0,5074.87,5077.0100115939285,5077.36,F1,True,4752615.755,-233188.49999997957,-254259.74999997957,1770861600|SHORT,EXIT_STLINE,False,SuperTrend-p14x3-M15,SHORT,S,0.5,1770862809.808,1770861600,1770862500.0,1770862500
492600.08577140764,mult2.00,0.5,5071.75,0,5071.75,5074.853349941605,5074.91,F1,True,4749693.875,-295933.9999999864,-317005.2499999864,1770862500|SHORT,EXIT_STLINE,False,SuperTrend-p14x3-M15,SHORT,S,0.5,1770876344.807,1770862500,1770863400.0,1770876000
5673192.58677431,mult2.00,0.5,4965.27,0,4965.81,4959.971603343464,4959.68,F1,True,4650481.065,-574074.5000000102,-595145.7500000102,1770933600|LONG,EXIT_STLINE,False,SuperTrend-p14x3-M15,LONG,L,0.5,1770950745.469,1770933600,1770934500.0,1770950700
3731838.9144218233,mult2.00,0.5,4946.1,0,4945.9,4984.302802331999,4984.4,F1,True,4631835.35,-3605525.0,-3626596.25,1770950700|SHORT,EXIT_STLINE,False,SuperTrend-p14x3-M15,SHORT,S,0.5,1770959175.577,1770950700,1770951600.0,1770958800
704514.9654399976,mult2.00,0.5,5017.44,0,5017.94,5010.417149327923,5009.81,F1,True,4699300.81,-761374.499999925,-782445.749999925,1771189200|LONG,EXIT_STLINE,False,SuperTrend-p14x3-M15,LONG,L,0.5,1771190723.681,1771189200,1771190100.0,1771190100
226899.96544004872,mult2.00,0.5,5012.12,0,5012.84,5010.417149327923,5010.17,F1,True,4694524.66,-250045.5000000068,-271116.7500000068,1771190100|LONG,EXIT_STLINE,False,SuperTrend-p14x3-M15,LONG,L,0.5,1771191274.325,1771190100,1771191000.0,1771191000
377676.46544001804,mult2.00,0.5,5013.95,0,5014.45,5010.417149327923,5010.08,F1,True,4696032.425,-409250.49999998976,-430321.74999998976,1771191000|LONG,EXIT_STLINE,False,SuperTrend-p14x3-M15,LONG,L,0.5,1771192842.158,1771191000,1771191900.0,1771192800
1217716.9654400419,mult2.00,0.5,5022.92,0,5023.42,5010.417149327923,5010.23,F1,True,4704432.83,-1235243.5000000477,-1256314.7500000477,1771192800|LONG,EXIT_STLINE,False,SuperTrend-p14x3-M15,LONG,L,0.5,1771198560.038,1771192800,1771193700.0,1771198200
3246556.090262447,mult2.00,0.5,5002.26,0,5002.26,4998.715218016673,4998.77,F1,True,4684616.49,326838.49999997957,305767.24999997957,1771198200|SHORT,EXIT_STLINE,False,SuperTrend-p14x3-M15,SHORT,S,0.5,1771213228.529,1771198200,1771199100.0,1771212600
2500177.594651309,mult2.00,0.5,5002.48,0,5002.73,4995.294188792399,4995.27,F1,True,4685056.645,-698628.9999999183,-719700.2499999183,1771212600|LONG,EXIT_STLINE,False,SuperTrend-p14x3-M15,LONG,L,0.5,1771233489.113,1771212600,1771213500.0,1771233300
1854325.377868935,mult2.00,0.5,4979.15,0,4979.15,4960.095647878996,4960.14,F1,True,4662973.975,1780286.4999999353,1759215.2499999353,1771275600|SHORT,EXIT_STLINE,False,SuperTrend-p14x3-M15,SHORT,S,0.5,1771281374.738,1771275600,1771276500.0,1771281000
2569211.0580801344,mult2.00,0.5,4963.13,0,4963.76,4945.0823211256165,4944.85,F1,True,4648561.24,-1770921.4999999863,-1791992.7499999863,1771281000|LONG,EXIT_STLINE,False,SuperTrend-p14x3-M15,LONG,L,0.5,1771294012.053,1771281000,1771281900.0,1771293600
3206466.6214115005,mult2.00,0.5,4928.24,0,4928.11,4912.738916409805,4912.74,F1,True,4615175.015,1439400.4999999898,1418329.2499999898,1771293600|SHORT,EXIT_STLINE,False,SuperTrend-p14x3-M15,SHORT,S,0.5,1771299660.912,1771293600,1771294500.0,1771299000
371689.0217781894,mult2.00,0.5,4908.77,0,4908.77,4912.738916409805,4912.74,F1,True,4597063.105,-371790.49999993865,-392861.74999993865,1771299000|SHORT,EXIT_STLINE,False,SuperTrend-p14x3-M15,SHORT,S,0.5,1771300457.419,1771299000,1771299900.0,1771299900
1869007.027651421,mult2.00,0.5,4882.47,0,4882.97,4863.0126371847155,4861.6,F1,True,4572901.405,-2001300.4999999898,-2022371.7499999898,1771358400|LONG,EXIT_STLINE,False,SuperTrend-p14x3-M15,LONG,L,0.5,1771361415.62,1771358400,1771359300.0,1771361100
3188398.159963959,mult2.00,0.5,4858.97,0,4858.97,4891.089760567105,4891.16,F1,True,4550425.405,-3014593.4999999627,-3035664.7499999627,1771361100|SHORT,EXIT_STLINE,False,SuperTrend-p14x3-M15,SHORT,S,0.5,1771366394.632,1771361100,1771362000.0,1771365600
414847.07710942114,mult2.00,0.5,4886.66,0,4886.66,4891.089760567105,4891.29,F1,True,4576357.09,-433599.50000001024,-454670.75000001024,1771365600|SHORT,EXIT_STLINE,False,SuperTrend-p14x3-M15,SHORT,S,0.5,1771366568.191,1771365600,1771366500.0,1771366500
380196.5771094313,mult2.00,0.5,4887.03,0,4887.03,4891.089760567105,4891.19,F1,True,4576703.595,-389583.9999999864,-410655.2499999864,1771366500|SHORT,EXIT_STLINE,False,SuperTrend-p14x3-M15,SHORT,S,0.5,1771367762.926,1771366500,1771367400.0,1771367400
491640.07710939384,mult2.00,0.5,4885.84,0,4885.84,4891.089760567105,4892.42,F1,True,4575589.16,-616216.9999999931,-637288.2499999931,1771367400|SHORT,EXIT_STLINE,False,SuperTrend-p14x3-M15,SHORT,S,0.5,1771369112.308,1771367400,1771368300.0,1771368300
121722.5771094109,mult2.00,0.5,4889.79,0,4889.79,4891.089760567105,4891.17,F1,True,4579288.335,-129237.00000001022,-150308.25000001022,1771368300|SHORT,EXIT_STLINE,False,SuperTrend-p14x3-M15,SHORT,S,0.5,1771369313.74,1771368300,1771369200.0,1771369200
2928989.2262743087,mult2.00,0.5,4898.48,0,4898.96,4919.882564294717,4919.63,F1,True,4587876.04,1935745.5000000068,1914674.2500000068,1771369200|LONG,EXIT_STLINE,False,SuperTrend-p14x3-M15,LONG,L,0.5,1771393467.163,1771369200,1771370100.0,1771392600
5000.20848048689,mult2.00,0.5,4981.49,0,4981.49,4981.543392509135,4981.99,F1,True,4665165.385,-46825.0,-67896.25,1771461900|SHORT,EXIT_STLINE,False,SuperTrend-p14x3-M15,SHORT,S,0.5,1771462800.073,1771461900,1771462800.0,1771462800
1254.208480490297,mult2.00,0.5,4981.51,0,4981.53,4981.543392509135,4982.03,F1,True,4665202.845,-46825.0,-67896.25,1771462800|SHORT,EXIT_STLINE,False,SuperTrend-p14x3-M15,SHORT,S,0.5,1771463700.221,1771462800,1771463700.0,1771463700
179189.20848045623,mult2.00,0.5,4979.63,0,4979.63,4981.543392509135,4981.63,F1,True,4663423.495,-187300.0,-208371.25,1771463700|SHORT,EXIT_STLINE,False,SuperTrend-p14x3-M15,SHORT,S,0.5,1771464690.673,1771463700,1771464600.0,1771464600
108015.20848043579,mult2.00,0.5,4980.39,0,4980.39,4981.543392509135,4981.66,F1,True,4664135.235,-118935.4999999557,-140006.7499999557,1771464600|SHORT,EXIT_STLINE,False,SuperTrend-p14x3-M15,SHORT,S,0.5,1771466023.393,1771464600,1771465500.0,1771465500
1579839.3404642323,mult2.00,0.5,4984.16,0,4984.66,5005.473790544534,5004.39,F1,True,4668134.09,1847714.5000000442,1826643.2500000442,1771465500|LONG,EXIT_STLINE,False,SuperTrend-p14x3-M15,LONG,L,0.5,1771482517.679,1771465500,1771466400.0,1771481700
326981.7725708676,mult2.00,0.5,4998.89,0,4998.89,5002.38152987262,5002.82,F1,True,4681460.485,-368044.4999999421,-389115.7499999421,1771531200|SHORT,EXIT_STLINE,False,SuperTrend-p14x3-M15,SHORT,S,0.5,1771532464.153,1771531200,1771532100.0,1771532100
492742.2725709085,mult2.00,0.5,4997.12,0,4997.12,5002.38152987262,5002.41,F1,True,4679802.88,-495408.49999999657,-516479.74999999657,1771532100|SHORT,EXIT_STLINE,False,SuperTrend-p14x3-M15,SHORT,S,0.5,1771538124.729,1771532100,1771533000.0,1771537500
2255781.5304902866,mult2.00,0.5,5006.38,0,5006.9,4991.110181253914,4990.92,F1,True,4688961.85,-1496526.999999959,-1517598.249999959,1771537500|LONG,EXIT_STLINE,False,SuperTrend-p14x3-M15,LONG,L,0.5,1771545930.365,1771537500,1771538400.0,1771545600
334313.52557101374,mult2.00,0.5,4994.18,0,4994.68,4991.110181253914,4990.87,F1,True,4677517.82,-356806.5000000375,-377877.7500000375,1771545600|LONG,EXIT_STLINE,False,SuperTrend-p14x3-M15,LONG,L,0.5,1771548094.369,1771545600,1771546500.0,1771547400
2091569.9887711504,mult2.00,0.5,4987.13,0,4987.13,5008.469666112008,5008.49,F1,True,4670447.245,-2000363.9999999693,-2021435.2499999693,1771547400|SHORT,EXIT_STLINE,False,SuperTrend-p14x3-M15,SHORT,S,0.5,1771556111.107,1771547400,1771548300.0,1771555500
2271800.2670961637,mult2.00,0.5,5011.7,0,5012.26,5007.5046035496225,5007.47,F1,True,4693981.49,-448583.49999999657,-469654.74999999657,1771555500|LONG,EXIT_STLINE,False,SuperTrend-p14x3-M15,LONG,L,0.5,1771563415.546,1771555500,1771556400.0,1771562700
409003.74326106824,mult2.00,0.5,5138.47,0,5139.12,5134.752634882423,5134.6,F1,True,4812785.88,-423297.9999999557,-444369.2499999557,1771794000|LONG,EXIT_STLINE,False,SuperTrend-p14x3-M15,LONG,L,0.5,1771794909.975,1771794000,1771794900.0,1771794900
1780976.2432611194,mult2.00,0.5,5153.1,0,5153.77,5141.639238137694,5141.6,F1,True,4826505.605,-1139720.5000000068,-1160791.7500000068,1771794900|LONG,EXIT_STLINE,False,SuperTrend-p14x3-M15,LONG,L,0.5,1771819229.527,1771794900,1771795800.0,1771819200
886351.2728323827,mult2.00,0.5,5229.86,0,5230.32,5220.8554909467975,5220.38,F1,True,4898194.68,-930880.9999999625,-951952.2499999625,1771880400|LONG,EXIT_STLINE,False,SuperTrend-p14x3-M15,LONG,L,0.5,1771884000.924,1771880400,1771881300.0,1771884000
4165396.1029119454,mult2.00,0.5,5185.16,0,5185.32,5138.422227679568,5138.45,F1,True,4856052.18,4389375.49999999,4368304.24999999,1771884000|SHORT,EXIT_STLINE,False,SuperTrend-p14x3-M15,SHORT,S,0.5,1771933490.125,1771884000,1771884900.0,1771932600
2947497.4440916567,mult2.00,0.5,5142.74,1,5135.6,5157.169025630142,5157.98,F1,True,4809489.4,-2095886.999999925,-2116958.249999925,1771958700|SHORT,EXIT_STLINE,False,SuperTrend-p14x3-M15,SHORT,S,0.5,1771970585.104,1771958700,1771964100.0,1771970400
3999328.900694952,mult2.00,0.5,5174.14,0,5175.27,5185.27256553927,5185.1,F1,True,4846640.355,920579.4999999931,899508.2499999931,1771970400|LONG,EXIT_STLINE,False,SuperTrend-p14x3-M15,LONG,L,0.5,1771988920.009,1771970400,1771971300.0,1771988400
650627.2372474225,mult2.00,0.5,5191.72,0,5192.22,5185.27256553927,5185.12,F1,True,4862514.03,-664915.0000000341,-685986.2500000341,1771988400|LONG,EXIT_STLINE,False,SuperTrend-p14x3-M15,LONG,L,0.5,1771993321.733,1771988400,1771989300.0,1771992900
418375.2372473782,mult2.00,0.5,5189.24,0,5189.74,5185.27256553927,5185.15,F1,True,4860191.51,-429853.5000000136,-450924.7500000136,1771992900|LONG,EXIT_STLINE,False,SuperTrend-p14x3-M15,LONG,L,0.5,1771994798.829,1771992900,1771993800.0,1771994700
1760980.2806306873,mult2.00,0.5,5184.49,0,5184.49,5180.989851697858,5181.0,F1,True,4855274.885,326838.49999997957,305767.24999997957,1771994700|SHORT,EXIT_STLINE,False,SuperTrend-p14x3-M15,SHORT,S,0.5,1772009882.007,1771994700,1771995600.0,1772009100
1167859.0694827915,mult2.00,0.5,5168.61,0,5168.61,5181.080465237403,5181.15,F1,True,4840403.265,-1174370.9999999965,-1195442.2499999965,1772049600|SHORT,EXIT_STLINE,False,SuperTrend-p14x3-M15,SHORT,S,0.5,1772054664.109,1772049600,1772050500.0,1772054100
3260389.5379138333,mult2.00,0.5,5184.89,0,5185.62,5182.631076099157,5182.41,F1,True,4856333.13,-300616.50000000343,-321687.75000000343,1772054100|LONG,EXIT_STLINE,False,SuperTrend-p14x3-M15,LONG,L,0.5,1772078956.67,1772054100,1772055000.0,1772078400
582180.46036126,mult2.00,0.5,5183.83,0,5184.33,5178.113444096516,5178.01,F1,True,4855125.045,-591867.9999999728,-612939.2499999728,1772136000|LONG,EXIT_STLINE,False,SuperTrend-p14x3-M15,LONG,L,0.5,1772141764.692,1772136000,1772136900.0,1772141400
2338319.600667114,mult2.00,0.5,5176.08,0,5174.9,5192.508070541244,5192.69,F1,True,4846293.85,-1666033.4999999965,-1687104.7499999965,1772141400|SHORT,EXIT_STLINE,False,SuperTrend-p14x3-M15,SHORT,S,0.5,1772146260.825,1772141400,1772142300.0,1772145900
2212736.5684014675,mult2.00,0.5,5193.93,0,5194.4,5176.002825574541,5175.59,F1,True,4864555.6,-1761556.4999999523,-1782627.7499999523,1772145900|LONG,EXIT_STLINE,False,SuperTrend-p14x3-M15,LONG,L,0.5,1772149046.721,1772145900,1772146800.0,1772148600
544778.3849442062,mult2.00,0.5,5181.25,0,5181.82,5176.002825574541,5175.79,F1,True,4852774.43,-564709.4999999761,-585780.7499999761,1772148600|LONG,EXIT_STLINE,False,SuperTrend-p14x3-M15,LONG,L,0.5,1772149853.349,1772148600,1772149500.0,1772149500
729268.88494423,mult2.00,0.5,5183.29,0,5183.79,5180.13271687636,5179.72,F1,True,4854619.335,-381155.49999997276,-402226.74999997276,1772149500|LONG,EXIT_STLINE,False,SuperTrend-p14x3-M15,LONG,L,0.5,1772165808.499,1772149500,1772150400.0,1772165700
1240529.5574993687,mult2.00,0.5,5155.86,0,5156.36,5143.113555178864,5143.09,F1,True,4828931.14,-1242735.4999999558,-1263806.7499999558,1772582400|LONG,EXIT_STLINE,False,SuperTrend-p14x3-M15,LONG,L,0.5,1772593349.128,1772582400,1772583300.0,1772593200
3263778.09757381,mult2.00,0.5,5142.39,0,5141.85,5175.750035289802,5175.95,F1,True,4815342.525,-3193464.999999949,-3214536.249999949,1772593200|SHORT,EXIT_STLINE,False,SuperTrend-p14x3-M15,SHORT,S,0.5,1772597432.612,1772593200,1772594100.0,1772596800
166211.3931938814,mult2.00,0.5,5154.41,0,5154.41,5156.184814663042,5156.4,F1,True,4827104.965,-186363.49999997957,-207434.74999997957,1772655300|SHORT,EXIT_STLINE,False,SuperTrend-p14x3-M15,SHORT,S,0.5,1772656259.686,1772655300,1772656200.0,1772656200
45402.8931938848,mult2.00,0.5,5155.47,0,5155.7,5156.184814663042,5156.2,F1,True,4828313.05,-46825.0,-67896.25,1772656200|SHORT,EXIT_STLINE,False,SuperTrend-p14x3-M15,SHORT,S,0.5,1772657100.259,1772656200,1772657100.0,1772657100
2831847.4093696456,mult2.00,0.5,5165.06,0,5165.56,5164.965905140124,5164.8,F1,True,4837546.94,-71174.00000002045,-92245.25000002045,1772657100|LONG,EXIT_STLINE,False,SuperTrend-p14x3-M15,LONG,L,0.5,1772678056.366,1772657100,1772658000.0,1772677800
168953.48362742356,mult2.00,0.5,5166.27,0,5166.77,5164.965905140124,5164.71,F1,True,4838680.105,-192919.0000000375,-213990.2500000375,1772677800|LONG,EXIT_STLINE,False,SuperTrend-p14x3-M15,LONG,L,0.5,1772678705.529,1772677800,1772678700.0,1772678700
3078692.1142210667,mult2.00,0.5,5148.32,0,5148.44,5160.937993971983,5161.17,F1,True,4821514.06,-1192164.5000000442,-1213235.7500000442,1772678700|SHORT,EXIT_STLINE,False,SuperTrend-p14x3-M15,SHORT,S,0.5,1772682990.502,1772678700,1772679600.0,1772682300
938229.3373321805,mult2.00,0.5,5086.27,0,5086.28,5096.298465961902,5096.8,F1,True,4763301.22,-985198.0000000409,-1006269.2500000409,1772740800|SHORT,EXIT_STLINE,False,SuperTrend-p14x3-M15,SHORT,S,0.5,1772741958.616,1772740800,1772741700.0,1772741700
486836.3373321225,mult2.00,0.5,5091.1,0,5091.1,5096.298465961902,5096.33,F1,True,4767815.15,-489789.49999995914,-510860.74999995914,1772741700|SHORT,EXIT_STLINE,False,SuperTrend-p14x3-M15,SHORT,S,0.5,1772743280.552,1772741700,1772742600.0,1772742600
3327988.9605100467,mult2.00,0.5,5100.85,0,5101.35,5107.8676340790225,5107.49,F1,True,4777414.275,575010.9999999455,553939.7499999455,1772742600|LONG,EXIT_STLINE,False,SuperTrend-p14x3-M15,LONG,L,0.5,1772770103.157,1772742600,1772743500.0,1772769600
2061284.2136224932,mult2.00,0.5,5158.99,0,5159.49,5137.4794905112385,5137.2,F1,True,4831862.385,-2087458.4999999965,-2108529.7499999963,1772996400|LONG,EXIT_STLINE,False,SuperTrend-p14x3-M15,LONG,L,0.5,1772997372.196,1772996400,1772997300.0,1772997300
1756921.7136224932,mult2.00,0.5,5155.54,0,5156.24,5137.4794905112385,5137.43,F1,True,4828818.76,-1761556.4999999523,-1782627.7499999523,1772997300|LONG,EXIT_STLINE,False,SuperTrend-p14x3-M15,LONG,L,0.5,1772998580.953,1772997300,1772998200.0,1772998200
4522753.401395145,mult2.00,0.5,5125.47,0,5125.79,5096.303134394856,5096.94,F1,True,4800302.335,2701802.500000034,2680731.250000034,1772998200|SHORT,EXIT_STLINE,False,SuperTrend-p14x3-M15,SHORT,S,0.5,1773014269.218,1772998200,1772999100.0,1773013500
167927.03607824282,mult2.00,0.5,5094.4,0,5094.51,5096.303134394856,5096.59,F1,True,4771008.615,-194791.9999999932,-215863.2499999932,1773013500|SHORT,EXIT_STLINE,False,SuperTrend-p14x3-M15,SHORT,S,0.5,1773014401.451,1773013500,1773014400.0,1773014400
865619.5360782258,mult2.00,0.5,5087.06,0,5087.06,5096.303134394856,5096.35,F1,True,4764031.69,-870008.4999999966,-891079.7499999966,1773014400|SHORT,EXIT_STLINE,False,SuperTrend-p14x3-M15,SHORT,S,0.5,1773015539.704,1773014400,1773015300.0,1773015300
1138141.0360782973,mult2.00,0.5,5084.43,0,5084.15,5096.303134394856,5096.35,F1,True,4761306.475,-1142530.0000000682,-1163601.2500000682,1773015300|SHORT,EXIT_STLINE,False,SuperTrend-p14x3-M15,SHORT,S,0.5,1773018501.524,1773015300,1773016200.0,1773018000
511622.5360782496,mult2.00,0.5,5090.84,0,5090.84,5096.303134394856,5096.65,F1,True,4767571.66,-544106.4999999523,-565177.7499999523,1773018000|SHORT,EXIT_STLINE,False,SuperTrend-p14x3-M15,SHORT,S,0.5,1773021931.014,1773018000,1773018900.0,1773021600
3937122.5183649897,mult2.00,0.5,5096.54,0,5096.93,5091.646060460224,5091.01,F1,True,4773274.945,-554408.0000000069,-575479.2500000069,1773021600|LONG,EXIT_STLINE,False,SuperTrend-p14x3-M15,LONG,L,0.5,1773029009.605,1773021600,1773022500.0,1773028800
526681.9379000294,mult2.00,0.5,5096.77,0,5097.27,5091.646060460224,5091.51,F1,True,4773593.355,-539424.0000000205,-560495.2500000205,1773028800|LONG,EXIT_STLINE,False,SuperTrend-p14x3-M15,LONG,L,0.5,1773034141.172,1773028800,1773029700.0,1773033300
123869.41649956994,mult2.00,0.5,5212.23,0,5212.23,5213.552684639611,5213.75,F1,True,4881253.395,-142348.0000000409,-163419.2500000409,1773177300|SHORT,EXIT_STLINE,False,SuperTrend-p14x3-M15,SHORT,S,0.5,1773179125.808,1773177300,1773178200.0,1773179100
2150672.5756484107,mult2.00,0.5,5215.41,0,5215.84,5195.186068199657,5194.44,F1,True,4884634.16,-2004110.000000051,-2025181.250000051,1773179100|LONG,EXIT_STLINE,False,SuperTrend-p14x3-M15,LONG,L,0.5,1773184209.64,1773179100,1773180000.0,1773183600
625013.7131021098,mult2.00,0.5,5201.47,0,5201.86,5195.186068199657,5194.99,F1,True,4871541.89,-643375.4999999898,-664446.7499999898,1773183600|LONG,EXIT_STLINE,False,SuperTrend-p14x3-M15,LONG,L,0.5,1773196228.022,1773183600,1773184500.0,1773196200
549157.2131021576,mult2.00,0.5,5200.55,0,5201.05,5195.186068199657,5195.17,F1,True,4870783.325,-550662.0000000102,-571733.2500000102,1773196200|LONG,EXIT_STLINE,False,SuperTrend-p14x3-M15,LONG,L,0.5,1773200641.654,1773196200,1773197100.0,1773199800
1890434.3404470803,mult2.00,0.5,5194.72,0,5194.72,5189.181629111937,5189.29,F1,True,4864855.28,508519.50000002724,487448.25000002724,1773199800|SHORT,EXIT_STLINE,False,SuperTrend-p14x3-M15,SHORT,S,0.5,1773227146.528,1773199800,1773200700.0,1773226800
1981794.7419137685,mult2.00,0.5,5158.76,0,5158.55,5157.601142454764,5157.97,F1,True,4830982.075,54316.99999999319,33245.74999999319,1773257400|SHORT,EXIT_STLINE,False,SuperTrend-p14x3-M15,SHORT,S,0.5,1773264501.219,1773257400,1773258300.0,1773263700
470229.9908886702,mult2.00,0.5,5152.6,0,5152.58,5157.601142454764,5157.61,F1,True,4825391.17,-471059.49999997613,-492130.74999997613,1773263700|SHORT,EXIT_STLINE,False,SuperTrend-p14x3-M15,SHORT,S,0.5,1773265030.467,1773263700,1773264600.0,1773264600
321326.4908886566,mult2.00,0.5,5154.14,0,5154.17,5157.601142454764,5158.06,F1,True,4826880.205,-364298.5000000307,-385369.7500000307,1773264600|SHORT,EXIT_STLINE,False,SuperTrend-p14x3-M15,SHORT,S,0.5,1773266416.021,1773264600,1773265500.0,1773266400
49741.49088869067,mult2.00,0.5,5157.07,0,5157.07,5157.601142454764,5157.61,F1,True,4829596.055,-50570.999999996595,-71642.2499999966,1773266400|SHORT,EXIT_STLINE,False,SuperTrend-p14x3-M15,SHORT,S,0.5,1773267300.953,1773266400,1773267300.0,1773267300
28201.990888646378,mult2.00,0.5,5157.28,0,5157.3,5157.601142454764,5157.8,F1,True,4829811.45,-46825.0,-67896.25,1773267300|SHORT,EXIT_STLINE,False,SuperTrend-p14x3-M15,SHORT,S,0.5,1773268200.145,1773267300,1773268200.0,1773268200
3001584.4667062433,mult2.00,0.5,5169.54,0,5170.19,5148.518075033763,5148.48,F1,True,4841882.935,-2033141.5000000035,-2054212.7500000035,1773268200|LONG,EXIT_STLINE,False,SuperTrend-p14x3-M15,LONG,L,0.5,1773273085.561,1773268200,1773269100.0,1773272700
224003.7730880697,mult2.00,0.5,5150.41,0,5150.91,5148.518075033763,5148.5,F1,True,4823827.215,-225696.49999998638,-246767.74999998638,1773272700|LONG,EXIT_STLINE,False,SuperTrend-p14x3-M15,LONG,L,0.5,1773273607.165,1773272700,1773273600.0,1773273600
542413.7730881209,mult2.00,0.5,5153.69,0,5154.31,5148.518075033763,5148.51,F1,True,4827011.315,-543170.000000017,-564241.250000017,1773273600|LONG,EXIT_STLINE,False,SuperTrend-p14x3-M15,LONG,L,0.5,1773274631.34,1773273600,1773274500.0,1773274500
338256.77308809356,mult2.00,0.5,5151.71,0,5152.13,5148.518075033763,5148.14,F1,True,4824969.745,-373663.49999997957,-394734.74999997957,1773274500|LONG,EXIT_STLINE,False,SuperTrend-p14x3-M15,LONG,L,0.5,1773275512.936,1773274500,1773275400.0,1773275400
403811.7730880765,mult2.00,0.5,5152.33,0,5152.83,5148.518075033763,5148.27,F1,True,4825625.295,-427043.9999999523,-448115.2499999523,1773275400|LONG,EXIT_STLINE,False,SuperTrend-p14x3-M15,LONG,L,0.5,1773279287.368,1773275400,1773276300.0,1773279000
2125326.4527552235,mult2.00,0.5,5143.72,0,5143.78,5161.00296481243,5161.03,F1,True,4817149.97,-1615462.5,-1636533.75,1773279000|SHORT,EXIT_STLINE,False,SuperTrend-p14x3-M15,SHORT,S,0.5,1773286375.742,1773279000,1773279900.0,1773286200
2658652.271968863,mult2.00,0.5,5092.44,0,5092.94,5106.776529510442,5106.38,F1,True,4769538.31,1258656.0000000477,1237584.7500000477,1773342900|LONG,EXIT_STLINE,False,SuperTrend-p14x3-M15,LONG,L,0.5,1773362237.387,1773342900,1773343800.0,1773361800
393655.01134708145,mult2.00,0.5,5110.48,0,5110.98,5106.776529510442,5106.59,F1,True,4786432.77,-411123.4999999455,-432194.7499999455,1773361800|LONG,EXIT_STLINE,False,SuperTrend-p14x3-M15,LONG,L,0.5,1773365032.121,1773361800,1773362700.0,1773364500
1869944.7480466657,mult2.00,0.5,5105.36,0,5105.36,5091.048011391759,5091.11,F1,True,4781169.64,1334512.5,1313441.25,1773364500|SHORT,EXIT_STLINE,False,SuperTrend-p14x3-M15,SHORT,S,0.5,1773381738.859,1773364500,1773365400.0,1773381600
1487747.8336393647,mult2.00,0.5,5010.08,0,5010.58,5023.764790563729,5022.99,F1,True,4692408.17,1162196.4999999863,1141125.2499999863,1773698400|LONG,EXIT_STLINE,False,SuperTrend-p14x3-M15,LONG,L,0.5,1773716045.235,1773698400,1773699300.0,1773715500
2110683.453075159,mult2.00,0.5,5020.57,0,5020.67,5027.318273236741,5027.66,F1,True,4701857.455,-654613.4999999795,-675684.7499999795,1773715500|SHORT,EXIT_STLINE,False,SuperTrend-p14x3-M15,SHORT,S,0.5,1773722343.607,1773715500,1773716400.0,1773721800
225244.53802300413,mult2.00,0.5,5009.81,0,5009.81,5012.215173924432,5012.23,F1,True,4691687.065,-226632.99999992165,-247704.24999992165,1773781200|SHORT,EXIT_STLINE,False,SuperTrend-p14x3-M15,SHORT,S,0.5,1773782107.311,1773781200,1773782100.0,1773782100
889223.0380230178,mult2.00,0.5,5002.72,0,5002.72,5012.215173924432,5012.23,F1,True,4685047.28,-890611.4999999353,-911682.7499999353,1773782100|SHORT,EXIT_STLINE,False,SuperTrend-p14x3-M15,SHORT,S,0.5,1773785277.178,1773782100,1773783000.0,1773784800
82896.53802304843,mult2.00,0.5,5011.33,0,5011.33,5012.215173924432,5012.24,F1,True,4693110.545,-85221.49999998638,-106292.74999998638,1773784800|SHORT,EXIT_STLINE,False,SuperTrend-p14x3-M15,SHORT,S,0.5,1773785708.263,1773784800,1773785700.0,1773785700
411608.03802306886,mult2.00,0.5,5007.82,0,5007.82,4997.935769725102,4998.1,F1,True,4689823.43,910277.9999999386,889206.7499999386,1773785700|SHORT,EXIT_STLINE,False,SuperTrend-p14x3-M15,SHORT,S,0.5,1773801459.061,1773785700,1773786600.0,1773801000
1734497.5353647866,mult2.00,0.5,4999.08,0,4999.58,4997.486295741544,4997.46,F1,True,4682106.67,-198537.99999998978,-219609.24999998978,1773801000|LONG,EXIT_STLINE,False,SuperTrend-p14x3-M15,LONG,L,0.5,1773809300.83,1773801000,1773801900.0,1773809100
272675.95580665977,mult2.00,0.5,4843.16,0,4843.16,4846.071649287845,4846.14,F1,True,4535619.34,-279077.0000000443,-300148.2500000443,1773867600|SHORT,EXIT_STLINE,False,SuperTrend-p14x3-M15,SHORT,S,0.5,1773869438.519,1773867600,1773868500.0,1773869400
517102.45580662915,mult2.00,0.5,4840.55,0,4840.55,4846.071649287845,4846.14,F1,True,4533175.075,-523503.5000000136,-544574.7500000136,1773869400|SHORT,EXIT_STLINE,False,SuperTrend-p14x3-M15,SHORT,S,0.5,1773871231.32,1773869400,1773870300.0,1773871200
768084.4558066564,mult2.00,0.5,4837.88,0,4837.87,4846.071649287845,4846.11,F1,True,4530665.255,-771675.9999999795,-792747.2499999795,1773871200|SHORT,EXIT_STLINE,False,SuperTrend-p14x3-M15,SHORT,S,0.5,1773872995.989,1773871200,1773872100.0,1773872100
67582.4558066121,mult2.00,0.5,4845.26,0,4845.35,4846.071649287845,4846.23,F1,True,4537670.275,-82411.99999992504,-103483.24999992504,1773872100|SHORT,EXIT_STLINE,False,SuperTrend-p14x3-M15,SHORT,S,0.5,1773873000.975,1773872100,1773873000.0,1773873000
3735938.370531971,mult2.00,0.5,4865.59,0,4866.09,4836.096208067005,4835.78,F1,True,4557093.285,-2838531.5000000373,-2859602.7500000373,1773873000|LONG,EXIT_STLINE,False,SuperTrend-p14x3-M15,LONG,L,0.5,1773887914.1,1773873000,1773873900.0,1773887400
2403380.379489352,mult2.00,0.5,4833.63,0,4833.61,4603.304502497667,4603.75,F1,True,4526675.765,21526388.99999997,21505317.74999997,1773887400|SHORT,EXIT_STLINE,False,SuperTrend-p14x3-M15,SHORT,S,0.5,1773917771.665,1773887400,1773888300.0,1773917100
3858429.442642614,mult2.00,0.5,4687.71,0,4688.29,4701.630685881355,4701.75,F1,True,4390583.585,-1260529.0000000035,-1281600.2500000035,1773974700|SHORT,EXIT_STLINE,False,SuperTrend-p14x3-M15,SHORT,S,0.5,1773982562.404,1773974700,1773975600.0,1773981900
707801.4319736323,mult2.00,0.5,4524.22,0,4524.22,4414.603768596075,4414.72,F1,True,4236932.03,10254675.0,10233603.75,1774206900|SHORT,EXIT_STLINE,False,SuperTrend-p14x3-M15,SHORT,S,0.5,1774217324.372,1774206900,1774207800.0,1774216800
640918.9290223647,mult2.00,0.5,4407.75,0,4407.76,4414.603768596075,4414.65,F1,True,4127867.24,-645248.4999999455,-666319.7499999455,1774216800|SHORT,EXIT_STLINE,False,SuperTrend-p14x3-M15,SHORT,S,0.5,1774217727.476,1774216800,1774217700.0,1774217700
6945084.904361105,mult2.00,0.5,4421.86,0,4422.29,4358.395348175811,4358.08,F1,True,4141474.585,-6013266.500000004,-6034337.750000004,1774217700|LONG,EXIT_STLINE,False,SuperTrend-p14x3-M15,LONG,L,0.5,1774223603.452,1774217700,1774218600.0,1774223100
234560.64333528493,mult2.00,0.5,4360.4,0,4360.9,4358.395348175811,4358.26,F1,True,4083982.8499999996,-247235.9999999455,-268307.2499999455,1774223100|LONG,EXIT_STLINE,False,SuperTrend-p14x3-M15,LONG,L,0.5,1774224566.648,1774223100,1774224000.0,1774224000
8145523.844603859,mult2.00,0.5,4349.29,0,4349.34,4214.504951005211,4214.61,F1,True,4073156.91,12617464.500000045,12596393.250000045,1774224000|SHORT,EXIT_STLINE,False,SuperTrend-p14x3-M15,SHORT,S,0.5,1774241091.442,1774224000,1774224900.0,1774240200
116952.73095588014,mult2.00,0.5,4554.59,0,4555.16,4553.911172120065,4553.8,F1,True,4265907.34,-127363.99999996934,-148435.24999996932,1774404900|LONG,EXIT_STLINE,False,SuperTrend-p14x3-M15,LONG,L,0.5,1774405857.239,1774404900,1774405800.0,1774405800
1219213.230955921,mult2.00,0.5,4566.63,0,4566.93,4553.911172120065,4553.7,F1,True,4276929.945,-1238989.5000000442,-1260060.7500000442,1774405800|LONG,EXIT_STLINE,False,SuperTrend-p14x3-M15,LONG,L,0.5,1774407453.178,1774405800,1774406700.0,1774406700
195618.73095589376,mult2.00,0.5,4555.47,0,4556.0,4553.911172120065,4553.78,F1,True,4266694.0,-207903.00000002384,-228974.25000002384,1774406700|LONG,EXIT_STLINE,False,SuperTrend-p14x3-M15,LONG,L,0.5,1774407673.723,1774406700,1774407600.0,1774407600
634056.4256206847,mult2.00,0.5,4525.32,0,4525.39,4532.160490396377,4532.26,F1,True,4238027.735,-643375.4999999898,-664446.7499999898,1774473300|SHORT,EXIT_STLINE,False,SuperTrend-p14x3-M15,SHORT,S,0.5,1774474286.155,1774473300,1774474200.0,1774474200
384947.4256206983,mult2.00,0.5,4527.82,0,4528.05,4532.160490396377,4532.5,F1,True,4240518.825,-416742.49999998295,-437813.74999998295,1774474200|SHORT,EXIT_STLINE,False,SuperTrend-p14x3-M15,SHORT,S,0.5,1774475219.049,1774474200,1774475100.0,1774475100
3515232.7367217625,mult2.00,0.5,4535.55,0,4535.9,4503.548135476025,4503.54,F1,True,4247870.35,-3030513.9999999693,-3051585.2499999693,1774475100|LONG,EXIT_STLINE,False,SuperTrend-p14x3-M15,LONG,L,0.5,1774483247.127,1774475100,1774476000.0,1774483200
760612.6126702674,mult2.00,0.5,4511.04,0,4511.67,4503.548135476025,4503.46,F1,True,4225178.955,-768866.5000000034,-789937.7500000034,1774483200|LONG,EXIT_STLINE,False,SuperTrend-p14x3-M15,LONG,L,0.5,1774484560.246,1774483200,1774484100.0,1774484100
331695.6126702741,mult2.00,0.5,4506.53,0,4507.09,4503.548135476025,4503.54,F1,True,4220889.785,-332457.50000001705,-353528.75000001705,1774484100|LONG,EXIT_STLINE,False,SuperTrend-p14x3-M15,LONG,L,0.5,1774491773.399,1774484100,1774485000.0,1774491300
3059120.9113942203,mult2.00,0.5,4493.44,0,4493.4,4463.031534794779,4463.6,F1,True,4208069.1,2790769.999999932,2769698.749999932,1774491300|SHORT,EXIT_STLINE,False,SuperTrend-p14x3-M15,SHORT,S,0.5,1774500029.177,1774491300,1774492200.0,1774499400
356933.2245849756,mult2.00,0.5,4471.11,0,4471.36,4475.17135317229,4475.18,F1,True,4187428.639999999,-357743.0000000579,-378814.2500000579,1774823400|SHORT,EXIT_STLINE,False,SuperTrend-p14x3-M15,SHORT,S,0.5,1774824325.935,1774823400,1774824300.0,1774824300
545169.7245849109,mult2.00,0.5,4469.33,0,4469.35,4475.17135317229,4475.23,F1,True,4185546.2750000004,-550661.999999925,-571733.249999925,1774824300|SHORT,EXIT_STLINE,False,SuperTrend-p14x3-M15,SHORT,S,0.5,1774827062.744,1774824300,1774825200.0,1774827000
5498844.5760754,mult2.00,0.5,4494.46,0,4495.03,4542.892911300158,4542.86,F1,True,4209595.595,4479279.4999999935,4458208.2499999935,1774827000|LONG,EXIT_STLINE,False,SuperTrend-p14x3-M15,LONG,L,0.5,1774867502.186,1774827000,1774827900.0,1774867500
1029932.4081909771,mult2.00,0.5,4516.04,0,4516.02,4527.017676542349,4527.12,F1,True,4229252.73,-1039514.9999999489,-1060586.2499999488,1774904400|SHORT,EXIT_STLINE,False,SuperTrend-p14x3-M15,SHORT,S,0.5,1774906629.662,1774904400,1774905300.0,1774906200
4116773.1432199874,mult2.00,0.5,4535.95,0,4536.43,4567.6656847568365,4567.53,F1,True,4248366.695,2912514.999999949,2891443.749999949,1774906200|LONG,EXIT_STLINE,False,SuperTrend-p14x3-M15,LONG,L,0.5,1774914935.252,1774906200,1774907100.0,1774914300
83752.62252229676,mult2.00,0.5,4568.18,0,4568.56,4567.6656847568365,4567.58,F1,True,4278456.44,-91777.0000000443,-112848.2500000443,1774914300|LONG,EXIT_STLINE,False,SuperTrend-p14x3-M15,LONG,L,0.5,1774915200.252,1774914300,1774915200.0,1774915200
258878.12252228655,mult2.00,0.5,4569.91,0,4570.43,4567.6656847568365,4567.63,F1,True,4280207.695,-262220.00000001705,-283291.25000001705,1774915200|LONG,EXIT_STLINE,False,SuperTrend-p14x3-M15,LONG,L,0.5,1774916173.527,1774915200,1774916100.0,1774916100
3601964.597063709,mult2.00,0.5,4561.37,0,4561.39,4570.024652953391,4570.19,F1,True,4271741.735,-824119.9999999319,-845191.2499999319,1774916100|SHORT,EXIT_STLINE,False,SuperTrend-p14x3-M15,SHORT,S,0.5,1774945221.357,1774916100,1774917000.0,1774944900
568418.6054581533,mult2.00,0.5,4687.66,0,4688.25,4682.180393962006,4681.87,F1,True,4390546.125,-597487.0000000102,-618558.2500000102,1774996200|LONG,EXIT_STLINE,False,SuperTrend-p14x3-M15,LONG,L,0.5,1775000148.532,1774996200,1774997100.0,1774999800
3287358.7217415804,mult2.00,0.5,4681.56,0,4681.51,4696.832736008552,4696.84,F1,True,4384234.115,-1435654.4999999932,-1456725.7499999932,1774999800|SHORT,EXIT_STLINE,False,SuperTrend-p14x3-M15,SHORT,S,0.5,1775011057.234,1774999800,1775000700.0,1775010600
3072054.0073441435,mult2.00,0.5,4701.99,0,4702.47,4730.938543612388,4730.63,F1,True,4403863.155,2637183.9999999865,2616112.7499999865,1775010600|LONG,EXIT_STLINE,False,SuperTrend-p14x3-M15,LONG,L,0.5,1775035311.484,1775010600,1775011500.0,1775034900
566661.8149706757,mult2.00,0.5,4776.36,0,4776.34,4782.390846929746,4782.4,F1,True,4473042.41,-567518.9999999523,-588590.2499999523,1775072700|SHORT,EXIT_STLINE,False,SuperTrend-p14x3-M15,SHORT,S,0.5,1775073941.35,1775072700,1775073600.0,1775073600
3232320.510527502,mult2.00,0.5,4791.06,0,4791.57,4769.281386089153,4768.96,F1,True,4487305.305,-2117426.4999999693,-2138497.7499999693,1775073600|LONG,EXIT_STLINE,False,SuperTrend-p14x3-M15,LONG,L,0.5,1775080966.415,1775073600,1775074500.0,1775080800
3411083.8961148686,mult2.00,0.5,4750.79,0,4750.75,4621.384834313943,4621.42,F1,True,4449077.375,12111754.499999993,12090683.249999993,1775080800|SHORT,EXIT_STLINE,False,SuperTrend-p14x3-M15,SHORT,S,0.5,1775103275.646,1775080800,1775081700.0,1775102400
4244950.9880985385,mult2.00,0.5,4630.3,0,4631.08,4648.575594533363,4648.78,F1,True,4337006.42,-1657604.999999983,-1678676.249999983,1775412000|SHORT,EXIT_STLINE,False,SuperTrend-p14x3-M15,SHORT,S,0.5,1775427441.537,1775412000,1775412900.0,1775427300
4300347.311683126,mult2.00,0.5,4660.88,0,4661.51,4679.32345555526,4679.21,F1,True,4365504.115,1657604.999999983,1636533.749999983,1775427300|LONG,EXIT_STLINE,False,SuperTrend-p14x3-M15,LONG,L,0.5,1775461882.586,1775427300,1775428200.0,1775461500
350846.03905368975,mult2.00,0.5,4650.39,0,4650.32,4654.0663538606905,4654.07,F1,True,4355024.68,-351187.5,-372258.75,1775515500|SHORT,EXIT_STLINE,False,SuperTrend-p14x3-M15,SHORT,S,0.5,1775516555.335,1775515500,1775516400.0,1775516400
854683.0390536999,mult2.00,0.5,4644.91,0,4644.94,4654.0663538606905,4654.21,F1,True,4349986.31,-868135.5000000409,-889206.7500000409,1775516400|SHORT,EXIT_STLINE,False,SuperTrend-p14x3-M15,SHORT,S,0.5,1775521896.868,1775516400,1775517300.0,1775521800
2640783.183257583,mult2.00,0.5,4662.19,0,4662.7,4640.230384309093,4638.87,F1,True,4366618.55,-2231679.499999993,-2252750.749999993,1775521800|LONG,EXIT_STLINE,False,SuperTrend-p14x3-M15,LONG,L,0.5,1775525212.499,1775521800,1775522700.0,1775524500
3295151.7237125523,mult2.00,0.5,4632.57,0,4632.36,4656.371829691299,4656.41,F1,True,4338205.14,-2252282.500000017,-2273353.750000017,1775524500|SHORT,EXIT_STLINE,False,SuperTrend-p14x3-M15,SHORT,S,0.5,1775530644.664,1775524500,1775525400.0,1775529900
286740.350590147,mult2.00,0.5,4653.27,0,4653.31,4656.371829691299,4656.4,F1,True,4357824.815,-289378.49999992846,-310449.74999992846,1775529900|SHORT,EXIT_STLINE,False,SuperTrend-p14x3-M15,SHORT,S,0.5,1775531379.58,1775529900,1775530800.0,1775530800
4105410.3157883654,mult2.00,0.5,4794.06,0,4793.83,4828.1477497806,4828.19,F1,True,4489421.795,-3217813.9999999693,-3238885.2499999693,1775596500|SHORT,EXIT_STLINE,False,SuperTrend-p14x3-M15,SHORT,S,0.5,1775612889.477,1775596500,1775597400.0,1775612700
82201.26695314462,mult2.00,0.5,4827.47,0,4827.27,4828.1477497806,4828.22,F1,True,4520738.355,-88967.49999998296,-110038.74999998296,1775612700|SHORT,EXIT_STLINE,False,SuperTrend-p14x3-M15,SHORT,S,0.5,1775613601.219,1775612700,1775613600.0,1775613600
174914.76695320936,mult2.00,0.5,4826.28,0,4826.28,4828.1477497806,4828.37,F1,True,4519811.22,-195728.50000001362,-216799.75000001362,1775613600|SHORT,EXIT_STLINE,False,SuperTrend-p14x3-M15,SHORT,S,0.5,1775614543.093,1775613600,1775614500.0,1775614500
3075568.4983528173,mult2.00,0.5,4836.51,0,4836.73,4806.738008535125,4806.73,F1,True,4529597.645,-2809500.0,-2830571.25,1775614500|LONG,EXIT_STLINE,False,SuperTrend-p14x3-M15,LONG,L,0.5,1775619507.465,1775614500,1775615400.0,1775619000
2673803.5409764512,mult2.00,0.5,4732.26,0,4732.65,4704.098974469018,4704.03,F1,True,4432126.725,-2680262.9999999898,-2701334.2499999898,1775687400|LONG,EXIT_STLINE,False,SuperTrend-p14x3-M15,LONG,L,0.5,1775703240.365,1775687400,1775688300.0,1775702700
827962.0409764479,mult2.00,0.5,4712.44,0,4712.94,4734.969926538886,4734.89,F1,True,4413668.31,2055617.5000000682,2034546.2500000682,1775702700|LONG,EXIT_STLINE,False,SuperTrend-p14x3-M15,LONG,L,0.5,1775723278.93,1775702700,1775703600.0,1775722500
59476.18280595848,mult2.00,0.5,4771.68,0,4771.67,4772.305090045979,4772.59,F1,True,4468668.955,-86158.00000000681,-107229.25000000681,1775770200|SHORT,EXIT_STLINE,False,SuperTrend-p14x3-M15,SHORT,S,0.5,1775771103.716,1775770200,1775771100.0,1775771100
724391.1828059925,mult2.00,0.5,4764.38,0,4764.57,4764.585921490633,4764.81,F1,True,4462019.805,-22476.000000064734,-43547.250000064734,1775771100|SHORT,EXIT_STLINE,False,SuperTrend-p14x3-M15,SHORT,S,0.5,1775777818.283,1775771100,1775772000.0,1775777400
2194019.3545577377,mult2.00,0.5,4765.18,0,4765.63,4751.035070677336,4750.94,F1,True,4463012.495,-1375718.5000000477,-1396789.7500000477,1775777400|LONG,EXIT_STLINE,False,SuperTrend-p14x3-M15,LONG,L,0.5,1775788702.093,1775777400,1775778300.0,1775788200
1777865.7199180892,mult2.00,0.5,4750.93,0,4750.91,4754.535398655574,4754.71,F1,True,4449227.215,-355870.00000001705,-376941.25000001705,1775788200|SHORT,EXIT_STLINE,False,SuperTrend-p14x3-M15,SHORT,S,0.5,1775798352.784,1775788200,1775789100.0,1775798100
3561492.6977182534,mult2.00,0.5,4695.34,0,4696.01,4717.023625858602,4717.02,F1,True,4397813.365,1967586.5000000205,1946515.2500000205,1776026700|LONG,EXIT_STLINE,False,SuperTrend-p14x3-M15,LONG,L,0.5,1776057025.97,1776026700,1776027600.0,1776056400
96818.95909230325,mult2.00,0.5,4761.08,0,4761.36,4760.326161675469,4760.27,F1,True,4459013.64,-102078.49999992845,-123149.74999992845,1776130200|LONG,EXIT_STLINE,False,SuperTrend-p14x3-M15,LONG,L,0.5,1776131101.393,1776130200,1776131100.0,1776131100
1615495.7006654453,mult2.00,0.5,4759.88,0,4759.82,4777.070354518584,4777.15,F1,True,4457571.43,-1622954.4999999932,-1644025.7499999932,1776131100|SHORT,EXIT_STLINE,False,SuperTrend-p14x3-M15,SHORT,S,0.5,1776135167.092,1776131100,1776132000.0,1776134700
2065383.2999813945,mult2.00,0.5,4781.92,0,4782.46,4772.067811646894,4771.77,F1,True,4478773.79,-1001118.4999999625,-1022189.7499999625,1776134700|LONG,EXIT_STLINE,False,SuperTrend-p14x3-M15,LONG,L,0.5,1776137091.497,1776134700,1776135600.0,1776136500
226218.7020506059,mult2.00,0.5,4829.89,0,4830.39,4835.950340722528,4835.89,F1,True,4523660.235,515075.0,494003.75,1776198600|LONG,EXIT_STLINE,False,SuperTrend-p14x3-M15,LONG,L,0.5,1776205417.436,1776198600,1776199500.0,1776204900
2374708.8579271086,mult2.00,0.5,4834.49,0,4834.49,4813.541006538641,4813.59,F1,True,4527499.885,1957284.999999966,1936213.749999966,1776204900|SHORT,EXIT_STLINE,False,SuperTrend-p14x3-M15,SHORT,S,0.5,1776239675.874,1776204900,1776205800.0,1776239100
1513981.4111725485,mult2.00,0.5,4807.49,0,4807.91,4818.38137435663,4817.9,F1,True,4502607.715,935563.4999999795,914492.2499999795,1776278700|LONG,EXIT_STLINE,False,SuperTrend-p14x3-M15,LONG,L,0.5,1776288954.233,1776278700,1776279600.0,1776288600
1784249.9201634796,mult2.00,0.5,4815.83,0,4815.81,4832.729606490167,4832.77,F1,True,4510006.065,-1588304.0000000035,-1609375.2500000035,1776288600|SHORT,EXIT_STLINE,False,SuperTrend-p14x3-M15,SHORT,S,0.5,1776301073.953,1776288600,1776289500.0,1776300300
1458178.8547323223,mult2.00,0.5,4832.91,0,4833.48,4822.0909491179,4821.76,F1,True,4526554.02,-1097577.9999999388,-1118649.2499999388,1776300300|LONG,EXIT_STLINE,False,SuperTrend-p14x3-M15,LONG,L,0.5,1776304776.58,1776300300,1776301200.0,1776303900
1655048.559363525,mult2.00,0.5,4821.07,0,4821.06,4822.123906940162,4822.25,F1,True,4514922.69,-111443.49999996253,-132514.7499999625,1776303900|SHORT,EXIT_STLINE,False,SuperTrend-p14x3-M15,SHORT,S,0.5,1776326198.357,1776303900,1776304800.0,1776325500
534398.1460721336,mult2.00,0.5,4794.7,0,4794.76,4789.143371826752,4789.2,F1,True,4490292.74,520694.0000000375,499622.7500000375,1776372300|SHORT,EXIT_STLINE,False,SuperTrend-p14x3-M15,SHORT,S,0.5,1776376530.134,1776372300,1776373200.0,1776375900
2275954.770034285,mult2.00,0.5,4789.36,0,4789.81,4790.005993097022,4789.93,F1,True,4485657.065,11237.99999998978,-9833.25000001022,1776375900|LONG,EXIT_STLINE,False,SuperTrend-p14x3-M15,LONG,L,0.5,1776391398.219,1776375900,1776376800.0,1776391200
1611806.7086302522,mult2.00,0.5,4787.54,0,4787.57,4796.781335334307,4796.95,F1,True,4483559.305,-878437.0000000102,-899508.2500000102,1776391200|SHORT,EXIT_STLINE,False,SuperTrend-p14x3-M15,SHORT,S,0.5,1776401093.309,1776391200,1776392100.0,1776400200
191807.2554183333,mult2.00,0.5,4772.38,0,4772.31,4774.35812872844,4774.54,F1,True,4469268.315,-208839.4999999591,-229910.7499999591,1776631500|SHORT,EXIT_STLINE,False,SuperTrend-p14x3-M15,SHORT,S,0.5,1776632402.865,1776631500,1776632400.0,1776632400
3718589.263112766,mult2.00,0.5,4793.53,0,4794.04,4782.802566472036,4782.78,F1,True,4489618.46,-1054499.0000000205,-1075570.2500000205,1776632400|LONG,EXIT_STLINE,False,SuperTrend-p14x3-M15,LONG,L,0.5,1776649469.094,1776632400,1776633300.0,1776648600
2260607.66622924,mult2.00,0.5,4780.65,0,4780.68,4804.818896596148,4804.83,F1,True,4477106.82,-2261647.499999966,-2282718.749999966,1776648600|SHORT,EXIT_STLINE,False,SuperTrend-p14x3-M15,SHORT,S,0.5,1776655262.386,1776648600,1776649500.0,1776654900
547527.716982934,mult2.00,0.5,4822.53,0,4823.08,4817.233468051437,4817.17,F1,True,4516814.42,-553471.4999999864,-574542.7499999864,1776717000|LONG,EXIT_STLINE,False,SuperTrend-p14x3-M15,LONG,L,0.5,1776718944.713,1776717000,1776717900.0,1776718800
1685023.9878382764,mult2.00,0.5,4814.64,0,4814.66,4794.353265336326,4794.38,F1,True,4508929.09,1899221.9999999763,1878150.7499999763,1776718800|SHORT,EXIT_STLINE,False,SuperTrend-p14x3-M15,SHORT,S,0.5,1776757320.136,1776718800,1776719700.0,1776756600
1412615.3499746223,mult2.00,0.5,4754.11,0,4753.98,4758.830323204871,4758.85,F1,True,4452102.27,-456075.500000075,-477146.750000075,1776831300|SHORT,EXIT_STLINE,False,SuperTrend-p14x3-M15,SHORT,S,0.5,1776851150.857,1776831300,1776832200.0,1776851100
595644.2681361539,mult2.00,0.5,4752.76,0,4752.47,4744.1425280802305,4744.15,F1,True,4450688.155,779168.000000058,758096.750000058,1776851100|SHORT,EXIT_STLINE,False,SuperTrend-p14x3-M15,SHORT,S,0.5,1776869250.541,1776851100,1776852000.0,1776869100
238107.7547135501,mult2.00,0.5,4741.55,0,4741.6,4744.1425280802305,4744.18,F1,True,4440508.4,-241616.9999999932,-262688.2499999932,1776869100|SHORT,EXIT_STLINE,False,SuperTrend-p14x3-M15,SHORT,S,0.5,1776871546.723,1776869100,1776870000.0,1776870900
1514467.0983173135,mult2.00,0.5,4744.22,0,4744.86,4728.688434614871,4728.59,F1,True,4443561.39,-1523685.4999999558,-1544756.7499999558,1776870900|LONG,EXIT_STLINE,False,SuperTrend-p14x3-M15,LONG,L,0.5,1776884167.379,1776870900,1776871800.0,1776883500
1473002.4858458268,mult2.00,0.5,4725.82,0,4725.87,4728.677977384543,4728.7,F1,True,4425777.255,-265029.4999999932,-286100.7499999932,1776883500|SHORT,EXIT_STLINE,False,SuperTrend-p14x3-M15,SHORT,S,0.5,1776889247.33,1776883500,1776884400.0,1776888900
4200795.87977233,mult2.00,0.5,4741.38,0,4741.84,4727.41693465239,4727.26,F1,True,4440733.16,-1365416.9999999932,-1386488.2499999932,1776888900|LONG,EXIT_STLINE,False,SuperTrend-p14x3-M15,LONG,L,0.5,1776893384.668,1776888900,1776889800.0,1776892500
107984.56980361088,mult2.00,0.5,4728.04,0,4728.57,4727.41693465239,4727.39,F1,True,4428305.805,-110506.99999994208,-131578.24999994208,1776892500|LONG,EXIT_STLINE,False,SuperTrend-p14x3-M15,LONG,L,0.5,1776893419.763,1776892500,1776893400.0,1776893400
625869.0698036723,mult2.00,0.5,4733.59,0,4734.1,4727.41693465239,4726.98,F1,True,4433484.65,-666788.000000075,-687859.250000075,1776893400|LONG,EXIT_STLINE,False,SuperTrend-p14x3-M15,LONG,L,0.5,1776894828.598,1776893400,1776894300.0,1776894300
2666400.1120799705,mult2.00,0.5,4723.08,0,4723.11,4717.899550260447,4718.09,F1,True,4423192.515,470122.9999999557,449051.7499999557,1776894300|SHORT,EXIT_STLINE,False,SuperTrend-p14x3-M15,SHORT,S,0.5,1776909708.216,1776894300,1776895200.0,1776909600
573095.8818908508,mult2.00,0.5,4711.76,0,4711.78,4717.899550260447,4717.92,F1,True,4412581.97,-575011.0000000306,-596082.2500000306,1776909600|SHORT,EXIT_STLINE,False,SuperTrend-p14x3-M15,SHORT,S,0.5,1776912367.947,1776909600,1776910500.0,1776912300
479445.88189085084,mult2.00,0.5,4712.76,0,4712.78,4717.899550260447,4718.02,F1,True,4413518.47,-490726.0000000647,-511797.2500000647,1776912300|SHORT,EXIT_STLINE,False,SuperTrend-p14x3-M15,SHORT,S,0.5,1776916127.67,1776912300,1776913200.0,1776915900
47260.38033172999,mult2.00,0.5,4709.26,0,4709.26,4709.764649015822,4710.04,F1,True,4410221.99,-73046.99999997615,-94118.24999997615,1776978000|SHORT,EXIT_STLINE,False,SuperTrend-p14x3-M15,SHORT,S,0.5,1776978901.237,1776978000,1776978900.0,1776978900
1076473.8803317095,mult2.00,0.5,4698.27,0,4698.27,4682.106448134046,4682.41,F1,True,4399929.855,1485289.0000000545,1464217.7500000545,1776978900|SHORT,EXIT_STLINE,False,SuperTrend-p14x3-M15,SHORT,S,0.5,1776994414.903,1776978900,1776979800.0,1776994200
1853998.8941627382,mult2.00,0.5,4682.54,0,4683.05,4676.084812377326,4675.92,F1,True,4385676.325,-667724.5000000102,-688795.7500000102,1776994200|LONG,EXIT_STLINE,False,SuperTrend-p14x3-M15,LONG,L,0.5,1777012393.275,1776994200,1776995100.0,1777012200
2303609.090809082,mult2.00,0.5,4697.65,0,4698.16,4712.368688748984,4712.27,F1,True,4399826.84,1321401.5000000545,1300330.2500000545,1777236300|LONG,EXIT_STLINE,False,SuperTrend-p14x3-M15,LONG,L,0.5,1777253679.995,1777236300,1777237200.0,1777253400
1552839.415001794,mult2.00,0.5,4711.5,0,4711.49,4688.476263723973,4688.98,F1,True,4412310.385,2108061.5000000205,2086990.2500000205,1777253400|SHORT,EXIT_STLINE,False,SuperTrend-p14x3-M15,SHORT,S,0.5,1777313197.727,1777253400,1777254300.0,1777312800
1276946.0699472982,mult2.00,0.5,4689.06,0,4689.34,4686.925095095839,4686.82,F1,True,4391566.91,-235998.0000000409,-257069.2500000409,1777312800|LONG,EXIT_STLINE,False,SuperTrend-p14x3-M15,LONG,L,0.5,1777323671.385,1777312800,1777313700.0,1777323600
87553.84427460727,mult2.00,0.5,4687.79,0,4687.86,4686.925095095839,4686.89,F1,True,4390180.89,-90840.49999993868,-111911.74999993868,1777323600|LONG,EXIT_STLINE,False,SuperTrend-p14x3-M15,LONG,L,0.5,1777324517.301,1777323600,1777324500.0,1777324500
95982.34427462089,mult2.00,0.5,4687.31,0,4687.95,4686.925095095839,4686.91,F1,True,4390265.175,-97395.9999999966,-118467.2499999966,1777324500|LONG,EXIT_STLINE,False,SuperTrend-p14x3-M15,LONG,L,0.5,1777325411.613,1777324500,1777325400.0,1777325400
65077.84427462771,mult2.00,0.5,4687.1,0,4687.62,4686.925095095839,4686.7,F1,True,4389956.13,-86158.00000000681,-107229.25000000681,1777325400|LONG,EXIT_STLINE,False,SuperTrend-p14x3-M15,LONG,L,0.5,1777326322.397,1777325400,1777326300.0,1777326300
1871541.8133122528,mult2.00,0.5,4670.58,0,4670.52,4588.084316105374,4588.44,F1,True,4373941.98,7686792.000000078,7665720.750000078,1777326300|SHORT,EXIT_STLINE,False,SuperTrend-p14x3-M15,SHORT,S,0.5,1777364426.848,1777326300,1777327200.0,1777364100
2101041.5678139557,mult2.00,0.5,4582.46,0,4582.21,4599.055752140632,4599.14,F1,True,4291239.665,-1585494.5000000272,-1606565.7500000272,1777410000|SHORT,EXIT_STLINE,False,SuperTrend-p14x3-M15,SHORT,S,0.5,1777414013.224,1777410000,1777410900.0,1777413600
2478154.6774674417,mult2.00,0.5,4600.79,0,4601.27,4588.988921162281,4588.89,F1,True,4309089.355,-1159387.0000000102,-1180458.2500000102,1777413600|LONG,EXIT_STLINE,False,SuperTrend-p14x3-M15,LONG,L,0.5,1777428676.883,1777413600,1777414500.0,1777428000
1883994.2644761538,mult2.00,0.5,4588.4,0,4588.42,4579.488091396415,4579.53,F1,True,4297055.33,832548.5000000306,811477.2500000306,1777428000|SHORT,EXIT_STLINE,False,SuperTrend-p14x3-M15,SHORT,S,0.5,1777439900.53,1777428000,1777428900.0,1777439700
1992388.941743379,mult2.00,0.5,4561.61,0,4562.14,4560.888047244498,4560.86,F1,True,4272444.11,-119872.00000006132,-140943.25000006132,1777491900|LONG,EXIT_STLINE,False,SuperTrend-p14x3-M15,LONG,L,0.5,1777502624.749,1777491900,1777492800.0,1777501800
163133.87555277144,mult2.00,0.5,4562.18,0,4562.63,4560.888047244498,4560.77,F1,True,4272902.995,-174188.99999996932,-195260.24999996932,1777501800|LONG,EXIT_STLINE,False,SuperTrend-p14x3-M15,LONG,L,0.5,1777502717.742,1777501800,1777502700.0,1777502700
377592.37555276806,mult2.00,0.5,4564.71,0,4564.92,4560.888047244498,4560.85,F1,True,4275047.58,-381155.49999997276,-402226.74999997276,1777502700|LONG,EXIT_STLINE,False,SuperTrend-p14x3-M15,LONG,L,0.5,1777505550.85,1777502700,1777503600.0,1777505400
72293.3755527476,mult2.00,0.5,4561.36,0,4561.66,4560.888047244498,4560.7,F1,True,4271994.59,-89904.0000000034,-110975.2500000034,1777505400|LONG,EXIT_STLINE,False,SuperTrend-p14x3-M15,LONG,L,0.5,1777506310.96,1777505400,1777506300.0,1777506300
1744658.6100891575,mult2.00,0.5,4555.85,0,4555.87,4560.126833358366,4560.15,F1,True,4266572.255,-400821.99999997613,-421893.24999997613,1777506300|SHORT,EXIT_STLINE,False,SuperTrend-p14x3-M15,SHORT,S,0.5,1777512722.894,1777506300,1777507200.0,1777512600
1971255.0577401447,mult2.00,0.5,4563.8,0,4564.24,4620.348670237257,4620.31,F1,True,4274410.76,5250955.500000058,5229884.250000058,1777512600|LONG,EXIT_STLINE,False,SuperTrend-p14x3-M15,LONG,L,0.5,1777542202.217,1777512600,1777513500.0,1777541400
1578604.8546319376,mult2.00,0.5,4631.2,0,4631.77,4619.9016696110175,4619.82,F1,True,4337652.605,-1119117.5000000682,-1140188.7500000682,1777572000|LONG,EXIT_STLINE,False,SuperTrend-p14x3-M15,LONG,L,0.5,1777581403.311,1777572000,1777572900.0,1777581000
116906.14092817741,mult2.00,0.5,4620.6,0,4621.15,4619.9016696110175,4619.61,F1,True,4327706.975,-144220.9999999966,-165292.2499999966,1777581000|LONG,EXIT_STLINE,False,SuperTrend-p14x3-M15,LONG,L,0.5,1777582767.336,1777581000,1777581900.0,1777581900
1426060.5534426323,mult2.00,0.5,4619.52,0,4619.47,4628.886838186831,4628.91,F1,True,4326133.655,-884055.9999999625,-905127.2499999625,1777581900|SHORT,EXIT_STLINE,False,SuperTrend-p14x3-M15,SHORT,S,0.5,1777587036.898,1777581900,1777582800.0,1777586400
1659875.039702556,mult2.00,0.5,4630.72,0,4631.28,4618.583920359901,4618.56,F1,True,4337193.72,-1191227.9999999388,-1212299.2499999388,1777586400|LONG,EXIT_STLINE,False,SuperTrend-p14x3-M15,LONG,L,0.5,1777589566.307,1777586400,1777587300.0,1777589100
75489.35829532724,mult2.00,0.5,4618.93,0,4619.39,4618.583920359901,4618.57,F1,True,4326058.735,-76793.00000005792,-97864.25000005792,1777589100|LONG,EXIT_STLINE,False,SuperTrend-p14x3-M15,LONG,L,0.5,1777590000.569,1777589100,1777590000.0,1777590000
224392.8582952557,mult2.00,0.5,4620.47,0,4620.98,4618.583920359901,4618.58,F1,True,4327547.77,-224759.99999996592,-245831.24999996592,1777590000|LONG,EXIT_STLINE,False,SuperTrend-p14x3-M15,LONG,L,0.5,1777595265.295,1777590000,1777590900.0,1777594500
1409529.664240064,mult2.00,0.5,4617.47,0,4617.58,4579.299686727417,4579.51,F1,True,4324363.67,3565255.4999999725,3544184.2499999725,1777594500|SHORT,EXIT_STLINE,False,SuperTrend-p14x3-M15,SHORT,S,0.5,1777622139.263,1777594500,1777595400.0,1777621500
690383.2621804986,mult2.00,0.5,4622.84,1,4620.68,4628.051951544907,4628.06,F1,True,4327266.82,-691137.0000000102,-712208.2500000102,1777831200|SHORT,EXIT_STLINE,False,SuperTrend-p14x3-M15,SHORT,S,0.5,1777833653.221,1777831200,1777833000.0,1777833000
3928.7621805053277,mult2.00,0.5,4627.97,0,4628.01,4628.051951544907,4628.51,F1,True,4334131.365,-46825.0,-67896.25,1777833000|SHORT,EXIT_STLINE,False,SuperTrend-p14x3-M15,SHORT,S,0.5,1777833900.159,1777833000,1777833900.0,1777833900
947920.7621804986,mult2.00,0.5,4618.69,0,4617.93,4615.879025453885,4616.15,F1,True,4324691.445,166697.00000006132,145625.75000006132,1777833900|SHORT,EXIT_STLINE,False,SuperTrend-p14x3-M15,SHORT,S,0.5,1777845617.065,1777833900,1777834800.0,1777845600
740680.2337563377,mult2.00,0.5,4608.19,0,4607.97,4615.879025453885,4616.22,F1,True,4315363.905,-772612.5,-793683.75,1777845600|SHORT,EXIT_STLINE,False,SuperTrend-p14x3-M15,SHORT,S,0.5,1777852683.952,1777845600,1777846500.0,1777851900
88876.2337563342,mult2.00,0.5,4614.95,0,4614.93,4557.200541667016,4557.57,F1,True,4321881.945,5371764.000000055,5350692.750000055,1777851900|SHORT,EXIT_STLINE,False,SuperTrend-p14x3-M15,SHORT,S,0.5,1777876339.166,1777851900,1777852800.0,1777876200
2163952.7792009837,mult2.00,0.5,4538.6,0,4539.17,4528.14000291926,4528.03,F1,True,4250932.705,-1043261.0000000306,-1064332.2500000307,1777928400|LONG,EXIT_STLINE,False,SuperTrend-p14x3-M15,LONG,L,0.5,1777941022.656,1777928400,1777929300.0,1777941000
361488.7266112971,mult2.00,0.5,4531.5,0,4532.0,4541.413217194101,4541.3,F1,True,4244218.0,870945.000000017,849873.750000017,1777941000|LONG,EXIT_STLINE,False,SuperTrend-p14x3-M15,LONG,L,0.5,1777964057.807,1777941000,1777941900.0,1777963500
2572675.9455642486,mult2.00,0.5,4573.14,0,4573.8,4693.572696481201,4693.55,F1,True,4283363.7,11214587.5,11193516.25,1778006700|LONG,EXIT_STLINE,False,SuperTrend-p14x3-M15,LONG,L,0.5,1778054225.034,1778006700,1778007600.0,1778053500
131409.1208595994,mult2.00,0.5,4699.78,0,4699.75,4701.153194029467,4701.17,F1,True,4401315.875,-132983.0000000068,-154054.2500000068,1778097600|SHORT,EXIT_STLINE,False,SuperTrend-p14x3-M15,SHORT,S,0.5,1778099035.084,1778097600,1778098500.0,1778098500
834720.6208596198,mult2.00,0.5,4692.29,0,4692.24,4701.153194029467,4701.31,F1,True,4394282.76,-849405.500000058,-870476.750000058,1778098500|SHORT,EXIT_STLINE,False,SuperTrend-p14x3-M15,SHORT,S,0.5,1778101816.209,1778098500,1778099400.0,1778101200
2517571.9431346133,mult2.00,0.5,4709.56,0,4710.1,4698.459142713712,4698.15,F1,True,4411008.65,-1119117.5000000682,-1140188.7500000682,1778101200|LONG,EXIT_STLINE,False,SuperTrend-p14x3-M15,LONG,L,0.5,1778112022.699,1778101200,1778102100.0,1778112000
1597418.6615249803,mult2.00,0.5,4696.55,0,4696.57,4710.005271639284,4710.01,F1,True,4398337.805,-1258656.0000000477,-1279727.2500000477,1778112000|SHORT,EXIT_STLINE,False,SuperTrend-p14x3-M15,SHORT,S,0.5,1778119940.839,1778112000,1778112900.0,1778119200
198095.18901889902,mult2.00,0.5,4707.86,0,4707.89,4710.005271639284,4710.11,F1,True,4408938.985,-207902.99999993868,-228974.24999993868,1778119200|SHORT,EXIT_STLINE,False,SuperTrend-p14x3-M15,SHORT,S,0.5,1778120178.762,1778119200,1778120100.0,1778120100
1875526.0155544134,mult2.00,0.5,4717.24,0,4717.51,4727.969549105788,4727.96,F1,True,4417948.115,978642.499999983,957571.249999983,1778120100|LONG,EXIT_STLINE,False,SuperTrend-p14x3-M15,LONG,L,0.5,1778130042.47,1778120100,1778121000.0,1778130000
651880.1434698263,mult2.00,0.5,4702.58,0,4702.61,4709.57081306428,4709.64,F1,True,4403994.265,-658359.5000000614,-679430.7500000614,1778184000|SHORT,EXIT_STLINE,False,SuperTrend-p14x3-M15,SHORT,S,0.5,1778187646.123,1778184000,1778184900.0,1778187600
2525898.075842739,mult2.00,0.5,4713.92,0,4714.15,4709.87993320986,4709.69,F1,True,4414801.475,-417679.00000000343,-438750.25000000343,1778187600|LONG,EXIT_STLINE,False,SuperTrend-p14x3-M15,LONG,L,0.5,1778210529.132,1778187600,1778188500.0,1778210100
557035.3025242798,mult2.00,0.5,4691.94,0,4691.97,4697.918054485043,4698.15,F1,True,4394029.905,-578756.999999942,-599828.249999942,1778446800|SHORT,EXIT_STLINE,False,SuperTrend-p14x3-M15,SHORT,S,0.5,1778448007.565,1778446800,1778447700.0,1778447700
1758010.9078865463,mult2.00,0.5,4698.77,0,4699.29,4680.517860033246,4680.51,F1,True,4400885.085,-1758746.9999999763,-1779818.2499999763,1778447700|LONG,EXIT_STLINE,False,SuperTrend-p14x3-M15,LONG,L,0.5,1778450286.389,1778447700,1778448600.0,1778449500
511529.40788650897,mult2.00,0.5,4685.53,0,4685.98,4680.517860033246,4680.45,F1,True,4388420.27,-517884.49999997613,-538955.7499999761,1778449500|LONG,EXIT_STLINE,False,SuperTrend-p14x3-M15,LONG,L,0.5,1778450780.324,1778449500,1778450400.0,1778450400
544306.907886543,mult2.00,0.5,4685.86,0,4686.33,4680.517860033246,4680.47,F1,True,4388748.045,-548788.9999999694,-569860.2499999694,1778450400|LONG,EXIT_STLINE,False,SuperTrend-p14x3-M15,LONG,L,0.5,1778453622.127,1778450400,1778451300.0,1778453100
126627.9078865396,mult2.00,0.5,4681.54,0,4681.87,4680.517860033246,4680.44,F1,True,4384571.255,-133919.50000002724,-154990.75000002724,1778453100|LONG,EXIT_STLINE,False,SuperTrend-p14x3-M15,LONG,L,0.5,1778454000.774,1778453100,1778454000.0,1778454000
652940.9078865293,mult2.00,0.5,4686.95,0,4687.49,4680.517860033246,4680.46,F1,True,4389834.385,-658359.4999999761,-679430.7499999761,1778454000|LONG,EXIT_STLINE,False,SuperTrend-p14x3-M15,LONG,L,0.5,1778457005.114,1778454000,1778454900.0,1778456700
2427772.4079747153,mult2.00,0.5,4678.55,0,4678.79,4676.643401124636,4676.72,F1,True,4381686.835,193855.49999997276,172784.24999997276,1778456700|SHORT,EXIT_STLINE,False,SuperTrend-p14x3-M15,SHORT,S,0.5,1778467734.207,1778456700,1778457600.0,1778467500
2204312.6290442566,mult2.00,0.5,4678.27,0,4678.65,4657.299208925654,4657.28,F1,True,4381555.725,-2001300.4999999898,-2022371.7499999898,1778467500|LONG,EXIT_STLINE,False,SuperTrend-p14x3-M15,LONG,L,0.5,1778477360.133,1778467500,1778468400.0,1778476500
78197.7500000034,mult2.25,0.5,4347.59,0,4347.59,4348.425,4348.63,F1,True,4071518.035,-97395.9999999966,-118467.2499999966,1767309300|SHORT,EXIT_STLINE,False,SuperTrend-p14x3-M15,SHORT,S,0.5,1767310203.104,1767309300,1767310200.0,1767310200
1911493.2557398167,mult2.25,0.5,4351.38,0,4351.88,4383.275702353702,4383.23,F1,True,4075535.62,2935927.499999949,2914856.249999949,1767310200|LONG,EXIT_STLINE,False,SuperTrend-p14x3-M15,LONG,L,0.5,1767349449.99,1767310200,1767311100.0,1767348900
240296.5654596118,mult2.25,0.5,4440.38,0,4440.88,4438.314099674751,4438.15,F1,True,4158884.12,-255664.5000000443,-276735.7500000443,1767645900|LONG,EXIT_STLINE,False,SuperTrend-p14x3-M15,LONG,L,0.5,1767646838.617,1767645900,1767646800.0,1767646800
246852.06545958453,mult2.25,0.5,4440.38,0,4440.95,4438.314099674751,4438.22,F1,True,4158949.675,-255664.4999999591,-276735.74999995914,1767646800|LONG,EXIT_STLINE,False,SuperTrend-p14x3-M15,LONG,L,0.5,1767648778.612,1767646800,1767647700.0,1767648600
1664563.0497056306,mult2.25,0.5,4436.35,0,4436.35,4452.086002233689,4452.23,F1,True,4154641.7750000004,-1487161.999999925,-1508233.249999925,1767648600|SHORT,EXIT_STLINE,False,SuperTrend-p14x3-M15,SHORT,S,0.5,1767653900.228,1767648600,1767649500.0,1767653100
150402.1091850358,mult2.25,0.5,4450.43,0,4450.48,4452.086002233689,4452.35,F1,True,4167874.5199999996,-175125.50000007494,-196196.75000007494,1767653100|SHORT,EXIT_STLINE,False,SuperTrend-p14x3-M15,SHORT,S,0.5,1767654012.768,1767653100,1767654000.0,1767654000
2324978.1413586778,mult2.25,0.5,4459.36,0,4459.8,4454.151067812304,4454.12,F1,True,4176602.7,-531932.0000000272,-553003.2500000272,1767654000|LONG,EXIT_STLINE,False,SuperTrend-p14x3-M15,LONG,L,0.5,1767668166.868,1767654000,1767654900.0,1767667500
1975934.617142777,mult2.25,0.5,4451.87,0,4452.34,4471.523725042408,4471.56,F1,True,4169616.41,-1799953.0000000237,-1821024.2500000237,1767667500|SHORT,EXIT_STLINE,False,SuperTrend-p14x3-M15,SHORT,S,0.5,1767677120.784,1767667500,1767668400.0,1767676500
602981.0242732707,mult2.25,0.5,4491.83,0,4492.33,4485.891334497883,4485.78,F1,True,4207067.045,-613407.500000017,-634478.750000017,1767735900|LONG,EXIT_STLINE,False,SuperTrend-p14x3-M15,LONG,L,0.5,1767736892.583,1767735900,1767736800.0,1767736800
2583872.959070892,mult2.25,0.5,4470.76,0,4470.81,4463.904707348994,4463.93,F1,True,4186913.5650000004,644312.0000000102,623240.7500000102,1767736800|SHORT,EXIT_STLINE,False,SuperTrend-p14x3-M15,SHORT,S,0.5,1767761237.339,1767736800,1767737700.0,1767761100
92617.96445947274,mult2.25,0.5,4451.29,0,4451.83,4450.841020133908,4450.84,F1,True,4169138.795,-92713.49999997955,-113784.74999997955,1767821400|LONG,EXIT_STLINE,False,SuperTrend-p14x3-M15,LONG,L,0.5,1767822304.219,1767821400,1767822300.0,1767822300
1291088.0723096502,mult2.25,0.5,4450.03,0,4450.03,4436.258500770105,4436.39,F1,True,4167453.095,1277385.9999999455,1256314.7499999455,1767822300|SHORT,EXIT_STLINE,False,SuperTrend-p14x3-M15,SHORT,S,0.5,1767843390.927,1767822300,1767823200.0,1767843000
73843.09712026698,mult2.25,0.5,4435.53,0,4435.47,4436.258500770105,4436.27,F1,True,4153817.655,-74920.00000001704,-95991.25000001704,1767843000|SHORT,EXIT_STLINE,False,SuperTrend-p14x3-M15,SHORT,S,0.5,1767843908.939,1767843000,1767843900.0,1767843900
290174.5971203045,mult2.25,0.5,4433.2,0,4433.16,4436.258500770105,4436.62,F1,True,4151654.34,-324029.00000000343,-345100.25000000343,1767843900|SHORT,EXIT_STLINE,False,SuperTrend-p14x3-M15,SHORT,S,0.5,1767845280.949,1767843900,1767844800.0,1767844800
35446.5971202806,mult2.25,0.5,4435.88,0,4435.88,4436.258500770105,4436.38,F1,True,4154201.62,-46825.0,-67896.25,1767844800|SHORT,EXIT_STLINE,False,SuperTrend-p14x3-M15,SHORT,S,0.5,1767845700.16,1767844800,1767845700.0,1767845700
238971.54834850604,mult2.25,0.5,4465.6,0,4466.1,4463.548248282451,4463.06,F1,True,4182502.6500000004,-284695.99999999657,-305767.24999999657,1767906900|LONG,EXIT_STLINE,False,SuperTrend-p14x3-M15,LONG,L,0.5,1767909004.484,1767906900,1767907800.0,1767908700
1584514.0576139526,mult2.25,0.5,4461.19,0,4461.25,4472.8496591935755,4473.02,F1,True,4177960.625,-1102260.500000041,-1123331.750000041,1767908700|SHORT,EXIT_STLINE,False,SuperTrend-p14x3-M15,SHORT,S,0.5,1767913231.086,1767908700,1767909600.0,1767913200
101110.08347830115,mult2.25,0.5,4471.77,0,4471.77,4472.8496591935755,4473.11,F1,True,4187812.6050000004,-125490.99999992845,-146562.24999992846,1767913200|SHORT,EXIT_STLINE,False,SuperTrend-p14x3-M15,SHORT,S,0.5,1767914324.452,1767913200,1767914100.0,1767914100
64586.58347835567,mult2.25,0.5,4472.22,0,4472.16,4472.8496591935755,4473.21,F1,True,4188177.84,-98332.50000001704,-119403.75000001704,1767914100|SHORT,EXIT_STLINE,False,SuperTrend-p14x3-M15,SHORT,S,0.5,1767915001.087,1767914100,1767915000.0,1767915000
1590199.226458467,mult2.25,0.5,4473.11,0,4473.63,4464.396357384069,4464.32,F1,True,4189554.495,-871881.5000000375,-892952.7500000375,1767915000|LONG,EXIT_STLINE,False,SuperTrend-p14x3-M15,LONG,L,0.5,1767951183.487,1767915000,1767915900.0,1767951000
2755413.4934706683,mult2.25,0.5,4529.87,0,4530.48,4568.752772707154,4567.32,F1,True,4242794.52,3450066.0000000135,3428994.7500000135,1768161600|LONG,EXIT_STLINE,False,SuperTrend-p14x3-M15,LONG,L,0.5,1768172600.596,1768161600,1768162500.0,1768172400
2597431.538940402,mult2.25,0.5,4567.01,0,4566.79,4587.309238059223,4587.31,F1,True,4276798.835,-1921698.000000041,-1942769.250000041,1768172400|SHORT,EXIT_STLINE,False,SuperTrend-p14x3-M15,SHORT,S,0.5,1768191738.078,1768172400,1768173300.0,1768191300
2080908.6752025748,mult2.25,0.5,4605.02,0,4605.53,4620.743917881867,4620.69,F1,True,4313078.845,1419733.9999999863,1398662.7499999863,1768338000|LONG,EXIT_STLINE,False,SuperTrend-p14x3-M15,LONG,L,0.5,1768359474.152,1768338000,1768338900.0,1768358700
2129669.573107277,mult2.25,0.5,4619.73,0,4619.61,4642.138729553486,4642.22,F1,True,4326264.765,-2117426.5000000545,-2138497.7500000545,1768358700|SHORT,EXIT_STLINE,False,SuperTrend-p14x3-M15,SHORT,S,0.5,1768384746.135,1768358700,1768359600.0,1768383900
2101673.4206677703,mult2.25,0.5,4616.67,0,4616.67,4608.528018830629,4608.54,F1,True,4323511.455,761374.5000000102,740303.2500000102,1768420800|SHORT,EXIT_STLINE,False,SuperTrend-p14x3-M15,SHORT,S,0.5,1768446791.958,1768420800,1768421700.0,1768446000
306049.96348836226,mult2.25,0.5,4605.17,0,4605.26,4608.528018830629,4608.76,F1,True,4312825.99,-327775.0,-348846.25,1768446000|SHORT,EXIT_STLINE,False,SuperTrend-p14x3-M15,SHORT,S,0.5,1768447040.563,1768446000,1768446900.0,1768446900
428731.46348839975,mult2.25,0.5,4604.03,0,4603.95,4608.528018830629,4608.55,F1,True,4311599.175,-430790.00000003405,-451861.25000003405,1768446900|SHORT,EXIT_STLINE,False,SuperTrend-p14x3-M15,SHORT,S,0.5,1768448940.624,1768446900,1768447800.0,1768448700
2311285.3108354285,mult2.25,0.5,4610.05,0,4610.54,4605.893167884446,4605.64,F1,True,4317770.71,-458884.99999996595,-479956.24999996595,1768448700|LONG,EXIT_STLINE,False,SuperTrend-p14x3-M15,LONG,L,0.5,1768472350.363,1768448700,1768449600.0,1768472100
215387.6419844704,mult2.25,0.5,4605.72,0,4606.15,4603.850078569306,4603.73,F1,True,4313659.475,-226633.0000000068,-247704.2500000068,1768510800|LONG,EXIT_STLINE,False,SuperTrend-p14x3-M15,LONG,L,0.5,1768512806.169,1768510800,1768511700.0,1768512600
1568450.9210340513,mult2.25,0.5,4601.27,0,4601.25,4608.929949824622,4609.2,F1,True,4309070.625,-744517.499999983,-765588.749999983,1768512600|SHORT,EXIT_STLINE,False,SuperTrend-p14x3-M15,SHORT,S,0.5,1768531627.036,1768512600,1768513500.0,1768531500
1322608.7201679908,mult2.25,0.5,4611.37,0,4611.87,4597.747109234725,4597.74,F1,True,4319016.255,-1323274.5000000102,-1344345.7500000102,1768531500|LONG,EXIT_STLINE,False,SuperTrend-p14x3-M15,LONG,L,0.5,1768535045.975,1768531500,1768532400.0,1768534200
1941346.190172748,mult2.25,0.5,4595.8,0,4595.79,4611.074461309013,4611.22,F1,True,4303957.335,-1445019.5000000272,-1466090.7500000272,1768534200|SHORT,EXIT_STLINE,False,SuperTrend-p14x3-M15,SHORT,S,0.5,1768536854.254,1768534200,1768535100.0,1768536000
353691.31493860314,mult2.25,0.5,4670.69,0,4671.19,4667.413264122385,4667.41,F1,True,4374569.435,-353996.99999997613,-375068.24999997613,1768852800|LONG,EXIT_STLINE,False,SuperTrend-p14x3-M15,LONG,L,0.5,1768854403.457,1768852800,1768853700.0,1768853700
1266117.5054883496,mult2.25,0.5,4666.16,0,4666.16,4673.330192732886,4673.76,F1,True,4369858.84,-711740.0000000341,-732811.2500000341,1768853700|SHORT,EXIT_STLINE,False,SuperTrend-p14x3-M15,SHORT,S,0.5,1768860564.027,1768853700,1768854600.0,1768860000
308126.54943475244,mult2.25,0.5,4670.04,0,4670.04,4673.330192732886,4673.49,F1,True,4373492.46,-323092.49999998295,-344163.74999998295,1768860000|SHORT,EXIT_STLINE,False,SuperTrend-p14x3-M15,SHORT,S,0.5,1768861998.967,1768860000,1768860900.0,1768861800
27176.54943475245,mult2.25,0.5,4673.05,0,4673.04,4673.330192732886,4673.54,F1,True,4376301.96,-46825.0,-67896.25,1768861800|SHORT,EXIT_STLINE,False,SuperTrend-p14x3-M15,SHORT,S,0.5,1768862700.034,1768861800,1768862700.0,1768862700
357761.04943472863,mult2.25,0.5,4669.51,0,4669.51,4673.330192732886,4673.34,F1,True,4372996.115,-358679.4999999932,-379750.7499999932,1768862700|SHORT,EXIT_STLINE,False,SuperTrend-p14x3-M15,SHORT,S,0.5,1768865299.758,1768862700,1768863600.0,1768864500
137683.5494347797,mult2.25,0.5,4671.86,0,4671.86,4673.330192732886,4673.4,F1,True,4375196.89,-144220.9999999966,-165292.2499999966,1768864500|SHORT,EXIT_STLINE,False,SuperTrend-p14x3-M15,SHORT,S,0.5,1768865461.034,1768864500,1768865400.0,1768865400
1274047.4469236482,mult2.25,0.5,4673.87,0,4674.42,4718.4341765272375,4718.38,F1,True,4377594.33,4116854.0000000033,4095782.7500000033,1768865400|LONG,EXIT_STLINE,False,SuperTrend-p14x3-M15,LONG,L,0.5,1768904518.435,1768865400,1768866300.0,1768904100
3639158.3311326746,mult2.25,0.5,4847.32,0,4847.32,4872.578842998036,4873.04,F1,True,4539515.18,-2408678.0000000237,-2429749.2500000237,1768967100|SHORT,EXIT_STLINE,False,SuperTrend-p14x3-M15,SHORT,S,0.5,1768976781.013,1768967100,1768968000.0,1768976100
78337.4802554952,mult2.25,0.5,4794.79,0,4795.31,4794.473507952424,4794.26,F1,True,4490807.815,-98332.50000001704,-119403.75000001704,1769026500|LONG,EXIT_STLINE,False,SuperTrend-p14x3-M15,LONG,L,0.5,1769027668.071,1769026500,1769027400.0,1769027400
4684447.71661737,mult2.25,0.5,4786.97,0,4787.06,4817.213215987036,4817.23,F1,True,4483081.69,-2825420.499999922,-2846491.749999922,1769027400|SHORT,EXIT_STLINE,False,SuperTrend-p14x3-M15,SHORT,S,0.5,1769050343.76,1769027400,1769028300.0,1769049900
3326885.184594458,mult2.25,0.5,4821.16,0,4821.67,4814.114986610352,4813.89,F1,True,4515493.955,-728596.9999999761,-749668.2499999761,1769049900|LONG,EXIT_STLINE,False,SuperTrend-p14x3-M15,LONG,L,0.5,1769064162.761,1769049900,1769050800.0,1769063400
664692.9326865292,mult2.25,0.5,4952.41,0,4952.91,4945.812371247341,4945.78,F1,True,4638400.215,-667724.5000000102,-688795.7500000102,1769137200|LONG,EXIT_STLINE,False,SuperTrend-p14x3-M15,LONG,L,0.5,1769143534.827,1769137200,1769138100.0,1769143500
1157218.051274101,mult2.25,0.5,5065.37,0,5065.95,5053.593160157244,5053.51,F1,True,4744262.175,-1165005.9999999625,-1186077.2499999625,1769393700|LONG,EXIT_STLINE,False,SuperTrend-p14x3-M15,LONG,L,0.5,1769395397.569,1769393700,1769394600.0,1769394600
619667.0512741214,mult2.25,0.5,5059.75,0,5060.21,5069.158762418153,5068.8,F1,True,4738886.665,804453.5000000136,783382.2500000136,1769394600|LONG,EXIT_STLINE,False,SuperTrend-p14x3-M15,LONG,L,0.5,1769421769.44,1769394600,1769395500.0,1769421600
5139877.462866378,mult2.25,0.5,5056.59,0,5057.09,5070.334991295528,5070.23,F1,True,4735964.785,1230560.9999999455,1209489.7499999455,1769459400|LONG,EXIT_STLINE,False,SuperTrend-p14x3-M15,LONG,L,0.5,1769503891.383,1769459400,1769460300.0,1769503500
2000417.6795656045,mult2.25,0.5,5495.19,0,5495.76,5474.399426806561,5474.03,F1,True,5146779.24,-2035014.5000000442,-2056085.7500000442,1769634000|LONG,EXIT_STLINE,False,SuperTrend-p14x3-M15,LONG,L,0.5,1769635250.725,1769634000,1769634900.0,1769634900
2227050.6795656113,mult2.25,0.5,5497.64,0,5498.18,5474.399426806561,5473.97,F1,True,5149045.57,-2267266.5000000033,-2288337.7500000033,1769634900|LONG,EXIT_STLINE,False,SuperTrend-p14x3-M15,LONG,L,0.5,1769637855.312,1769634900,1769635800.0,1769637600
550715.6795655602,mult2.25,0.5,5479.87,0,5480.28,5527.757883387467,5527.53,F1,True,5132282.22,4424962.5,4403891.25,1769637600|LONG,EXIT_STLINE,False,SuperTrend-p14x3-M15,LONG,L,0.5,1769663118.381,1769637600,1769638500.0,1769662800
13586969.482807713,mult2.25,0.5,5310.91,0,5309.65,5110.022123274184,5110.15,F1,True,4972487.225,18683175.0,18662103.75,1769724000|SHORT,EXIT_STLINE,False,SuperTrend-p14x3-M15,SHORT,S,0.5,1769759945.664,1769724000,1769724900.0,1769759100
18414183.188141104,mult2.25,0.5,4741.05,0,4741.16,4875.695355194748,4875.93,F1,True,4440096.34,-12621210.500000041,-12642281.750000041,1769976000|SHORT,EXIT_STLINE,False,SuperTrend-p14x3-M15,SHORT,S,0.5,1769980771.182,1769976000,1769976900.0,1769980500
2735081.5139881815,mult2.25,0.5,4846.43,0,4846.49,4598.505443235823,4598.51,F1,True,4538737.885,23223326.99999996,23202255.74999996,1769980500|SHORT,EXIT_STLINE,False,SuperTrend-p14x3-M15,SHORT,S,0.5,1770007578.533,1769980500,1769981400.0,1770007500
653910.3200496759,mult2.25,0.5,4731.31,0,4731.47,4738.452491404695,4738.94,F1,True,4431021.655,-699565.4999999386,-720636.7499999386,1770064200|SHORT,EXIT_STLINE,False,SuperTrend-p14x3-M15,SHORT,S,0.5,1770065224.526,1770064200,1770065100.0,1770065100
10467155.024488581,mult2.25,0.5,4774.1,0,4774.6,4755.33088257182,4755.31,F1,True,4471412.9,-1806508.4999999965,-1827579.7499999965,1770065100|LONG,EXIT_STLINE,False,SuperTrend-p14x3-M15,LONG,L,0.5,1770075900.149,1770065100,1770066000.0,1770075900
2667069.3471490536,mult2.25,0.5,4783.41,0,4783.81,4755.33088257182,4755.31,F1,True,4480038.065,-2669025.0,-2690096.25,1770075900|LONG,EXIT_STLINE,False,SuperTrend-p14x3-M15,LONG,L,0.5,1770078373.342,1770075900,1770076800.0,1770077700
1731505.8471489886,mult2.25,0.5,4773.32,0,4773.82,4922.241385128922,4921.93,F1,True,4470682.43,13870501.500000054,13849430.250000054,1770077700|LONG,EXIT_STLINE,False,SuperTrend-p14x3-M15,LONG,L,0.5,1770129735.055,1770077700,1770078600.0,1770129000
3314771.5997980507,mult2.25,0.5,4932.57,0,4932.69,4968.0853187378325,4968.12,F1,True,4619464.185,-3318019.5000000275,-3339090.7500000275,1770148800|SHORT,EXIT_STLINE,False,SuperTrend-p14x3-M15,SHORT,S,0.5,1770152955.095,1770148800,1770149700.0,1770152400
7852131.910400048,mult2.25,0.5,4986.66,0,4987.15,5043.3125645594855,5043.05,F1,True,4670465.975,5235035.000000051,5213963.750000051,1770152400|LONG,EXIT_STLINE,False,SuperTrend-p14x3-M15,LONG,L,0.5,1770186761.368,1770152400,1770153300.0,1770186600
5519330.940616076,mult2.25,0.5,4951.92,0,4951.95,4907.728709124493,4907.96,F1,True,4637501.175,4119663.4999999795,4098592.2499999795,1770243300|SHORT,EXIT_STLINE,False,SuperTrend-p14x3-M15,SHORT,S,0.5,1770260900.001,1770243300,1770244200.0,1770260400
8367692.384617798,mult2.25,0.5,4910.2,0,4910.75,4863.277778864289,4862.74,F1,True,4598917.375,-4496136.5000000205,-4517207.7500000205,1770260400|LONG,EXIT_STLINE,False,SuperTrend-p14x3-M15,LONG,L,0.5,1770272098.989,1770260400,1770261300.0,1770271200
9121738.9070007,mult2.25,0.5,4758.51,0,4758.9,4997.273805223682,4996.49,F1,True,4456709.85,22250303.500000015,22229232.250000015,1770327000|LONG,EXIT_STLINE,False,SuperTrend-p14x3-M15,LONG,L,0.5,1770590148.689,1770327000,1770327900.0,1770589800
1195554.1408021916,mult2.25,0.5,5009.5,0,5010.04,4997.273805223682,4996.9,F1,True,4691902.46,-1230561.0000000307,-1251632.2500000307,1770589800|LONG,EXIT_STLINE,False,SuperTrend-p14x3-M15,LONG,L,0.5,1770590782.32,1770589800,1770590700.0,1770590700
6087849.829810825,mult2.25,0.5,4982.43,0,4982.43,5037.184518944047,5037.8,F1,True,4666045.695,-5185400.49999999,-5206471.74999999,1770590700|SHORT,EXIT_STLINE,False,SuperTrend-p14x3-M15,SHORT,S,0.5,1770604914.848,1770590700,1770591600.0,1770604200
278563.69911003,mult2.25,0.5,5034.2,0,5034.21,5037.184518944047,5037.35,F1,True,4714537.665,-294061.0000000307,-315132.2500000307,1770604200|SHORT,EXIT_STLINE,False,SuperTrend-p14x3-M15,SHORT,S,0.5,1770605705.455,1770604200,1770605100.0,1770605100
63168.699110012996,mult2.25,0.5,5036.86,0,5036.51,5037.184518944047,5037.45,F1,True,4716691.615,-88030.99999996253,-109102.24999996253,1770605100|SHORT,EXIT_STLINE,False,SuperTrend-p14x3-M15,SHORT,S,0.5,1770606001.551,1770605100,1770606000.0,1770606000
292611.19910999597,mult2.25,0.5,5034.06,0,5034.06,5037.184518944047,5037.24,F1,True,4714397.19,-297806.9999999421,-318878.2499999421,1770606000|SHORT,EXIT_STLINE,False,SuperTrend-p14x3-M15,SHORT,S,0.5,1770606991.587,1770606000,1770606900.0,1770606900
1131715.1991099995,mult2.25,0.5,5025.08,0,5025.1,5037.184518944047,5037.21,F1,True,4706006.15,-1134101.4999999693,-1155172.7499999693,1770606900|SHORT,EXIT_STLINE,False,SuperTrend-p14x3-M15,SHORT,S,0.5,1770609231.312,1770606900,1770607800.0,1770608700
565132.6991100674,mult2.25,0.5,5031.15,0,5031.15,5037.184518944047,5037.4,F1,True,4711671.975,-585312.5,-606383.75,1770608700|SHORT,EXIT_STLINE,False,SuperTrend-p14x3-M15,SHORT,S,0.5,1770616985.567,1770608700,1770609600.0,1770616800
5416431.487047282,mult2.25,0.5,5013.04,0,5013.21,5055.944678957833,5056.0,F1,True,4694871.165,-4007283.4999999967,-4028354.7499999967,1770667200|SHORT,EXIT_STLINE,False,SuperTrend-p14x3-M15,SHORT,S,0.5,1770679601.544,1770667200,1770668100.0,1770678900
821748.6844010794,mult2.25,0.5,5047.17,0,5047.17,5052.493301061219,5052.77,F1,True,4726674.705,-524440.0000000341,-545511.2500000341,1770678900|SHORT,EXIT_STLINE,False,SuperTrend-p14x3-M15,SHORT,S,0.5,1770702359.153,1770678900,1770679800.0,1770702300
1006110.1443831993,mult2.25,0.5,5041.75,0,5041.75,5052.493301061219,5052.52,F1,True,4721598.875,-1008610.5000000409,-1029681.7500000409,1770702300|SHORT,EXIT_STLINE,False,SuperTrend-p14x3-M15,SHORT,S,0.5,1770703628.094,1770702300,1770703200.0,1770703200
79911.64438316863,mult2.25,0.5,5051.62,0,5051.64,5052.493301061219,5052.69,F1,True,4730860.86,-98332.49999993187,-119403.74999993187,1770703200|SHORT,EXIT_STLINE,False,SuperTrend-p14x3-M15,SHORT,S,0.5,1770704105.357,1770703200,1770704100.0,1770704100
33086.64438316864,mult2.25,0.5,5052.14,0,5052.14,5052.493301061219,5052.64,F1,True,4731329.11,-46825.0,-67896.25,1770704100|SHORT,EXIT_STLINE,False,SuperTrend-p14x3-M15,SHORT,S,0.5,1770705000.003,1770704100,1770705000.0,1770705000
2723894.1102694212,mult2.25,0.5,5046.55,0,5047.05,5087.920503013434,5087.3,F1,True,4726562.325,3769412.5,3748341.25,1770754500|LONG,EXIT_STLINE,False,SuperTrend-p14x3-M15,LONG,L,0.5,1770801651.609,1770754500,1770755400.0,1770801300
469647.8672368118,mult2.25,0.5,5063.18,0,5063.68,5058.665073494535,5058.58,F1,True,4742136.32,-477615.00000003405,-498686.25000003405,1770840000|LONG,EXIT_STLINE,False,SuperTrend-p14x3-M15,LONG,L,0.5,1770840933.505,1770840000,1770840900.0,1770840900
988468.8672368084,mult2.25,0.5,5068.72,0,5069.22,5058.665073494535,5058.45,F1,True,4747324.53,-1008610.5000000409,-1029681.7500000409,1770840900|LONG,EXIT_STLINE,False,SuperTrend-p14x3-M15,LONG,L,0.5,1770843659.168,1770840900,1770841800.0,1770843600
3155873.5270676017,mult2.25,0.5,5056.56,0,5056.56,5077.648768684307,5077.74,F1,True,4735468.44,-1983506.999999942,-2004578.249999942,1770843600|SHORT,EXIT_STLINE,False,SuperTrend-p14x3-M15,SHORT,S,0.5,1770876969.192,1770843600,1770844500.0,1770876900
5594658.859146069,mult2.25,0.5,4965.27,0,4965.81,4956.086803761397,4955.13,F1,True,4650481.065,-1000182.0000000272,-1021253.2500000272,1770933600|LONG,EXIT_STLINE,False,SuperTrend-p14x3-M15,LONG,L,0.5,1770951148.765,1770933600,1770934500.0,1770950700
4088572.684974594,mult2.25,0.5,4946.1,0,4945.9,4988.120652623499,4988.95,F1,True,4631835.35,-4031632.500000017,-4052703.750000017,1770950700|SHORT,EXIT_STLINE,False,SuperTrend-p14x3-M15,SHORT,S,0.5,1770959440.856,1770950700,1770951600.0,1770958800
1057901.4923699757,mult2.25,0.5,5017.44,0,5017.94,5006.643667993913,5002.71,F1,True,4699300.81,-1426289.499999959,-1447360.749999959,1771189200|LONG,EXIT_STLINE,False,SuperTrend-p14x3-M15,LONG,L,0.5,1771198639.334,1771189200,1771190100.0,1771198200
3538532.3202952384,mult2.25,0.5,5002.26,0,5002.26,5001.58697084424,5001.75,F1,True,4684616.49,47761.500000020445,26690.250000020445,1771198200|SHORT,EXIT_STLINE,False,SuperTrend-p14x3-M15,SHORT,S,0.5,1771213480.768,1771198200,1771199100.0,1771212600
2741701.3877326422,mult2.25,0.5,5002.48,0,5002.73,4993.028462391449,4992.99,F1,True,4685056.645,-912150.9999999795,-933222.2499999795,1771212600|LONG,EXIT_STLINE,False,SuperTrend-p14x3-M15,LONG,L,0.5,1771233496.203,1771212600,1771213500.0,1771233300
2036715.6751025703,mult2.25,0.5,4979.15,0,4979.15,4962.979478863871,4963.58,F1,True,4662973.975,1458130.4999999728,1437059.2499999728,1771275600|SHORT,EXIT_STLINE,False,SuperTrend-p14x3-M15,SHORT,S,0.5,1771281850.069,1771275600,1771276500.0,1771281000
2837859.9090901655,mult2.25,0.5,4963.13,0,4963.76,4942.339486266319,4942.26,F1,True,4648561.24,-2013475.0,-2034546.25,1771281000|LONG,EXIT_STLINE,False,SuperTrend-p14x3-M15,LONG,L,0.5,1771294014.97,1771281000,1771281900.0,1771293600
3461005.3553378754,mult2.25,0.5,4928.24,0,4928.11,4916.4200309610305,4916.61,F1,True,4615175.015,1076975.0,1055903.75,1771293600|SHORT,EXIT_STLINE,False,SuperTrend-p14x3-M15,SHORT,S,0.5,1771302112.984,1771293600,1771294500.0,1771301700
3233011.2233086475,mult2.25,0.5,4898.48,0,4898.96,4917.744134831557,4917.5,F1,True,4587876.04,1736270.9999999965,1715199.7499999965,1771369200|LONG,EXIT_STLINE,False,SuperTrend-p14x3-M15,LONG,L,0.5,1771394367.766,1771369200,1771370100.0,1771393500
217157.17204056564,mult2.25,0.5,4981.51,0,4981.53,4983.848816572777,4983.96,F1,True,4665202.845,-227569.50000002724,-248640.75000002724,1771462800|SHORT,EXIT_STLINE,False,SuperTrend-p14x3-M15,SHORT,S,0.5,1771464738.715,1771462800,1771463700.0,1771464600
323918.17204051116,mult2.25,0.5,4980.39,0,4980.39,4983.848816572777,4984.13,F1,True,4664135.235,-350250.99999997957,-371322.24999997957,1771464600|SHORT,EXIT_STLINE,False,SuperTrend-p14x3-M15,SHORT,S,0.5,1771466101.806,1771464600,1771465500.0,1771465500
1749751.0392723302,mult2.25,0.5,4984.16,0,4984.66,5003.756764362601,5003.66,F1,True,4668134.09,1779350.0,1758278.75,1771465500|LONG,EXIT_STLINE,False,SuperTrend-p14x3-M15,LONG,L,0.5,1771482518.797,1771465500,1771466400.0,1771481700
600223.5566421984,mult2.25,0.5,4998.89,0,4998.89,5005.299221106698,5005.42,F1,True,4681460.485,-611534.4999999761,-632605.7499999761,1771531200|SHORT,EXIT_STLINE,False,SuperTrend-p14x3-M15,SHORT,S,0.5,1771538274.84,1771531200,1771532100.0,1771537500
2466638.753051575,mult2.25,0.5,5006.38,0,5006.9,4988.715828910653,4988.28,F1,True,4688961.85,-1743762.9999999898,-1764834.2499999898,1771537500|LONG,EXIT_STLINE,False,SuperTrend-p14x3-M15,LONG,L,0.5,1771548114.322,1771537500,1771538400.0,1771547400
2315146.5186175373,mult2.25,0.5,4987.13,0,4987.13,5010.805874376008,5010.83,F1,True,4670447.245,-2219504.999999983,-2240576.249999983,1771547400|SHORT,EXIT_STLINE,False,SuperTrend-p14x3-M15,SHORT,S,0.5,1771556314.089,1771547400,1771548300.0,1771555500
2469500.2379831215,mult2.25,0.5,5011.7,0,5012.26,5005.321428993325,5005.28,F1,True,4693981.49,-653677.0000000442,-674748.2500000442,1771555500|LONG,EXIT_STLINE,False,SuperTrend-p14x3-M15,LONG,L,0.5,1771564232.889,1771555500,1771556400.0,1771563600
2106847.398668777,mult2.25,0.5,5153.1,0,5153.77,5138.251642904906,5138.23,F1,True,4826505.605,-1455321.0000000817,-1476392.2500000817,1771794900|LONG,EXIT_STLINE,False,SuperTrend-p14x3-M15,LONG,L,0.5,1771819553.002,1771794900,1771795800.0,1771819200
1131123.2131863951,mult2.25,0.5,5229.86,0,5230.32,5218.241802315148,5217.65,F1,True,4898194.68,-1186545.5000000068,-1207616.7500000068,1771880400|LONG,EXIT_STLINE,False,SuperTrend-p14x3-M15,LONG,L,0.5,1771884003.547,1771880400,1771881300.0,1771884000
4467631.990775887,mult2.25,0.5,5185.16,0,5185.32,5141.923756139514,5142.12,F1,True,4856052.18,4045679.999999983,4024608.749999983,1771884000|SHORT,EXIT_STLINE,False,SuperTrend-p14x3-M15,SHORT,S,0.5,1771935671.209,1771884000,1771884900.0,1771935300
3201681.6246030577,mult2.25,0.5,5142.74,1,5135.6,5160.187653833909,5160.32,F1,True,4809489.4,-2315027.9999999385,-2336099.2499999385,1771958700|SHORT,EXIT_STLINE,False,SuperTrend-p14x3-M15,SHORT,S,0.5,1771970641.031,1771958700,1771964100.0,1771970400
4322480.6382817635,mult2.25,0.5,5174.14,0,5175.27,5182.696011231678,5182.65,F1,True,4846640.355,691136.999999925,670065.749999925,1771970400|LONG,EXIT_STLINE,False,SuperTrend-p14x3-M15,LONG,L,0.5,1771988922.623,1771970400,1771971300.0,1771988400
891921.5481533499,mult2.25,0.5,5191.72,0,5192.22,5182.696011231678,5182.22,F1,True,4862514.03,-936500.0,-957571.25,1771988400|LONG,EXIT_STLINE,False,SuperTrend-p14x3-M15,LONG,L,0.5,1771993602.453,1771988400,1771989300.0,1771992900
659669.5481533055,mult2.25,0.5,5189.24,0,5189.74,5182.696011231678,5182.47,F1,True,4860191.51,-680835.4999999558,-701906.7499999558,1771992900|LONG,EXIT_STLINE,False,SuperTrend-p14x3-M15,LONG,L,0.5,1771995227.766,1771992900,1771993800.0,1771994700
214832.0481533056,mult2.25,0.5,5184.49,0,5184.99,5182.696011231678,5182.27,F1,True,4855743.135,-254727.99999993868,-275799.24999993865,1771994700|LONG,EXIT_STLINE,False,SuperTrend-p14x3-M15,LONG,L,0.5,1771999355.402,1771994700,1771995600.0,1771999200
3564279.386403046,mult2.25,0.5,5184.89,0,5185.62,5180.351835611552,5180.35,F1,True,4856333.13,-493535.4999999557,-514606.7499999557,1772054100|LONG,EXIT_STLINE,False,SuperTrend-p14x3-M15,LONG,L,0.5,1772081479.592,1772054100,1772055000.0,1772081100
16751.607093637038,mult2.25,0.5,5176.08,0,5175.4,5175.578874608581,5174.9,F1,True,4846762.1,-46825.0,-67896.25,1772141400|LONG,EXIT_STLINE,False,SuperTrend-p14x3-M15,LONG,L,0.5,1772142300.043,1772141400,1772142300.0,1772142300
2016425.7748039416,mult2.25,0.5,5174.89,0,5174.89,5194.975329358899,5195.09,F1,True,4846284.485,-1891729.999999983,-1912801.249999983,1772142300|SHORT,EXIT_STLINE,False,SuperTrend-p14x3-M15,SHORT,S,0.5,1772146801.683,1772142300,1772143200.0,1772146800
67927.09446091163,mult2.25,0.5,5194.41,0,5194.25,5194.975329358899,5195.08,F1,True,4864415.125,-77729.49999999319,-98800.74999999319,1772146800|SHORT,EXIT_STLINE,False,SuperTrend-p14x3-M15,SHORT,S,0.5,1772147700.943,1772146800,1772147700.0,1772147700
1004427.0944609116,mult2.25,0.5,5184.25,0,5184.25,5194.975329358899,5194.99,F1,True,4855050.125,-1005800.9999999795,-1026872.2499999795,1772147700|SHORT,EXIT_STLINE,False,SuperTrend-p14x3-M15,SHORT,S,0.5,1772159396.727,1772147700,1772148600.0,1772158500
36086.09446089799,mult2.25,0.5,5194.59,0,5194.59,5194.975329358899,5195.09,F1,True,4864733.535,-46825.0,-67896.25,1772158500|SHORT,EXIT_STLINE,False,SuperTrend-p14x3-M15,SHORT,S,0.5,1772159400.161,1772158500,1772159400.0,1772159400
270211.094460898,mult2.25,0.5,5191.82,0,5192.09,5194.975329358899,5194.98,F1,True,4862392.285,-270648.4999999455,-291719.7499999455,1772159400|SHORT,EXIT_STLINE,False,SuperTrend-p14x3-M15,SHORT,S,0.5,1772160840.932,1772159400,1772160300.0,1772160300
1927643.0730982532,mult2.25,0.5,5197.66,0,5198.16,5178.198681485905,5178.19,F1,True,4868076.84,-1870190.5000000237,-1891261.7500000237,1772160300|LONG,EXIT_STLINE,False,SuperTrend-p14x3-M15,LONG,L,0.5,1772165992.738,1772160300,1772161200.0,1772165700
335755.2576694496,mult2.25,0.5,5345.03,0,5345.53,5341.944786356973,5341.77,F1,True,5006088.845,-352123.9999999353,-373195.2499999353,1772505000|LONG,EXIT_STLINE,False,SuperTrend-p14x3-M15,LONG,L,0.5,1772505902.747,1772505000,1772505900.0,1772505900
3903207.5922164633,mult2.25,0.5,5319.05,0,5319.03,5187.321477323697,5187.41,F1,True,4981271.595,12326212.99999999,12305141.74999999,1772505900|SHORT,EXIT_STLINE,False,SuperTrend-p14x3-M15,SHORT,S,0.5,1772529161.407,1772505900,1772506800.0,1772528400
392194.5334368732,mult2.25,0.5,5142.39,0,5142.35,5138.162124576222,5137.9,F1,True,4815810.775,-416742.50000006816,-437813.75000006816,1772593200|LONG,EXIT_STLINE,False,SuperTrend-p14x3-M15,LONG,L,0.5,1772594546.931,1772593200,1772594100.0,1772594100
4301874.999251201,mult2.25,0.5,5134.35,0,5134.35,5180.285664701028,5180.46,F1,True,4808318.775,-4318201.499999969,-4339272.749999969,1772594100|SHORT,EXIT_STLINE,False,SuperTrend-p14x3-M15,SHORT,S,0.5,1772603280.307,1772594100,1772595000.0,1772603100
3125189.9605408264,mult2.25,0.5,5165.06,0,5165.56,5161.92414328264,5161.9,F1,True,4837546.94,-342759.00000007154,-363830.25000007154,1772657100|LONG,EXIT_STLINE,False,SuperTrend-p14x3-M15,LONG,L,0.5,1772678259.511,1772657100,1772658000.0,1772677800
453814.48158078466,mult2.25,0.5,5166.27,0,5166.77,5161.92414328264,5161.86,F1,True,4838680.105,-459821.50000007154,-480892.75000007154,1772677800|LONG,EXIT_STLINE,False,SuperTrend-p14x3-M15,LONG,L,0.5,1772678715.941,1772677800,1772678700.0,1772678700
3343949.2847486665,mult2.25,0.5,5148.32,0,5148.44,5164.296493218481,5164.52,F1,True,4821514.06,-1505892.0000000785,-1526963.2500000785,1772678700|SHORT,EXIT_STLINE,False,SuperTrend-p14x3-M15,SHORT,S,0.5,1772683076.332,1772678700,1772679600.0,1772682300
3664033.8930737292,mult2.25,0.5,5100.85,0,5101.35,5104.9130187975825,5104.28,F1,True,4777414.275,274394.4999999421,253323.24999994208,1772742600|LONG,EXIT_STLINE,False,SuperTrend-p14x3-M15,LONG,L,0.5,1772774747.517,1772742600,1772743500.0,1772774100
2433139.20907537,mult2.25,0.5,5158.99,0,5159.49,5133.508801825143,5132.16,F1,True,4831862.385,-2559454.499999993,-2580525.749999993,1772996400|LONG,EXIT_STLINE,False,SuperTrend-p14x3-M15,LONG,L,0.5,1772997381.755,1772996400,1772997300.0,1772997300
2128776.70907537,mult2.25,0.5,5155.54,0,5156.24,5133.508801825143,5132.86,F1,True,4828818.76,-2189537.0000000102,-2210608.2500000102,1772997300|LONG,EXIT_STLINE,False,SuperTrend-p14x3-M15,LONG,L,0.5,1772998794.828,1772997300,1772998200.0,1772998200
4959972.670319541,mult2.25,0.5,5125.47,0,5125.79,5102.996026194213,5103.32,F1,True,4800302.335,2104315.5000000237,2083244.2500000237,1772998200|SHORT,EXIT_STLINE,False,SuperTrend-p14x3-M15,SHORT,S,0.5,1773022999.354,1772998200,1772999100.0,1773022500
764748.3530880824,mult2.25,0.5,5096.03,0,5094.83,5102.996026194213,5103.34,F1,True,4771308.295,-796961.5000000205,-818032.7500000205,1773022500|SHORT,EXIT_STLINE,False,SuperTrend-p14x3-M15,SHORT,S,0.5,1773023531.123,1773022500,1773023400.0,1773023400
5339829.6939943405,mult2.25,0.5,5120.4,0,5120.98,5086.880568017752,5085.43,F1,True,4795797.77,-3329257.499999932,-3350328.749999932,1773023400|LONG,EXIT_STLINE,False,SuperTrend-p14x3-M15,LONG,L,0.5,1773042671.911,1773023400,1773024300.0,1773042300
106399.99981193569,mult2.25,0.5,5215.41,0,5215.34,5216.476145219562,5217.28,F1,True,4884165.91,-181680.9999999625,-202752.2499999625,1773179100|SHORT,EXIT_STLINE,False,SuperTrend-p14x3-M15,SHORT,S,0.5,1773180001.056,1773179100,1773180000.0,1773180000
100780.99981198338,mult2.25,0.5,5215.05,0,5215.4,5216.476145219562,5216.59,F1,True,4884222.1,-111443.5000000477,-132514.7500000477,1773180000|SHORT,EXIT_STLINE,False,SuperTrend-p14x3-M15,SHORT,S,0.5,1773180900.935,1773180000,1773180900.0,1773180900
165399.49981194592,mult2.25,0.5,5214.64,0,5214.71,5216.476145219562,5216.51,F1,True,4883575.915,-168570.00000001703,-189641.25000001703,1773180900|SHORT,EXIT_STLINE,False,SuperTrend-p14x3-M15,SHORT,S,0.5,1773181829.433,1773180900,1773181800.0,1773181800
201922.99981197657,mult2.25,0.5,5214.32,0,5214.32,5216.476145219562,5216.54,F1,True,4883210.68,-207903.00000002384,-228974.25000002384,1773181800|SHORT,EXIT_STLINE,False,SuperTrend-p14x3-M15,SHORT,S,0.5,1773182708.276,1773181800,1773182700.0,1773182700
750711.999811946,mult2.25,0.5,5208.58,0,5208.46,5216.476145219562,5216.48,F1,True,4877722.79,-751072.9999999558,-772144.2499999558,1773182700|SHORT,EXIT_STLINE,False,SuperTrend-p14x3-M15,SHORT,S,0.5,1773186652.923,1773182700,1773183600.0,1773186300
2371573.7084898376,mult2.25,0.5,5217.23,0,5217.73,5192.406201724614,5192.32,F1,True,4886404.145,-2379646.4999999865,-2400717.7499999865,1773186300|LONG,EXIT_STLINE,False,SuperTrend-p14x3-M15,LONG,L,0.5,1773196236.545,1773186300,1773187200.0,1773196200
809491.7084898953,mult2.25,0.5,5200.55,0,5201.05,5192.406201724614,5191.89,F1,True,4870783.325,-857833.9999999864,-878905.2499999864,1773196200|LONG,EXIT_STLINE,False,SuperTrend-p14x3-M15,LONG,L,0.5,1773200659.081,1773196200,1773197100.0,1773199800
263512.2084899021,mult2.25,0.5,5194.72,0,5195.22,5192.406201724614,5192.28,F1,True,4865323.53,-275331.0000000477,-296402.2500000477,1773199800|LONG,EXIT_STLINE,False,SuperTrend-p14x3-M15,LONG,L,0.5,1773200777.128,1773199800,1773200700.0,1773200700
514494.20848984417,mult2.25,0.5,5197.4,0,5197.9,5192.406201724614,5192.04,F1,True,4867833.35,-548788.9999999694,-569860.2499999694,1773200700|LONG,EXIT_STLINE,False,SuperTrend-p14x3-M15,LONG,L,0.5,1773203484.153,1773200700,1773201600.0,1773203400
2193288.240902997,mult2.25,0.5,5158.76,0,5158.55,5160.58316026161,5160.62,F1,True,4830982.075,-193855.49999997276,-214926.74999997276,1773257400|SHORT,EXIT_STLINE,False,SuperTrend-p14x3-M15,SHORT,S,0.5,1773265061.197,1773257400,1773258300.0,1773264600
600592.4584997621,mult2.25,0.5,5154.14,0,5154.17,5160.58316026161,5161.32,F1,True,4826880.205,-669597.4999999659,-690668.7499999659,1773264600|SHORT,EXIT_STLINE,False,SuperTrend-p14x3-M15,SHORT,S,0.5,1773266459.224,1773264600,1773265500.0,1773266400
329007.45849979616,mult2.25,0.5,5157.07,0,5157.07,5160.58316026161,5160.69,F1,True,4829596.055,-339012.99999998976,-360084.24999998976,1773266400|SHORT,EXIT_STLINE,False,SuperTrend-p14x3-M15,SHORT,S,0.5,1773267760.153,1773266400,1773267300.0,1773267300
307467.95849975187,mult2.25,0.5,5157.28,0,5157.3,5160.58316026161,5160.76,F1,True,4829811.45,-324029.00000000343,-345100.25000000343,1773267300|SHORT,EXIT_STLINE,False,SuperTrend-p14x3-M15,SHORT,S,0.5,1773268604.381,1773267300,1773268200.0,1773268200
3285942.0250445427,mult2.25,0.5,5169.54,0,5170.19,5145.697834412983,5145.67,F1,True,4841882.935,-2296297.9999999558,-2317369.2499999558,1773268200|LONG,EXIT_STLINE,False,SuperTrend-p14x3-M15,LONG,L,0.5,1773273106.51,1773268200,1773269100.0,1773272700
488119.30722413247,mult2.25,0.5,5150.41,0,5150.91,5145.697834412983,5145.47,F1,True,4823827.215,-509455.9999999625,-530527.2499999625,1773272700|LONG,EXIT_STLINE,False,SuperTrend-p14x3-M15,LONG,L,0.5,1773279453.237,1773272700,1773273600.0,1773279000
2340830.978099596,mult2.25,0.5,5143.72,0,5143.78,5163.2702104139835,5163.34,F1,True,4817149.97,-1831794.0000000375,-1852865.2500000375,1773279000|SHORT,EXIT_STLINE,False,SuperTrend-p14x3-M15,SHORT,S,0.5,1773286760.438,1773279000,1773279900.0,1773286200
2153177.739014956,mult2.25,0.5,5092.44,0,5092.94,5104.447970699247,5104.13,F1,True,4769538.31,1047943.5000000477,1026872.2500000477,1773342900|LONG,EXIT_STLINE,False,SuperTrend-p14x3-M15,LONG,L,0.5,1773365083.81,1773342900,1773343800.0,1773364500
132236.54401548966,mult2.25,0.5,5105.36,0,5105.86,5104.447970699247,5104.08,F1,True,4781637.89,-166696.99999997616,-187768.24999997616,1773364500|LONG,EXIT_STLINE,False,SuperTrend-p14x3-M15,LONG,L,0.5,1773365729.909,1773364500,1773365400.0,1773365400
1715181.332780888,mult2.25,0.5,5104.34,0,5104.34,5093.655887815729,5093.84,F1,True,4780214.41,983325.0,962253.75,1773365400|SHORT,EXIT_STLINE,False,SuperTrend-p14x3-M15,SHORT,S,0.5,1773381869.01,1773365400,1773366300.0,1773381600
2032801.0100848146,mult2.25,0.5,5020.57,0,5020.67,5029.550557391334,5029.93,F1,True,4701857.455,-867199.0000000205,-888270.2500000205,1773715500|SHORT,EXIT_STLINE,False,SuperTrend-p14x3-M15,SHORT,S,0.5,1773724896.741,1773715500,1773716400.0,1773724500
299267.0143562405,mult2.25,0.5,5011.33,0,5011.33,5014.5255901159235,5014.6,F1,True,4693110.545,-306235.50000004086,-327306.75000004086,1773784800|SHORT,EXIT_STLINE,False,SuperTrend-p14x3-M15,SHORT,S,0.5,1773785775.229,1773784800,1773785700.0,1773785700
627978.514356261,mult2.25,0.5,5007.82,0,5007.82,4999.60086594074,5000.05,F1,True,4689823.43,727660.4999999558,706589.2499999558,1773785700|SHORT,EXIT_STLINE,False,SuperTrend-p14x3-M15,SHORT,S,0.5,1773801467.452,1773785700,1773786600.0,1773801000
48779.09535029121,mult2.25,0.5,4999.08,0,4999.08,4999.60086594074,4999.95,F1,True,4681638.42,-81475.49999998978,-102546.74999998978,1773801000|SHORT,EXIT_STLINE,False,SuperTrend-p14x3-M15,SHORT,S,0.5,1773801903.857,1773801000,1773801900.0,1773801900
203301.59535025715,mult2.25,0.5,4997.43,0,4997.43,4999.60086594074,4999.64,F1,True,4680093.195,-206966.5000000034,-228037.7500000034,1773801900|SHORT,EXIT_STLINE,False,SuperTrend-p14x3-M15,SHORT,S,0.5,1773802831.463,1773801900,1773802800.0,1773802800
1143230.5440324382,mult2.25,0.5,4837.88,0,4837.87,4850.077480448825,4850.35,F1,True,4530665.255,-1168752.0000000442,-1189823.2500000442,1773871200|SHORT,EXIT_STLINE,False,SuperTrend-p14x3-M15,SHORT,S,0.5,1773873008.215,1773871200,1773872100.0,1773873000
4072171.854348413,mult2.25,0.5,4865.59,0,4866.09,4832.9494840753805,4832.9,F1,True,4557093.285,-3108243.5000000475,-3129314.7500000475,1773873000|LONG,EXIT_STLINE,False,SuperTrend-p14x3-M15,LONG,L,0.5,1773887967.474,1773873000,1773873900.0,1773887400
108682.31634058584,mult2.25,0.5,4833.63,0,4834.11,4832.9494840753805,4832.84,F1,True,4527144.015,-118935.4999999557,-140006.7499999557,1773887400|LONG,EXIT_STLINE,False,SuperTrend-p14x3-M15,LONG,L,0.5,1773888313.148,1773887400,1773888300.0,1773888300
2705654.282591406,mult2.25,0.5,4827.52,0,4827.35,4611.401315309876,4611.69,F1,True,4520813.275,20196559.00000007,20175487.75000007,1773888300|SHORT,EXIT_STLINE,False,SuperTrend-p14x3-M15,SHORT,S,0.5,1773917808.797,1773888300,1773889200.0,1773917100
4226363.06047302,mult2.25,0.5,4687.71,0,4688.29,4705.720146616524,4705.74,F1,True,4390583.585,-1634192.499999983,-1655263.749999983,1773974700|SHORT,EXIT_STLINE,False,SuperTrend-p14x3-M15,SHORT,S,0.5,1773982658.71,1773974700,1773975600.0,1773981900
137886.95140013302,mult2.25,0.5,4421.86,0,4421.79,4423.262364670583,4424.2,F1,True,4141006.335,-225696.49999998638,-246767.74999998638,1774217700|SHORT,EXIT_STLINE,False,SuperTrend-p14x3-M15,SHORT,S,0.5,1774218601.609,1774217700,1774218600.0,1774218600
8156175.9425022565,mult2.25,0.5,4435.54,0,4435.87,4348.777891697787,4348.68,F1,True,4154192.255,-8165343.499999963,-8186414.749999963,1774218600|LONG,EXIT_STLINE,False,SuperTrend-p14x3-M15,LONG,L,0.5,1774224770.559,1774218600,1774219500.0,1774224000
99466.44250227987,mult2.25,0.5,4349.29,0,4349.84,4348.777891697787,4348.33,F1,True,4073625.16,-141411.50000002043,-162482.75000002043,1774224000|LONG,EXIT_STLINE,False,SuperTrend-p14x3-M15,LONG,L,0.5,1774225564.737,1774224000,1774224900.0,1774224900
250242.9425022492,mult2.25,0.5,4351.01,0,4351.45,4348.777891697787,4348.54,F1,True,4075132.925,-272521.4999999864,-293592.7499999864,1774224900|LONG,EXIT_STLINE,False,SuperTrend-p14x3-M15,LONG,L,0.5,1774226196.214,1774224900,1774225800.0,1774225800
8108814.111538567,mult2.25,0.5,4341.92,0,4341.87,4225.203069880863,4225.86,F1,True,4066161.255,10864336.50000002,10843265.25000002,1774225800|SHORT,EXIT_STLINE,False,SuperTrend-p14x3-M15,SHORT,S,0.5,1774241215.193,1774225800,1774226700.0,1774241100
125835.32257336142,mult2.25,0.5,4535.55,0,4535.4,4536.7436766959245,4537.1,F1,True,4247402.1,-159205.00000006813,-180276.25000006813,1774475100|SHORT,EXIT_STLINE,False,SuperTrend-p14x3-M15,SHORT,S,0.5,1774476000.331,1774475100,1774476000.0,1774476000
3687957.8455040045,mult2.25,0.5,4538.12,0,4538.66,4499.279777410528,4499.21,F1,True,4250455.09,-3694492.499999983,-3715563.749999983,1774476000|LONG,EXIT_STLINE,False,SuperTrend-p14x3-M15,LONG,L,0.5,1774491979.849,1774476000,1774476900.0,1774491300
3363079.1503184363,mult2.25,0.5,4493.44,0,4493.4,4460.128419168773,4460.15,F1,True,4208069.1,3113862.5,3092791.25,1774491300|SHORT,EXIT_STLINE,False,SuperTrend-p14x3-M15,SHORT,S,0.5,1774521923.976,1774491300,1774492200.0,1774521900
814425.9446627675,mult2.25,0.5,4377.9,1,4400.95,4409.646486328486,4410.02,F1,True,4121489.675,-849405.500000058,-870476.750000058,1774547100|SHORT,EXIT_STLINE,False,SuperTrend-p14x3-M15,SHORT,S,0.5,1774553598.589,1774547100,1774552500.0,1774553400
238478.4446627163,mult2.25,0.5,4406.97,0,4407.1,4409.646486328486,4409.9,F1,True,4127249.1500000004,-262219.99999993184,-283291.24999993184,1774553400|SHORT,EXIT_STLINE,False,SuperTrend-p14x3-M15,SHORT,S,0.5,1774554616.517,1774553400,1774554300.0,1774554300
4927752.608481763,mult2.25,0.5,4411.11,0,4411.62,4433.292248022164,4433.08,F1,True,4131482.13,2009729.0000000035,1988657.7500000035,1774554300|LONG,EXIT_STLINE,False,SuperTrend-p14x3-M15,LONG,L,0.5,1774589242.724,1774554300,1774555200.0,1774588500
5998841.616834866,mult2.25,0.5,4494.46,0,4495.03,4539.3845252126775,4538.52,F1,True,4209595.595,4072838.5000000647,4051767.2500000647,1774827000|LONG,EXIT_STLINE,False,SuperTrend-p14x3-M15,LONG,L,0.5,1774867526.482,1774827000,1774827900.0,1774867500
4431309.973622421,mult2.25,0.5,4535.95,0,4536.43,4562.685145351441,4562.58,F1,True,4248366.695,2448947.499999966,2427876.249999966,1774906200|LONG,EXIT_STLINE,False,SuperTrend-p14x3-M15,LONG,L,0.5,1774916429.758,1774906200,1774907100.0,1774916100
4028095.2966966787,mult2.25,0.5,4561.37,0,4561.39,4573.160859572565,4573.77,F1,True,4271741.735,-1159387.0000000102,-1180458.2500000102,1774916100|SHORT,EXIT_STLINE,False,SuperTrend-p14x3-M15,SHORT,S,0.5,1774945262.906,1774916100,1774917000.0,1774944900
334523.1186403672,mult2.25,0.5,4681.56,0,4682.01,4678.437943207257,4678.39,F1,True,4384702.365,-339012.99999998976,-360084.24999998976,1774999800|LONG,EXIT_STLINE,False,SuperTrend-p14x3-M15,LONG,L,0.5,1775000921.561,1774999800,1775000700.0,1775000700
605171.6186403127,mult2.25,0.5,4684.42,0,4684.9,4678.437943207257,4678.41,F1,True,4387408.85,-607788.4999999795,-628859.7499999795,1775000700|LONG,EXIT_STLINE,False,SuperTrend-p14x3-M15,LONG,L,0.5,1775005338.558,1775000700,1775001600.0,1775005200
3228308.866608883,mult2.25,0.5,4673.71,0,4673.7,4700.132453009622,4700.14,F1,True,4376920.05,-2476106.0000000475,-2497177.2500000475,1775005200|SHORT,EXIT_STLINE,False,SuperTrend-p14x3-M15,SHORT,S,0.5,1775011174.789,1775005200,1775006100.0,1775010600
3365103.1957621886,mult2.25,0.5,4701.99,0,4702.47,4727.717111563936,4727.68,F1,True,4403863.155,2360916.5000000033,2339845.2500000033,1775010600|LONG,EXIT_STLINE,False,SuperTrend-p14x3-M15,LONG,L,0.5,1775035567.255,1775010600,1775011500.0,1775034900
3529248.3868434653,mult2.25,0.5,4791.06,0,4791.57,4766.1615593502975,4765.98,F1,True,4487305.305,-2396503.5000000135,-2417574.7500000135,1775073600|LONG,EXIT_STLINE,False,SuperTrend-p14x3-M15,LONG,L,0.5,1775081009.3,1775073600,1775074500.0,1775080800
3782215.8831292563,mult2.25,0.5,4750.79,0,4750.75,4627.155438603186,4627.32,F1,True,4449077.375,11559219.500000028,11538148.250000028,1775080800|SHORT,EXIT_STLINE,False,SuperTrend-p14x3-M15,SHORT,S,0.5,1775103662.33,1775080800,1775081700.0,1775103300
4637728.767860796,mult2.25,0.5,4630.3,0,4631.08,4653.263793850034,4653.68,F1,True,4337006.42,-2116490.000000034,-2137561.250000034,1775412000|SHORT,EXIT_STLINE,False,SuperTrend-p14x3-M15,SHORT,S,0.5,1775427469.197,1775412000,1775412900.0,1775427300
4749274.413143509,mult2.25,0.5,4660.88,0,4661.51,4676.2913874996675,4675.75,F1,True,4365504.115,1333575.9999999795,1312504.7499999795,1775427300|LONG,EXIT_STLINE,False,SuperTrend-p14x3-M15,LONG,L,0.5,1775463093.766,1775427300,1775428200.0,1775462400
2900233.8624148252,mult2.25,0.5,4662.19,0,4662.7,4637.57230734773,4637.52,F1,True,4366618.55,-2358106.9999999423,-2379178.2499999423,1775521800|LONG,EXIT_STLINE,False,SuperTrend-p14x3-M15,LONG,L,0.5,1775525214.307,1775521800,1775522700.0,1775524500
3567507.189176642,mult2.25,0.5,4632.57,0,4632.36,4659.398933402712,4659.62,F1,True,4338205.14,-2552899.0000000205,-2573970.2500000205,1775524500|SHORT,EXIT_STLINE,False,SuperTrend-p14x3-M15,SHORT,S,0.5,1775534543.214,1775524500,1775525400.0,1775534400
822828.3709496446,mult2.25,0.5,4799.97,0,4800.54,4791.753792088098,4791.72,F1,True,4495705.71,-825992.9999999728,-847064.2499999728,1775597400|LONG,EXIT_STLINE,False,SuperTrend-p14x3-M15,LONG,L,0.5,1775607471.479,1775597400,1775598300.0,1775607300
999826.8709496753,mult2.25,0.5,4802.32,0,4802.43,4803.304009602015,4802.99,F1,True,4497475.695,52443.9999999523,31372.7499999523,1775607300|LONG,EXIT_STLINE,False,SuperTrend-p14x3-M15,LONG,L,0.5,1775622348.628,1775607300,1775608200.0,1775621700
267555.8306567071,mult2.25,0.5,4771.68,0,4771.67,4767.171036676962,4767.46,F1,True,4468668.955,394266.50000000343,373195.25000000343,1775770200|SHORT,EXIT_STLINE,False,SuperTrend-p14x3-M15,SHORT,S,0.5,1775777915.263,1775770200,1775771100.0,1775777400
191143.08479749074,mult2.25,0.5,4765.18,0,4765.13,4767.171036676962,4767.23,F1,True,4462544.245,-196664.9999999489,-217736.2499999489,1775777400|SHORT,EXIT_STLINE,False,SuperTrend-p14x3-M15,SHORT,S,0.5,1775778410.803,1775777400,1775778300.0,1775778300
73144.0847974703,mult2.25,0.5,4766.37,0,4766.39,4767.171036676962,4767.44,F1,True,4463724.235,-98332.49999993187,-119403.74999993187,1775778300|SHORT,EXIT_STLINE,False,SuperTrend-p14x3-M15,SHORT,S,0.5,1775779211.436,1775778300,1775779200.0,1775779200
21636.584797538446,mult2.25,0.5,4766.96,0,4766.94,4767.171036676962,4767.44,F1,True,4464239.31,-46825.0,-67896.25,1775779200|SHORT,EXIT_STLINE,False,SuperTrend-p14x3-M15,SHORT,S,0.5,1775780100.115,1775779200,1775780100.0,1775780100
157429.0847975214,mult2.25,0.5,4765.43,0,4765.49,4767.171036676962,4767.22,F1,True,4462881.385,-162014.5000000443,-183085.7500000443,1775780100|SHORT,EXIT_STLINE,False,SuperTrend-p14x3-M15,SHORT,S,0.5,1775785015.218,1775780100,1775781000.0,1775784600
242650.5847975078,mult2.25,0.5,4764.57,0,4764.58,4767.171036676962,4767.19,F1,True,4462029.17,-244426.49999996932,-265497.7499999693,1775784600|SHORT,EXIT_STLINE,False,SuperTrend-p14x3-M15,SHORT,S,0.5,1775785514.893,1775784600,1775785500.0,1775785500
134953.08479754184,mult2.25,0.5,4765.76,0,4765.73,4756.708573487521,4756.8,F1,True,4463106.145,836294.499999942,815223.249999942,1775785500|SHORT,EXIT_STLINE,False,SuperTrend-p14x3-M15,SHORT,S,0.5,1775798377.238,1775785500,1775786400.0,1775798100
3913204.8786830283,mult2.25,0.5,4695.34,0,4696.01,4714.744079090928,4714.38,F1,True,4397813.365,1720350.4999999898,1699279.2499999898,1776026700|LONG,EXIT_STLINE,False,SuperTrend-p14x3-M15,LONG,L,0.5,1776058193.177,1776026700,1776027600.0,1776057300
258410.14147891014,mult2.25,0.5,4761.08,0,4761.36,4770.011288102756,4769.93,F1,True,4459013.64,802580.500000058,781509.250000058,1776130200|LONG,EXIT_STLINE,False,SuperTrend-p14x3-M15,LONG,L,0.5,1776137120.922,1776130200,1776131100.0,1776136500
153901.29025209585,mult2.25,0.5,4834.49,0,4834.99,4833.3466333128445,4833.32,F1,True,4527968.135,-156395.5000000068,-177466.7500000068,1776204900|LONG,EXIT_STLINE,False,SuperTrend-p14x3-M15,LONG,L,0.5,1776205816.729,1776204900,1776205800.0,1776205800
2255197.559173876,mult2.25,0.5,4828.16,0,4828.15,4816.089257355971,4816.15,F1,True,4521562.475,1123800.0,1102728.75,1776205800|SHORT,EXIT_STLINE,False,SuperTrend-p14x3-M15,SHORT,S,0.5,1776241127.741,1776205800,1776206700.0,1776240900
1686079.431319094,mult2.25,0.5,4807.49,0,4807.91,4816.432796151209,4816.31,F1,True,4502607.715,786660.0000000511,765588.7500000511,1776278700|LONG,EXIT_STLINE,False,SuperTrend-p14x3-M15,LONG,L,0.5,1776289049.23,1776278700,1776279600.0,1776288600
1977839.9414339322,mult2.25,0.5,4815.83,0,4815.81,4834.716432301438,4834.72,F1,True,4510006.065,-1770921.4999999863,-1791992.7499999863,1776288600|SHORT,EXIT_STLINE,False,SuperTrend-p14x3-M15,SHORT,S,0.5,1776301212.012,1776288600,1776289500.0,1776301200
63347.885029637924,mult2.25,0.5,4834.32,0,4834.04,4834.716432301438,4834.73,F1,True,4527078.46,-64618.49999996252,-85689.74999996251,1776301200|SHORT,EXIT_STLINE,False,SuperTrend-p14x3-M15,SHORT,S,0.5,1776302120.636,1776301200,1776302100.0,1776302100
143886.88502960728,mult2.25,0.5,4833.12,0,4833.18,4823.955645307682,4824.04,F1,True,4526273.07,855961.0000000306,834889.7500000306,1776302100|SHORT,EXIT_STLINE,False,SuperTrend-p14x3-M15,SHORT,S,0.5,1776332101.455,1776302100,1776303000.0,1776331800
177997.58677221026,mult2.25,0.5,4789.36,0,4789.31,4791.210668305096,4791.31,F1,True,4485188.815,-187300.0,-208371.25,1776375900|SHORT,EXIT_STLINE,False,SuperTrend-p14x3-M15,SHORT,S,0.5,1776376858.803,1776375900,1776376800.0,1776376800
999.0867722647636,mult2.25,0.5,4791.21,0,4791.2,4791.210668305096,4791.7,F1,True,4486958.8,-46825.0,-67896.25,1776376800|SHORT,EXIT_STLINE,False,SuperTrend-p14x3-M15,SHORT,S,0.5,1776377700.087,1776376800,1776377700.0,1776377700
221076.58677221366,mult2.25,0.5,4788.94,0,4788.85,4791.210668305096,4791.22,F1,True,4484758.025,-221950.49999998978,-243021.74999998978,1776377700|SHORT,EXIT_STLINE,False,SuperTrend-p14x3-M15,SHORT,S,0.5,1776378714.831,1776377700,1776378600.0,1776378600
1755455.7140983683,mult2.25,0.5,4791.33,0,4791.91,4788.350492234149,4788.3,F1,True,4487623.715,-338076.4999999693,-359147.7499999693,1776378600|LONG,EXIT_STLINE,False,SuperTrend-p14x3-M15,LONG,L,0.5,1776391876.252,1776378600,1776379500.0,1776391200
1774534.8597089758,mult2.25,0.5,4787.54,0,4787.57,4798.592127251096,4798.6,F1,True,4483559.305,-1032959.5000000614,-1054030.7500000615,1776391200|SHORT,EXIT_STLINE,False,SuperTrend-p14x3-M15,SHORT,S,0.5,1776402109.907,1776391200,1776392100.0,1776402000
4050488.4522518036,mult2.25,0.5,4793.53,0,4794.04,4779.401637281041,4779.39,F1,True,4489618.46,-1371972.499999966,-1393043.749999966,1776632400|LONG,EXIT_STLINE,False,SuperTrend-p14x3-M15,LONG,L,0.5,1776649491.441,1776632400,1776633300.0,1776648600
166543.6686305305,mult2.25,0.5,4780.65,0,4781.18,4799.0352066154355,4798.88,F1,True,4477575.07,1657604.999999983,1636533.749999983,1776648600|LONG,EXIT_STLINE,False,SuperTrend-p14x3-M15,LONG,L,0.5,1776682272.007,1776648600,1776649500.0,1776681900
1750987.580190874,mult2.25,0.5,4828.94,0,4829.39,4815.527651557866,4815.35,F1,True,4522723.735,-1314845.9999999965,-1335917.2499999965,1776708000|LONG,EXIT_STLINE,False,SuperTrend-p14x3-M15,LONG,L,0.5,1776719477.644,1776708000,1776708900.0,1776718800
1848358.7363180083,mult2.25,0.5,4814.64,0,4814.66,4796.2861735033675,4796.35,F1,True,4508929.09,1714731.4999999523,1693660.2499999523,1776718800|SHORT,EXIT_STLINE,False,SuperTrend-p14x3-M15,SHORT,S,0.5,1776757692.578,1776718800,1776719700.0,1776757500
379171.42374510254,mult2.25,0.5,4755.92,0,4756.43,4752.381186078536,4752.35,F1,True,4454396.695,-382091.9999999932,-403163.2499999932,1776832200|LONG,EXIT_STLINE,False,SuperTrend-p14x3-M15,LONG,L,0.5,1776837335.758,1776832200,1776833100.0,1776836700
308933.92374510254,mult2.25,0.5,4755.04,0,4755.68,4752.381186078536,4752.32,F1,True,4453694.32,-314664.0000000545,-335735.2500000545,1776836700|LONG,EXIT_STLINE,False,SuperTrend-p14x3-M15,LONG,L,0.5,1776837755.741,1776836700,1776837600.0,1776837600
1732190.0014188814,mult2.25,0.5,4748.34,0,4748.12,4760.7909886054795,4760.87,F1,True,4446614.38,-1194037.5,-1215108.75,1776837600|SHORT,EXIT_STLINE,False,SuperTrend-p14x3-M15,SHORT,S,0.5,1776851204.3,1776837600,1776838500.0,1776851100
779260.5829031285,mult2.25,0.5,4752.76,0,4752.47,4746.272844090259,4746.38,F1,True,4450688.155,570328.5000000136,549257.2500000136,1776851100|SHORT,EXIT_STLINE,False,SuperTrend-p14x3-M15,SHORT,S,0.5,1776869304.837,1776851100,1776852000.0,1776869100
437611.84905274387,mult2.25,0.5,4741.55,0,4741.6,4746.272844090259,4746.28,F1,True,4440508.4,-438281.9999999421,-459353.2499999421,1776869100|SHORT,EXIT_STLINE,False,SuperTrend-p14x3-M15,SHORT,S,0.5,1776880859.436,1776869100,1776870000.0,1776880800
936766.349052737,mult2.25,0.5,4736.26,0,4736.27,4730.59709955761,4730.72,F1,True,4435516.855,519757.50000001705,498686.25000001705,1776880800|SHORT,EXIT_STLINE,False,SuperTrend-p14x3-M15,SHORT,S,0.5,1776889291.464,1776880800,1776881700.0,1776888900
4448457.2397438735,mult2.25,0.5,4741.38,0,4741.84,4724.776551483939,4724.71,F1,True,4440733.16,-1604224.5000000102,-1625295.7500000102,1776888900|LONG,EXIT_STLINE,False,SuperTrend-p14x3-M15,LONG,L,0.5,1776894889.156,1776888900,1776889800.0,1776894300
2924780.1260898965,mult2.25,0.5,4723.08,0,4723.11,4720.175744043002,4720.19,F1,True,4423192.515,273458.0000000068,252386.7500000068,1776894300|SHORT,EXIT_STLINE,False,SuperTrend-p14x3-M15,SHORT,S,0.5,1776912523.831,1776894300,1776895200.0,1776912300
692611.4296271557,mult2.25,0.5,4712.76,0,4712.78,4720.175744043002,4720.19,F1,True,4413518.47,-693946.4999999864,-715017.7499999864,1776912300|SHORT,EXIT_STLINE,False,SuperTrend-p14x3-M15,SHORT,S,0.5,1776916196.39,1776912300,1776913200.0,1776915900
182184.75747262436,mult2.25,0.5,4682.54,0,4682.55,4684.495379150802,4684.52,F1,True,4385208.075,-184490.50000002384,-205561.75000002384,1776994200|SHORT,EXIT_STLINE,False,SuperTrend-p14x3-M15,SHORT,S,0.5,1776995147.135,1776994200,1776995100.0,1776995100
2228461.367116503,mult2.25,0.5,4686.23,0,4686.89,4704.972229956494,4700.3,F1,True,4389272.485,1255846.4999999863,1234775.2499999863,1776995100|LONG,EXIT_STLINE,False,SuperTrend-p14x3-M15,LONG,L,0.5,1777226404.578,1776995100,1776996000.0,1777226400
2430114.720731835,mult2.25,0.5,4685.14,1,4686.44,4693.324389695616,4693.53,F1,True,4388851.06,-663978.5000000136,-685049.7500000136,1777226400|SHORT,EXIT_STLINE,False,SuperTrend-p14x3-M15,SHORT,S,0.5,1777237106.612,1777226400,1777228200.0,1777236300
2487316.0709102526,mult2.25,0.5,4697.65,0,4698.16,4710.465399842607,4710.28,F1,True,4399826.84,1135037.9999999898,1113966.7499999898,1777236300|LONG,EXIT_STLINE,False,SuperTrend-p14x3-M15,LONG,L,0.5,1777253741.962,1777236300,1777237200.0,1777253400
142778.80473979286,mult2.25,0.5,4711.5,0,4711.99,4710.465399842607,4710.45,F1,True,4412778.635,-144220.9999999966,-165292.2499999966,1777253400|LONG,EXIT_STLINE,False,SuperTrend-p14x3-M15,LONG,L,0.5,1777254627.749,1777253400,1777254300.0,1777254300
1604377.4647785977,mult2.25,0.5,4709.88,0,4709.83,4690.67142168947,4691.02,F1,True,4410755.795,1761556.4999999523,1740485.2499999523,1777254300|SHORT,EXIT_STLINE,False,SuperTrend-p14x3-M15,SHORT,S,0.5,1777313433.8,1777254300,1777255200.0,1777312800
171512.64121882874,mult2.25,0.5,4689.06,0,4688.84,4690.67142168947,4690.74,F1,True,4391098.66,-177934.99999996592,-199006.24999996592,1777312800|SHORT,EXIT_STLINE,False,SuperTrend-p14x3-M15,SHORT,S,0.5,1777317331.28,1777312800,1777313700.0,1777317300
14180.641218801475,mult2.25,0.5,4690.53,0,4690.52,4690.67142168947,4691.02,F1,True,4392671.98,-46825.0,-67896.25,1777317300|SHORT,EXIT_STLINE,False,SuperTrend-p14x3-M15,SHORT,S,0.5,1777318200.036,1777317300,1777318200.0,1777318200
1154857.7376482014,mult2.25,0.5,4694.23,0,4694.61,4685.740106982819,4685.65,F1,True,4396502.265,-839104.0000000034,-860175.2500000034,1777318200|LONG,EXIT_STLINE,False,SuperTrend-p14x3-M15,LONG,L,0.5,1777323734.938,1777318200,1777319100.0,1777323600
198527.98105894466,mult2.25,0.5,4687.79,0,4687.86,4685.740106982819,4685.74,F1,True,4390180.89,-198537.99999998978,-219609.24999998978,1777323600|LONG,EXIT_STLINE,False,SuperTrend-p14x3-M15,LONG,L,0.5,1777324537.706,1777323600,1777324500.0,1777324500
206956.4810589583,mult2.25,0.5,4687.31,0,4687.95,4685.740106982819,4685.73,F1,True,4390265.175,-207903.00000002384,-228974.25000002384,1777324500|LONG,EXIT_STLINE,False,SuperTrend-p14x3-M15,LONG,L,0.5,1777325428.767,1777324500,1777325400.0,1777325400
176051.98105896512,mult2.25,0.5,4687.1,0,4687.62,4685.740106982819,4685.74,F1,True,4389956.13,-176062.00000001022,-197133.25000001022,1777325400|LONG,EXIT_STLINE,False,SuperTrend-p14x3-M15,LONG,L,0.5,1777326348.711,1777325400,1777326300.0,1777326300
2012653.977476249,mult2.25,0.5,4670.58,0,4670.52,4591.024855618545,4591.12,F1,True,4373941.98,7435810.000000051,7414738.750000051,1777326300|SHORT,EXIT_STLINE,False,SuperTrend-p14x3-M15,SHORT,S,0.5,1777364436.365,1777326300,1777327200.0,1777364100
2294663.420040716,mult2.25,0.5,4582.46,0,4582.21,4601.105221158211,4601.19,F1,True,4291239.665,-1777476.999999959,-1798548.249999959,1777410000|SHORT,EXIT_STLINE,False,SuperTrend-p14x3-M15,SHORT,S,0.5,1777414060.163,1777410000,1777410900.0,1777413600
31393.46146641478,mult2.25,0.5,4600.79,0,4600.77,4601.105221158211,4601.27,F1,True,4308621.105,-46825.0,-67896.25,1777413600|SHORT,EXIT_STLINE,False,SuperTrend-p14x3-M15,SHORT,S,0.5,1777414500.013,1777413600,1777414500.0,1777414500
178423.9614664727,mult2.25,0.5,4599.1,0,4599.2,4601.105221158211,4601.2,F1,True,4307150.8,-187300.0,-208371.25,1777414500|SHORT,EXIT_STLINE,False,SuperTrend-p14x3-M15,SHORT,S,0.5,1777415457.765,1777414500,1777415400.0,1777415400
415358.46146644885,mult2.25,0.5,4596.67,0,4596.67,4601.105221158211,4601.24,F1,True,4304781.455,-427980.49999997276,-449051.74999997276,1777415400|SHORT,EXIT_STLINE,False,SuperTrend-p14x3-M15,SHORT,S,0.5,1777416540.322,1777415400,1777416300.0,1777416300
712228.9614664557,mult2.25,0.5,4593.48,0,4593.5,4601.105221158211,4601.16,F1,True,4301812.75,-717358.9999999864,-738430.2499999864,1777416300|SHORT,EXIT_STLINE,False,SuperTrend-p14x3-M15,SHORT,S,0.5,1777417981.522,1777416300,1777417200.0,1777417200
2028404.2144078629,mult2.25,0.5,4601.66,0,4602.26,4587.128161307566,4587.08,F1,True,4310016.49,-1421607.0000000272,-1442678.2500000272,1777417200|LONG,EXIT_STLINE,False,SuperTrend-p14x3-M15,LONG,L,0.5,1777428748.427,1777417200,1777418100.0,1777428000
167805.6935464333,mult2.25,0.5,4588.4,0,4588.92,4587.128161307566,4587.05,F1,True,4297523.58,-175125.49999998978,-196196.74999998978,1777428000|LONG,EXIT_STLINE,False,SuperTrend-p14x3-M15,LONG,L,0.5,1777428930.972,1777428000,1777428900.0,1777428900
1701717.0709259228,mult2.25,0.5,4584.83,0,4584.82,4576.554698119097,4576.61,F1,True,4293683.93,768866.5000000034,747795.2500000034,1777428900|SHORT,EXIT_STLINE,False,SuperTrend-p14x3-M15,SHORT,S,0.5,1777444329.138,1777428900,1777429800.0,1777444200
2192095.7157112677,mult2.25,0.5,4561.61,0,4562.14,4558.71530315006,4558.52,F1,True,4272444.11,-339012.99999998976,-360084.24999998976,1777491900|LONG,EXIT_STLINE,False,SuperTrend-p14x3-M15,LONG,L,0.5,1777505844.839,1777491900,1777492800.0,1777505400
275770.85999684787,mult2.25,0.5,4561.36,0,4561.66,4558.71530315006,4558.68,F1,True,4271994.59,-279076.99999995914,-300148.24999995914,1777505400|LONG,EXIT_STLINE,False,SuperTrend-p14x3-M15,LONG,L,0.5,1777506512.153,1777505400,1777506300.0,1777506300
1932304.6863502979,mult2.25,0.5,4555.85,0,4555.87,4562.125812528162,4562.17,F1,True,4266572.255,-589995.000000017,-611066.250000017,1777506300|SHORT,EXIT_STLINE,False,SuperTrend-p14x3-M15,SHORT,S,0.5,1777512795.751,1777506300,1777507200.0,1777512600
2169958.971207665,mult2.25,0.5,4563.8,0,4564.24,4617.809129016914,4617.68,F1,True,4274410.76,5004656.0000000475,4983584.7500000475,1777512600|LONG,EXIT_STLINE,False,SuperTrend-p14x3-M15,LONG,L,0.5,1777542411.268,1777512600,1777513500.0,1777542300
1755678.6489608819,mult2.25,0.5,4631.2,0,4631.77,4618.365628312395,4618.28,F1,True,4337652.605,-1263338.5000000647,-1284409.7500000647,1777572000|LONG,EXIT_STLINE,False,SuperTrend-p14x3-M15,LONG,L,0.5,1777581435.974,1777572000,1777572900.0,1777581000
260756.40854420981,mult2.25,0.5,4620.6,0,4621.15,4618.365628312395,4618.35,F1,True,4327706.975,-262219.99999993184,-283291.24999993184,1777581000|LONG,EXIT_STLINE,False,SuperTrend-p14x3-M15,LONG,L,0.5,1777582816.024,1777581000,1777581900.0,1777582800
1333721.5280843098,mult2.25,0.5,4618.24,0,4618.19,4630.463942960184,4630.47,F1,True,4324934.935,-1150022.0000000612,-1171093.2500000612,1777582800|SHORT,EXIT_STLINE,False,SuperTrend-p14x3-M15,SHORT,S,0.5,1777587056.524,1777582800,1777583700.0,1777586400
1816437.232165382,mult2.25,0.5,4630.72,0,4631.28,4616.896910404888,4616.84,F1,True,4337193.72,-1352305.9999999625,-1373377.2499999625,1777586400|LONG,EXIT_STLINE,False,SuperTrend-p14x3-M15,LONG,L,0.5,1777589851.297,1777586400,1777587300.0,1777589100
233477.84058223848,mult2.25,0.5,4618.93,0,4619.39,4616.896910404888,4616.89,F1,True,4326058.735,-234125.0,-255196.25,1777589100|LONG,EXIT_STLINE,False,SuperTrend-p14x3-M15,LONG,L,0.5,1777595413.182,1777589100,1777590000.0,1777595400
1517185.2377371904,mult2.25,0.5,4613.3,0,4613.28,4581.150897568344,4581.18,F1,True,4320336.72,3006164.999999949,2985093.749999949,1777595400|SHORT,EXIT_STLINE,False,SuperTrend-p14x3-M15,SHORT,S,0.5,1777623230.225,1777595400,1777596300.0,1777622400
906386.4199529748,mult2.25,0.5,4622.84,1,4620.68,4618.240778635621,4618.36,F1,True,4327266.82,217268.00000005792,196196.75000005792,1777831200|SHORT,EXIT_STLINE,False,SuperTrend-p14x3-M15,SHORT,S,0.5,1777845646.314,1777831200,1777833000.0,1777845600
961858.4192258547,mult2.25,0.5,4608.19,0,4607.97,4559.919359375393,4560.1,F1,True,4315363.905,4483025.49999999,4461954.24999999,1777845600|SHORT,EXIT_STLINE,False,SuperTrend-p14x3-M15,SHORT,S,0.5,1777876596.423,1777845600,1777846500.0,1777876200
2353673.7516011856,mult2.25,0.5,4538.6,0,4539.17,4560.287097704352,4559.35,F1,True,4250932.705,1889857.0000000272,1868785.7500000272,1777928400|LONG,EXIT_STLINE,False,SuperTrend-p14x3-M15,LONG,L,0.5,1777983912.749,1777928400,1777929300.0,1777983300
2616017.898605791,mult2.25,0.5,4573.14,0,4573.8,4690.887408541352,4690.84,F1,True,4283363.7,10960795.999999996,10939724.749999996,1778006700|LONG,EXIT_STLINE,False,SuperTrend-p14x3-M15,LONG,L,0.5,1778054367.264,1778006700,1778007600.0,1778053500
97720.44546841898,mult2.25,0.5,4696.71,0,4697.21,4696.166535552927,4696.15,F1,True,4398937.165,-99269.00000003747,-120340.25000003747,1778112900|LONG,EXIT_STLINE,False,SuperTrend-p14x3-M15,LONG,L,0.5,1778113820.028,1778112900,1778113800.0,1778113800
213846.44546839854,mult2.25,0.5,4697.84,0,4698.45,4696.166535552927,4696.16,F1,True,4400098.425,-214458.4999999966,-235529.7499999966,1778113800|LONG,EXIT_STLINE,False,SuperTrend-p14x3-M15,LONG,L,0.5,1778114846.385,1778113800,1778114700.0,1778114700
49022.4454683781,mult2.25,0.5,4696.23,0,4696.69,4696.166535552927,4696.13,F1,True,4398450.185,-52443.9999999523,-73515.2499999523,1778114700|LONG,EXIT_STLINE,False,SuperTrend-p14x3-M15,LONG,L,0.5,1778115600.259,1778114700,1778115600.0,1778115600
439542.9454683849,mult2.25,0.5,4700.26,0,4700.86,4696.166535552927,4696.09,F1,True,4402355.39,-446710.4999999557,-467781.7499999557,1778115600|LONG,EXIT_STLINE,False,SuperTrend-p14x3-M15,LONG,L,0.5,1778116789.198,1778115600,1778116500.0,1778116500
1497550.6501462439,mult2.25,0.5,4695.77,0,4695.81,4711.800930594194,4711.83,F1,True,4397626.065,-1500272.9999999558,-1521344.2499999558,1778116500|SHORT,EXIT_STLINE,False,SuperTrend-p14x3-M15,SHORT,S,0.5,1778120442.951,1778116500,1778117400.0,1778120100
2049562.5174986955,mult2.25,0.5,4717.24,0,4717.51,4725.488242744012,4725.24,F1,True,4417948.115,723914.4999999591,702843.2499999591,1778120100|LONG,EXIT_STLINE,False,SuperTrend-p14x3-M15,LONG,L,0.5,1778130169.661,1778120100,1778121000.0,1778130000
2789952.2415731032,mult2.25,0.5,4713.92,0,4714.15,4707.389299861093,4707.21,F1,True,4414801.475,-649930.9999999625,-671002.2499999625,1778187600|LONG,EXIT_STLINE,False,SuperTrend-p14x3-M15,LONG,L,0.5,1778210575.087,1778187600,1778188500.0,1778210100
753618.9965897645,mult2.25,0.5,4691.94,0,4691.97,4700.017186295673,4700.29,F1,True,4394029.905,-779167.9999999728,-800239.2499999728,1778446800|SHORT,EXIT_STLINE,False,SuperTrend-p14x3-M15,SHORT,S,0.5,1778448168.539,1778446800,1778447700.0,1778447700
114925.99658979179,mult2.25,0.5,4698.77,0,4698.79,4700.017186295673,4700.07,F1,True,4400416.835,-119871.99999997615,-140943.24999997613,1778447700|SHORT,EXIT_STLINE,False,SuperTrend-p14x3-M15,SHORT,S,0.5,1778448810.241,1778447700,1778448600.0,1778448600
541033.4965898088,mult2.25,0.5,4694.22,0,4694.24,4700.017186295673,4700.05,F1,True,4396155.76,-544106.5000000375,-565177.7500000375,1778448600|SHORT,EXIT_STLINE,False,SuperTrend-p14x3-M15,SHORT,S,0.5,1778452680.428,1778448600,1778449500.0,1778452200
1089822.4965897782,mult2.25,0.5,4688.39,0,4688.38,4679.229451265215,4679.32,F1,True,4390667.87,848469.0000000375,827397.7500000375,1778452200|SHORT,EXIT_STLINE,False,SuperTrend-p14x3-M15,SHORT,S,0.5,1778467981.404,1778452200,1778453100.0,1778467500
101090.61098743523,mult2.25,0.5,4678.27,0,4678.15,4679.229451265215,4679.3,F1,True,4381087.475,-107697.5000000511,-128768.7500000511,1778467500|SHORT,EXIT_STLINE,False,SuperTrend-p14x3-M15,SHORT,S,0.5,1778468400.302,1778467500,1778468400.0,1778468400
1359309.842940028,mult2.25,0.5,4738.96,0,4739.51,4746.496733055634,4746.46,F1,True,4438551.115,650867.499999983,629796.249999983,1778522400|LONG,EXIT_STLINE,False,SuperTrend-p14x3-M15,LONG,L,0.5,1778533200.816,1778522400,1778523300.0,1778533200
78197.7500000034,mult2.50,0.5,4347.59,0,4347.59,4348.425,4348.63,F1,True,4071518.035,-97395.9999999966,-118467.2499999966,1767309300|SHORT,EXIT_STLINE,False,SuperTrend-p14x3-M15,SHORT,S,0.5,1767310203.104,1767309300,1767310200.0,1767310200
2097867.5063775457,mult2.50,0.5,4351.38,0,4351.88,4381.793002615225,4381.16,F1,True,4075535.62,2742071.9999999763,2721000.7499999763,1767310200|LONG,EXIT_STLINE,False,SuperTrend-p14x3-M15,LONG,L,0.5,1767349452.348,1767310200,1767311100.0,1767348900
413558.4338440608,mult2.50,0.5,4440.38,0,4440.95,4436.533999638611,4436.52,F1,True,4158949.675,-414869.4999999421,-435940.7499999421,1767646800|LONG,EXIT_STLINE,False,SuperTrend-p14x3-M15,LONG,L,0.5,1767648869.898,1767646800,1767647700.0,1767648600
1836767.6941173258,mult2.50,0.5,4436.35,0,4436.35,4453.950387288175,4454.02,F1,True,4154641.7750000004,-1654795.5000000068,-1675866.7500000068,1767648600|SHORT,EXIT_STLINE,False,SuperTrend-p14x3-M15,SHORT,S,0.5,1767654132.12,1767648600,1767649500.0,1767654000
2527119.045954071,mult2.50,0.5,4459.36,0,4459.8,4452.535075347005,4451.7,F1,True,4176602.7,-758565.0000000341,-779636.2500000341,1767654000|LONG,EXIT_STLINE,False,SuperTrend-p14x3-M15,LONG,L,0.5,1767668176.378,1767654000,1767654900.0,1767667500
2172850.8246030835,mult2.50,0.5,4451.87,0,4452.34,4473.381916713786,4473.43,F1,True,4169616.41,-1975078.5000000137,-1996149.7500000137,1767667500|SHORT,EXIT_STLINE,False,SuperTrend-p14x3-M15,SHORT,S,0.5,1767677223.905,1767667500,1767668400.0,1767676500
736314.3325258375,mult2.50,0.5,4491.83,0,4492.33,4484.467593886537,4484.44,F1,True,4207067.045,-738898.5000000306,-759969.7500000306,1767735900|LONG,EXIT_STLINE,False,SuperTrend-p14x3-M15,LONG,L,0.5,1767736901.061,1767735900,1767736800.0,1767736800
2673249.1365951984,mult2.50,0.5,4470.76,0,4470.81,4465.888008165549,4465.97,F1,True,4186913.5650000004,453266.0000000136,432194.7500000136,1767736800|SHORT,EXIT_STLINE,False,SuperTrend-p14x3-M15,SHORT,S,0.5,1767762573.084,1767736800,1767737700.0,1767762000
107747.43273269224,mult2.50,0.5,4450.03,0,4450.53,4449.379466815454,4449.24,F1,True,4167921.345,-120808.4999999966,-141879.7499999966,1767822300|LONG,EXIT_STLINE,False,SuperTrend-p14x3-M15,LONG,L,0.5,1767823200.955,1767822300,1767823200.0,1767823200
759551.4327326956,mult2.50,0.5,4456.84,0,4457.49,4449.379466815454,4449.17,F1,True,4174439.385,-779167.9999999728,-800239.2499999728,1767823200|LONG,EXIT_STLINE,False,SuperTrend-p14x3-M15,LONG,L,0.5,1767825654.065,1767823200,1767824100.0,1767825000
1692131.830343934,mult2.50,0.5,4447.39,0,4447.35,4437.945000855672,4437.99,F1,True,4164943.2750000004,876564.0000000545,855492.7500000545,1767825000|SHORT,EXIT_STLINE,False,SuperTrend-p14x3-M15,SHORT,S,0.5,1767843544.619,1767825000,1767825900.0,1767843000
231783.83013369015,mult2.50,0.5,4435.53,0,4435.47,4437.945000855672,4438.19,F1,True,4153817.655,-254727.99999993868,-275799.24999993865,1767843000|SHORT,EXIT_STLINE,False,SuperTrend-p14x3-M15,SHORT,S,0.5,1767845320.381,1767843000,1767843900.0,1767844800
193387.3301337038,mult2.50,0.5,4435.88,0,4435.88,4432.992938706374,4433.08,F1,True,4154201.62,262220.00000001705,241148.75000001705,1767844800|SHORT,EXIT_STLINE,False,SuperTrend-p14x3-M15,SHORT,S,0.5,1767867771.587,1767844800,1767845700.0,1767867300
1734505.2584599461,mult2.50,0.5,4461.19,0,4461.25,4474.595732437306,4474.72,F1,True,4177960.625,-1261465.5000000237,-1282536.7500000237,1767908700|SHORT,EXIT_STLINE,False,SuperTrend-p14x3-M15,SHORT,S,0.5,1767913407.479,1767908700,1767909600.0,1767913200
264629.84275364183,mult2.50,0.5,4471.77,0,4471.77,4474.595732437306,4474.62,F1,True,4187812.6050000004,-266902.4999999489,-287973.7499999489,1767913200|SHORT,EXIT_STLINE,False,SuperTrend-p14x3-M15,SHORT,S,0.5,1767914585.647,1767913200,1767914100.0,1767914100
228106.34275369634,mult2.50,0.5,4472.22,0,4472.16,4474.595732437306,4475.98,F1,True,4188177.84,-357742.99999997276,-378814.24999997276,1767914100|SHORT,EXIT_STLINE,False,SuperTrend-p14x3-M15,SHORT,S,0.5,1767915008.078,1767914100,1767915000.0,1767915000
137265.8427536725,mult2.50,0.5,4473.11,0,4473.13,4474.595732437306,4474.66,F1,True,4189086.245,-143284.49999997616,-164355.74999997616,1767915000|SHORT,EXIT_STLINE,False,SuperTrend-p14x3-M15,SHORT,S,0.5,1767929405.181,1767915000,1767915900.0,1767929400
1421249.9997916142,mult2.50,0.5,4474.95,0,4475.45,4463.095952648966,4462.78,F1,True,4191258.925,-1186545.5000000068,-1207616.7500000068,1767929400|LONG,EXIT_STLINE,False,SuperTrend-p14x3-M15,LONG,L,0.5,1767951188.031,1767929400,1767930300.0,1767951000
2963810.3538562367,mult2.50,0.5,4529.87,0,4530.48,4565.877525230171,4565.62,F1,True,4242794.52,3290861.0000000307,3269789.7500000307,1768161600|LONG,EXIT_STLINE,False,SuperTrend-p14x3-M15,LONG,L,0.5,1768172697.409,1768161600,1768162500.0,1768172400
132278.26219446756,mult2.50,0.5,4567.01,0,4567.29,4565.877525230171,4565.84,F1,True,4277267.085,-135792.49999998297,-156863.74999998297,1768172400|LONG,EXIT_STLINE,False,SuperTrend-p14x3-M15,LONG,L,0.5,1768173336.271,1768172400,1768173300.0,1768173300
65786.76219446416,mult2.50,0.5,4566.08,0,4566.58,4565.877525230171,4565.32,F1,True,4276602.17,-117999.00000002045,-139070.25000002043,1768173300|LONG,EXIT_STLINE,False,SuperTrend-p14x3-M15,LONG,L,0.5,1768174200.941,1768173300,1768174200.0,1768174200
1249522.7621944947,mult2.50,0.5,4578.99,0,4579.22,4565.877525230171,4565.71,F1,True,4288439.53,-1265211.5000000205,-1286282.7500000205,1768174200|LONG,EXIT_STLINE,False,SuperTrend-p14x3-M15,LONG,L,0.5,1768179748.994,1768174200,1768175100.0,1768179600
308340.2621944778,mult2.50,0.5,4568.67,0,4569.17,4565.877525230171,4565.75,F1,True,4279027.705,-320283.0000000068,-341354.2500000068,1768179600|LONG,EXIT_STLINE,False,SuperTrend-p14x3-M15,LONG,L,0.5,1768181542.537,1768179600,1768180500.0,1768181400
224991.76219444713,mult2.50,0.5,4567.78,0,4568.28,4593.656310409585,4593.47,F1,True,4278194.22,2359043.5000000475,2337972.2500000475,1768181400|LONG,EXIT_STLINE,False,SuperTrend-p14x3-M15,LONG,L,0.5,1768216214.189,1768181400,1768182300.0,1768215600
116147.61805898751,mult2.50,0.5,4605.02,0,4605.03,4606.270230838857,4606.33,F1,True,4312610.595,-121745.00000001704,-142816.25000001705,1768338000|SHORT,EXIT_STLINE,False,SuperTrend-p14x3-M15,SHORT,S,0.5,1768338910.932,1768338000,1768338900.0,1768338900
2276046.468463045,mult2.50,0.5,4609.5,0,4610.06,4619.095464313185,4618.84,F1,True,4317321.19,822246.9999999761,801175.7499999761,1768338900|LONG,EXIT_STLINE,False,SuperTrend-p14x3-M15,LONG,L,0.5,1768359475.553,1768338900,1768339800.0,1768358700
95011.26707015638,mult2.50,0.5,4619.73,0,4620.11,4619.095464313185,4618.67,F1,True,4326733.015,-134855.9999999625,-155927.2499999625,1768358700|LONG,EXIT_STLINE,False,SuperTrend-p14x3-M15,LONG,L,0.5,1768359600.715,1768358700,1768359600.0,1768359600
1378016.2670702245,mult2.50,0.5,4633.32,0,4633.81,4621.384732683906,4620.7,F1,True,4339563.065,-1227751.5000000545,-1248822.7500000545,1768359600|LONG,EXIT_STLINE,False,SuperTrend-p14x3-M15,LONG,L,0.5,1768390757.006,1768359600,1768360500.0,1768390200
2296692.134075236,mult2.50,0.5,4616.67,0,4616.67,4610.926132034032,4610.93,F1,True,4323511.455,537550.9999999795,516479.7499999795,1768420800|SHORT,EXIT_STLINE,False,SuperTrend-p14x3-M15,SHORT,S,0.5,1768449312.568,1768420800,1768421700.0,1768448700
82986.26498709832,mult2.50,0.5,4610.05,0,4610.04,4610.926132034032,4611.15,F1,True,4317302.46,-103951.49999996934,-125022.74999996934,1768448700|SHORT,EXIT_STLINE,False,SuperTrend-p14x3-M15,SHORT,S,0.5,1768449600.594,1768448700,1768449600.0,1768449600
1709217.3567045273,mult2.50,0.5,4601.27,0,4601.25,4610.482166471803,4610.87,F1,True,4309070.625,-900912.9999999898,-921984.2499999898,1768512600|SHORT,EXIT_STLINE,False,SuperTrend-p14x3-M15,SHORT,S,0.5,1768531673.828,1768512600,1768513500.0,1768531500
1463113.8001866953,mult2.50,0.5,4611.37,0,4611.87,4596.246788038583,4596.16,F1,True,4319016.255,-1471241.5000000035,-1492312.7500000035,1768531500|LONG,EXIT_STLINE,False,SuperTrend-p14x3-M15,LONG,L,0.5,1768535091.132,1768531500,1768532400.0,1768534200
2095138.2668586108,mult2.50,0.5,4595.8,0,4595.79,4612.688290343347,4613.05,F1,True,4303957.335,-1616399.0000000205,-1637470.2500000205,1768534200|SHORT,EXIT_STLINE,False,SuperTrend-p14x3-M15,SHORT,S,0.5,1768552433.111,1768534200,1768535100.0,1768552200
459533.87770951627,mult2.50,0.5,4670.69,0,4671.19,4666.283071247095,4666.24,F1,True,4374569.435,-463567.49999998295,-484638.74999998295,1768852800|LONG,EXIT_STLINE,False,SuperTrend-p14x3-M15,LONG,L,0.5,1768854478.394,1768852800,1768853700.0,1768853700
1142594.7318703781,mult2.50,0.5,4666.16,0,4666.16,4674.574658592096,4674.59,F1,True,4369858.84,-789469.5000000272,-810540.7500000272,1768853700|SHORT,EXIT_STLINE,False,SuperTrend-p14x3-M15,SHORT,S,0.5,1768862099.558,1768853700,1768854600.0,1768861800
143720.77714979913,mult2.50,0.5,4673.05,0,4673.04,4674.574658592096,4674.61,F1,True,4376301.96,-147030.49999997276,-168101.74999997276,1768861800|SHORT,EXIT_STLINE,False,SuperTrend-p14x3-M15,SHORT,S,0.5,1768862794.432,1768861800,1768862700.0,1768862700
474305.2771497753,mult2.50,0.5,4669.51,0,4669.51,4674.574658592096,4674.71,F1,True,4372996.115,-486979.99999998295,-508051.24999998295,1768862700|SHORT,EXIT_STLINE,False,SuperTrend-p14x3-M15,SHORT,S,0.5,1768865512.079,1768862700,1768863600.0,1768865400
61308.77714978892,mult2.50,0.5,4673.87,0,4673.92,4674.574658592096,4674.58,F1,True,4377126.08,-61808.99999998637,-82880.24999998638,1768865400|SHORT,EXIT_STLINE,False,SuperTrend-p14x3-M15,SHORT,S,0.5,1768869084.331,1768865400,1768866300.0,1768869000
1499097.987979453,mult2.50,0.5,4676.69,0,4677.19,4716.8479739191525,4716.84,F1,True,4380188.435,3713222.500000051,3692151.250000051,1768869000|LONG,EXIT_STLINE,False,SuperTrend-p14x3-M15,LONG,L,0.5,1768904530.323,1768869000,1768869900.0,1768904100
3955426.2290362753,mult2.50,0.5,4847.32,0,4847.32,4875.977603331151,4876.52,F1,True,4539515.18,-2734580.000000068,-2755651.250000068,1768967100|SHORT,EXIT_STLINE,False,SuperTrend-p14x3-M15,SHORT,S,0.5,1768976886.058,1768967100,1768968000.0,1768976100
506489.5891727293,mult2.50,0.5,4794.79,0,4795.31,4789.901675502694,4789.06,F1,True,4490807.815,-585312.5,-606383.75,1769026500|LONG,EXIT_STLINE,False,SuperTrend-p14x3-M15,LONG,L,0.5,1769028200.065,1769026500,1769027400.0,1769027400
5137045.657352628,mult2.50,0.5,4786.97,0,4787.06,4821.2146844300405,4821.24,F1,True,4483081.69,-3200956.9999999423,-3222028.2499999423,1769027400|SHORT,EXIT_STLINE,False,SuperTrend-p14x3-M15,SHORT,S,0.5,1769050756.212,1769027400,1769028300.0,1769049900
4184.696873286612,mult2.50,0.5,4821.16,0,4821.17,4821.2146844300405,4821.67,F1,True,4515025.705,-46825.0,-67896.25,1769049900|SHORT,EXIT_STLINE,False,SuperTrend-p14x3-M15,SHORT,S,0.5,1769050800.146,1769049900,1769050800.0,1769050800
304801.19687329,mult2.50,0.5,4817.96,0,4817.96,4821.2146844300405,4821.6,F1,True,4512019.54,-340886.0000000307,-361957.2500000307,1769050800|SHORT,EXIT_STLINE,False,SuperTrend-p14x3-M15,SHORT,S,0.5,1769051945.364,1769050800,1769051700.0,1769051700
2851200.4972872683,mult2.50,0.5,4825.41,0,4825.91,4814.429994124482,4811.68,F1,True,4519464.715,-1332639.499999959,-1353710.749999959,1769051700|LONG,EXIT_STLINE,False,SuperTrend-p14x3-M15,LONG,L,0.5,1769078569.613,1769051700,1769052600.0,1769077800
1533113.8232855382,mult2.50,0.5,5043.26,0,5043.34,5059.710676169627,5059.95,F1,True,4723087.91,-1555526.4999999693,-1576597.7499999693,1769460300|SHORT,EXIT_STLINE,False,SuperTrend-p14x3-M15,SHORT,S,0.5,1769465509.019,1769460300,1769461200.0,1769464800
6677380.507322448,mult2.50,0.5,5071.3,0,5072.01,5067.616101439476,5067.55,F1,True,4749937.365,-417679.00000000343,-438750.25000000343,1769464800|LONG,EXIT_STLINE,False,SuperTrend-p14x3-M15,LONG,L,0.5,1769503897.945,1769464800,1769465700.0,1769503500
2716794.1161839543,mult2.50,0.5,5495.19,0,5495.76,5466.749918673957,5466.14,F1,True,5146779.24,-2773912.9999999898,-2794984.2499999898,1769634000|LONG,EXIT_STLINE,False,SuperTrend-p14x3-M15,LONG,L,0.5,1769635262.501,1769634000,1769634900.0,1769634900
2943427.1161839613,mult2.50,0.5,5497.64,0,5498.18,5466.749918673957,5466.68,F1,True,5149045.57,-2949975.0,-2971046.25,1769634900|LONG,EXIT_STLINE,False,SuperTrend-p14x3-M15,LONG,L,0.5,1769638180.52,1769634900,1769635800.0,1769637600
1267092.11618391,mult2.50,0.5,5479.87,0,5480.28,5521.655425986074,5521.43,F1,True,5132282.22,3853697.500000051,3832626.250000051,1769637600|LONG,EXIT_STLINE,False,SuperTrend-p14x3-M15,LONG,L,0.5,1769664678.797,1769637600,1769638500.0,1769664600
14584315.230897443,mult2.50,0.5,5310.91,0,5309.65,5123.7645814157595,5124.1,F1,True,4972487.225,17376757.499999933,17355686.249999933,1769724000|SHORT,EXIT_STLINE,False,SuperTrend-p14x3-M15,SHORT,S,0.5,1769760785.827,1769724000,1769724900.0,1769760000
19948510.34793456,mult2.50,0.5,4741.05,0,4741.16,4614.838270262025,4614.99,F1,True,4440096.34,11815820.500000007,11794749.250000007,1769976000|SHORT,EXIT_STLINE,False,SuperTrend-p14x3-M15,SHORT,S,0.5,1770007766.819,1769976000,1769976900.0,1770007500
1651620.9111663594,mult2.50,0.5,4731.31,0,4731.47,4749.106101560773,4749.16,F1,True,4431021.655,-1656668.4999999625,-1677739.7499999625,1770064200|SHORT,EXIT_STLINE,False,SuperTrend-p14x3-M15,SHORT,S,0.5,1770065343.661,1770064200,1770065100.0,1770065100
11398752.69387625,mult2.50,0.5,4774.1,0,4774.6,4915.916539032136,4915.9,F1,True,4471412.9,13232744.999999931,13211673.749999931,1770065100|LONG,EXIT_STLINE,False,SuperTrend-p14x3-M15,LONG,L,0.5,1770129824.181,1770065100,1770066000.0,1770129000
8512942.011555655,mult2.50,0.5,4986.66,0,4987.15,5038.607849510539,5038.39,F1,True,4670465.975,4798626.000000065,4777554.750000065,1770152400|LONG,EXIT_STLINE,False,SuperTrend-p14x3-M15,LONG,L,0.5,1770192959.237,1770152400,1770153300.0,1770192900
8198993.387925853,mult2.50,0.5,5009.26,0,5010.25,4956.207717582006,4955.99,F1,True,4692099.125,-5081449.0000000205,-5102520.2500000205,1770235200|LONG,EXIT_STLINE,False,SuperTrend-p14x3-M15,LONG,L,0.5,1770243329.591,1770235200,1770236100.0,1770243300
6106107.795129039,mult2.50,0.5,4951.92,0,4951.95,4917.078010138325,4917.31,F1,True,4637501.175,3244035.9999999455,3222964.7499999455,1770243300|SHORT,EXIT_STLINE,False,SuperTrend-p14x3-M15,SHORT,S,0.5,1770260971.928,1770243300,1770244200.0,1770260400
639443.1494541575,mult2.50,0.5,4910.2,0,4910.25,4917.078010138325,4917.08,F1,True,4598449.125,-639629.4999999931,-660700.7499999931,1770260400|SHORT,EXIT_STLINE,False,SuperTrend-p14x3-M15,SHORT,S,0.5,1770261507.264,1770260400,1770261300.0,1770261300
9329650.89285964,mult2.50,0.5,4929.53,0,4929.96,4855.703087626987,4855.44,F1,True,4616907.54,-6978798.000000041,-6999869.250000041,1770261300|LONG,EXIT_STLINE,False,SuperTrend-p14x3-M15,LONG,L,0.5,1770272482.517,1770261300,1770262200.0,1770272100
8505945.396111842,mult2.50,0.5,4762.95,0,4763.3,4992.488672470758,4991.49,F1,True,4460830.45,21369993.499999963,21348922.249999963,1770327900|LONG,EXIT_STLINE,False,SuperTrend-p14x3-M15,LONG,L,0.5,1770590172.447,1770327900,1770328800.0,1770589800
1643681.823113548,mult2.50,0.5,5009.5,0,5010.04,4992.488672470758,4991.97,F1,True,4691902.46,-1692255.4999999728,-1713326.7499999728,1770589800|LONG,EXIT_STLINE,False,SuperTrend-p14x3-M15,LONG,L,0.5,1770591241.943,1770589800,1770590700.0,1770590700
6621721.477567547,mult2.50,0.5,4982.43,0,4982.43,5043.029465493386,5043.2,F1,True,4666045.695,-5691110.499999955,-5712181.749999955,1770590700|SHORT,EXIT_STLINE,False,SuperTrend-p14x3-M15,SHORT,S,0.5,1770606070.861,1770590700,1770591600.0,1770606000
839990.443455556,mult2.50,0.5,5034.06,0,5034.06,5031.293331706785,5031.57,F1,True,4714397.19,233188.50000006473,212117.25000006473,1770606000|SHORT,EXIT_STLINE,False,SuperTrend-p14x3-M15,SHORT,S,0.5,1770636713.822,1770606000,1770606900.0,1770636600
5830228.818941475,mult2.50,0.5,5013.04,0,5013.21,5056.034223401355,5056.09,F1,True,4694871.165,-4015712.0000000102,-4036783.2500000102,1770667200|SHORT,EXIT_STLINE,False,SuperTrend-p14x3-M15,SHORT,S,0.5,1770703736.968,1770667200,1770668100.0,1770703200
411519.0215368764,mult2.50,0.5,5051.62,0,5051.64,5056.034223401355,5056.18,F1,True,4730860.86,-425170.99999999657,-446242.24999999657,1770703200|SHORT,EXIT_STLINE,False,SuperTrend-p14x3-M15,SHORT,S,0.5,1770709173.151,1770703200,1770704100.0,1770708600
2997465.48363268,mult2.50,0.5,5046.55,0,5047.05,5085.201114459372,5084.9,F1,True,4726562.325,3544652.499999949,3523581.249999949,1770754500|LONG,EXIT_STLINE,False,SuperTrend-p14x3-M15,LONG,L,0.5,1770802452.315,1770754500,1770755400.0,1770802200
3360779.833131354,mult2.50,0.5,5063.18,0,5063.18,5080.444187427007,5080.81,F1,True,4741668.07,-1651049.5000000102,-1672120.7500000102,1770840000|SHORT,EXIT_STLINE,False,SuperTrend-p14x3-M15,SHORT,S,0.5,1770879060.801,1770840000,1770840900.0,1770878700
6251666.510162248,mult2.50,0.5,4965.27,0,4965.81,4952.20200417933,4952.03,F1,True,4650481.065,-1290497.0000000612,-1311568.2500000612,1770933600|LONG,EXIT_STLINE,False,SuperTrend-p14x3-M15,LONG,L,0.5,1770951358.291,1770933600,1770934500.0,1770950700
4445306.4555272795,mult2.50,0.5,4946.1,0,4945.9,4977.063643971073,4977.5,F1,True,4631835.35,-2959340.000000034,-2980411.250000034,1770950700|SHORT,EXIT_STLINE,False,SuperTrend-p14x3-M15,SHORT,S,0.5,1770978604.16,1770950700,1770951600.0,1770978600
1411288.0193000387,mult2.50,0.5,5017.44,0,5017.94,5002.870186659903,5002.71,F1,True,4699300.81,-1426289.499999959,-1447360.749999959,1771189200|LONG,EXIT_STLINE,False,SuperTrend-p14x3-M15,LONG,L,0.5,1771198639.334,1771189200,1771190100.0,1771198200
3830508.5503280293,mult2.50,0.5,5002.26,0,5002.26,5004.450523160266,5004.53,F1,True,4684616.49,-212585.4999999557,-233656.7499999557,1771198200|SHORT,EXIT_STLINE,False,SuperTrend-p14x3-M15,SHORT,S,0.5,1771216991.623,1771198200,1771199100.0,1771216200
540796.0604041239,mult2.50,0.5,4990.89,0,4990.89,4996.6646509386455,4997.21,F1,True,4673968.485,-591867.9999999728,-612939.2499999728,1771272000|SHORT,EXIT_STLINE,False,SuperTrend-p14x3-M15,SHORT,S,0.5,1771273458.945,1771272000,1771272900.0,1771272900
229878.06040415107,mult2.50,0.5,4994.21,0,4994.21,4965.863309848745,4965.9,F1,True,4677077.665,2651231.5000000373,2630160.2500000373,1771272900|SHORT,EXIT_STLINE,False,SuperTrend-p14x3-M15,SHORT,S,0.5,1771283519.403,1771272900,1771273800.0,1771282800
78975.9673349567,mult2.50,0.5,4964.97,0,4965.02,4965.863309848745,4966.03,F1,True,4649741.23,-94586.49999993527,-115657.74999993527,1771282800|SHORT,EXIT_STLINE,False,SuperTrend-p14x3-M15,SHORT,S,0.5,1771283822.814,1771282800,1771283700.0,1771283700
45261.96733498736,mult2.50,0.5,4965.37,0,4965.38,4965.863309848745,4965.88,F1,True,4650078.37,-46825.0,-67896.25,1771283700|SHORT,EXIT_STLINE,False,SuperTrend-p14x3-M15,SHORT,S,0.5,1771284600.153,1771283700,1771284600.0,1771284600
467623.4673350078,mult2.50,0.5,4960.87,0,4960.87,4965.863309848745,4966.39,F1,True,4645854.755,-516948.00000004086,-538019.2500000409,1771284600|SHORT,EXIT_STLINE,False,SuperTrend-p14x3-M15,SHORT,S,0.5,1771286314.274,1771284600,1771285500.0,1771285500
2608466.095732509,mult2.50,0.5,4966.95,0,4967.45,4939.5966514070205,4939.0,F1,True,4652016.925,-2664342.499999983,-2685413.749999983,1771285500|LONG,EXIT_STLINE,False,SuperTrend-p14x3-M15,LONG,L,0.5,1771294023.841,1771285500,1771286400.0,1771293600
3715544.0892643356,mult2.50,0.5,4928.24,0,4928.11,4920.101145512256,4920.29,F1,True,4615175.015,732342.9999999728,711271.7499999728,1771293600|SHORT,EXIT_STLINE,False,SuperTrend-p14x3-M15,SHORT,S,0.5,1771303170.426,1771293600,1771294500.0,1771302600
3537033.2203429006,mult2.50,0.5,4898.48,0,4898.96,4915.605705368396,4915.39,F1,True,4587876.04,1538669.5000000272,1517598.2500000272,1771369200|LONG,EXIT_STLINE,False,SuperTrend-p14x3-M15,LONG,L,0.5,1771394680.829,1771369200,1771370100.0,1771394400
1936864.6096202945,mult2.50,0.5,4990.21,0,4990.71,5002.039738180668,5000.15,F1,True,4673799.915,884055.9999999625,862984.7499999625,1771466400|LONG,EXIT_STLINE,False,SuperTrend-p14x3-M15,LONG,L,0.5,1771482567.563,1771466400,1771467300.0,1771481700
873465.3407135291,mult2.50,0.5,4998.89,0,4998.89,5008.216912340775,5009.32,F1,True,4681460.485,-976769.499999942,-997840.749999942,1771531200|SHORT,EXIT_STLINE,False,SuperTrend-p14x3-M15,SHORT,S,0.5,1771538402.486,1771531200,1771532100.0,1771538400
2572427.219463737,mult2.50,0.5,5013.29,0,5013.79,4986.321476567392,4986.22,F1,True,4695414.335,-2581930.4999999725,-2603001.7499999725,1771538400|LONG,EXIT_STLINE,False,SuperTrend-p14x3-M15,LONG,L,0.5,1771548120.346,1771538400,1771539300.0,1771547400
122543.21946375103,mult2.50,0.5,4987.13,0,4987.63,4986.321476567392,4986.32,F1,True,4670915.495,-122681.50000003747,-143752.7500000375,1771547400|LONG,EXIT_STLINE,False,SuperTrend-p14x3-M15,LONG,L,0.5,1771548323.335,1771547400,1771548300.0,1771548300
219002.71946372718,mult2.50,0.5,4987.16,0,4988.66,5014.226340620049,5013.66,F1,True,4671880.09,2341250.0,2320178.75,1771548300|LONG,EXIT_STLINE,False,SuperTrend-p14x3-M15,LONG,L,0.5,1771578127.009,1771548300,1771549200.0,1771578000
4769867.878639914,mult2.50,0.5,5185.16,0,5185.32,5145.42528459946,5145.5,F1,True,4856052.18,3729142.9999999725,3708071.7499999725,1771884000|SHORT,EXIT_STLINE,False,SuperTrend-p14x3-M15,SHORT,S,0.5,1771935920.68,1771884000,1771884900.0,1771935300
3073326.0868921387,mult2.50,0.5,5135.6,0,5135.6,5163.206282037677,5163.45,F1,True,4809489.4,-2608152.499999949,-2629223.749999949,1771963200|SHORT,EXIT_STLINE,False,SuperTrend-p14x3-M15,SHORT,S,0.5,1771970732.55,1771963200,1771964100.0,1771970400
4645632.37586866,mult2.50,0.5,5174.14,0,5175.27,5180.119456924087,5178.0,F1,True,4846640.355,255664.4999999591,234593.2499999591,1771970400|LONG,EXIT_STLINE,False,SuperTrend-p14x3-M15,LONG,L,0.5,1771999425.649,1771970400,1771971300.0,1771999200
3292258.325257189,mult2.50,0.5,5188.25,0,5188.75,5178.0725951239465,5178.0,F1,True,4859264.375,-1006737.5,-1027808.75,1772055000|LONG,EXIT_STLINE,False,SuperTrend-p14x3-M15,LONG,L,0.5,1772083633.42,1772055000,1772055900.0,1772082900
220610.82545157836,mult2.50,0.5,5176.08,0,5175.4,5173.044305120645,5172.95,F1,True,4846762.1,-229442.49999998297,-250513.74999998297,1772141400|LONG,EXIT_STLINE,False,SuperTrend-p14x3-M15,LONG,L,0.5,1772142362.113,1772141400,1772142300.0,1772142300
219674.32545164312,mult2.50,0.5,5174.89,0,5175.39,5173.044305120645,5172.95,F1,True,4846752.735,-228506.0000000477,-249577.2500000477,1772142300|LONG,EXIT_STLINE,False,SuperTrend-p14x3-M15,LONG,L,0.5,1772143218.204,1772142300,1772143200.0,1772143200
354530.3254516056,mult2.50,0.5,5176.33,0,5176.83,5176.264646095449,5176.25,F1,True,4848101.295,-54316.99999999319,-75388.24999999319,1772143200|LONG,EXIT_STLINE,False,SuperTrend-p14x3-M15,LONG,L,0.5,1772166694.668,1772143200,1772144100.0,1772166600
640744.31407717,mult2.50,0.5,5345.03,0,5345.53,5338.688095952192,5337.86,F1,True,5006088.845,-718295.5000000069,-739366.7500000069,1772505000|LONG,EXIT_STLINE,False,SuperTrend-p14x3-M15,LONG,L,0.5,1772506070.516,1772505000,1772505900.0,1772505900
4265515.21357387,mult2.50,0.5,5319.05,0,5319.03,5196.03108591522,5197.6,F1,True,4981271.595,11371919.499999942,11350848.249999942,1772505900|SHORT,EXIT_STLINE,False,SuperTrend-p14x3-M15,SHORT,S,0.5,1772529841.504,1772505900,1772506800.0,1772529300
855896.009374313,mult2.50,0.5,5142.39,0,5142.35,5133.2106939735795,5132.57,F1,True,4815810.775,-915897.0000000614,-936968.2500000614,1772593200|LONG,EXIT_STLINE,False,SuperTrend-p14x3-M15,LONG,L,0.5,1772594585.486,1772593200,1772594100.0,1772594100
153521.009374313,mult2.50,0.5,5134.35,0,5134.85,5133.2106939735795,5132.96,F1,True,4808787.025,-176998.50000003068,-198069.75000003068,1772594100|LONG,EXIT_STLINE,False,SuperTrend-p14x3-M15,LONG,L,0.5,1772595003.802,1772594100,1772595000.0,1772595000
1479605.0093742993,mult2.50,0.5,5147.82,0,5149.01,5165.42419501938,5165.25,F1,True,4822047.865,1520875.9999999795,1499804.7499999795,1772595000|LONG,EXIT_STLINE,False,SuperTrend-p14x3-M15,LONG,L,0.5,1772617215.425,1772595000,1772595900.0,1772616600
29712.17899231938,mult2.50,0.5,5165.06,0,5165.06,5165.3772683288025,5165.56,F1,True,4837078.69,-46825.0,-67896.25,1772657100|SHORT,EXIT_STLINE,False,SuperTrend-p14x3-M15,SHORT,S,0.5,1772658000.013,1772657100,1772658000.0,1772658000
3465703.4573040335,mult2.50,0.5,5171.0,0,5171.5,5158.8823814251555,5158.76,F1,True,4843109.75,-1193100.9999999795,-1214172.2499999795,1772658000|LONG,EXIT_STLINE,False,SuperTrend-p14x3-M15,LONG,L,0.5,1772679077.274,1772658000,1772658900.0,1772678700
3609206.455276266,mult2.50,0.5,5148.32,0,5148.44,5167.654992464979,5168.0,F1,True,4821514.06,-1831794.0000000375,-1852865.2500000375,1772678700|SHORT,EXIT_STLINE,False,SuperTrend-p14x3-M15,SHORT,S,0.5,1772683168.591,1772678700,1772679600.0,1772682300
5311032.541287629,mult2.50,0.5,5118.52,0,5118.77,5102.002243108424,5101.98,F1,True,4793728.105,-1572383.5000000817,-1593454.7500000817,1772749800|LONG,EXIT_STLINE,False,SuperTrend-p14x3-M15,LONG,L,0.5,1772774882.544,1772749800,1772750700.0,1772774100
2804994.204528162,mult2.50,0.5,5158.99,0,5159.49,5129.538113139048,5127.85,F1,True,4831862.385,-2963085.9999999455,-2984157.2499999455,1772996400|LONG,EXIT_STLINE,False,SuperTrend-p14x3-M15,LONG,L,0.5,1772997564.643,1772996400,1772997300.0,1772997300
2500631.704528162,mult2.50,0.5,5155.54,0,5156.24,5129.538113139048,5126.69,F1,True,4828818.76,-2767357.500000017,-2788428.750000017,1772997300|LONG,EXIT_STLINE,False,SuperTrend-p14x3-M15,LONG,L,0.5,1772998839.838,1772997300,1772998200.0,1772998200
5397191.939243938,mult2.50,0.5,5125.47,0,5125.79,5109.688917993571,5110.49,F1,True,4800302.335,1432845.000000017,1411773.750000017,1772998200|SHORT,EXIT_STLINE,False,SuperTrend-p14x3-M15,SHORT,S,0.5,1773023735.432,1772998200,1772999100.0,1773023400
5783095.993327016,mult2.50,0.5,5120.4,0,5120.98,5082.11507557528,5081.64,F1,True,4795797.77,-3684190.9999999283,-3705262.2499999283,1773023400|LONG,EXIT_STLINE,False,SuperTrend-p14x3-M15,LONG,L,0.5,1773044425.197,1773023400,1773024300.0,1773044100
379610.90940922283,mult2.50,0.5,5215.41,0,5215.34,5219.393506774258,5220.02,F1,True,4884165.91,-438282.00000002724,-459353.25000002724,1773179100|SHORT,EXIT_STLINE,False,SuperTrend-p14x3-M15,SHORT,S,0.5,1773180013.078,1773179100,1773180000.0,1773180000
373991.9094092705,mult2.50,0.5,5215.05,0,5215.4,5219.393506774258,5219.62,F1,True,4884222.1,-395203.00000002387,-416274.25000002387,1773180000|SHORT,EXIT_STLINE,False,SuperTrend-p14x3-M15,SHORT,S,0.5,1773181048.691,1773180000,1773180900.0,1773180900
438610.409409233,mult2.50,0.5,5214.64,0,5214.71,5219.393506774258,5219.41,F1,True,4883575.915,-440154.99999998295,-461226.24999998295,1773180900|SHORT,EXIT_STLINE,False,SuperTrend-p14x3-M15,SHORT,S,0.5,1773182087.666,1773180900,1773181800.0,1773181800
475133.9094092637,mult2.50,0.5,5214.32,0,5214.32,5219.393506774258,5219.4,F1,True,4883210.68,-475741.9999999932,-496813.2499999932,1773181800|SHORT,EXIT_STLINE,False,SuperTrend-p14x3-M15,SHORT,S,0.5,1773186824.333,1773181800,1773182700.0,1773186300
202612.40940927732,mult2.50,0.5,5217.23,0,5217.23,5219.393506774258,5219.41,F1,True,4885935.895,-204157.00000002724,-225228.25000002724,1773186300|SHORT,EXIT_STLINE,False,SuperTrend-p14x3-M15,SHORT,S,0.5,1773187202.736,1773186300,1773187200.0,1773187200
529450.9094092569,mult2.50,0.5,5213.73,0,5213.74,5195.703286389921,5195.72,F1,True,4882667.51,1687572.9999999558,1666501.7499999558,1773187200|SHORT,EXIT_STLINE,False,SuperTrend-p14x3-M15,SHORT,S,0.5,1773228577.829,1773187200,1773188100.0,1773227700
608273.4261109016,mult2.50,0.5,5157.07,0,5157.07,5163.565178068456,5164.04,F1,True,4829596.055,-652740.5000000239,-673811.7500000239,1773266400|SHORT,EXIT_STLINE,False,SuperTrend-p14x3-M15,SHORT,S,0.5,1773268740.971,1773266400,1773267300.0,1773268200
3570299.5833828417,mult2.50,0.5,5169.54,0,5170.19,5142.877593792204,5142.84,F1,True,4841882.935,-2561327.499999949,-2582398.749999949,1773268200|LONG,EXIT_STLINE,False,SuperTrend-p14x3-M15,LONG,L,0.5,1773280041.802,1773268200,1773269100.0,1773279900
2195805.1103408076,mult2.50,0.5,5142.44,0,5142.43,5165.537456015538,5165.54,F1,True,4815885.695,-2164251.4999999693,-2185322.7499999693,1773279900|SHORT,EXIT_STLINE,False,SuperTrend-p14x3-M15,SHORT,S,0.5,1773286801.783,1773279900,1773280800.0,1773286200
154459.46691809085,mult2.50,0.5,5092.44,0,5092.44,5094.089326929184,5094.41,F1,True,4769070.06,-184490.50000002384,-205561.75000002384,1773342900|SHORT,EXIT_STLINE,False,SuperTrend-p14x3-M15,SHORT,S,0.5,1773345363.861,1773342900,1773343800.0,1773344700
2724825.1822388656,mult2.50,0.5,5095.83,0,5096.27,5102.119411888052,5101.97,F1,True,4772656.855,533804.999999983,512733.749999983,1773344700|LONG,EXIT_STLINE,False,SuperTrend-p14x3-M15,LONG,L,0.5,1773369813.471,1773344700,1773345600.0,1773369000
2176262.0635834783,mult2.50,0.5,5100.52,0,5100.52,5096.263764239699,5096.29,F1,True,4776636.98,396139.5000000443,375068.2500000443,1773369000|SHORT,EXIT_STLINE,False,SuperTrend-p14x3-M15,SHORT,S,0.5,1773381920.348,1773369000,1773369900.0,1773381600
204715.3559447222,mult2.50,0.5,4999.08,0,4999.08,5001.265962156377,5001.61,F1,True,4681638.42,-236934.49999997616,-258005.74999997616,1773801000|SHORT,EXIT_STLINE,False,SuperTrend-p14x3-M15,SHORT,S,0.5,1773802054.985,1773801000,1773801900.0,1773801900
359237.85594468814,mult2.50,0.5,4997.43,0,4997.43,5001.265962156377,5001.74,F1,True,4680093.195,-403631.4999999523,-424702.7499999523,1773801900|SHORT,EXIT_STLINE,False,SuperTrend-p14x3-M15,SHORT,S,0.5,1773803320.493,1773801900,1773802800.0,1773802800
4408405.3381649405,mult2.50,0.5,4865.59,0,4866.09,4829.802760083756,4829.73,F1,True,4557093.285,-3405114.0000000545,-3426185.2500000545,1773873000|LONG,EXIT_STLINE,False,SuperTrend-p14x3-M15,LONG,L,0.5,1773888326.926,1773873000,1773873900.0,1773888300
2942028.2306571347,mult2.50,0.5,4827.52,0,4827.35,4619.4981281220835,4619.63,F1,True,4520813.275,19452978.000000022,19431906.750000022,1773888300|SHORT,EXIT_STLINE,False,SuperTrend-p14x3-M15,SHORT,S,0.5,1773917946.155,1773888300,1773889200.0,1773917100
948764.4737779626,mult2.50,0.5,4421.86,0,4421.79,4431.920960745093,4431.96,F1,True,4141006.335,-952420.5000000069,-973491.7500000069,1774217700|SHORT,EXIT_STLINE,False,SuperTrend-p14x3-M15,SHORT,S,0.5,1774218650.025,1774217700,1774218600.0,1774218600
9056850.741669118,mult2.50,0.5,4435.54,0,4435.87,4339.160435219764,4338.93,F1,True,4154192.255,-9078430.999999963,-9099502.249999963,1774218600|LONG,EXIT_STLINE,False,SuperTrend-p14x3-M15,LONG,L,0.5,1774226455.244,1774218600,1774219500.0,1774225800
300575.7416691181,mult2.50,0.5,4341.92,0,4342.37,4339.160435219764,4338.85,F1,True,4066629.505,-329647.9999999557,-350719.2499999557,1774225800|LONG,EXIT_STLINE,False,SuperTrend-p14x3-M15,LONG,L,0.5,1774226717.289,1774225800,1774226700.0,1774226700
1315741.7416691317,mult2.50,0.5,4352.71,0,4353.21,4339.160435219764,4339.02,F1,True,4076781.165,-1328893.4999999625,-1349964.7499999625,1774226700|LONG,EXIT_STLINE,False,SuperTrend-p14x3-M15,LONG,L,0.5,1774233017.68,1774226700,1774227600.0,1774233000
8329172.649790095,mult2.50,0.5,4321.95,0,4321.98,4235.901188756514,4235.97,F1,True,4047534.2699999996,8054836.499999935,8033765.249999935,1774233000|SHORT,EXIT_STLINE,False,SuperTrend-p14x3-M15,SHORT,S,0.5,1774242396.784,1774233000,1774233900.0,1774242000
296576.71952595294,mult2.50,0.5,4538.12,0,4538.16,4464.278243520858,4464.57,F1,True,4249986.84,6891703.500000014,6870632.250000014,1774476000|SHORT,EXIT_STLINE,False,SuperTrend-p14x3-M15,SHORT,S,0.5,1774524173.096,1774476000,1774476900.0,1774523700
657889.8274030299,mult2.50,0.5,4406.97,0,4407.1,4414.124984809429,4414.49,F1,True,4127249.1500000004,-692073.4999999455,-713144.7499999455,1774553400|SHORT,EXIT_STLINE,False,SuperTrend-p14x3-M15,SHORT,S,0.5,1774555210.409,1774553400,1774554300.0,1774555200
2023306.8274030231,mult2.50,0.5,4392.99,0,4392.52,4414.124984809429,4414.21,F1,True,4113594.9800000004,-2031268.4999999625,-2052339.7499999625,1774555200|SHORT,EXIT_STLINE,False,SuperTrend-p14x3-M15,SHORT,S,0.5,1774564295.047,1774555200,1774556100.0,1774564200
5026460.271156875,mult2.50,0.5,4419.27,0,4419.81,4429.843608913516,4429.72,F1,True,4139152.0650000004,928071.4999999864,907000.2499999864,1774564200|LONG,EXIT_STLINE,False,SuperTrend-p14x3-M15,LONG,L,0.5,1774589776.974,1774564200,1774565100.0,1774589400
6498838.657594247,mult2.50,0.5,4494.46,0,4495.03,4535.876139125197,4535.87,F1,True,4209595.595,3824666.0000000135,3803594.7500000135,1774827000|LONG,EXIT_STLINE,False,SuperTrend-p14x3-M15,LONG,L,0.5,1774867704.023,1774827000,1774827900.0,1774867500
4745846.8040249385,mult2.50,0.5,4535.95,0,4536.43,4557.704605946045,4557.39,F1,True,4248366.695,1962904.0000000035,1941832.7500000035,1774906200|LONG,EXIT_STLINE,False,SuperTrend-p14x3-M15,LONG,L,0.5,1774916683.452,1774906200,1774907100.0,1774916100
391962.1531528812,mult2.50,0.5,4561.37,0,4561.89,4557.704605946045,4557.65,F1,True,4272209.985,-397076.0000000647,-418147.2500000647,1774916100|LONG,EXIT_STLINE,False,SuperTrend-p14x3-M15,LONG,L,0.5,1774917579.815,1774916100,1774917000.0,1774917000
4825130.3180204015,mult2.50,0.5,4551.97,0,4551.57,4576.297066191739,4576.33,F1,True,4262545.305,-2318774.0000000205,-2339845.2500000205,1774917000|SHORT,EXIT_STLINE,False,SuperTrend-p14x3-M15,SHORT,S,0.5,1774945341.036,1774917000,1774917900.0,1774944900
3548509.2962320563,mult2.50,0.5,4673.71,0,4673.7,4703.432170010691,4703.46,F1,True,4376920.05,-2787024.0000000205,-2808095.2500000205,1775005200|SHORT,EXIT_STLINE,False,SuperTrend-p14x3-M15,SHORT,S,0.5,1775011284.673,1775005200,1775006100.0,1775010600
136932.22150120256,mult2.50,0.5,4701.99,0,4701.97,4703.432170010691,4703.49,F1,True,4403394.905,-142347.9999999557,-163419.2499999557,1775010600|SHORT,EXIT_STLINE,False,SuperTrend-p14x3-M15,SHORT,S,0.5,1775011512.799,1775010600,1775011500.0,1775011500
1807648.2215012163,mult2.50,0.5,4684.15,0,4684.13,4703.432170010691,4703.5,F1,True,4386687.745,-1814000.4999999898,-1835071.7499999898,1775011500|SHORT,EXIT_STLINE,False,SuperTrend-p14x3-M15,SHORT,S,0.5,1775013785.142,1775011500,1775012400.0,1775013300
3826176.2631594287,mult2.50,0.5,4791.06,0,4791.57,4763.041732611441,4762.72,F1,True,4487305.305,-2701802.499999949,-2722873.749999949,1775073600|LONG,EXIT_STLINE,False,SuperTrend-p14x3-M15,LONG,L,0.5,1775081009.714,1775073600,1775074500.0,1775080800
4153347.870143644,mult2.50,0.5,4750.79,0,4750.75,4632.926042892429,4633.38,F1,True,4449077.375,10991700.49999999,10970629.24999999,1775080800|SHORT,EXIT_STLINE,False,SuperTrend-p14x3-M15,SHORT,S,0.5,1775104472.552,1775080800,1775081700.0,1775104200
5030506.547623139,mult2.50,0.5,4630.3,0,4631.08,4657.951993166705,4657.98,F1,True,4337006.42,-2519184.999999966,-2540256.249999966,1775412000|SHORT,EXIT_STLINE,False,SuperTrend-p14x3-M15,SHORT,S,0.5,1775427566.164,1775412000,1775412900.0,1775427300
5198201.514603892,mult2.50,0.5,4660.88,0,4661.51,4673.259319444075,4672.54,F1,True,4365504.115,1032959.4999999761,1011888.2499999761,1775427300|LONG,EXIT_STLINE,False,SuperTrend-p14x3-M15,LONG,L,0.5,1775463206.289,1775427300,1775428200.0,1775462400
3159684.541571982,mult2.50,0.5,4662.19,0,4662.7,4634.914230386366,4634.77,F1,True,4366618.55,-2615644.4999999423,-2636715.7499999423,1775521800|LONG,EXIT_STLINE,False,SuperTrend-p14x3-M15,LONG,L,0.5,1775525291.365,1775521800,1775522700.0,1775524500
3839862.654640646,mult2.50,0.5,4632.57,0,4632.36,4662.4260371141245,4662.45,F1,True,4338205.14,-2817928.5000000135,-2838999.7500000135,1775524500|SHORT,EXIT_STLINE,False,SuperTrend-p14x3-M15,SHORT,S,0.5,1775535202.684,1775524500,1775525400.0,1775534400
475635.4785074558,mult2.50,0.5,4771.68,0,4771.67,4769.756151863291,4769.78,F1,True,4468668.955,176998.50000003068,155927.25000003068,1775770200|SHORT,EXIT_STLINE,False,SuperTrend-p14x3-M15,SHORT,S,0.5,1775778462.459,1775770200,1775771100.0,1775778300
315240.1219971764,mult2.50,0.5,4766.37,0,4766.39,4769.756151863291,4769.91,F1,True,4463724.235,-329647.9999999557,-350719.2499999557,1775778300|SHORT,EXIT_STLINE,False,SuperTrend-p14x3-M15,SHORT,S,0.5,1775780248.947,1775778300,1775779200.0,1775780100
399525.1219972275,mult2.50,0.5,4765.43,0,4765.49,4758.881748319467,4759.17,F1,True,4462881.385,591867.9999999728,570796.7499999728,1775780100|SHORT,EXIT_STLINE,False,SuperTrend-p14x3-M15,SHORT,S,0.5,1775798383.196,1775780100,1775781000.0,1775798100
4264917.059647803,mult2.50,0.5,4695.34,0,4696.01,4712.464532323253,4712.38,F1,True,4397813.365,1533050.4999999898,1511979.2499999898,1776026700|LONG,EXIT_STLINE,False,SuperTrend-p14x3-M15,LONG,L,0.5,1776058507.735,1776026700,1776027600.0,1776058200
2503745.9824154302,mult2.50,0.5,4828.16,0,4828.15,4818.637508173301,4818.64,F1,True,4521562.475,890611.4999999353,869540.2499999353,1776205800|SHORT,EXIT_STLINE,False,SuperTrend-p14x3-M15,SHORT,S,0.5,1776244874.808,1776205800,1776206700.0,1776244500
25114.056064397344,mult2.50,0.5,4807.49,0,4807.41,4807.678169311953,4807.91,F1,True,4502139.465,-46825.0,-67896.25,1776278700|SHORT,EXIT_STLINE,False,SuperTrend-p14x3-M15,SHORT,S,0.5,1776279601.387,1776278700,1776279600.0,1776279600
1944892.5085037737,mult2.50,0.5,4812.39,0,4812.87,4814.484217945787,4814.32,F1,True,4507252.755,135792.49999998297,114721.24999998297,1776279600|LONG,EXIT_STLINE,False,SuperTrend-p14x3-M15,LONG,L,0.5,1776289160.164,1776279600,1776280500.0,1776288600
170984.48937705217,mult2.50,0.5,4815.83,0,4816.31,4814.484217945787,4814.39,F1,True,4510474.315,-179808.0000000068,-200879.2500000068,1776288600|LONG,EXIT_STLINE,False,SuperTrend-p14x3-M15,LONG,L,0.5,1776292466.792,1776288600,1776289500.0,1776292200
305840.4893770147,mult2.50,0.5,4817.14,0,4817.75,4818.766186397375,4818.59,F1,True,4511822.875,78666.00000001362,57594.75000001362,1776292200|LONG,EXIT_STLINE,False,SuperTrend-p14x3-M15,LONG,L,0.5,1776306112.644,1776292200,1776293100.0,1776305700
1939796.6222551884,mult2.50,0.5,4816.06,0,4815.99,4793.2779647834395,4793.35,F1,True,4510174.635,2120235.9999999455,2099164.7499999455,1776305700|SHORT,EXIT_STLINE,False,SuperTrend-p14x3-M15,SHORT,S,0.5,1776377144.413,1776305700,1776306600.0,1776376800
194601.40196912893,mult2.50,0.5,4791.21,0,4791.2,4793.2779647834395,4793.36,F1,True,4486958.8,-202283.99999998638,-223355.24999998638,1776376800|SHORT,EXIT_STLINE,False,SuperTrend-p14x3-M15,SHORT,S,0.5,1776378751.728,1776376800,1776377700.0,1776378600
174934.90196912552,mult2.50,0.5,4791.33,0,4791.41,4793.2779647834395,4793.41,F1,True,4487155.465,-187300.0,-208371.25,1776378600|SHORT,EXIT_STLINE,False,SuperTrend-p14x3-M15,SHORT,S,0.5,1776379566.713,1776378600,1776379500.0,1776379500
830484.9019691255,mult2.50,0.5,4784.46,0,4784.41,4793.2779647834395,4793.51,F1,True,4480599.965,-852215.0000000341,-873286.2500000341,1776379500|SHORT,EXIT_STLINE,False,SuperTrend-p14x3-M15,SHORT,S,0.5,1776380703.195,1776379500,1776380400.0,1776380400
2356843.2934426144,mult2.50,0.5,4795.82,0,4796.3,4786.694991371277,4786.69,F1,True,4491734.95,-899976.5000000545,-921047.7500000545,1776380400|LONG,EXIT_STLINE,False,SuperTrend-p14x3-M15,LONG,L,0.5,1776391971.881,1776380400,1776381300.0,1776391200
128769.55807988584,mult2.50,0.5,4787.54,0,4788.07,4786.694991371277,4786.69,F1,True,4484027.555,-129237.00000001022,-150308.25000001022,1776391200|LONG,EXIT_STLINE,False,SuperTrend-p14x3-M15,LONG,L,0.5,1776392305.514,1776391200,1776392100.0,1776392100
1879760.5457314118,mult2.50,0.5,4783.66,0,4783.64,4800.402919167885,4800.41,F1,True,4479878.86,-1570510.4999999558,-1591581.7499999558,1776392100|SHORT,EXIT_STLINE,False,SuperTrend-p14x3-M15,SHORT,S,0.5,1776402128.771,1776392100,1776393000.0,1776402000
6381324.204427511,mult2.50,0.5,4834.38,1,4790.21,4781.42141091055,4781.43,F1,True,4486031.665,822246.9999999761,801175.7499999761,1776444300|SHORT,EXIT_STLINE,False,SuperTrend-p14x3-M15,SHORT,S,0.5,1776632529.243,1776444300,1776622500.0,1776632400
4382387.641390925,mult2.50,0.5,4793.53,0,4794.04,4796.640229572707,4796.53,F1,True,4489618.46,233188.49999997957,212117.24999997957,1776632400|LONG,EXIT_STLINE,False,SuperTrend-p14x3-M15,LONG,L,0.5,1776682273.51,1776632400,1776633300.0,1776681900
125319.14622862241,mult2.50,0.5,4814.64,0,4815.16,4813.8218350642965,4813.77,F1,True,4509397.34,-130173.49999994549,-151244.7499999455,1776718800|LONG,EXIT_STLINE,False,SuperTrend-p14x3-M15,LONG,L,0.5,1776721147.08,1776718800,1776719700.0,1776720600
1697485.1323001396,mult2.50,0.5,4813.36,0,4813.31,4798.219081670409,4798.23,F1,True,4507664.815,1412242.0000000785,1391170.7500000785,1776720600|SHORT,EXIT_STLINE,False,SuperTrend-p14x3-M15,SHORT,S,0.5,1776757696.684,1776720600,1776721500.0,1776757500
1888704.362687609,mult2.50,0.5,4748.34,0,4748.12,4748.403160100288,4748.55,F1,True,4446614.38,-40269.500000027256,-61340.750000027256,1776837600|SHORT,EXIT_STLINE,False,SuperTrend-p14x3-M15,SHORT,S,0.5,1776869313.494,1776837600,1776838500.0,1776869100
637115.9433919376,mult2.50,0.5,4741.55,0,4741.6,4732.516221730678,4732.65,F1,True,4440508.4,838167.5000000681,817096.2500000681,1776869100|SHORT,EXIT_STLINE,False,SuperTrend-p14x3-M15,SHORT,S,0.5,1776889351.714,1776869100,1776870000.0,1776888900
4696118.599715416,mult2.50,0.5,4741.38,0,4741.84,4722.136168315488,4721.69,F1,True,4440733.16,-1887047.500000051,-1908118.750000051,1776888900|LONG,EXIT_STLINE,False,SuperTrend-p14x3-M15,LONG,L,0.5,1776895279.411,1776888900,1776889800.0,1776895200
3483509.308664123,mult2.50,0.5,4707.27,0,4707.18,4722.451937825557,4722.56,F1,True,4408274.07,-1440337.0000000102,-1461408.2500000102,1776895200|SHORT,EXIT_STLINE,False,SuperTrend-p14x3-M15,SHORT,S,0.5,1776916821.975,1776895200,1776896100.0,1776916800
405908.14719182684,mult2.50,0.5,4682.54,0,4682.55,4686.884310167558,4686.92,F1,True,4385208.075,-409250.49999998976,-430321.74999998976,1776994200|SHORT,EXIT_STLINE,False,SuperTrend-p14x3-M15,SHORT,S,0.5,1776995841.745,1776994200,1776995100.0,1776995100
46292.14719181319,mult2.50,0.5,4686.23,0,4686.39,4686.884310167558,4686.89,F1,True,4388804.235,-46825.0,-67896.25,1776995100|SHORT,EXIT_STLINE,False,SuperTrend-p14x3-M15,SHORT,S,0.5,1776996000.242,1776995100,1776996000.0,1776996000
485510.6471918609,mult2.50,0.5,4681.73,0,4681.7,4686.884310167558,4686.94,F1,True,4384412.05,-490725.99999997957,-511797.24999997957,1776996000|SHORT,EXIT_STLINE,False,SuperTrend-p14x3-M15,SHORT,S,0.5,1777002305.086,1776996000,1776996900.0,1777002300
2629473.74525751,mult2.50,0.5,4685.14,1,4686.44,4695.193210772907,4695.55,F1,True,4388851.06,-853151.5000000545,-874222.7500000545,1777226400|SHORT,EXIT_STLINE,False,SuperTrend-p14x3-M15,SHORT,S,0.5,1777237106.857,1777226400,1777228200.0,1777236300
2671023.0510114226,mult2.50,0.5,4697.65,0,4698.16,4708.56211093623,4708.5,F1,True,4399826.84,968341.0000000136,947269.7500000136,1777236300|LONG,EXIT_STLINE,False,SuperTrend-p14x3-M15,LONG,L,0.5,1777254733.612,1777236300,1777237200.0,1777254300
165562.81082204846,mult2.50,0.5,4709.88,0,4710.33,4708.56211093623,4708.54,F1,True,4411224.045,-167633.4999999966,-188704.7499999966,1777254300|LONG,EXIT_STLINE,False,SuperTrend-p14x3-M15,LONG,L,0.5,1777264204.914,1777254300,1777255200.0,1777264200
1259554.6529424605,mult2.50,0.5,4694.23,0,4694.61,4684.555118869799,4684.54,F1,True,4396502.265,-943055.4999999728,-964126.7499999728,1777318200|LONG,EXIT_STLINE,False,SuperTrend-p14x3-M15,LONG,L,0.5,1777323759.726,1777318200,1777319100.0,1777323600
309502.11784328206,mult2.50,0.5,4687.79,0,4687.86,4684.555118869799,4684.51,F1,True,4390180.89,-313727.4999999489,-334798.7499999489,1777323600|LONG,EXIT_STLINE,False,SuperTrend-p14x3-M15,LONG,L,0.5,1777325521.827,1777323600,1777324500.0,1777325400
287026.1178433025,mult2.50,0.5,4687.1,0,4687.62,4684.555118869799,4684.48,F1,True,4389956.13,-294061.0000000307,-315132.2500000307,1777325400|LONG,EXIT_STLINE,False,SuperTrend-p14x3-M15,LONG,L,0.5,1777326600.321,1777325400,1777326300.0,1777326300
2153766.1416402454,mult2.50,0.5,4670.58,0,4670.52,4593.965395131717,4594.03,F1,True,4373941.98,7163288.500000065,7142217.250000065,1777326300|SHORT,EXIT_STLINE,False,SuperTrend-p14x3-M15,SHORT,S,0.5,1777364438.184,1777326300,1777327200.0,1777364100
2488285.2722674767,mult2.50,0.5,4582.46,0,4582.21,4603.154690175789,4603.16,F1,True,4291239.665,-1961967.499999983,-1983038.749999983,1777410000|SHORT,EXIT_STLINE,False,SuperTrend-p14x3-M15,SHORT,S,0.5,1777414676.745,1777410000,1777410900.0,1777414500
370356.73496268084,mult2.50,0.5,4599.1,0,4599.2,4603.154690175789,4603.16,F1,True,4307150.8,-370854.00000000343,-391925.25000000343,1777414500|SHORT,EXIT_STLINE,False,SuperTrend-p14x3-M15,SHORT,S,0.5,1777418013.342,1777414500,1777415400.0,1777417200
130612.73496264334,mult2.50,0.5,4601.66,0,4601.76,4603.154690175789,4603.16,F1,True,4309548.24,-131109.99999996592,-152181.24999996592,1777417200|SHORT,EXIT_STLINE,False,SuperTrend-p14x3-M15,SHORT,S,0.5,1777418219.812,1777417200,1777418100.0,1777418100
415308.7349626399,mult2.50,0.5,4598.61,0,4598.72,4603.154690175789,4603.19,F1,True,4306701.28,-418615.49999993865,-439686.74999993865,1777418100|SHORT,EXIT_STLINE,False,SuperTrend-p14x3-M15,SHORT,S,0.5,1777421642.462,1777418100,1777419000.0,1777420800
226135.73496268422,mult2.50,0.5,4600.67,0,4600.74,4603.154690175789,4603.27,F1,True,4308593.01,-236934.50000006132,-258005.75000006132,1777420800|SHORT,EXIT_STLINE,False,SuperTrend-p14x3-M15,SHORT,S,0.5,1777422613.563,1777420800,1777421700.0,1777422600
104390.7349626672,mult2.50,0.5,4602.02,0,4602.04,4603.154690175789,4603.2,F1,True,4309810.46,-108633.99999998638,-129705.24999998638,1777422600|SHORT,EXIT_STLINE,False,SuperTrend-p14x3-M15,SHORT,S,0.5,1777423510.567,1777422600,1777423500.0,1777423500
1869444.0350128515,mult2.50,0.5,4604.62,0,4605.09,4585.267401452851,4585.01,F1,True,4312666.785,-1880491.9999999932,-1901563.2499999932,1777423500|LONG,EXIT_STLINE,False,SuperTrend-p14x3-M15,LONG,L,0.5,1777429153.709,1777423500,1777424400.0,1777428900
1886530.4676955282,mult2.50,0.5,4584.83,0,4584.82,4548.682620766286,4549.05,F1,True,4293683.93,3349860.4999999558,3328789.2499999558,1777428900|SHORT,EXIT_STLINE,False,SuperTrend-p14x3-M15,SHORT,S,0.5,1777462571.826,1777428900,1777429800.0,1777462200
49654.88132965211,mult2.50,0.5,4561.61,0,4561.64,4562.170217632992,4562.23,F1,True,4271975.86,-55253.499999928456,-76324.74999992846,1777491900|SHORT,EXIT_STLINE,False,SuperTrend-p14x3-M15,SHORT,S,0.5,1777492800.354,1777491900,1777492800.0,1777492800
398032.88132967596,mult2.50,0.5,4557.94,0,4557.92,4562.170217632992,4562.32,F1,True,4268492.08,-412059.99999996595,-433131.24999996595,1777492800|SHORT,EXIT_STLINE,False,SuperTrend-p14x3-M15,SHORT,S,0.5,1777493882.343,1777492800,1777493700.0,1777493700
2120252.2582734213,mult2.50,0.5,4563.49,0,4564.0,4556.5425590556215,4556.4,F1,True,4274186.0,-711740.0000000341,-732811.2500000341,1777493700|LONG,EXIT_STLINE,False,SuperTrend-p14x3-M15,LONG,L,0.5,1777506747.414,1777493700,1777494600.0,1777506300
2119950.7626115237,mult2.50,0.5,4555.85,0,4555.87,4564.124791697957,4564.13,F1,True,4266572.255,-773549.0000000205,-794620.2500000205,1777506300|SHORT,EXIT_STLINE,False,SuperTrend-p14x3-M15,SHORT,S,0.5,1777512903.513,1777506300,1777507200.0,1777512600
36035.742513724836,mult2.50,0.5,4563.8,0,4563.74,4564.124791697957,4564.24,F1,True,4273942.51,-46825.0,-67896.25,1777512600|SHORT,EXIT_STLINE,False,SuperTrend-p14x3-M15,SHORT,S,0.5,1777513500.037,1777512600,1777513500.0,1777513500
154971.24251368054,mult2.50,0.5,4562.43,0,4562.47,4564.124791697957,4564.36,F1,True,4272753.155,-176998.4999999455,-198069.7499999455,1777513500|SHORT,EXIT_STLINE,False,SuperTrend-p14x3-M15,SHORT,S,0.5,1777514402.87,1777513500,1777514400.0,1777514400
2037625.4107698714,mult2.50,0.5,4565.96,0,4566.53,4615.269587796571,4614.88,F1,True,4276555.345,4527977.500000034,4506906.250000034,1777514400|LONG,EXIT_STLINE,False,SuperTrend-p14x3-M15,LONG,L,0.5,1777542425.546,1777514400,1777515300.0,1777542300
223181.82837173057,mult2.50,0.5,4631.2,0,4631.27,4633.653148194039,4633.74,F1,True,4337184.355,-231315.49999993868,-252386.74999993868,1777572000|SHORT,EXIT_STLINE,False,SuperTrend-p14x3-M15,SHORT,S,0.5,1777577600.727,1777572000,1777572900.0,1777577400
253149.8283717885,mult2.50,0.5,4631.18,0,4630.95,4632.041047733537,4632.06,F1,True,4336884.675,-103951.50000005451,-125022.75000005451,1777577400|SHORT,EXIT_STLINE,False,SuperTrend-p14x3-M15,SHORT,S,0.5,1777587090.55,1777577400,1777578300.0,1777586400
118097.12024578244,mult2.50,0.5,4630.72,0,4630.78,4632.041047733537,4632.14,F1,True,4336725.47,-127364.00000005451,-148435.2500000545,1777586400|SHORT,EXIT_STLINE,False,SuperTrend-p14x3-M15,SHORT,S,0.5,1777587317.886,1777586400,1777587300.0,1777587300
261381.6202457586,mult2.50,0.5,4629.26,0,4629.25,4632.041047733537,4632.07,F1,True,4335292.625,-264092.99999997276,-285164.24999997276,1777587300|SHORT,EXIT_STLINE,False,SuperTrend-p14x3-M15,SHORT,S,0.5,1777592270.73,1777587300,1777588200.0,1777591800
565744.1202457586,mult2.50,0.5,4625.98,0,4626.0,4583.0021084092705,4583.04,F1,True,4332249.0,4023204.0000000033,4002132.7500000033,1777591800|SHORT,EXIT_STLINE,False,SuperTrend-p14x3-M15,SHORT,S,0.5,1777623244.073,1777591800,1777592700.0,1777622400
1122389.5777255362,mult2.50,0.5,4622.84,1,4620.68,4562.63817708377,4562.75,F1,True,4327266.82,5425144.500000027,5404073.250000027,1777831200|SHORT,EXIT_STLINE,False,SuperTrend-p14x3-M15,SHORT,S,0.5,1777876770.849,1777831200,1777833000.0,1777876200
2543394.724001302,mult2.50,0.5,4538.6,0,4539.17,4558.057886338169,4558.02,F1,True,4250932.705,1765302.500000034,1744231.250000034,1777928400|LONG,EXIT_STLINE,False,SuperTrend-p14x3-M15,LONG,L,0.5,1777983939.481,1777928400,1777929300.0,1777983300
2789415.942895309,mult2.50,0.5,4573.14,0,4573.8,4688.2021206015015,4686.6,F1,True,4283363.7,10563720.000000017,10542648.750000017,1778006700|LONG,EXIT_STLINE,False,SuperTrend-p14x3-M15,LONG,L,0.5,1778054490.852,1778006700,1778007600.0,1778054400
428549.1060760306,mult2.50,0.5,4697.84,0,4698.45,4723.006936382235,4722.92,F1,True,4400098.425,2291615.5000000237,2270544.2500000237,1778113800|LONG,EXIT_STLINE,False,SuperTrend-p14x3-M15,LONG,L,0.5,1778130207.214,1778113800,1778114700.0,1778130000
191726.49183726672,mult2.50,0.5,4713.92,0,4713.65,4715.6972663303495,4715.77,F1,True,4414333.225,-198538.00000007494,-219609.25000007494,1778187600|SHORT,EXIT_STLINE,False,SuperTrend-p14x3-M15,SHORT,S,0.5,1778188727.644,1778187600,1778188500.0,1778188500
320963.49183719174,mult2.50,0.5,4712.32,0,4712.27,4715.6972663303495,4715.71,F1,True,4413040.855,-322155.9999999625,-343227.2499999625,1778188500|SHORT,EXIT_STLINE,False,SuperTrend-p14x3-M15,SHORT,S,0.5,1778190384.039,1778188500,1778189400.0,1778190300
3109057.6338724038,mult2.50,0.5,4722.71,0,4723.27,4704.898666512325,4704.85,F1,True,4423342.355,-1725033.0000000068,-1746104.2500000068,1778190300|LONG,EXIT_STLINE,False,SuperTrend-p14x3-M15,LONG,L,0.5,1778210591.017,1778190300,1778191200.0,1778210100
311509.6906553617,mult2.50,0.5,4698.77,0,4698.79,4679.151658780144,4679.21,F1,True,4400416.835,1833666.9999999932,1812595.7499999932,1778447700|SHORT,EXIT_STLINE,False,SuperTrend-p14x3-M15,SHORT,S,0.5,1778487678.726,1778447700,1778448600.0,1778487300
99795.5977150782,mult2.50,0.5,4738.96,0,4739.01,4740.075623040204,4740.1,F1,True,4438082.865,-102078.50000001362,-123149.75000001362,1778522400|SHORT,EXIT_STLINE,False,SuperTrend-p14x3-M15,SHORT,S,0.5,1778523327.812,1778522400,1778523300.0,1778523300
45478.597715085016,mult2.50,0.5,4739.7,0,4739.59,4740.075623040204,4740.09,F1,True,4438626.035,-46825.0,-67896.25,1778523300|SHORT,EXIT_STLINE,False,SuperTrend-p14x3-M15,SHORT,S,0.5,1778524200.339,1778523300,1778524200.0,1778524200
1867687.1016546322,mult2.50,0.5,4744.65,0,4745.05,4744.559703395148,4744.55,F1,True,4443739.325,-46825.0,-67896.25,1778524200|LONG,EXIT_STLINE,False,SuperTrend-p14x3-M15,LONG,L,0.5,1778533492.519,1778524200,1778525100.0,1778533200
193883.27704439417,mult2.50,0.5,4746.15,0,4746.63,4744.559703395148,4744.42,F1,True,4445218.995,-206966.5000000034,-228037.7500000034,1778533200|LONG,EXIT_STLINE,False,SuperTrend-p14x3-M15,LONG,L,0.5,1778534108.762,1778533200,1778534100.0,1778534100
78197.7500000034,mult2.75,0.5,4347.59,0,4347.59,4348.425,4348.63,F1,True,4071518.035,-97395.9999999966,-118467.2499999966,1767309300|SHORT,EXIT_STLINE,False,SuperTrend-p14x3-M15,SHORT,S,0.5,1767310203.104,1767309300,1767310200.0,1767310200
2284241.757015275,mult2.75,0.5,4351.38,0,4351.88,4380.310302876748,4379.69,F1,True,4075535.62,2604406.4999999525,2583335.2499999525,1767310200|LONG,EXIT_STLINE,False,SuperTrend-p14x3-M15,LONG,L,0.5,1767349452.687,1767310200,1767311100.0,1767348900
196299.802228503,mult2.75,0.5,4436.35,0,4436.85,4434.753899602472,4434.6,F1,True,4155110.0250000004,-210712.5,-231783.75,1767648600|LONG,EXIT_STLINE,False,SuperTrend-p14x3-M15,LONG,L,0.5,1767650028.983,1767648600,1767649500.0,1767649500
195363.30222848256,mult2.75,0.5,4436.32,0,4436.84,4434.753899602472,4434.66,F1,True,4155100.66,-204157.00000002724,-225228.25000002724,1767649500|LONG,EXIT_STLINE,False,SuperTrend-p14x3-M15,LONG,L,0.5,1767650526.109,1767649500,1767650400.0,1767650400
694517.8022284757,mult2.75,0.5,4441.72,0,4442.17,4434.753899602472,4434.65,F1,True,4160092.205,-704248.0000000409,-725319.2500000409,1767650400|LONG,EXIT_STLINE,False,SuperTrend-p14x3-M15,LONG,L,0.5,1767651904.224,1767650400,1767651300.0,1767651300
52078.8022285064,mult2.75,0.5,4434.78,0,4435.31,4434.753899602472,4434.68,F1,True,4153667.8150000004,-58999.50000001022,-80070.75000001022,1767651300|LONG,EXIT_STLINE,False,SuperTrend-p14x3-M15,LONG,L,0.5,1767652213.967,1767651300,1767652200.0,1767652200
445408.80222848937,mult2.75,0.5,4439.01,0,4439.51,4450.919082881705,4450.9,F1,True,4157601.115,1066673.4999999455,1045602.2499999455,1767652200|LONG,EXIT_STLINE,False,SuperTrend-p14x3-M15,LONG,L,0.5,1767668178.589,1767652200,1767653100.0,1767667500
179893.88812829962,mult2.75,0.5,4451.87,0,4452.84,4450.919082881705,4450.81,F1,True,4170084.66,-190109.49999997616,-211180.74999997616,1767667500|LONG,EXIT_STLINE,False,SuperTrend-p14x3-M15,LONG,L,0.5,1767682029.154,1767667500,1767668400.0,1767681900
869647.6407784042,mult2.75,0.5,4491.83,0,4492.33,4483.0438532751905,4483.01,F1,True,4207067.045,-872817.9999999728,-893889.2499999728,1767735900|LONG,EXIT_STLINE,False,SuperTrend-p14x3-M15,LONG,L,0.5,1767736966.553,1767735900,1767736800.0,1767736800
2849686.725254736,mult2.75,0.5,4470.76,0,4470.81,4467.871308982103,4468.03,F1,True,4186913.5650000004,260347.00000006132,239275.75000006132,1767736800|SHORT,EXIT_STLINE,False,SuperTrend-p14x3-M15,SHORT,S,0.5,1767763053.35,1767736800,1767737700.0,1767762900
244621.9010060139,mult2.75,0.5,4450.03,0,4450.53,4447.917913496999,4447.82,F1,True,4167921.345,-253791.5000000034,-274862.7500000034,1767822300|LONG,EXIT_STLINE,False,SuperTrend-p14x3-M15,LONG,L,0.5,1767823205.672,1767822300,1767823200.0,1767823200
896425.9010060173,mult2.75,0.5,4456.84,0,4457.49,4447.917913496999,4447.89,F1,True,4174439.385,-899039.9999999489,-920111.2499999489,1767823200|LONG,EXIT_STLINE,False,SuperTrend-p14x3-M15,LONG,L,0.5,1767825781.443,1767823200,1767824100.0,1767825000
1842193.588378361,mult2.75,0.5,4447.39,0,4447.35,4439.631500941239,4440.08,F1,True,4164943.2750000004,680835.5000000409,659764.2500000409,1767825000|SHORT,EXIT_STLINE,False,SuperTrend-p14x3-M15,SHORT,S,0.5,1767845463.402,1767825000,1767825900.0,1767844800
351328.06314704183,mult2.75,0.5,4435.88,0,4435.88,4434.812232577011,4434.84,F1,True,4154201.62,97395.9999999966,76324.7499999966,1767844800|SHORT,EXIT_STLINE,False,SuperTrend-p14x3-M15,SHORT,S,0.5,1767867901.62,1767844800,1767845700.0,1767867300
163255.55909260787,mult2.75,0.5,4461.19,0,4461.75,4460.006747900773,4460.0,F1,True,4178428.875,-163887.5,-184958.75,1767908700|LONG,EXIT_STLINE,False,SuperTrend-p14x3-M15,LONG,L,0.5,1767909604.609,1767908700,1767909600.0,1767909600
1770041.0425697085,mult2.75,0.5,4459.15,0,4459.08,4476.341805681037,4476.35,F1,True,4175928.42,-1617335.500000041,-1638406.750000041,1767909600|SHORT,EXIT_STLINE,False,SuperTrend-p14x3-M15,SHORT,S,0.5,1767913505.465,1767909600,1767910500.0,1767913200
428149.6020290677,mult2.75,0.5,4471.77,0,4471.77,4476.341805681037,4476.39,F1,True,4187812.6050000004,-432662.99999998976,-453734.24999998976,1767913200|SHORT,EXIT_STLINE,False,SuperTrend-p14x3-M15,SHORT,S,0.5,1767930378.448,1767913200,1767914100.0,1767930300
401545.18841389014,mult2.75,0.5,4567.01,0,4567.29,4563.0022777531885,4562.7,F1,True,4277267.085,-429853.5000000136,-450924.7500000136,1768172400|LONG,EXIT_STLINE,False,SuperTrend-p14x3-M15,LONG,L,0.5,1768174277.999,1768172400,1768173300.0,1768174200
1518789.6884139173,mult2.75,0.5,4578.99,0,4579.22,4591.632441450543,4591.52,F1,True,4288439.53,1151895.000000017,1130823.750000017,1768174200|LONG,EXIT_STLINE,False,SuperTrend-p14x3-M15,LONG,L,0.5,1768216541.472,1768174200,1768175100.0,1768216500
2471669.640309401,mult2.75,0.5,4609.5,0,4610.06,4619.764205952297,4619.55,F1,True,4317321.19,888738.4999999795,867667.2499999795,1768338900|LONG,EXIT_STLINE,False,SuperTrend-p14x3-M15,LONG,L,0.5,1768390777.929,1768338900,1768339800.0,1768390200
203948.17145597682,mult2.75,0.5,4616.67,0,4617.17,4614.9922298830115,4614.81,F1,True,4323979.705,-221013.99999996932,-242085.24999996932,1768420800|LONG,EXIT_STLINE,False,SuperTrend-p14x3-M15,LONG,L,0.5,1768421796.874,1768420800,1768421700.0,1768421700
2715490.532450814,mult2.75,0.5,4609.0,0,4608.98,4613.324245237435,4613.42,F1,True,4316309.77,-415806.0000000477,-436877.2500000477,1768421700|SHORT,EXIT_STLINE,False,SuperTrend-p14x3-M15,SHORT,S,0.5,1768450696.39,1768421700,1768422600.0,1768450500
1530057.1197053527,mult2.75,0.5,4600.06,0,4599.93,4612.034383118983,4612.14,F1,True,4307834.445,-1143466.5000000035,-1164537.7500000035,1768513500|SHORT,EXIT_STLINE,False,SuperTrend-p14x3-M15,SHORT,S,0.5,1768531685.518,1768513500,1768514400.0,1768531500
62219.47909276696,mult2.75,0.5,4611.37,0,4611.37,4612.034383118983,4612.06,F1,True,4318548.005,-64618.5000000477,-85689.7500000477,1768531500|SHORT,EXIT_STLINE,False,SuperTrend-p14x3-M15,SHORT,S,0.5,1768532407.285,1768531500,1768532400.0,1768532400
681245.9790927363,mult2.75,0.5,4604.26,0,4604.76,4612.034383118983,4612.05,F1,True,4312357.74,-682708.4999999966,-703779.7499999966,1768532400|SHORT,EXIT_STLINE,False,SuperTrend-p14x3-M15,SHORT,S,0.5,1768536882.927,1768532400,1768533300.0,1768536000
141141.9404805384,mult2.75,0.5,4666.16,0,4666.66,4665.152878371804,4665.15,F1,True,4370327.09,-141411.50000002043,-162482.75000002043,1768853700|LONG,EXIT_STLINE,False,SuperTrend-p14x3-M15,LONG,L,0.5,1768855160.033,1768853700,1768854600.0,1768854600
121475.440480535,mult2.75,0.5,4665.95,0,4666.45,4665.152878371804,4665.14,F1,True,4370130.425,-122681.4999999523,-143752.7499999523,1768854600|LONG,EXIT_STLINE,False,SuperTrend-p14x3-M15,LONG,L,0.5,1768855969.309,1768854600,1768855500.0,1768855500
50301.44048051457,mult2.75,0.5,4665.19,0,4665.69,4665.152878371804,4665.14,F1,True,4369418.685,-51507.49999993186,-72578.74999993187,1768855500|LONG,EXIT_STLINE,False,SuperTrend-p14x3-M15,LONG,L,0.5,1768856428.227,1768855500,1768856400.0,1768856400
299410.44048058614,mult2.75,0.5,4667.85,0,4668.35,4665.152878371804,4665.03,F1,True,4371909.775,-310918.0000000579,-331989.2500000579,1768856400|LONG,EXIT_STLINE,False,SuperTrend-p14x3-M15,LONG,L,0.5,1768857700.366,1768856400,1768857300.0,1768857300
1659593.4790148798,mult2.75,0.5,4659.42,0,4659.49,4675.8191244513055,4675.98,F1,True,4363612.385,-1544288.4999999795,-1565359.7499999795,1768857300|SHORT,EXIT_STLINE,False,SuperTrend-p14x3-M15,SHORT,S,0.5,1768862228.876,1768857300,1768858200.0,1768861800
260265.00486476065,mult2.75,0.5,4673.05,0,4673.04,4675.8191244513055,4675.9,F1,True,4376301.96,-267838.9999999693,-288910.2499999693,1768861800|SHORT,EXIT_STLINE,False,SuperTrend-p14x3-M15,SHORT,S,0.5,1768869270.756,1768861800,1768862700.0,1768869000
1634819.8117773782,mult2.75,0.5,4676.69,0,4677.19,4715.261771311068,4714.94,F1,True,4380188.435,3535287.5,3514216.25,1768869000|LONG,EXIT_STLINE,False,SuperTrend-p14x3-M15,LONG,L,0.5,1768905222.735,1768869000,1768869900.0,1768905000
119356.5155634201,mult2.75,0.5,4847.32,0,4847.82,4846.545504371987,4846.2,F1,True,4539983.43,-151712.99999998978,-172784.24999998978,1768967100|LONG,EXIT_STLINE,False,SuperTrend-p14x3-M15,LONG,L,0.5,1768968001.085,1768967100,1768968000.0,1768968000
934641.6980900486,mult2.75,0.5,4794.79,0,4795.31,4785.329843052963,4785.21,F1,True,4490807.815,-945865.0000000341,-966936.2500000341,1769026500|LONG,EXIT_STLINE,False,SuperTrend-p14x3-M15,LONG,L,0.5,1769028365.423,1769026500,1769027400.0,1769028300
5870382.680367388,mult2.75,0.5,4778.3,0,4778.13,4825.216152873044,4825.25,F1,True,4474718.745,-4412787.99999999,-4433859.24999999,1769028300|SHORT,EXIT_STLINE,False,SuperTrend-p14x3-M15,SHORT,S,0.5,1769050966.551,1769028300,1769029200.0,1769050800
679538.7165605614,mult2.75,0.5,4817.96,0,4817.96,4825.216152873044,4825.27,F1,True,4512019.54,-684581.5000000375,-705652.7500000375,1769050800|SHORT,EXIT_STLINE,False,SuperTrend-p14x3-M15,SHORT,S,0.5,1769052077.447,1769050800,1769051700.0,1769051700
3108553.3220159174,mult2.75,0.5,4825.41,0,4825.91,4812.555493536929,4811.68,F1,True,4519464.715,-1332639.499999959,-1353710.749999959,1769051700|LONG,EXIT_STLINE,False,SuperTrend-p14x3-M15,LONG,L,0.5,1769078569.613,1769051700,1769052600.0,1769077800
7156426.720975646,mult2.75,0.5,5071.3,0,5072.01,5064.897211583423,5064.83,F1,True,4749937.365,-672407.0000000272,-693478.2500000272,1769464800|LONG,EXIT_STLINE,False,SuperTrend-p14x3-M15,LONG,L,0.5,1769511932.067,1769464800,1769465700.0,1769511600
3433170.552802389,mult2.75,0.5,5495.19,0,5495.76,5459.100410541352,5457.12,F1,True,5146779.24,-3618636.0000000307,-3639707.2500000307,1769634000|LONG,EXIT_STLINE,False,SuperTrend-p14x3-M15,LONG,L,0.5,1769638187.156,1769634000,1769634900.0,1769637600
1983468.552802345,mult2.75,0.5,5479.87,0,5480.28,5515.552968584681,5514.0,F1,True,5132282.22,3157878.0000000237,3136806.7500000237,1769637600|LONG,EXIT_STLINE,False,SuperTrend-p14x3-M15,LONG,L,0.5,1769665198.275,1769637600,1769638500.0,1769664600
15581660.978987258,mult2.75,0.5,5310.91,0,5309.65,5137.507039557336,5137.58,F1,True,4972487.225,16114355.499999972,16093284.249999972,1769724000|SHORT,EXIT_STLINE,False,SuperTrend-p14x3-M15,SHORT,S,0.5,1769762568.567,1769724000,1769724900.0,1769761800
21482837.507728014,mult2.75,0.5,4741.05,0,4741.16,4631.171097288227,4631.45,F1,True,4440096.34,10274341.500000004,10253270.250000004,1769976000|SHORT,EXIT_STLINE,False,SuperTrend-p14x3-M15,SHORT,S,0.5,1770009593.855,1769976000,1769976900.0,1770009300
2649331.502282958,mult2.75,0.5,4737.86,1,4731.47,4759.75971171685,4760.71,F1,True,4431021.655,-2738325.9999999795,-2759397.2499999795,1770063300|SHORT,EXIT_STLINE,False,SuperTrend-p14x3-M15,SHORT,S,0.5,1770065440.066,1770063300,1770065100.0,1770065100
12330350.36326392,mult2.75,0.5,4774.1,0,4774.6,4909.591692935349,4909.26,F1,True,4471412.9,12610908.999999987,12589837.749999987,1770065100|LONG,EXIT_STLINE,False,SuperTrend-p14x3-M15,LONG,L,0.5,1770130013.521,1770065100,1770066000.0,1770129900
9173752.112711176,mult2.75,0.5,4986.66,0,4987.15,5033.903134461593,5033.54,F1,True,4670465.975,4344423.500000031,4323352.250000031,1770152400|LONG,EXIT_STLINE,False,SuperTrend-p14x3-M15,LONG,L,0.5,1770192965.344,1770152400,1770153300.0,1770192900
8821103.92671849,mult2.75,0.5,5009.26,0,5010.25,4950.447489340207,4950.16,F1,True,4692099.125,-5627428.500000014,-5648499.750000014,1770235200|LONG,EXIT_STLINE,False,SuperTrend-p14x3-M15,LONG,L,0.5,1770243380.965,1770235200,1770236100.0,1770243300
187535.12328963206,mult2.75,0.5,4951.92,0,4952.45,4950.447489340207,4950.44,F1,True,4637969.425,-188236.50000002043,-209307.75000002043,1770243300|LONG,EXIT_STLINE,False,SuperTrend-p14x3-M15,LONG,L,0.5,1770246056.221,1770243300,1770244200.0,1770246000
8916695.891586509,mult2.75,0.5,4915.08,0,4915.24,4926.427311152158,4926.75,F1,True,4603122.26,-1077911.5000000205,-1098982.7500000205,1770246000|SHORT,EXIT_STLINE,False,SuperTrend-p14x3-M15,SHORT,S,0.5,1770262014.611,1770246000,1770246900.0,1770261300
10130101.232145641,mult2.75,0.5,4929.53,0,4929.96,4848.128396389686,4847.21,F1,True,4616907.54,-7749537.5,-7770608.75,1770261300|LONG,EXIT_STLINE,False,SuperTrend-p14x3-M15,LONG,L,0.5,1770276496.182,1770261300,1770262200.0,1770275700
10299314.485723011,mult2.75,0.5,4773.96,0,4774.52,4987.703539717833,4985.93,F1,True,4471337.98,19798546.499999985,19777475.249999985,1770331500|LONG,EXIT_STLINE,False,SuperTrend-p14x3-M15,LONG,L,0.5,1770590200.042,1770331500,1770332400.0,1770589800
2091809.5054249046,mult2.75,0.5,5009.5,0,5010.04,4987.703539717833,4987.07,F1,True,4691902.46,-2151140.5000000237,-2172211.7500000237,1770589800|LONG,EXIT_STLINE,False,SuperTrend-p14x3-M15,LONG,L,0.5,1770591484.25,1770589800,1770590700.0,1770590700
6722869.57064066,mult2.75,0.5,4982.43,0,4982.43,5035.363664877463,5035.37,F1,True,4666045.695,-4957830.999999963,-4978902.249999963,1770590700|SHORT,EXIT_STLINE,False,SuperTrend-p14x3-M15,SHORT,S,0.5,1770636884.46,1770590700,1770591600.0,1770636600
6244026.150835583,mult2.75,0.5,5013.04,0,5013.21,5059.575145741491,5059.59,F1,True,4694871.165,-4343487.00000001,-4364558.25000001,1770667200|SHORT,EXIT_STLINE,False,SuperTrend-p14x3-M15,SHORT,S,0.5,1770703750.088,1770667200,1770668100.0,1770703200
743126.3986905841,mult2.75,0.5,5051.62,0,5051.64,5059.575145741491,5059.88,F1,True,4730860.86,-771675.9999999795,-792747.2499999795,1770703200|SHORT,EXIT_STLINE,False,SuperTrend-p14x3-M15,SHORT,S,0.5,1770722148.484,1770703200,1770704100.0,1770722100
238582.4583553829,mult2.75,0.5,5046.55,0,5046.55,5049.097596992583,5049.2,F1,True,4726094.075,-248172.49999996592,-269243.7499999659,1770754500|SHORT,EXIT_STLINE,False,SuperTrend-p14x3-M15,SHORT,S,0.5,1770759411.643,1770754500,1770755400.0,1770759000
704022.9583554068,mult2.75,0.5,5041.35,0,5041.58,5049.097596992583,5049.17,F1,True,4721439.67,-710803.5000000136,-731874.7500000136,1770759000|SHORT,EXIT_STLINE,False,SuperTrend-p14x3-M15,SHORT,S,0.5,1770763785.252,1770759000,1770759900.0,1770763500
3544830.7790105552,mult2.75,0.5,5052.37,0,5052.87,5082.481725905309,5082.44,F1,True,4732012.755,2769230.4999999725,2748159.2499999725,1770763500|LONG,EXIT_STLINE,False,SuperTrend-p14x3-M15,LONG,L,0.5,1770802557.969,1770763500,1770764400.0,1770802200
6908674.161178512,mult2.75,0.5,4965.27,0,4965.81,4948.317204597263,4947.92,F1,True,4650481.065,-1675398.5000000307,-1696469.7500000307,1770933600|LONG,EXIT_STLINE,False,SuperTrend-p14x3-M15,LONG,L,0.5,1770951539.023,1770933600,1770934500.0,1770950700
4802040.22608005,mult2.75,0.5,4946.1,0,4945.9,4980.586508368181,4980.66,F1,True,4631835.35,-3255274.0000000205,-3276345.2500000205,1770950700|SHORT,EXIT_STLINE,False,SuperTrend-p14x3-M15,SHORT,S,0.5,1770978604.869,1770950700,1770951600.0,1770978600
3474024.5817635455,mult2.75,0.5,4994.51,0,4994.51,5007.314075476293,5007.44,F1,True,4677358.615,-1210894.499999942,-1231965.749999942,1771199100|SHORT,EXIT_STLINE,False,SuperTrend-p14x3-M15,SHORT,S,0.5,1771217246.325,1771199100,1771200000.0,1771217100
729778.4914445253,mult2.75,0.5,4990.89,0,4990.89,4998.68261603251,4998.79,F1,True,4673968.485,-739834.9999999659,-760906.2499999659,1771272000|SHORT,EXIT_STLINE,False,SuperTrend-p14x3-M15,SHORT,S,0.5,1771273462.017,1771272000,1771272900.0,1771272900
418860.49144455255,mult2.75,0.5,4994.21,0,4994.21,4968.74714083362,4969.03,F1,True,4677077.665,2358107.0000000275,2337035.7500000275,1771272900|SHORT,EXIT_STLINE,False,SuperTrend-p14x3-M15,SHORT,S,0.5,1771284001.913,1771272900,1771273800.0,1771283700
315332.73906846496,mult2.75,0.5,4965.37,0,4965.38,4968.74714083362,4968.87,F1,True,4650078.37,-326838.49999997957,-347909.74999997957,1771283700|SHORT,EXIT_STLINE,False,SuperTrend-p14x3-M15,SHORT,S,0.5,1771286428.48,1771283700,1771284600.0,1771286400
690869.2390684854,mult2.75,0.5,4961.37,0,4961.37,4923.782260063482,4923.88,F1,True,4646323.005,3510938.4999999795,3489867.2499999795,1771286400|SHORT,EXIT_STLINE,False,SuperTrend-p14x3-M15,SHORT,S,0.5,1771304495.803,1771286400,1771287300.0,1771304400
267281.3872753637,mult2.75,0.5,4898.48,0,4898.46,4901.314045779769,4901.5,F1,True,4587407.79,-284695.99999999657,-305767.24999999657,1771369200|SHORT,EXIT_STLINE,False,SuperTrend-p14x3-M15,SHORT,S,0.5,1771370703.847,1771369200,1771370100.0,1771370100
35965.887275339905,mult2.75,0.5,4900.93,0,4900.93,4901.314045779769,4901.43,F1,True,4589720.945,-46825.0,-67896.25,1771370100|SHORT,EXIT_STLINE,False,SuperTrend-p14x3-M15,SHORT,S,0.5,1771371000.154,1771370100,1771371000.0,1771371000
3310905.369830362,mult2.75,0.5,4904.81,0,4905.31,4913.467275905236,4913.29,F1,True,4593822.815,747326.9999999591,726255.7499999591,1771371000|LONG,EXIT_STLINE,False,SuperTrend-p14x3-M15,LONG,L,0.5,1771394808.849,1771371000,1771371900.0,1771394400
2176338.6658680346,mult2.75,0.5,4975.9,1,4976.8,4988.45966470006,4988.49,F1,True,4660773.2,-1094768.4999999625,-1115839.7499999625,1771440300|SHORT,EXIT_STLINE,False,SuperTrend-p14x3-M15,SHORT,S,0.5,1771466644.829,1771440300,1771445700.0,1771466400
2111821.07058235,mult2.75,0.5,4990.21,0,4990.71,5000.322711998734,5000.15,F1,True,4673799.915,884055.9999999625,862984.7499999625,1771466400|LONG,EXIT_STLINE,False,SuperTrend-p14x3-M15,LONG,L,0.5,1771482567.563,1771466400,1771467300.0,1771481700
2796658.3164101145,mult2.75,0.5,5013.29,0,5013.79,4983.927124224131,4983.67,F1,True,4695414.335,-2820737.9999999898,-2841809.2499999898,1771538400|LONG,EXIT_STLINE,False,SuperTrend-p14x3-M15,LONG,L,0.5,1771548120.512,1771538400,1771539300.0,1771547400
346774.3164101282,mult2.75,0.5,4987.13,0,4987.63,5011.870474682054,5011.73,F1,True,4670915.495,2256964.999999949,2235893.749999949,1771547400|LONG,EXIT_STLINE,False,SuperTrend-p14x3-M15,LONG,L,0.5,1771579792.312,1771547400,1771548300.0,1771578900
5072103.766503856,mult2.75,0.5,5185.16,0,5185.32,5148.926813059406,5148.95,F1,True,4856052.18,3406050.4999999898,3384979.2499999898,1771884000|SHORT,EXIT_STLINE,False,SuperTrend-p14x3-M15,SHORT,S,0.5,1771936933.035,1771884000,1771884900.0,1771936200
3360945.3705813736,mult2.75,0.5,5135.6,0,5135.6,5166.224910241444,5167.05,F1,True,4809489.4,-2945292.499999983,-2966363.749999983,1771963200|SHORT,EXIT_STLINE,False,SuperTrend-p14x3-M15,SHORT,S,0.5,1771970863.344,1771963200,1771964100.0,1771970400
4968784.113455556,mult2.75,0.5,5174.14,0,5175.27,5177.542902616497,5177.15,F1,True,4846640.355,176061.99999992506,154990.74999992506,1771970400|LONG,EXIT_STLINE,False,SuperTrend-p14x3-M15,LONG,L,0.5,1771999425.779,1771970400,1771971300.0,1771999200
153236.18928885902,mult2.75,0.5,5188.23,0,5188.21,5189.846264701429,5190.43,F1,True,4858758.665,-207903.00000002384,-228974.25000002384,1772055900|SHORT,EXIT_STLINE,False,SuperTrend-p14x3-M15,SHORT,S,0.5,1772056803.011,1772055900,1772056800.0,1772056800
220664.1892888829,mult2.75,0.5,5187.49,0,5187.49,5189.846264701429,5190.25,F1,True,4858084.385,-258474.00000002043,-279545.25000002043,1772056800|SHORT,EXIT_STLINE,False,SuperTrend-p14x3-M15,SHORT,S,0.5,1772057715.195,1772056800,1772057700.0,1772057700
886515.6892888523,mult2.75,0.5,5180.38,0,5180.38,5189.846264701429,5190.09,F1,True,4851425.87,-909341.5000000034,-930412.7500000034,1772057700|SHORT,EXIT_STLINE,False,SuperTrend-p14x3-M15,SHORT,S,0.5,1772058910.508,1772057700,1772058600.0,1772058600
46475.18928882837,mult2.75,0.5,5189.35,0,5189.35,5189.846264701429,5189.85,F1,True,4859826.275,-46825.0,-67896.25,1772058600|SHORT,EXIT_STLINE,False,SuperTrend-p14x3-M15,SHORT,S,0.5,1772059500.046,1772058600,1772059500.0,1772059500
3349192.6519912677,mult2.75,0.5,5191.35,0,5191.86,5175.793354636341,5175.43,F1,True,4862176.89,-1538669.499999942,-1559740.749999942,1772059500|LONG,EXIT_STLINE,False,SuperTrend-p14x3-M15,LONG,L,0.5,1772083775.071,1772059500,1772060400.0,1772082900
457973.2579967086,mult2.75,0.5,5176.08,0,5175.4,5170.50973563271,5170.49,F1,True,4846762.1,-459821.4999999864,-480892.7499999864,1772141400|LONG,EXIT_STLINE,False,SuperTrend-p14x3-M15,LONG,L,0.5,1772143323.473,1772141400,1772142300.0,1772143200
591892.7579967359,mult2.75,0.5,5176.33,0,5176.83,5174.330610704995,5174.33,F1,True,4848101.295,-234125.0,-255196.25,1772143200|LONG,EXIT_STLINE,False,SuperTrend-p14x3-M15,LONG,L,0.5,1772169884.578,1772143200,1772144100.0,1772169300
945733.3704848904,mult2.75,0.5,5345.03,0,5345.53,5335.4314055474115,5335.22,F1,True,5006088.845,-965531.4999999523,-986602.7499999523,1772505000|LONG,EXIT_STLINE,False,SuperTrend-p14x3-M15,LONG,L,0.5,1772506079.081,1772505000,1772505900.0,1772505900
4627822.834931278,mult2.75,0.5,5319.05,0,5319.03,5204.740694506741,5206.01,F1,True,4981271.595,10584322.999999955,10563251.749999955,1772505900|SHORT,EXIT_STLINE,False,SuperTrend-p14x3-M15,SHORT,S,0.5,1772530061.614,1772505900,1772506800.0,1772529300
6068070.57223644,mult2.75,0.5,5158.63,0,5159.84,5128.259263370937,5127.01,F1,True,4832190.16,-3074529.499999993,-3095600.749999993,1772575200|LONG,EXIT_STLINE,False,SuperTrend-p14x3-M15,LONG,L,0.5,1772593582.997,1772575200,1772576100.0,1772593200
1319597.485311753,mult2.75,0.5,5142.39,0,5142.35,5162.078114521319,5161.87,F1,True,4815810.775,1828047.9999999558,1806976.7499999558,1772593200|LONG,EXIT_STLINE,False,SuperTrend-p14x3-M15,LONG,L,0.5,1772617217.021,1772593200,1772594100.0,1772616600
3760251.2280344767,mult2.75,0.5,5171.0,0,5171.5,5155.840619567671,5155.72,F1,True,4843109.75,-1477796.9999999763,-1498868.2499999763,1772658000|LONG,EXIT_STLINE,False,SuperTrend-p14x3-M15,LONG,L,0.5,1772679416.615,1772658000,1772658900.0,1772678700
3874463.6258039507,mult2.75,0.5,5148.32,0,5148.44,5171.0134917114765,5171.08,F1,True,4821514.06,-2120236.0000000307,-2141307.2500000307,1772678700|SHORT,EXIT_STLINE,False,SuperTrend-p14x3-M15,SHORT,S,0.5,1772683343.067,1772678700,1772679600.0,1772683200
5692717.220416342,mult2.75,0.5,5118.52,0,5118.77,5099.091467419267,5098.99,F1,True,4793728.105,-1852397.0000000612,-1873468.2500000612,1772749800|LONG,EXIT_STLINE,False,SuperTrend-p14x3-M15,LONG,L,0.5,1772775002.286,1772749800,1772750700.0,1772775000
3176849.1999810385,mult2.75,0.5,5158.99,0,5159.49,5125.567424452952,5124.82,F1,True,4831862.385,-3246845.500000007,-3267916.750000007,1772996400|LONG,EXIT_STLINE,False,SuperTrend-p14x3-M15,LONG,L,0.5,1772998865.589,1772996400,1772997300.0,1772998200
5834411.208168334,mult2.75,0.5,5125.47,0,5125.79,5116.381809792927,5117.45,F1,True,4800302.335,781041.0000000136,759969.7500000136,1772998200|SHORT,EXIT_STLINE,False,SuperTrend-p14x3-M15,SHORT,S,0.5,1773024198.023,1772998200,1772999100.0,1773023400
6226362.292659692,mult2.75,0.5,5120.4,0,5120.98,5077.616005354308,5077.43,F1,True,4795797.77,-4078457.499999932,-4099528.749999932,1773023400|LONG,EXIT_STLINE,False,SuperTrend-p14x3-M15,LONG,L,0.5,1773052977.903,1773023400,1773024300.0,1773052200
626036.9003502409,mult2.75,0.5,5215.05,0,5215.4,5222.084857451684,5222.37,F1,True,4884222.1,-652740.5000000239,-673811.7500000239,1773180000|SHORT,EXIT_STLINE,False,SuperTrend-p14x3-M15,SHORT,S,0.5,1773181212.412,1773180000,1773180900.0,1773180900
690655.4003502034,mult2.75,0.5,5214.64,0,5214.71,5166.547195875301,5166.71,F1,True,4883575.915,4495200.0,4474128.75,1773180900|SHORT,EXIT_STLINE,False,SuperTrend-p14x3-M15,SHORT,S,0.5,1773266504.704,1773180900,1773181800.0,1773266400
887539.3937220072,mult2.75,0.5,5157.07,0,5157.07,5166.547195875301,5166.65,F1,True,4829596.055,-897166.9999999931,-918238.2499999931,1773266400|SHORT,EXIT_STLINE,False,SuperTrend-p14x3-M15,SHORT,S,0.5,1773268953.567,1773266400,1773267300.0,1773268200
3854657.141721141,mult2.75,0.5,5169.54,0,5170.19,5140.0573531714235,5139.83,F1,True,4841882.935,-2843213.9999999693,-2864285.2499999693,1773268200|LONG,EXIT_STLINE,False,SuperTrend-p14x3-M15,LONG,L,0.5,1773282306.05,1773268200,1773269100.0,1773281700
304610.37549622403,mult2.75,0.5,5142.81,0,5143.31,5167.808277823559,5167.73,F1,True,4816709.815,2286932.999999922,2265861.749999922,1773281700|LONG,EXIT_STLINE,False,SuperTrend-p14x3-M15,LONG,L,0.5,1773306474.124,1773281700,1773282600.0,1773306000
297409.8886098809,mult2.75,0.5,5093.94,0,5093.94,5097.115759622102,5097.12,F1,True,4770474.81,-297807.00000002724,-318878.25000002724,1773346500|SHORT,EXIT_STLINE,False,SuperTrend-p14x3-M15,SHORT,S,0.5,1773347531.347,1773346500,1773347400.0,1773347400
229045.38860983658,mult2.75,0.5,5094.7,0,5094.67,5097.115759622102,5098.17,F1,True,4771158.455,-327775.0,-348846.25,1773347400|SHORT,EXIT_STLINE,False,SuperTrend-p14x3-M15,SHORT,S,0.5,1773348368.503,1773347400,1773348300.0,1773348300
2739898.154603457,mult2.75,0.5,5097.93,0,5098.43,5099.790853076856,5099.52,F1,True,4774679.695,102078.50000001362,81007.25000001362,1773348300|LONG,EXIT_STLINE,False,SuperTrend-p14x3-M15,LONG,L,0.5,1773369945.412,1773348300,1773349200.0,1773369900
325822.1093524423,mult2.75,0.5,5102.6,0,5103.27,5099.790853076856,5099.47,F1,True,4779212.355,-355870.00000001705,-376941.25000001705,1773369900|LONG,EXIT_STLINE,False,SuperTrend-p14x3-M15,LONG,L,0.5,1773371800.414,1773369900,1773370800.0,1773371700
210980.5319386418,mult2.75,0.5,5017.81,0,5017.82,5020.072862060209,5020.13,F1,True,4699188.43,-216331.5000000375,-237402.7500000375,1773700200|SHORT,EXIT_STLINE,False,SuperTrend-p14x3-M15,SHORT,S,0.5,1773701354.037,1773700200,1773701100.0,1773701100
2987245.479705668,mult2.75,0.5,5027.59,0,5028.09,5017.950337025127,5017.94,F1,True,4708806.285,-950547.5000000511,-971618.7500000511,1773701100|LONG,EXIT_STLINE,False,SuperTrend-p14x3-M15,LONG,L,0.5,1773716484.619,1773701100,1773702000.0,1773716400
515174.1165392043,mult2.75,0.5,4997.43,0,4997.43,5002.931058372015,5002.99,F1,True,4680093.195,-520693.9999999523,-541765.2499999523,1773801900|SHORT,EXIT_STLINE,False,SuperTrend-p14x3-M15,SHORT,S,0.5,1773803385.393,1773801900,1773802800.0,1773802800
4744638.821981383,mult2.75,0.5,4865.59,0,4866.09,4826.656036092132,4826.59,F1,True,4557093.285,-3699175.0,-3720246.25,1773873000|LONG,EXIT_STLINE,False,SuperTrend-p14x3-M15,LONG,L,0.5,1773890230.732,1773873000,1773873900.0,1773890100
1759641.9961557924,mult2.75,0.5,4421.86,0,4421.79,4440.579556819603,4440.69,F1,True,4141006.335,-1769984.999999966,-1791056.249999966,1774217700|SHORT,EXIT_STLINE,False,SuperTrend-p14x3-M15,SHORT,S,0.5,1774218683.928,1774217700,1774218600.0,1774218600
487874.99615579913,mult2.75,0.5,4435.54,0,4435.37,4246.599307632166,4247.62,F1,True,4153724.005,17582787.5,17561716.25,1774218600|SHORT,EXIT_STLINE,False,SuperTrend-p14x3-M15,SHORT,S,0.5,1774242720.057,1774218600,1774219500.0,1774242000
9347963.255453827,mult2.75,0.5,4344.15,0,4344.24,4403.137462343129,4403.16,F1,True,4068380.76,-5517858.0000000065,-5538929.2500000065,1774301400|SHORT,EXIT_STLINE,False,SuperTrend-p14x3-M15,SHORT,S,0.5,1774324617.905,1774301400,1774302300.0,1774323900
5453718.0482725445,mult2.75,0.5,4419.27,0,4419.81,4426.394969804867,4426.39,F1,True,4139152.0650000004,616216.9999999931,595145.7499999931,1774564200|LONG,EXIT_STLINE,False,SuperTrend-p14x3-M15,LONG,L,0.5,1774591138.06,1774564200,1774565100.0,1774590300
1340136.1450004538,mult2.75,0.5,4496.94,0,4497.49,4483.179950400422,4483.01,F1,True,4211899.385,-1356051.999999959,-1377123.249999959,1774810800|LONG,EXIT_STLINE,False,SuperTrend-p14x3-M15,LONG,L,0.5,1774814349.941,1774810800,1774811700.0,1774813500
163892.14500050154,mult2.75,0.5,4484.49,0,4484.93,4483.179950400422,4482.5,F1,True,4200136.945,-227569.50000002724,-248640.75000002724,1774813500|LONG,EXIT_STLINE,False,SuperTrend-p14x3-M15,LONG,L,0.5,1774814749.575,1774813500,1774814400.0,1774814400
5058689.985137868,mult2.75,0.5,4478.39,0,4478.45,4490.160610611898,4490.42,F1,True,4194068.425,-1120990.5000000237,-1142061.7500000237,1774814400|SHORT,EXIT_STLINE,False,SuperTrend-p14x3-M15,SHORT,S,0.5,1774827764.272,1774814400,1774815300.0,1774827000
6998835.698353713,mult2.75,0.5,4494.46,0,4495.03,4532.367753037717,4532.32,F1,True,4209595.595,3492208.4999999967,3471137.2499999967,1774827000|LONG,EXIT_STLINE,False,SuperTrend-p14x3-M15,LONG,L,0.5,1774867749.159,1774827000,1774827900.0,1774867500
92310.67758174495,mult2.75,0.5,4535.95,0,4535.93,4536.915698639421,4536.95,F1,True,4247898.445,-95522.9999999557,-116594.2499999557,1774906200|SHORT,EXIT_STLINE,False,SuperTrend-p14x3-M15,SHORT,S,0.5,1774907100.849,1774906200,1774907100.0,1774907100
4712888.573373511,mult2.75,0.5,4547.61,0,4548.09,4552.724066540651,4552.68,F1,True,4259286.285,429853.5000000136,408782.2500000136,1774907100|LONG,EXIT_STLINE,False,SuperTrend-p14x3-M15,LONG,L,0.5,1774917723.826,1774907100,1774908000.0,1774917000
5246208.949822463,mult2.75,0.5,4551.97,0,4551.57,4579.433272810912,4579.51,F1,True,4262545.305,-2616581.0000000475,-2637652.2500000475,1774917000|SHORT,EXIT_STLINE,False,SuperTrend-p14x3-M15,SHORT,S,0.5,1774945540.933,1774917000,1774917900.0,1774944900
187015.14500488676,mult2.75,0.5,4672.17,0,4672.95,4670.953041697759,4670.73,F1,True,4376217.675,-207903.00000002384,-228974.25000002384,1775006100|LONG,EXIT_STLINE,False,SuperTrend-p14x3-M15,LONG,L,0.5,1775007327.742,1775006100,1775007000.0,1775007000
587837.1450048629,mult2.75,0.5,4676.69,0,4677.23,4721.274247467033,4720.98,F1,True,4380225.895,4097187.5,4076116.25,1775007000|LONG,EXIT_STLINE,False,SuperTrend-p14x3-M15,LONG,L,0.5,1775037601.365,1775007000,1775007900.0,1775037600
826923.962902859,mult2.75,0.5,4758.62,0,4760.51,4759.921905872586,4759.8,F1,True,4458217.615,-66491.5000000034,-87562.7500000034,1775070000|LONG,EXIT_STLINE,False,SuperTrend-p14x3-M15,LONG,L,0.5,1775081021.39,1775070000,1775070900.0,1775080800
4524479.857158031,mult2.75,0.5,4750.79,0,4750.75,4638.696647181671,4638.86,F1,True,4449077.375,10478498.50000003,10457427.25000003,1775080800|SHORT,EXIT_STLINE,False,SuperTrend-p14x3-M15,SHORT,S,0.5,1775104894.629,1775080800,1775081700.0,1775104200
5423284.327385482,mult2.75,0.5,4630.3,0,4631.08,4662.640192483374,4662.72,F1,True,4337006.42,-2963086.0000000307,-2984157.2500000307,1775412000|SHORT,EXIT_STLINE,False,SuperTrend-p14x3-M15,SHORT,S,0.5,1775427581.804,1775412000,1775412900.0,1775427300
152667.5260679967,mult2.75,0.5,4660.88,0,4661.01,4662.640192483374,4662.69,F1,True,4365035.865,-157331.99999994208,-178403.24999994208,1775427300|SHORT,EXIT_STLINE,False,SuperTrend-p14x3-M15,SHORT,S,0.5,1775428202.84,1775427300,1775428200.0,1775428200
1087294.5260680409,mult2.75,0.5,4651.01,0,4651.03,4662.640192483374,4662.87,F1,True,4355689.595,-1108816.0000000137,-1129887.2500000137,1775428200|SHORT,EXIT_STLINE,False,SuperTrend-p14x3-M15,SHORT,S,0.5,1775437272.741,1775428200,1775429100.0,1775437200
4539421.661300611,mult2.75,0.5,4673.44,0,4673.98,4670.227251388482,4670.15,F1,True,4377182.27,-358679.4999999932,-379750.7499999932,1775437200|LONG,EXIT_STLINE,False,SuperTrend-p14x3-M15,LONG,L,0.5,1775463330.767,1775437200,1775438100.0,1775463300
191981.24119881866,mult2.75,0.5,4662.19,0,4662.2,4664.24998655845,4664.39,F1,True,4366150.3,-205093.5000000477,-226164.7500000477,1775521800|SHORT,EXIT_STLINE,False,SuperTrend-p14x3-M15,SHORT,S,0.5,1775523041.492,1775521800,1775522700.0,1775522700
394265.24119880504,mult2.75,0.5,4659.47,0,4660.04,4664.24998655845,4664.26,F1,True,4364127.46,-395203.00000002387,-416274.25000002387,1775522700|SHORT,EXIT_STLINE,False,SuperTrend-p14x3-M15,SHORT,S,0.5,1775535274.237,1775522700,1775523600.0,1775534400
128631.93626425977,mult2.75,0.5,4695.34,0,4695.51,4696.883539095187,4697.2,F1,True,4397345.115,-158268.4999999625,-179339.7499999625,1776026700|SHORT,EXIT_STLINE,False,SuperTrend-p14x3-M15,SHORT,S,0.5,1776027600.933,1776026700,1776027600.0,1776027600
4907401.598425864,mult2.75,0.5,4714.74,0,4715.48,4710.184985555578,4709.96,F1,True,4416047.02,-516947.9999999557,-538019.2499999558,1776027600|LONG,EXIT_STLINE,False,SuperTrend-p14x3-M15,LONG,L,0.5,1776061509.308,1776027600,1776028500.0,1776060900
47834.68808596572,mult2.75,0.5,4828.16,0,4828.65,4828.139218493476,4828.04,F1,True,4522030.725,-57126.49999996934,-78197.74999996934,1776205800|LONG,EXIT_STLINE,False,SuperTrend-p14x3-M15,LONG,L,0.5,1776206700.366,1776205800,1776206700.0,1776206700
2609682.867766565,mult2.75,0.5,4823.75,0,4823.77,4821.185758990631,4821.34,F1,True,4517460.605,227569.50000002724,206498.25000002724,1776206700|SHORT,EXIT_STLINE,False,SuperTrend-p14x3-M15,SHORT,S,0.5,1776245318.369,1776206700,1776207600.0,1776244500
188188.3866707986,mult2.75,0.5,4807.49,0,4807.41,4809.419486243148,4809.81,F1,True,4502139.465,-224760.0000000511,-245831.2500000511,1776278700|SHORT,EXIT_STLINE,False,SuperTrend-p14x3-M15,SHORT,S,0.5,1776279673.795,1776278700,1776279600.0,1776279600
2114096.2593541355,mult2.75,0.5,4812.39,0,4812.87,4812.535639740367,4812.47,F1,True,4507252.755,-37459.999999965934,-58531.249999965934,1776279600|LONG,EXIT_STLINE,False,SuperTrend-p14x3-M15,LONG,L,0.5,1776289201.914,1776279600,1776280500.0,1776288600
353468.8383147049,mult2.75,0.5,4815.83,0,4816.31,4812.535639740367,4812.48,F1,True,4510474.315,-358679.50000007835,-379750.75000007835,1776288600|LONG,EXIT_STLINE,False,SuperTrend-p14x3-M15,LONG,L,0.5,1776292625.375,1776288600,1776289500.0,1776292200
488324.83831466746,mult2.75,0.5,4817.14,0,4817.75,4817.1038050371135,4817.1,F1,True,4511822.875,-60872.499999965934,-81943.74999996593,1776292200|LONG,EXIT_STLINE,False,SuperTrend-p14x3-M15,LONG,L,0.5,1776306374.869,1776292200,1776293100.0,1776305700
2172517.1491433815,mult2.75,0.5,4816.06,0,4815.99,4795.345261261784,4795.43,F1,True,4510174.635,1925443.9999999523,1904372.7499999523,1776305700|SHORT,EXIT_STLINE,False,SuperTrend-p14x3-M15,SHORT,S,0.5,1776380705.216,1776305700,1776306600.0,1776380400
2547107.372786915,mult2.75,0.5,4795.82,0,4796.3,4785.039490508405,4785.03,F1,True,4491734.95,-1055435.500000041,-1076506.750000041,1776380400|LONG,EXIT_STLINE,False,SuperTrend-p14x3-M15,LONG,L,0.5,1776392367.729,1776380400,1776381300.0,1776392100
2041701.9003045724,mult2.75,0.5,4783.66,0,4783.64,4802.198807836137,4802.33,F1,True,4479878.86,-1750318.4999999625,-1771389.7499999625,1776392100|SHORT,EXIT_STLINE,False,SuperTrend-p14x3-M15,SHORT,S,0.5,1776411940.978,1776392100,1776393000.0,1776411900
2434669.3284509983,mult2.75,0.5,4790.3,0,4790.21,4784.953052001605,4784.96,F1,True,4486031.665,491662.5,470591.25,1776621600|SHORT,EXIT_STLINE,False,SuperTrend-p14x3-M15,SHORT,S,0.5,1776632598.647,1776621600,1776622500.0,1776632400
4066587.224633055,mult2.75,0.5,4793.53,0,4794.04,4794.245252529977,4793.91,F1,True,4489618.46,-12174.50000001022,-33245.75000001022,1776632400|LONG,EXIT_STLINE,False,SuperTrend-p14x3-M15,LONG,L,0.5,1776682279.489,1776632400,1776633300.0,1776681900
158641.3608515637,mult2.75,0.5,4813.36,0,4813.81,4812.116018570726,4812.1,F1,True,4508133.065,-160141.5000000034,-181212.7500000034,1776720600|LONG,EXIT_STLINE,False,SuperTrend-p14x3-M15,LONG,L,0.5,1776721581.266,1776720600,1776721500.0,1776721500
1793598.4797780188,mult2.75,0.5,4810.09,0,4810.14,4720.758307546722,4723.02,F1,True,4504696.11,8158787.99999999,8137716.74999999,1776721500|SHORT,EXIT_STLINE,False,SuperTrend-p14x3-M15,SHORT,S,0.5,1776794404.99,1776721500,1776722400.0,1776794400
2045218.7239563363,mult2.75,0.5,4748.34,0,4748.12,4734.435343903746,4735.09,F1,True,4446614.38,1220259.4999999763,1199188.2499999763,1776837600|SHORT,EXIT_STLINE,False,SuperTrend-p14x3-M15,SHORT,S,0.5,1776889536.947,1776837600,1776838500.0,1776888900
4943779.959686875,mult2.75,0.5,4741.38,0,4741.84,4719.495785147037,4719.45,F1,True,4440733.16,-2096823.5000000307,-2117894.7500000307,1776888900|LONG,EXIT_STLINE,False,SuperTrend-p14x3-M15,LONG,L,0.5,1776895533.115,1776888900,1776889800.0,1776895200
3753568.839530581,mult2.75,0.5,4707.27,0,4707.18,4724.7281316081135,4724.97,F1,True,4408274.07,-1666033.4999999965,-1687104.7499999965,1776895200|SHORT,EXIT_STLINE,False,SuperTrend-p14x3-M15,SHORT,S,0.5,1776916834.935,1776895200,1776896100.0,1776916800
2828832.7697832696,mult2.75,0.5,4685.14,1,4686.44,4697.062031850198,4697.08,F1,True,4388851.06,-996436.0000000306,-1017507.2500000306,1777226400|SHORT,EXIT_STLINE,False,SuperTrend-p14x3-M15,SHORT,S,0.5,1777237142.197,1777226400,1777228200.0,1777236300
2854730.031112508,mult2.75,0.5,4697.65,0,4698.16,4706.658822029854,4706.64,F1,True,4399826.84,794152.0000000442,773080.7500000442,1777236300|LONG,EXIT_STLINE,False,SuperTrend-p14x3-M15,LONG,L,0.5,1777264816.373,1777236300,1777237200.0,1777264200
1364251.5682367196,mult2.75,0.5,4694.23,0,4694.61,4683.370130756779,4683.26,F1,True,4396502.265,-1062927.499999949,-1083998.749999949,1777318200|LONG,EXIT_STLINE,False,SuperTrend-p14x3-M15,LONG,L,0.5,1777326629.312,1777318200,1777319100.0,1777326300
2294878.3058043267,mult2.75,0.5,4670.58,0,4670.52,4596.9059346448885,4596.91,F1,True,4373941.98,6893576.500000055,6872505.250000055,1777326300|SHORT,EXIT_STLINE,False,SuperTrend-p14x3-M15,SHORT,S,0.5,1777364446.144,1777326300,1777327200.0,1777364100
2380297.7127314564,mult2.75,0.5,4582.46,0,4582.21,4605.2041591933685,4605.22,F1,True,4291239.665,-2154886.5000000205,-2175957.7500000205,1777410000|SHORT,EXIT_STLINE,False,SuperTrend-p14x3-M15,SHORT,S,0.5,1777422966.447,1777410000,1777410900.0,1777422600
296323.5084589605,mult2.75,0.5,4602.02,0,4602.04,4605.2041591933685,4605.28,F1,True,4309810.46,-303425.99999997957,-324497.24999997957,1777422600|SHORT,EXIT_STLINE,False,SuperTrend-p14x3-M15,SHORT,S,0.5,1777424123.176,1777422600,1777423500.0,1777423500
57516.008458943455,mult2.75,0.5,4604.62,0,4604.59,4605.2041591933685,4605.23,F1,True,4312198.535,-59935.99999994549,-81007.24999994549,1777423500|SHORT,EXIT_STLINE,False,SuperTrend-p14x3-M15,SHORT,S,0.5,1777424400.836,1777423500,1777424400.0,1777424400
400275.00845892983,mult2.75,0.5,4600.91,0,4600.93,4551.561382842915,4551.57,F1,True,4308770.945,4622564.000000055,4601492.750000055,1777424400|SHORT,EXIT_STLINE,False,SuperTrend-p14x3-M15,SHORT,S,0.5,1777462592.202,1777424400,1777425300.0,1777462200
696029.2194625812,mult2.75,0.5,4557.94,0,4557.92,4565.35223939629,4565.48,F1,True,4268492.08,-707993.9999999523,-729065.2499999523,1777492800|SHORT,EXIT_STLINE,False,SuperTrend-p14x3-M15,SHORT,S,0.5,1777494607.943,1777492800,1777493700.0,1777494600
2425520.318688934,mult2.75,0.5,4566.86,0,4567.36,4554.369814961184,4554.34,F1,True,4277332.64,-1219322.9999999558,-1240394.2499999558,1777494600|LONG,EXIT_STLINE,False,SuperTrend-p14x3-M15,LONG,L,0.5,1777507260.749,1777494600,1777495500.0,1777507200
126444.82888517104,mult2.75,0.5,4555.23,0,4555.72,4554.369814961184,4554.36,F1,True,4266431.78,-127364.00000005451,-148435.2500000545,1777507200|LONG,EXIT_STLINE,False,SuperTrend-p14x3-M15,LONG,L,0.5,1777508168.169,1777507200,1777508100.0,1777508100
2466779.123823961,mult2.75,0.5,4547.21,0,4547.12,4566.123770867753,4566.16,F1,True,4258377.88,-1783095.9999999965,-1804167.2499999965,1777508100|SHORT,EXIT_STLINE,False,SuperTrend-p14x3-M15,SHORT,S,0.5,1777513147.907,1777508100,1777509000.0,1777512600
223240.14176505915,mult2.75,0.5,4563.8,0,4563.74,4566.123770867753,4566.17,F1,True,4273942.51,-227569.50000002724,-248640.75000002724,1777512600|SHORT,EXIT_STLINE,False,SuperTrend-p14x3-M15,SHORT,S,0.5,1777513539.327,1777512600,1777513500.0,1777513500
342175.64176501485,mult2.75,0.5,4562.43,0,4562.47,4566.123770867753,4566.17,F1,True,4272753.155,-346504.99999998295,-367576.24999998295,1777513500|SHORT,EXIT_STLINE,False,SuperTrend-p14x3-M15,SHORT,S,0.5,1777514620.868,1777513500,1777514400.0,1777514400
8781.641765062568,mult2.75,0.5,4565.96,0,4566.03,4566.123770867753,4566.53,F1,True,4276087.095,-46825.0,-67896.25,1777514400|SHORT,EXIT_STLINE,False,SuperTrend-p14x3-M15,SHORT,S,0.5,1777515300.052,1777514400,1777515300.0,1777515300
2379015.456821966,mult2.75,0.5,4569.29,0,4569.79,4612.730046576228,4612.56,F1,True,4279608.335,4005410.500000041,3984339.250000041,1777515300|LONG,EXIT_STLINE,False,SuperTrend-p14x3-M15,LONG,L,0.5,1777542720.559,1777515300,1777516200.0,1777542300
265792.98227040534,mult2.75,0.5,4630.72,0,4630.78,4633.618152506891,4633.64,F1,True,4336725.47,-267839.0000000545,-288910.2500000545,1777586400|SHORT,EXIT_STLINE,False,SuperTrend-p14x3-M15,SHORT,S,0.5,1777587406.638,1777586400,1777587300.0,1777587300
409077.4822703815,mult2.75,0.5,4629.26,0,4629.25,4584.853319250198,4585.03,F1,True,4335292.625,4141203.0000000237,4120131.7500000237,1777587300|SHORT,EXIT_STLINE,False,SuperTrend-p14x3-M15,SHORT,S,0.5,1777623252.989,1777587300,1777588200.0,1777622400
2733115.6964014187,mult2.75,0.5,4538.6,0,4539.17,4555.8286749719855,4555.62,F1,True,4250932.705,1540542.499999983,1519471.249999983,1777928400|LONG,EXIT_STLINE,False,SuperTrend-p14x3-M15,LONG,L,0.5,1777984279.591,1777928400,1777929300.0,1777984200
3120394.2689008415,mult2.75,0.5,4573.14,0,4573.8,4685.516832661651,4685.49,F1,True,4283363.7,10459768.499999963,10438697.249999963,1778006700|LONG,EXIT_STLINE,False,SuperTrend-p14x3-M15,LONG,L,0.5,1778054503.764,1778006700,1778007600.0,1778054400
478597.6660210704,mult2.75,0.5,4713.92,0,4713.65,4718.760492963385,4718.95,F1,True,4414333.225,-496345.00000001705,-517416.25000001705,1778187600|SHORT,EXIT_STLINE,False,SuperTrend-p14x3-M15,SHORT,S,0.5,1778188929.443,1778187600,1778188500.0,1778188500
607834.6660209955,mult2.75,0.5,4712.32,0,4712.27,4718.760492963385,4718.84,F1,True,4413040.855,-615280.4999999728,-636351.7499999728,1778188500|SHORT,EXIT_STLINE,False,SuperTrend-p14x3-M15,SHORT,S,0.5,1778190541.484,1778188500,1778189400.0,1778190300
3371031.272259581,mult2.75,0.5,4722.71,0,4723.27,4702.408033163558,4702.28,F1,True,4423342.355,-1965713.5000000647,-1986784.7500000647,1778190300|LONG,EXIT_STLINE,False,SuperTrend-p14x3-M15,LONG,L,0.5,1778210715.141,1778190300,1778191200.0,1778210100
508093.3847208464,mult2.75,0.5,4698.77,0,4698.79,4681.373324658159,4681.57,F1,True,4400416.835,1612653.0000000237,1591581.7500000237,1778447700|SHORT,EXIT_STLINE,False,SuperTrend-p14x3-M15,SHORT,S,0.5,1778487712.958,1778447700,1778448600.0,1778487300
375286.1047487927,mult2.75,0.5,4746.15,0,4746.63,4742.622673734663,4742.57,F1,True,4445218.995,-380219.0000000375,-401290.2500000375,1778533200|LONG,EXIT_STLINE,False,SuperTrend-p14x3-M15,LONG,L,0.5,1778534752.626,1778533200,1778534100.0,1778534100
78197.7500000034,default,0.5,4347.59,0,4347.59,4348.425,4348.63,F1,True,4071518.035,-97395.9999999966,-118467.2499999966,1767309300|SHORT,EXIT_STLINE,False,SuperTrend-p14x3-M15,SHORT,S,0.5,1767310203.104,1767309300,1767310200.0,1767310200
2470616.0076530892,default,0.5,4351.38,0,4351.88,4378.82760313827,4378.57,F1,True,4075535.62,2499518.4999999627,2478447.2499999627,1767310200|LONG,EXIT_STLINE,False,SuperTrend-p14x3-M15,LONG,L,0.5,1767349502.976,1767310200,1767311100.0,1767348900
363006.17061289406,default,0.5,4436.35,0,4436.85,4432.973799566334,4432.7,F1,True,4155110.0250000004,-388647.5000000511,-409718.7500000511,1767648600|LONG,EXIT_STLINE,False,SuperTrend-p14x3-M15,LONG,L,0.5,1767650559.398,1767648600,1767649500.0,1767650400
861224.1706128669,default,0.5,4441.72,0,4442.17,4432.973799566334,4432.97,F1,True,4160092.205,-861579.999999983,-882651.249999983,1767650400|LONG,EXIT_STLINE,False,SuperTrend-p14x3-M15,LONG,L,0.5,1767652407.164,1767650400,1767651300.0,1767652200
612115.1706128805,default,0.5,4439.01,0,4439.51,4449.303090416406,4448.58,F1,True,4157601.115,849405.4999999728,828334.2499999728,1767652200|LONG,EXIT_STLINE,False,SuperTrend-p14x3-M15,LONG,L,0.5,1767682031.237,1767652200,1767653100.0,1767681900
3083987.1120945886,default,0.5,4470.76,0,4470.81,4469.854609798658,4470.0,F1,True,4186913.5650000004,75856.50000003747,54785.25000003747,1767736800|SHORT,EXIT_STLINE,False,SuperTrend-p14x3-M15,SHORT,S,0.5,1767764217.631,1767736800,1767737700.0,1767763800
1033300.3692792539,default,0.5,4456.84,0,4457.49,4446.456360178545,4446.41,F1,True,4174439.385,-1037641.9999999931,-1058713.249999993,1767823200|LONG,EXIT_STLINE,False,SuperTrend-p14x3-M15,LONG,L,0.5,1767825855.288,1767823200,1767824100.0,1767825000
130514.36927930836,default,0.5,4447.39,0,4447.85,4446.456360178545,4445.83,F1,True,4165411.5250000004,-189173.0000000409,-210244.2500000409,1767825000|LONG,EXIT_STLINE,False,SuperTrend-p14x3-M15,LONG,L,0.5,1767825924.548,1767825000,1767825900.0,1767825900
217608.86927925044,default,0.5,4448.28,0,4448.78,4446.456360178545,4446.44,F1,True,4166282.47,-219141.00000001362,-240212.25000001362,1767825900|LONG,EXIT_STLINE,False,SuperTrend-p14x3-M15,LONG,L,0.5,1767826830.874,1767825900,1767826800.0,1767826800
1929893.2781301027,default,0.5,4446.39,0,4446.2,4436.631526447649,4436.88,F1,True,4163866.3,872817.9999999728,851746.7499999728,1767826800|SHORT,EXIT_STLINE,False,SuperTrend-p14x3-M15,SHORT,S,0.5,1767872866.787,1767826800,1767827700.0,1767872700
125865.81446466903,default,0.5,4459.15,0,4459.58,4458.235997709934,4458.04,F1,True,4176396.67,-144220.9999999966,-165292.2499999966,1767909600|LONG,EXIT_STLINE,False,SuperTrend-p14x3-M15,LONG,L,0.5,1767910610.839,1767909600,1767910500.0,1767910500
1954276.8613044254,default,0.5,4457.22,0,4457.22,4478.087878924767,4478.54,F1,True,4174186.53,-1996617.9999999728,-2017689.2499999728,1767910500|SHORT,EXIT_STLINE,False,SuperTrend-p14x3-M15,SHORT,S,0.5,1767949248.476,1767910500,1767911400.0,1767949200
2668948.1554504386,default,0.5,4615.3,0,4615.8,4618.143679220687,4617.77,F1,True,4322696.7,184490.50000002384,163419.25000002384,1768341600|LONG,EXIT_STLINE,False,SuperTrend-p14x3-M15,LONG,L,0.5,1768390796.576,1768341600,1768342500.0,1768390200
403446.25522465643,default,0.5,4616.67,0,4617.17,4612.861978054195,4612.46,F1,True,4323979.705,-441091.50000000343,-462162.75000000343,1768420800|LONG,EXIT_STLINE,False,SuperTrend-p14x3-M15,LONG,L,0.5,1768421894.274,1768420800,1768421700.0,1768421700
2938132.01267359,default,0.5,4609.0,0,4608.98,4615.722358440838,4615.81,F1,True,4316309.77,-639629.5000000783,-660700.7500000783,1768421700|SHORT,EXIT_STLINE,False,SuperTrend-p14x3-M15,SHORT,S,0.5,1768461875.687,1768421700,1768422600.0,1768461300
133954.0286287854,default,0.5,4600.06,0,4600.43,4598.999631301348,4598.49,F1,True,4308302.695,-181681.0000000477,-202752.2500000477,1768513500|LONG,EXIT_STLINE,False,SuperTrend-p14x3-M15,LONG,L,0.5,1768514400.992,1768513500,1768514400.0,1768514400
481395.52862878883,default,0.5,4603.65,0,4604.14,4598.999631301348,4598.94,F1,True,4311777.11,-486980.00000006816,-508051.25000006816,1768514400|LONG,EXIT_STLINE,False,SuperTrend-p14x3-M15,LONG,L,0.5,1768518025.509,1768514400,1768515300.0,1768518000
1870628.4260422257,default,0.5,4598.06,0,4597.75,4613.586599766163,4613.64,F1,True,4305792.875,-1488098.5000000307,-1509169.7500000307,1768518000|SHORT,EXIT_STLINE,False,SuperTrend-p14x3-M15,SHORT,S,0.5,1768531876.272,1768518000,1768518900.0,1768531500
207584.5681011836,default,0.5,4611.37,0,4611.37,4613.586599766163,4613.63,F1,True,4318548.005,-211649.00000002043,-232720.25000002043,1768531500|SHORT,EXIT_STLINE,False,SuperTrend-p14x3-M15,SHORT,S,0.5,1768552449.848,1768531500,1768532400.0,1768552200
1775176.5907434549,default,0.5,4659.42,0,4659.49,4677.063590310515,4677.52,F1,True,4363612.385,-1688509.5000000612,-1709580.7500000612,1768857300|SHORT,EXIT_STLINE,False,SuperTrend-p14x3-M15,SHORT,S,0.5,1768869607.576,1768857300,1768858200.0,1768869000
34986.732579756244,default,0.5,4676.69,0,4676.69,4677.063590310515,4677.19,F1,True,4379720.185,-46825.0,-67896.25,1768869000|SHORT,EXIT_STLINE,False,SuperTrend-p14x3-M15,SHORT,S,0.5,1768869900.092,1768869000,1768869900.0,1768869900
1749397.1794628906,default,0.5,4680.03,0,4680.53,4843.586913860349,4843.57,F1,True,4383316.345,15268695.999999996,15247624.749999996,1768869900|LONG,EXIT_STLINE,False,SuperTrend-p14x3-M15,LONG,L,0.5,1768968003.578,1768869900,1768870800.0,1768968000
6324366.196764449,default,0.5,4778.3,0,4778.13,4829.217621316048,4829.27,F1,True,4474718.745,-4789261.000000031,-4810332.250000031,1769028300|SHORT,EXIT_STLINE,False,SuperTrend-p14x3-M15,SHORT,S,0.5,1769052332.619,1769028300,1769029200.0,1769051700
356583.7362479351,default,0.5,4825.41,0,4825.41,4829.217621316048,4829.45,F1,True,4518996.465,-378345.99999999657,-399417.24999999657,1769051700|SHORT,EXIT_STLINE,False,SuperTrend-p14x3-M15,SHORT,S,0.5,1769054532.02,1769051700,1769052600.0,1769054400
7612346.672882517,default,0.5,5071.3,0,5072.01,5062.1783217273705,5061.68,F1,True,4749937.365,-967404.4999999931,-988475.7499999931,1769464800|LONG,EXIT_STLINE,False,SuperTrend-p14x3-M15,LONG,L,0.5,1769511941.798,1769464800,1769465700.0,1769511600
2699844.9894206948,default,0.5,5479.87,0,5480.28,5509.450511183289,5509.36,F1,True,5132282.22,2723341.999999993,2702270.749999993,1769637600|LONG,EXIT_STLINE,False,SuperTrend-p14x3-M15,LONG,L,0.5,1769665328.757,1769637600,1769638500.0,1769664600
16579006.727076989,default,0.5,5310.91,0,5309.65,4932.066953038626,4932.07,F1,True,4972487.225,35360366.99999999,35339295.74999999,1769724000|SHORT,EXIT_STLINE,False,SuperTrend-p14x3-M15,SHORT,S,0.5,1769791534.475,1769724000,1769724900.0,1769791500
413040.3800792551,default,0.5,4741.05,0,4741.66,4737.24953144603,4733.5,F1,True,4440564.59,-764183.9999999864,-785255.2499999864,1769976000|LONG,EXIT_STLINE,False,SuperTrend-p14x3-M15,LONG,L,0.5,1769976949.454,1769976000,1769976900.0,1769976900
18406951.851984184,default,0.5,4728.01,0,4728.01,4647.50392431443,4648.03,F1,True,4427781.365,7490127.000000045,7469055.750000045,1769976900|SHORT,EXIT_STLINE,False,SuperTrend-p14x3-M15,SHORT,S,0.5,1770009741.897,1769976900,1769977800.0,1770009300
13261948.032651505,default,0.5,4774.1,0,4774.6,4903.266846838563,4902.01,F1,True,4471412.9,11931946.499999987,11910875.249999987,1770065100|LONG,EXIT_STLINE,False,SuperTrend-p14x3-M15,LONG,L,0.5,1770132750.589,1770065100,1770066000.0,1770132600
9443214.465511043,default,0.5,5009.26,0,5010.25,4944.687261098407,4944.52,F1,True,4692099.125,-6155614.499999959,-6176685.749999959,1770235200|LONG,EXIT_STLINE,False,SuperTrend-p14x3-M15,LONG,L,0.5,1770243576.69,1770235200,1770236100.0,1770243300
726980.4981341335,default,0.5,4951.92,0,4952.45,4944.687261098407,4944.33,F1,True,4637969.425,-760437.9999999898,-781509.2499999898,1770243300|LONG,EXIT_STLINE,False,SuperTrend-p14x3-M15,LONG,L,0.5,1770246321.165,1770243300,1770244200.0,1770246000
9571973.313548896,default,0.5,4915.08,0,4915.24,4935.776612165991,4935.78,F1,True,4603122.26,-1923570.9999999965,-1944642.2499999965,1770246000|SHORT,EXIT_STLINE,False,SuperTrend-p14x3-M15,SHORT,S,0.5,1770265574.375,1770246000,1770246900.0,1770264900
136100.2920878414,default,0.5,4773.96,0,4774.02,4775.4732866213335,4775.66,F1,True,4470869.73,-153585.9999999455,-174657.2499999455,1770331500|SHORT,EXIT_STLINE,False,SuperTrend-p14x3-M15,SHORT,S,0.5,1770332401.297,1770331500,1770332400.0,1770332400
11344454.697402012,default,0.5,4787.59,0,4787.99,4982.918406964909,4982.78,F1,True,4483952.635,18242083.499999996,18221012.249999996,1770332400|LONG,EXIT_STLINE,False,SuperTrend-p14x3-M15,LONG,L,0.5,1770590209.53,1770332400,1770333300.0,1770589800
2539937.187736261,default,0.5,5009.5,0,5010.04,4982.918406964909,4982.9,F1,True,4691902.46,-2541661.0000000307,-2562732.2500000307,1770589800|LONG,EXIT_STLINE,False,SuperTrend-p14x3-M15,LONG,L,0.5,1770591526.892,1770589800,1770590700.0,1770590700
7173344.645244365,default,0.5,4982.43,0,4982.43,5039.433998048141,5039.6,F1,True,4666045.695,-5353970.5000000065,-5375041.7500000065,1770590700|SHORT,EXIT_STLINE,False,SuperTrend-p14x3-M15,SHORT,S,0.5,1770637503.168,1770590700,1770591600.0,1770637500
6657823.482729776,default,0.5,5013.04,0,5013.21,5063.116068081626,5063.32,F1,True,4694871.165,-4692801.499999969,-4713872.749999969,1770667200|SHORT,EXIT_STLINE,False,SuperTrend-p14x3-M15,SHORT,S,0.5,1770703756.42,1770667200,1770668100.0,1770703200
1074733.7758442066,default,0.5,5051.62,0,5051.64,5063.116068081626,5063.37,F1,True,4730860.86,-1098514.499999959,-1119585.749999959,1770703200|SHORT,EXIT_STLINE,False,SuperTrend-p14x3-M15,SHORT,S,0.5,1770722185.632,1770703200,1770704100.0,1770722100
560803.1363877385,default,0.5,5046.55,0,5046.55,5052.538287628273,5052.83,F1,True,4726094.075,-588121.9999999761,-609193.2499999761,1770754500|SHORT,EXIT_STLINE,False,SuperTrend-p14x3-M15,SHORT,S,0.5,1770764348.679,1770754500,1770755400.0,1770763500
15760.136387765715,default,0.5,5052.37,0,5052.37,5052.538287628273,5052.87,F1,True,4731544.505,-46825.0,-67896.25,1770763500|SHORT,EXIT_STLINE,False,SuperTrend-p14x3-M15,SHORT,S,0.5,1770764400.062,1770763500,1770764400.0,1770764400
1445795.6363877214,default,0.5,5037.1,0,5037.1,5052.538287628273,5052.6,F1,True,4717244.15,-1451575.0,-1472646.25,1770764400|SHORT,EXIT_STLINE,False,SuperTrend-p14x3-M15,SHORT,S,0.5,1770766986.478,1770764400,1770765300.0,1770766200
3953118.4180115266,default,0.5,5053.82,0,5054.32,5079.762337351246,5079.76,F1,True,4733370.68,2382456.0000000475,2361384.7500000475,1770766200|LONG,EXIT_STLINE,False,SuperTrend-p14x3-M15,LONG,L,0.5,1770802866.621,1770766200,1770767100.0,1770802200
5795741.594078354,default,0.5,4969.78,0,4970.28,4944.432405015196,4944.39,F1,True,4654667.22,-2424598.4999999455,-2445669.7499999455,1770934500|LONG,EXIT_STLINE,False,SuperTrend-p14x3-M15,LONG,L,0.5,1770969639.522,1770934500,1770935400.0,1770969600
3763708.134651189,default,0.5,4994.51,0,4994.51,5010.177627792319,5010.22,F1,True,4677358.615,-1471241.5000000035,-1492312.7500000035,1771199100|SHORT,EXIT_STLINE,False,SuperTrend-p14x3-M15,SHORT,S,0.5,1771217259.358,1771199100,1771200000.0,1771217100
607842.922484954,default,0.5,4994.21,0,4994.21,4927.463374614707,4928.11,F1,True,4677077.665,6190265.000000034,6169193.750000034,1771272900|SHORT,EXIT_STLINE,False,SuperTrend-p14x3-M15,SHORT,S,0.5,1771305163.091,1771272900,1771273800.0,1771304400
3596870.198905808,default,0.5,4904.81,0,4905.31,4911.328846442076,4910.95,F1,True,4593822.815,528185.9999999455,507114.7499999455,1771371000|LONG,EXIT_STLINE,False,SuperTrend-p14x3-M15,LONG,L,0.5,1771400288.211,1771371000,1771371900.0,1771399800
293079.0531631008,default,0.5,4976.8,0,4977.3,4974.170485283897,4973.89,F1,True,4661241.45,-319346.4999999864,-340417.7499999864,1771444800|LONG,EXIT_STLINE,False,SuperTrend-p14x3-M15,LONG,L,0.5,1771445834.274,1771444800,1771445700.0,1771445700
763202.0531630565,default,0.5,4981.82,0,4982.32,4974.170485283897,4973.76,F1,True,4665942.68,-801643.9999999523,-822715.2499999523,1771445700|LONG,EXIT_STLINE,False,SuperTrend-p14x3-M15,LONG,L,0.5,1771448163.642,1771445700,1771446600.0,1771447500
205048.0531630531,default,0.5,4975.86,0,4976.36,4974.170485283897,4973.86,F1,True,4660361.14,-234125.0,-255196.25,1771447500|LONG,EXIT_STLINE,False,SuperTrend-p14x3-M15,LONG,L,0.5,1771448414.751,1771447500,1771448400.0,1771448400
2825673.2129518776,default,0.5,4967.8,0,4967.8,4990.765088763702,4990.8,F1,True,4652344.7,-2153950.0,-2175021.25,1771448400|SHORT,EXIT_STLINE,False,SuperTrend-p14x3-M15,SHORT,S,0.5,1771466765.488,1771448400,1771449300.0,1771466400
51984.06272067923,default,0.5,4990.21,0,4990.21,4990.765088763702,4990.87,F1,True,4673331.665,-61808.99999998637,-82880.24999998638,1771466400|SHORT,EXIT_STLINE,False,SuperTrend-p14x3-M15,SHORT,S,0.5,1771468278.921,1771466400,1771467300.0,1771468200
2380902.8639336783,default,0.5,4995.85,0,4996.35,4998.605685816801,4998.48,F1,True,4679081.775,199474.49999992506,178403.24999992506,1771468200|LONG,EXIT_STLINE,False,SuperTrend-p14x3-M15,LONG,L,0.5,1771482967.64,1771468200,1771469100.0,1771482600
71388.90885630989,default,0.5,5013.29,0,5013.29,5014.05229480893,5014.64,F1,True,4694946.085,-126427.50000003407,-147498.75000003405,1771538400|SHORT,EXIT_STLINE,False,SuperTrend-p14x3-M15,SHORT,S,0.5,1771556457.351,1771538400,1771539300.0,1771556400
2471985.604169636,default,0.5,5016.46,0,5016.96,5009.514608744059,5009.35,F1,True,4698383.04,-712676.4999999694,-733747.7499999694,1771556400|LONG,EXIT_STLINE,False,SuperTrend-p14x3-M15,LONG,L,0.5,1771579857.699,1771556400,1771557300.0,1771579800
5374339.654367883,default,0.5,5185.16,0,5185.32,5152.428341519352,5154.12,F1,True,4856052.18,2921879.999999983,2900808.749999983,1771884000|SHORT,EXIT_STLINE,False,SuperTrend-p14x3-M15,SHORT,S,0.5,1771937143.609,1771884000,1771884900.0,1771937100
3648564.6542705237,default,0.5,5135.6,0,5135.6,5169.243538445213,5169.58,F1,True,4809489.4,-3182226.999999959,-3203298.249999959,1771963200|SHORT,EXIT_STLINE,False,SuperTrend-p14x3-M15,SHORT,S,0.5,1771970878.6,1771963200,1771964100.0,1771970400
5291935.851042368,default,0.5,5174.14,0,5175.27,5174.966348308905,5174.84,F1,True,4846640.355,-40269.500000027256,-61340.750000027256,1771970400|LONG,EXIT_STLINE,False,SuperTrend-p14x3-M15,LONG,L,0.5,1772004044.347,1771970400,1771971300.0,1772003700
494303.22922416497,default,0.5,5187.49,0,5187.49,5192.768197856104,5193.04,F1,True,4858084.385,-519757.50000001705,-540828.750000017,1772056800|SHORT,EXIT_STLINE,False,SuperTrend-p14x3-M15,SHORT,S,0.5,1772057723.343,1772056800,1772057700.0,1772057700
1160154.7292241342,default,0.5,5180.38,0,5180.38,5192.768197856104,5192.82,F1,True,4851425.87,-1165005.9999999625,-1186077.2499999625,1772057700|SHORT,EXIT_STLINE,False,SuperTrend-p14x3-M15,SHORT,S,0.5,1772059290.944,1772057700,1772058600.0,1772058600
320114.22922411043,default,0.5,5189.35,0,5189.35,5192.768197856104,5192.92,F1,True,4859826.275,-334330.49999997276,-355401.74999997276,1772058600|SHORT,EXIT_STLINE,False,SuperTrend-p14x3-M15,SHORT,S,0.5,1772059964.661,1772058600,1772059500.0,1772059500
131877.72922417516,default,0.5,5191.35,0,5191.36,5192.768197856104,5193.24,F1,True,4861708.64,-176062.00000001022,-197133.25000001022,1772059500|SHORT,EXIT_STLINE,False,SuperTrend-p14x3-M15,SHORT,S,0.5,1772060405.313,1772059500,1772060400.0,1772060400
930712.2292241513,default,0.5,5182.88,0,5182.83,5192.768197856104,5192.9,F1,True,4853720.295,-943055.4999999728,-964126.7499999728,1772060400|SHORT,EXIT_STLINE,False,SuperTrend-p14x3-M15,SHORT,S,0.5,1772065089.193,1772060400,1772061300.0,1772064900
428748.22922418197,default,0.5,5188.19,0,5188.19,5192.768197856104,5193.18,F1,True,4858739.935,-467313.5000000647,-488384.7500000647,1772064900|SHORT,EXIT_STLINE,False,SuperTrend-p14x3-M15,SHORT,S,0.5,1772067428.408,1772064900,1772065800.0,1772066700
22307.22922416835,default,0.5,5192.53,0,5192.53,5192.768197856104,5193.03,F1,True,4862804.345,-46825.0,-67896.25,1772066700|SHORT,EXIT_STLINE,False,SuperTrend-p14x3-M15,SHORT,S,0.5,1772067600.077,1772066700,1772067600.0,1772067600
3054094.3598986673,default,0.5,5196.7,0,5197.2,5173.514114148736,5173.46,F1,True,4867177.8,-2223250.9999999795,-2244322.2499999795,1772067600|LONG,EXIT_STLINE,False,SuperTrend-p14x3-M15,LONG,L,0.5,1772084026.247,1772067600,1772068500.0,1772083800
829255.1905418661,default,0.5,5176.33,0,5176.83,5172.396575314539,5172.34,F1,True,4848101.295,-420488.49999997957,-441559.74999997957,1772143200|LONG,EXIT_STLINE,False,SuperTrend-p14x3-M15,LONG,L,0.5,1772175074.487,1772143200,1772144100.0,1772174700
4990130.456288685,default,0.5,5319.05,0,5319.03,5213.450303098263,5213.57,F1,True,4981271.595,9876329.000000004,9855257.750000004,1772505900|SHORT,EXIT_STLINE,False,SuperTrend-p14x3-M15,SHORT,S,0.5,1772531752.791,1772505900,1772506800.0,1772531100
6540451.39698529,default,0.5,5158.63,0,5159.84,5123.307832768296,5121.99,F1,True,4832190.16,-3544652.500000034,-3565723.750000034,1772575200|LONG,EXIT_STLINE,False,SuperTrend-p14x3-M15,LONG,L,0.5,1772593590.285,1772575200,1772576100.0,1772593200
1783298.9612491075,default,0.5,5142.39,0,5142.35,5158.732034023256,5158.49,F1,True,4815810.775,1511510.9999999455,1490439.7499999455,1772593200|LONG,EXIT_STLINE,False,SuperTrend-p14x3-M15,LONG,L,0.5,1772617283.032,1772593200,1772594100.0,1772616600
113290.4647908766,default,0.5,5173.33,0,5173.36,5174.569721994563,5174.85,F1,True,4844851.64,-139538.50000006473,-160609.75000006473,1772658900|SHORT,EXIT_STLINE,False,SuperTrend-p14x3-M15,SHORT,S,0.5,1772660450.62,1772658900,1772659800.0,1772659800
308082.4647908698,default,0.5,5171.28,0,5171.28,5174.569721994563,5174.61,F1,True,4842903.72,-311854.4999999932,-332925.7499999932,1772659800|SHORT,EXIT_STLINE,False,SuperTrend-p14x3-M15,SHORT,S,0.5,1772660950.524,1772659800,1772660700.0,1772660700
202257.96479085958,default,0.5,5172.41,0,5172.41,5174.569721994563,5174.68,F1,True,4843961.965,-212585.5000000409,-233656.7500000409,1772660700|SHORT,EXIT_STLINE,False,SuperTrend-p14x3-M15,SHORT,S,0.5,1772661651.18,1772660700,1772661600.0,1772661600
3364291.0019124947,default,0.5,5176.5,0,5177.0,5152.798857710186,5152.16,F1,True,4848260.5,-2326266.0000000135,-2347337.2500000135,1772661600|LONG,EXIT_STLINE,False,SuperTrend-p14x3-M15,LONG,L,0.5,1772679496.568,1772661600,1772662500.0,1772678700
4139720.7963315505,default,0.5,5148.32,0,5148.44,5174.371990957975,5174.5,F1,True,4821514.06,-2440519.0000000373,-2461590.2500000373,1772678700|SHORT,EXIT_STLINE,False,SuperTrend-p14x3-M15,SHORT,S,0.5,1772690782.018,1772678700,1772679600.0,1772690400
6074401.89954514,default,0.5,5118.52,0,5118.77,5096.180691730109,5096.18,F1,True,4793728.105,-2115553.5000000135,-2136624.7500000135,1772749800|LONG,EXIT_STLINE,False,SuperTrend-p14x3-M15,LONG,L,0.5,1772775115.138,1772749800,1772750700.0,1772775000
439524.195433847,default,0.5,5125.47,0,5126.29,5121.596735766857,5120.85,F1,True,4800770.585,-509455.9999999625,-530527.2499999625,1772998200|LONG,EXIT_STLINE,False,SuperTrend-p14x3-M15,LONG,L,0.5,1772999281.735,1772998200,1772999100.0,1772999100
832854.19543383,default,0.5,5129.99,0,5130.49,5121.596735766857,5121.07,F1,True,4804703.885,-882183.0000000069,-903254.2500000069,1772999100|LONG,EXIT_STLINE,False,SuperTrend-p14x3-M15,LONG,L,0.5,1773000156.18,1772999100,1773000000.0,1773000000
7873320.5897179535,default,0.5,5101.57,0,5101.65,5123.074701592284,5123.44,F1,True,4777695.225,-2040633.4999999965,-2061704.7499999965,1773000000|SHORT,EXIT_STLINE,False,SuperTrend-p14x3-M15,SHORT,S,0.5,1773024337.52,1773000000,1773000900.0,1773024300
4873162.906850035,default,0.5,5124.12,0,5124.62,5073.117914931972,5072.77,F1,True,4799206.63,-4855752.499999949,-4876823.749999949,1773024300|LONG,EXIT_STLINE,False,SuperTrend-p14x3-M15,LONG,L,0.5,1773053137.116,1773024300,1773025200.0,1773053100
4139014.70005944,default,0.5,5169.54,0,5170.19,5137.237112550644,5137.0,F1,True,4841882.935,-3108243.4999999627,-3129314.7499999627,1773268200|LONG,EXIT_STLINE,False,SuperTrend-p14x3-M15,LONG,L,0.5,1773282331.031,1773268200,1773269100.0,1773281700
568725.9096322017,default,0.5,5142.81,0,5143.31,5165.880393989338,5165.88,F1,True,4816709.815,2113680.4999999725,2092609.2499999725,1773281700|LONG,EXIT_STLINE,False,SuperTrend-p14x3-M15,LONG,L,0.5,1773306956.722,1773281700,1773282600.0,1773306900
207171.81030169132,default,0.5,5097.93,0,5097.93,5100.142192315021,5100.29,F1,True,4774211.445,-221013.99999996932,-242085.24999996932,1773348300|SHORT,EXIT_STLINE,False,SuperTrend-p14x3-M15,SHORT,S,0.5,1773349218.907,1773348300,1773349200.0,1773349200
3281398.0072605764,default,0.5,5105.83,0,5106.33,5097.4622942656615,5097.22,F1,True,4782078.045,-853151.4999999694,-874222.7499999694,1773349200|LONG,EXIT_STLINE,False,SuperTrend-p14x3-M15,LONG,L,0.5,1773372078.66,1773349200,1773350100.0,1773371700
3208029.409678917,default,0.5,5027.59,0,5028.09,5016.012185845592,5013.67,F1,True,4708806.285,-1350433.0000000068,-1371504.2500000068,1773701100|LONG,EXIT_STLINE,False,SuperTrend-p14x3-M15,LONG,L,0.5,1773716500.282,1773701100,1773702000.0,1773716400
5080872.30579791,default,0.5,4865.59,0,4866.09,4823.5093121005075,4823.13,F1,True,4557093.285,-4023204.0000000033,-4044275.2500000033,1773873000|LONG,EXIT_STLINE,False,SuperTrend-p14x3-M15,LONG,L,0.5,1773890343.322,1773873000,1773873900.0,1773890100
1298752.5185335437,default,0.5,4435.54,0,4435.37,4257.297426507816,4257.54,F1,True,4153724.005,16653779.499999993,16632708.249999993,1774218600|SHORT,EXIT_STLINE,False,SuperTrend-p14x3-M15,SHORT,S,0.5,1774243973.365,1774218600,1774219500.0,1774243800
10069477.596858645,default,0.5,4344.15,0,4344.24,4409.559049828868,4410.08,F1,True,4068380.76,-6165916.000000014,-6186987.250000014,1774301400|SHORT,EXIT_STLINE,False,SuperTrend-p14x3-M15,SHORT,S,0.5,1774324821.443,1774301400,1774302300.0,1774324800
5699543.474441904,default,0.5,4434.9,0,4435.33,4422.946330696219,4422.94,F1,True,4153686.545,-1160323.5000000307,-1181394.7500000307,1774566000|LONG,EXIT_STLINE,False,SuperTrend-p14x3-M15,LONG,L,0.5,1774591755.367,1774566000,1774566900.0,1774591200
1814703.4203502135,default,0.5,4496.94,0,4497.49,4478.112494176719,4477.54,F1,True,4211899.385,-1868317.499999983,-1889388.749999983,1774810800|LONG,EXIT_STLINE,False,SuperTrend-p14x3-M15,LONG,L,0.5,1774814759.972,1774810800,1774811700.0,1774814400
78432.42035021698,default,0.5,4478.39,0,4478.95,4478.112494176719,4478.03,F1,True,4194536.675,-86158.00000000681,-107229.25000000681,1774814400|LONG,EXIT_STLINE,False,SuperTrend-p14x3-M15,LONG,L,0.5,1774815584.289,1774814400,1774815300.0,1774815300
5900611.971957843,default,0.5,4472.23,0,4472.16,4495.157029758434,4495.24,F1,True,4188177.84,-2161441.999999993,-2182513.249999993,1774815300|SHORT,EXIT_STLINE,False,SuperTrend-p14x3-M15,SHORT,S,0.5,1774827843.714,1774815300,1774816200.0,1774827000
58721.33687736459,default,0.5,4494.46,0,4494.53,4495.157029758434,4495.16,F1,True,4209127.345,-58999.50000001022,-80070.75000001022,1774827000|SHORT,EXIT_STLINE,False,SuperTrend-p14x3-M15,SHORT,S,0.5,1774827900.378,1774827000,1774827900.0,1774827900
1319250.336877368,default,0.5,4481.05,0,4481.07,4495.157029758434,4495.33,F1,True,4196522.055,-1335449.0000000205,-1356520.2500000205,1774827900|SHORT,EXIT_STLINE,False,SuperTrend-p14x3-M15,SHORT,S,0.5,1774829096.675,1774827900,1774828800.0,1774828800
7149530.217653702,default,0.5,4504.45,0,4504.85,4528.859366950237,4528.84,F1,True,4218792.025,2246663.4999999795,2225592.2499999795,1774828800|LONG,EXIT_STLINE,False,SuperTrend-p14x3-M15,LONG,L,0.5,1774868125.358,1774828800,1774829700.0,1774867500
5085866.648225638,default,0.5,4547.61,0,4548.09,4547.743527135255,4547.7,F1,True,4259286.285,-36523.50000003066,-57594.75000003066,1774907100|LONG,EXIT_STLINE,False,SuperTrend-p14x3-M15,LONG,L,0.5,1774923208.447,1774907100,1774908000.0,1774922400
276873.6837833395,default,0.5,4550.21,0,4550.7,4547.743527135255,4547.64,F1,True,4261730.55,-286568.9999999523,-307640.2499999523,1774922400|LONG,EXIT_STLINE,False,SuperTrend-p14x3-M15,LONG,L,0.5,1774930756.485,1774922400,1774923300.0,1774930500
537495.6581871653,default,0.5,4672.17,0,4672.95,4718.052815418581,4717.91,F1,True,4376217.675,4210504.000000004,4189432.7500000037,1775006100|LONG,EXIT_STLINE,False,SuperTrend-p14x3-M15,LONG,L,0.5,1775037611.538,1775006100,1775007000.0,1775037600
4231531.803425654,default,0.5,4750.79,0,4750.75,4644.467251470915,4645.44,F1,True,4449077.375,9862281.500000037,9841210.250000037,1775080800|SHORT,EXIT_STLINE,False,SuperTrend-p14x3-M15,SHORT,S,0.5,1775105306.561,1775080800,1775081700.0,1775105100
5816062.107147825,default,0.5,4630.3,0,4631.08,4667.328391800045,4667.71,F1,True,4337006.42,-3430399.5000000102,-3451470.7500000102,1775412000|SHORT,EXIT_STLINE,False,SuperTrend-p14x3-M15,SHORT,S,0.5,1775427629.434,1775412000,1775412900.0,1775427300
591717.3920742135,default,0.5,4660.88,0,4661.01,4667.328391800045,4667.54,F1,True,4365035.865,-611534.4999999761,-632605.7499999761,1775427300|SHORT,EXIT_STLINE,False,SuperTrend-p14x3-M15,SHORT,S,0.5,1775437659.907,1775427300,1775428200.0,1775437200
4895693.51687337,default,0.5,4673.44,0,4673.98,4667.195183332889,4667.1,F1,True,4377182.27,-644311.999999925,-665383.249999925,1775437200|LONG,EXIT_STLINE,False,SuperTrend-p14x3-M15,LONG,L,0.5,1775463662.331,1775437200,1775438100.0,1775463300
635310.5939722975,default,0.5,4765.4,1,4770.43,4763.646117522987,4763.42,F1,True,4467507.695,-656486.5000000205,-677557.7500000205,1775753100|LONG,EXIT_STLINE,False,SuperTrend-p14x3-M15,LONG,L,0.5,1775759436.4,1775753100,1775758500.0,1775759400
3028535.398522842,default,0.5,4761.11,0,4761.12,4763.228097983361,4763.28,F1,True,4458788.88,-202283.99999998638,-223355.24999998638,1775759400|SHORT,EXIT_STLINE,False,SuperTrend-p14x3-M15,SHORT,S,0.5,1775806241.838,1775759400,1775760300.0,1775806200
5276736.016464568,default,0.5,4714.74,0,4715.48,4707.905438787903,4707.06,F1,True,4416047.02,-788532.9999999217,-809604.2499999217,1776027600|LONG,EXIT_STLINE,False,SuperTrend-p14x3-M15,LONG,L,0.5,1776066072.19,1776027600,1776028500.0,1776065400
291671.88700286485,default,0.5,4828.16,0,4828.65,4825.535511083792,4825.52,F1,True,4522030.725,-293124.499999925,-314195.749999925,1776205800|LONG,EXIT_STLINE,False,SuperTrend-p14x3-M15,LONG,L,0.5,1776206863.831,1776205800,1776206700.0,1776206700
2791290.1511998437,default,0.5,4823.75,0,4823.77,4823.734009807962,4824.02,F1,True,4517460.605,-23412.5,-44483.75,1776206700|SHORT,EXIT_STLINE,False,SuperTrend-p14x3-M15,SHORT,S,0.5,1776245909.074,1776206700,1776207600.0,1776245400
351262.717277285,default,0.5,4807.49,0,4807.41,4811.1608031743435,4811.18,F1,True,4502139.465,-353060.50000004086,-374131.75000004086,1776278700|SHORT,EXIT_STLINE,False,SuperTrend-p14x3-M15,SHORT,S,0.5,1776280151.198,1776278700,1776279600.0,1776279600
2283300.010204583,default,0.5,4812.39,0,4812.87,4815.441423676851,4815.43,F1,True,4507252.755,239744.0000000375,218672.7500000375,1776279600|LONG,EXIT_STLINE,False,SuperTrend-p14x3-M15,LONG,L,0.5,1776306484.6,1776279600,1776280500.0,1776305700
98199.17266290981,default,0.5,4816.06,0,4816.49,4815.441423676851,4815.41,F1,True,4510642.885,-101141.99999999319,-122213.24999999319,1776305700|LONG,EXIT_STLINE,False,SuperTrend-p14x3-M15,LONG,L,0.5,1776306634.178,1776305700,1776306600.0,1776306600
842716.6726628927,default,0.5,4823.99,0,4824.44,4815.441423676851,4815.44,F1,True,4518088.06,-842850.0,-863921.25,1776306600|LONG,EXIT_STLINE,False,SuperTrend-p14x3-M15,LONG,L,0.5,1776312145.276,1776306600,1776307500.0,1776312000
151016.0323629084,default,0.5,4795.82,0,4795.8,4797.412557740127,4797.49,F1,True,4491266.7,-158268.4999999625,-179339.7499999625,1776380400|SHORT,EXIT_STLINE,False,SuperTrend-p14x3-M15,SHORT,S,0.5,1776381489.383,1776380400,1776381300.0,1776381300
325205.0323629629,default,0.5,4793.99,0,4793.94,4797.412557740127,4797.53,F1,True,4489524.81,-336203.5000000136,-357274.7500000136,1776381300|SHORT,EXIT_STLINE,False,SuperTrend-p14x3-M15,SHORT,S,0.5,1776386046.225,1776381300,1776382200.0,1776385800
2243495.8287188592,default,0.5,4800.89,0,4801.37,4783.383989645532,4783.33,F1,True,4496483.005,-1689445.9999999965,-1710517.2499999965,1776385800|LONG,EXIT_STLINE,False,SuperTrend-p14x3-M15,LONG,L,0.5,1776392967.216,1776385800,1776386700.0,1776392100
70800.36969596044,default,0.5,4783.66,0,4784.14,4783.383989645532,4783.38,F1,True,4480347.11,-71174.00000002045,-92245.25000002045,1776392100|LONG,EXIT_STLINE,False,SuperTrend-p14x3-M15,LONG,L,0.5,1776393000.264,1776392100,1776393000.0,1776393000
227195.86969596727,default,0.5,4785.4,0,4785.81,4783.383989645532,4783.32,F1,True,4481911.065,-233188.50000006473,-254259.75000006473,1776393000|LONG,EXIT_STLINE,False,SuperTrend-p14x3-M15,LONG,L,0.5,1776397327.578,1776393000,1776393900.0,1776396600
2770128.1992192534,default,0.5,4790.3,0,4790.21,4788.48469309266,4788.82,F1,True,4486031.665,130173.50000003066,109102.25000003066,1776621600|SHORT,EXIT_STLINE,False,SuperTrend-p14x3-M15,SHORT,S,0.5,1776632683.032,1776621600,1776622500.0,1776632400
4396731.131417889,default,0.5,4793.53,0,4794.04,4810.410202077155,4809.96,F1,True,4489618.46,1490908.0000000068,1469836.7500000068,1776632400|LONG,EXIT_STLINE,False,SuperTrend-p14x3-M15,LONG,L,0.5,1776721241.194,1776632400,1776633300.0,1776720600
318391.07547445386,default,0.5,4813.36,0,4813.81,4810.410202077155,4810.39,F1,True,4508133.065,-320283.0000000068,-341354.2500000068,1776720600|LONG,EXIT_STLINE,False,SuperTrend-p14x3-M15,LONG,L,0.5,1776721663.088,1776720600,1776721500.0,1776721500
1959419.8188487228,default,0.5,4810.09,0,4810.14,4724.6249718691515,4725.95,F1,True,4504696.11,7884393.5000000475,7863322.2500000475,1776721500|SHORT,EXIT_STLINE,False,SuperTrend-p14x3-M15,SHORT,S,0.5,1776794420.33,1776721500,1776722400.0,1776794400
155154.81499337353,default,0.5,4748.34,0,4748.62,4746.963248104716,4746.96,F1,True,4447082.63,-155458.99999998638,-176530.24999998638,1776837600|LONG,EXIT_STLINE,False,SuperTrend-p14x3-M15,LONG,L,0.5,1776847290.572,1776837600,1776838500.0,1776846600
2187301.950412757,default,0.5,4746.62,0,4746.65,4736.354466076814,4736.9,F1,True,4445237.725,913087.5,892016.25,1776846600|SHORT,EXIT_STLINE,False,SuperTrend-p14x3-M15,SHORT,S,0.5,1776889564.617,1776846600,1776847500.0,1776888900
5191441.319658418,default,0.5,4741.38,0,4741.84,4716.855401978586,4716.5,F1,True,4440733.16,-2373091.0000000135,-2394162.2500000135,1776888900|LONG,EXIT_STLINE,False,SuperTrend-p14x3-M15,LONG,L,0.5,1776895547.104,1776888900,1776889800.0,1776895200
4023628.3703969535,default,0.5,4707.27,0,4707.18,4714.945975708563,4715.05,F1,True,4408274.07,-737025.4999999898,-758096.7499999898,1776895200|SHORT,EXIT_STLINE,False,SuperTrend-p14x3-M15,SHORT,S,0.5,1776930869.219,1776895200,1776896100.0,1776930300
3028191.7943090294,default,0.5,4685.14,1,4686.44,4698.930852927489,4699.12,F1,True,4388851.06,-1187482.0000000272,-1208553.2500000272,1777226400|SHORT,EXIT_STLINE,False,SuperTrend-p14x3-M15,SHORT,S,0.5,1777237200.905,1777226400,1777228200.0,1777237200
584455.876659341,default,0.5,4692.66,0,4692.69,4698.930852927489,4698.94,F1,True,4394704.185,-585312.5,-606383.75,1777237200|SHORT,EXIT_STLINE,False,SuperTrend-p14x3-M15,SHORT,S,0.5,1777238631.06,1777237200,1777238100.0,1777238100
89983.87665927966,default,0.5,4697.9,0,4697.97,4698.930852927489,4699.02,F1,True,4399648.905,-98332.50000001704,-119403.75000001704,1777238100|SHORT,EXIT_STLINE,False,SuperTrend-p14x3-M15,SHORT,S,0.5,1777239066.37,1777238100,1777239000.0,1777239000
107777.37665932736,default,0.5,4697.8,0,4697.78,4698.930852927489,4699.15,F1,True,4399470.97,-128300.49999998978,-149371.74999998978,1777239000|SHORT,EXIT_STLINE,False,SuperTrend-p14x3-M15,SHORT,S,0.5,1777239917.48,1777239000,1777239900.0,1777239900
2422697.1803941755,default,0.5,4702.49,0,4702.98,4704.755533123476,4704.54,F1,True,4404340.77,146094.0000000375,125022.75000003749,1777239900|LONG,EXIT_STLINE,False,SuperTrend-p14x3-M15,LONG,L,0.5,1777266594.953,1777239900,1777240800.0,1777266000
297133.1113282765,default,0.5,4691.86,0,4692.0,4695.1728041786255,4695.22,F1,True,4394058.0,-301553.00000002387,-322624.25000002387,1777319100|SHORT,EXIT_STLINE,False,SuperTrend-p14x3-M15,SHORT,S,0.5,1777320093.77,1777319100,1777320000.0,1777320000
1508219.891411899,default,0.5,4697.75,0,4698.29,4682.18514264376,4682.12,F1,True,4399948.585,-1514320.5000000068,-1535391.7500000068,1777320000|LONG,EXIT_STLINE,False,SuperTrend-p14x3-M15,LONG,L,0.5,1777326648.869,1777320000,1777320900.0,1777326300
2435990.469968323,default,0.5,4670.58,0,4670.52,4599.84647415806,4599.85,F1,True,4373941.98,6618245.5000000065,6597174.2500000065,1777326300|SHORT,EXIT_STLINE,False,SuperTrend-p14x3-M15,SHORT,S,0.5,1777366198.413,1777326300,1777327200.0,1777365900
325571.80490234034,default,0.5,4596.44,0,4596.37,4599.84647415806,4600.1,F1,True,4304500.505,-349314.5000000443,-370385.7500000443,1777399200|SHORT,EXIT_STLINE,False,SuperTrend-p14x3-M15,SHORT,S,0.5,1777406435.091,1777399200,1777400100.0,1777406400
2430621.1191648273,default,0.5,4607.24,0,4607.76,4581.836355122308,4581.7,F1,True,4315167.24,-2440519.0000000373,-2461590.2500000373,1777406400|LONG,EXIT_STLINE,False,SuperTrend-p14x3-M15,LONG,L,0.5,1777410268.537,1777406400,1777407300.0,1777410000
81816.84279583064,default,0.5,4582.46,0,4582.71,4581.836355122308,4581.77,F1,True,4291707.915,-88030.99999996253,-109102.24999996253,1777410000|LONG,EXIT_STLINE,False,SuperTrend-p14x3-M15,LONG,L,0.5,1777410910.196,1777410000,1777410900.0,1777410900
2519524.781955216,default,0.5,4580.28,0,4580.35,4607.253628210948,4607.32,F1,True,4289497.775,-2525740.4999999385,-2546811.7499999385,1777410900|SHORT,EXIT_STLINE,False,SuperTrend-p14x3-M15,SHORT,S,0.5,1777424618.415,1777410900,1777411800.0,1777424400
592207.7819552231,default,0.5,4600.91,0,4600.93,4554.440144919543,4555.73,F1,True,4308770.945,4232980.000000068,4211908.750000068,1777424400|SHORT,EXIT_STLINE,False,SuperTrend-p14x3-M15,SHORT,S,0.5,1777462805.881,1777424400,1777425300.0,1777462200
994025.5575955716,default,0.5,4557.94,0,4557.92,4568.53426115959,4568.66,F1,True,4268492.08,-1005800.9999999795,-1026872.2499999795,1777492800|SHORT,EXIT_STLINE,False,SuperTrend-p14x3-M15,SHORT,S,0.5,1777495520.642,1777492800,1777493700.0,1777495500
2325229.491658944,default,0.5,4569.74,0,4570.12,4552.197070866746,4552.08,F1,True,4279917.38,-1689445.9999999965,-1710517.2499999965,1777495500|LONG,EXIT_STLINE,False,SuperTrend-p14x3-M15,LONG,L,0.5,1777507390.712,1777495500,1777496400.0,1777507200
329922.31332927133,default,0.5,4555.23,0,4555.72,4552.197070866746,4552.18,F1,True,4266431.78,-331520.99999999657,-352592.24999999657,1777507200|LONG,EXIT_STLINE,False,SuperTrend-p14x3-M15,LONG,L,0.5,1777508252.593,1777507200,1777508100.0,1777508100
2656083.2941715354,default,0.5,4547.21,0,4547.12,4568.122750037549,4568.2,F1,True,4258377.88,-1974141.9999999932,-1995213.2499999932,1777508100|SHORT,EXIT_STLINE,False,SuperTrend-p14x3-M15,SHORT,S,0.5,1777513770.591,1777508100,1777509000.0,1777513500
529380.0410164343,default,0.5,4562.43,0,4562.47,4568.122750037549,4568.13,F1,True,4272753.155,-530058.9999999864,-551130.2499999864,1777513500|SHORT,EXIT_STLINE,False,SuperTrend-p14x3-M15,SHORT,S,0.5,1777514622.812,1777513500,1777514400.0,1777514400
195986.04101648208,default,0.5,4565.96,0,4566.03,4568.122750037549,4568.15,F1,True,4276087.095,-198537.99999998978,-219609.24999998978,1777514400|SHORT,EXIT_STLINE,False,SuperTrend-p14x3-M15,SHORT,S,0.5,1777515502.448,1777514400,1777515300.0,1777515300
2573154.1347148996,default,0.5,4569.29,0,4569.79,4610.190505355886,4609.99,F1,True,4279608.335,3764729.999999983,3743658.749999983,1777515300|LONG,EXIT_STLINE,False,SuperTrend-p14x3-M15,LONG,L,0.5,1777543201.486,1777515300,1777516200.0,1777543200
556773.3442949192,default,0.5,4629.26,0,4629.25,4586.704530091125,4586.78,F1,True,4335292.625,3977315.5000000237,3956244.2500000237,1777587300|SHORT,EXIT_STLINE,False,SuperTrend-p14x3-M15,SHORT,S,0.5,1777623262.281,1777587300,1777588200.0,1777622400
67324.63819219355,default,0.5,4538.6,0,4538.67,4539.388896296767,4539.39,F1,True,4250464.455,-67428.00000002385,-88499.25000002385,1777928400|SHORT,EXIT_STLINE,False,SuperTrend-p14x3-M15,SHORT,S,0.5,1777929301.833,1777928400,1777929300.0,1777929300
158165.13819221742,default,0.5,4537.59,0,4537.7,4539.388896296767,4539.64,F1,True,4249556.05,-181681.0000000477,-202752.2500000477,1777929300|SHORT,EXIT_STLINE,False,SuperTrend-p14x3-M15,SHORT,S,0.5,1777930619.67,1777929300,1777930200.0,1777930200
245259.6381921595,default,0.5,4536.77,0,4536.77,4539.388896296767,4539.43,F1,True,4248685.105,-249108.99999998638,-270180.2499999864,1777930200|SHORT,EXIT_STLINE,False,SuperTrend-p14x3-M15,SHORT,S,0.5,1777931301.331,1777930200,1777931100.0,1777931100
2422281.247943595,default,0.5,4540.78,0,4541.38,4553.599463605802,4553.54,F1,True,4253002.37,1138783.9999999863,1117712.7499999863,1777931100|LONG,EXIT_STLINE,False,SuperTrend-p14x3-M15,LONG,L,0.5,1777984362.869,1777931100,1777932000.0,1777984200
2143733.0782623943,default,0.5,4550.36,0,4550.41,4566.631135863362,4566.77,F1,True,4261458.965,-1532114.0000000545,-1553185.2500000545,1778004000|SHORT,EXIT_STLINE,False,SuperTrend-p14x3-M15,SHORT,S,0.5,1778007329.632,1778004000,1778004900.0,1778006700
3302967.043346373,default,0.5,4573.14,0,4573.8,4682.831544721802,4682.77,F1,True,4283363.7,10205040.500000024,10183969.250000024,1778006700|LONG,EXIT_STLINE,False,SuperTrend-p14x3-M15,LONG,L,0.5,1778054631.573,1778006700,1778007600.0,1778054400
3136494.2897018366,default,0.5,4709.56,0,4710.1,4725.126940506165,4725.06,F1,True,4411008.65,1401004.0000000035,1379932.7500000035,1778101200|LONG,EXIT_STLINE,False,SuperTrend-p14x3-M15,LONG,L,0.5,1778155295.134,1778101200,1778102100.0,1778155200
3633004.9106468433,default,0.5,4722.71,0,4723.27,4699.91739981479,4699.68,F1,True,4423342.355,-2209203.5000000135,-2230274.7500000135,1778190300|LONG,EXIT_STLINE,False,SuperTrend-p14x3-M15,LONG,L,0.5,1778210729.633,1778190300,1778191200.0,1778210100
78197.7500000034,mult3.25,0.5,4347.59,0,4347.59,4348.425,4348.63,F1,True,4071518.035,-97395.9999999966,-118467.2499999966,1767309300|SHORT,EXIT_STLINE,False,SuperTrend-p14x3-M15,SHORT,S,0.5,1767310203.104,1767309300,1767310200.0,1767310200
2656990.258290818,mult3.25,0.5,4351.38,0,4351.88,4377.344903399793,4376.32,F1,True,4075535.62,2288805.9999999627,2267734.7499999627,1767310200|LONG,EXIT_STLINE,False,SuperTrend-p14x3-M15,LONG,L,0.5,1767349503.82,1767310200,1767311100.0,1767348900
529712.5389972852,mult3.25,0.5,4436.35,0,4436.85,4431.193699530195,4430.93,F1,True,4155110.0250000004,-554408.0000000069,-575479.2500000069,1767648600|LONG,EXIT_STLINE,False,SuperTrend-p14x3-M15,LONG,L,0.5,1767650578.494,1767648600,1767649500.0,1767650400
1027930.538997258,mult3.25,0.5,4441.72,0,4442.17,4447.687097951107,4447.67,F1,True,4160092.205,515075.0,494003.75,1767650400|LONG,EXIT_STLINE,False,SuperTrend-p14x3-M15,LONG,L,0.5,1767682066.046,1767650400,1767651300.0,1767681900
2997554.8774892897,mult3.25,0.5,4470.76,0,4470.81,4471.837910615213,4471.88,F1,True,4186913.5650000004,-100205.49999997274,-121276.74999997274,1767736800|SHORT,EXIT_STLINE,False,SuperTrend-p14x3-M15,SHORT,S,0.5,1767764342.686,1767736800,1767737700.0,1767763800
1170174.8375525756,mult3.25,0.5,4456.84,0,4457.49,4444.99480686009,4444.93,F1,True,4174439.385,-1176243.9999999523,-1197315.2499999523,1767823200|LONG,EXIT_STLINE,False,SuperTrend-p14x3-M15,LONG,L,0.5,1767825964.026,1767823200,1767824100.0,1767825900
354483.33755257213,mult3.25,0.5,4448.28,0,4448.78,4444.99480686009,4444.74,F1,True,4166282.47,-378345.99999999657,-399417.24999999657,1767825900|LONG,EXIT_STLINE,False,SuperTrend-p14x3-M15,LONG,L,0.5,1767827052.119,1767825900,1767826800.0,1767826800
159691.33755257895,mult3.25,0.5,4446.39,0,4446.7,4444.99480686009,4444.81,F1,True,4164334.55,-176998.4999999455,-198069.7499999455,1767826800|LONG,EXIT_STLINE,False,SuperTrend-p14x3-M15,LONG,L,0.5,1767827753.382,1767826800,1767827700.0,1767827700
2457403.421578057,mult3.25,0.5,4441.11,0,4441.08,4438.450820318286,4438.54,F1,True,4159071.42,237870.9999999966,216799.7499999966,1767827700|SHORT,EXIT_STLINE,False,SuperTrend-p14x3-M15,SHORT,S,0.5,1767873006.01,1767827700,1767828600.0,1767872700
291696.569836737,mult3.25,0.5,4459.15,0,4459.58,4456.465247519095,4456.16,F1,True,4176396.67,-320283.0000000068,-341354.2500000068,1767909600|LONG,EXIT_STLINE,False,SuperTrend-p14x3-M15,LONG,L,0.5,1767910739.372,1767909600,1767910500.0,1767910500
117507.56983676765,mult3.25,0.5,4457.22,0,4457.72,4456.465247519095,4456.46,F1,True,4174654.78,-117999.00000002045,-139070.25000002043,1767910500|LONG,EXIT_STLINE,False,SuperTrend-p14x3-M15,LONG,L,0.5,1767911489.955,1767910500,1767911400.0,1767911400
606360.5698367063,mult3.25,0.5,4462.44,0,4462.94,4587.5847035324605,4587.55,F1,True,4179543.3099999996,11669726.500000054,11648655.250000054,1767911400|LONG,EXIT_STLINE,False,SuperTrend-p14x3-M15,LONG,L,0.5,1768217201.014,1767911400,1767912300.0,1768216500
3609004.0509266844,mult3.25,0.5,4579.6,0,4579.08,4601.3244981553735,4601.36,F1,True,4288308.42,-2086521.9999999763,-2107593.2499999763,1768248000|SHORT,EXIT_STLINE,False,SuperTrend-p14x3-M15,SHORT,S,0.5,1768299093.583,1768248000,1768248900.0,1768298400
2857841.605904627,mult3.25,0.5,4615.3,0,4615.8,4616.523152489078,4616.51,F1,True,4322696.7,66491.5000000034,45420.250000003405,1768341600|LONG,EXIT_STLINE,False,SuperTrend-p14x3-M15,LONG,L,0.5,1768390978.123,1768341600,1768342500.0,1768390200
3160773.4928963655,mult3.25,0.5,4609.0,0,4608.98,4618.120471644242,4618.16,F1,True,4316309.77,-859707.0000000272,-880778.2500000272,1768421700|SHORT,EXIT_STLINE,False,SuperTrend-p14x3-M15,SHORT,S,0.5,1768462639.94,1768421700,1768422600.0,1768462200
624097.5935145246,mult3.25,0.5,4603.65,0,4604.14,4597.47585057646,4597.43,F1,True,4311777.11,-628391.5000000034,-649462.7500000034,1768514400|LONG,EXIT_STLINE,False,SuperTrend-p14x3-M15,LONG,L,0.5,1768518894.921,1768514400,1768515300.0,1768518000
72499.09351449396,mult3.25,0.5,4598.06,0,4598.25,4597.47585057646,4597.45,F1,True,4306261.125,-74920.00000001704,-95991.25000001704,1768518000|LONG,EXIT_STLINE,False,SuperTrend-p14x3-M15,LONG,L,0.5,1768518905.334,1768518000,1768518900.0,1768518900
276656.0935145212,mult3.25,0.5,4599.92,0,4600.43,4597.47585057646,4597.37,F1,True,4308302.695,-286569.0000000375,-307640.2500000375,1768518900|LONG,EXIT_STLINE,False,SuperTrend-p14x3-M15,LONG,L,0.5,1768519901.469,1768518900,1768519800.0,1768519800
2033598.122313609,mult3.25,0.5,4595.79,0,4595.75,4615.138816413343,4615.21,F1,True,4303919.875,-1822429.0000000035,-1843500.2500000035,1768519800|SHORT,EXIT_STLINE,False,SuperTrend-p14x3-M15,SHORT,S,0.5,1768532151.516,1768519800,1768520700.0,1768531500
352949.65710960026,mult3.25,0.5,4611.37,0,4611.37,4615.138816413343,4615.14,F1,True,4318548.005,-353060.50000004086,-374131.75000004086,1768531500|SHORT,EXIT_STLINE,False,SuperTrend-p14x3-M15,SHORT,S,0.5,1768552887.412,1768531500,1768532400.0,1768552200
5959414.248937886,mult3.25,0.5,4654.13,0,4654.63,4662.892492621223,4662.55,F1,True,4359060.995,741708.0000000069,720636.7500000069,1768766400|LONG,EXIT_STLINE,False,SuperTrend-p14x3-M15,LONG,L,0.5,1768857969.651,1768766400,1768767300.0,1768857300
1890759.7024721154,mult3.25,0.5,4659.42,0,4659.49,4678.308056169724,4678.4,F1,True,4363612.385,-1770921.4999999863,-1791992.7499999863,1768857300|SHORT,EXIT_STLINE,False,SuperTrend-p14x3-M15,SHORT,S,0.5,1768869611.271,1768857300,1768858200.0,1768869000
151530.96029471775,mult3.25,0.5,4676.69,0,4676.69,4678.308056169724,4678.42,F1,True,4379720.185,-162014.5000000443,-183085.7500000443,1768869000|SHORT,EXIT_STLINE,False,SuperTrend-p14x3-M15,SHORT,S,0.5,1768870099.482,1768869000,1768869900.0,1768869900
1883083.8194181584,mult3.25,0.5,4680.03,0,4680.53,4840.628323348711,4840.55,F1,True,4383316.345,14985873.000000041,14964801.750000041,1768869900|LONG,EXIT_STLINE,False,SuperTrend-p14x3-M15,LONG,L,0.5,1768968247.384,1768869900,1768870800.0,1768968000
2077535.8889402566,mult3.25,0.5,4831.98,1,4814.73,4831.877307549068,4832.65,F1,True,4508994.645,-1678208.0000000068,-1699279.2500000068,1769021100|SHORT,EXIT_STLINE,False,SuperTrend-p14x3-M15,SHORT,S,0.5,1769054775.487,1769021100,1769026500.0,1769054400
883904.1952712046,mult3.25,0.5,5066.59,0,5066.6,5076.038379020515,5076.1,F1,True,4744870.9,-889675.0,-910746.25,1769465700|SHORT,EXIT_STLINE,False,SuperTrend-p14x3-M15,SHORT,S,0.5,1769470682.512,1769465700,1769466600.0,1769470200
6266266.378811346,mult3.25,0.5,5078.92,0,5079.42,5059.459431871318,5059.43,F1,True,4756876.83,-1872063.4999999795,-1893134.7499999795,1769470200|LONG,EXIT_STLINE,False,SuperTrend-p14x3-M15,LONG,L,0.5,1769511959.469,1769470200,1769471100.0,1769511600
12865113.667740932,mult3.25,0.5,5310.91,0,5309.65,4948.435449125178,4948.57,F1,True,4972487.225,33815141.99999999,33794070.74999999,1769724000|SHORT,EXIT_STLINE,False,SuperTrend-p14x3-M15,SHORT,S,0.5,1769792171.131,1769724000,1769724900.0,1769791500
12478065.107250558,mult3.25,0.5,4786.83,0,4787.33,4896.942000741777,4896.55,F1,True,4483334.545,10228453.000000024,10207381.750000024,1770066000|LONG,EXIT_STLINE,False,SuperTrend-p14x3-M15,LONG,L,0.5,1770132751.889,1770066000,1770066900.0,1770132600
10065325.004303595,mult3.25,0.5,5009.26,0,5010.25,4938.927032856607,4938.63,F1,True,4692099.125,-6707212.99999999,-6728284.24999999,1770235200|LONG,EXIT_STLINE,False,SuperTrend-p14x3-M15,LONG,L,0.5,1770243942.111,1770235200,1770236100.0,1770243300
1266425.87297872,mult3.25,0.5,4951.92,0,4952.45,4938.927032856607,4938.73,F1,True,4637969.425,-1284878.0000000237,-1305949.2500000237,1770243300|LONG,EXIT_STLINE,False,SuperTrend-p14x3-M15,LONG,L,0.5,1770246419.952,1770243300,1770244200.0,1770246000
10227250.735511368,mult3.25,0.5,4915.08,0,4915.24,4782.309393839779,4782.46,F1,True,4603122.26,12434846.999999976,12413775.749999976,1770246000|SHORT,EXIT_STLINE,False,SuperTrend-p14x3-M15,SHORT,S,0.5,1770332158.712,1770246000,1770246900.0,1770331500
776301.733095239,mult3.25,0.5,4773.96,0,4774.02,4782.309393839779,4782.69,F1,True,4470869.73,-811945.4999999217,-833016.7499999217,1770331500|SHORT,EXIT_STLINE,False,SuperTrend-p14x3-M15,SHORT,S,0.5,1770332806.479,1770331500,1770332400.0,1770332400
12215413.193018904,mult3.25,0.5,4787.59,0,4787.99,4978.133274211985,4977.91,F1,True,4483952.635,17786008.000000007,17764936.750000007,1770332400|LONG,EXIT_STLINE,False,SuperTrend-p14x3-M15,LONG,L,0.5,1770590294.511,1770332400,1770333300.0,1770589800
2988064.8700476177,mult3.25,0.5,5009.5,0,5010.04,4978.133274211985,4977.97,F1,True,4691902.46,-3003355.4999999725,-3024426.7499999725,1770589800|LONG,EXIT_STLINE,False,SuperTrend-p14x3-M15,LONG,L,0.5,1770591618.906,1770589800,1770590700.0,1770591600
1834296.870047645,mult3.25,0.5,4997.22,0,4997.72,4982.893813934372,4982.55,F1,True,4680364.78,-1420670.5000000068,-1441741.7500000068,1770591600|LONG,EXIT_STLINE,False,SuperTrend-p14x3-M15,LONG,L,0.5,1770622225.221,1770591600,1770592500.0,1770622200
7071620.814623884,mult3.25,0.5,5013.04,0,5013.21,5066.656990421761,5067.23,F1,True,4694871.165,-5058972.999999955,-5080044.249999955,1770667200|SHORT,EXIT_STLINE,False,SuperTrend-p14x3-M15,SHORT,S,0.5,1770722197.135,1770667200,1770668100.0,1770722100
1768016.3144199918,mult3.25,0.5,5037.1,0,5037.1,5055.978978263962,5055.98,F1,True,4717244.15,-1768111.999999925,-1789183.249999925,1770764400|SHORT,EXIT_STLINE,False,SuperTrend-p14x3-M15,SHORT,S,0.5,1770767196.967,1770764400,1770765300.0,1770767100
99173.31442001904,mult3.25,0.5,5054.23,0,5054.92,5055.978978263962,5056.04,F1,True,4733932.58,-104887.99999998978,-125959.24999998978,1770767100|SHORT,EXIT_STLINE,False,SuperTrend-p14x3-M15,SHORT,S,0.5,1770768163.186,1770767100,1770768000.0,1770768000
651708.3144199849,mult3.25,0.5,5049.02,0,5049.02,5055.978978263962,5056.05,F1,True,4728407.23,-658359.4999999761,-679430.7499999761,1770768000|SHORT,EXIT_STLINE,False,SuperTrend-p14x3-M15,SHORT,S,0.5,1770769361.881,1770768000,1770768900.0,1770768900
3994126.558385996,mult3.25,0.5,5057.04,0,5057.54,5077.042948797183,5072.39,F1,True,4736386.21,1390702.500000034,1369631.250000034,1770768900|LONG,EXIT_STLINE,False,SuperTrend-p14x3-M15,LONG,L,0.5,1770802870.154,1770768900,1770769800.0,1770802200
453582.53071570233,mult3.25,0.5,4969.78,0,4969.78,4974.623379932896,4974.8,F1,True,4654198.97,-470123.00000004086,-491194.25000004086,1770934500|SHORT,EXIT_STLINE,False,SuperTrend-p14x3-M15,SHORT,S,0.5,1770935544.055,1770934500,1770935400.0,1770935400
6900129.987495587,mult3.25,0.5,4979.68,0,4980.18,4940.547605433129,4939.39,F1,True,4663938.57,-3819983.4999999967,-3841054.7499999967,1770935400|LONG,EXIT_STLINE,False,SuperTrend-p14x3-M15,LONG,L,0.5,1770971061.721,1770935400,1770936300.0,1770970500
599384.1000899931,mult3.25,0.5,4997.45,0,4997.95,4991.549742657875,4990.89,F1,True,4680580.175,-661168.9999999523,-682240.2499999523,1771200000|LONG,EXIT_STLINE,False,SuperTrend-p14x3-M15,LONG,L,0.5,1771202241.676,1771200000,1771200900.0,1771201800
3669323.0830530394,mult3.25,0.5,4990.89,0,4990.89,5012.952881529179,5013.09,F1,True,4673968.485,-2079029.999999983,-2100101.2499999832,1771201800|SHORT,EXIT_STLINE,False,SuperTrend-p14x3-M15,SHORT,S,0.5,1771218215.254,1771201800,1771202700.0,1771218000
3824451.626167458,mult3.25,0.5,4912.44,0,4912.94,4909.190416978916,4909.18,F1,True,4600968.31,-352123.9999999353,-373195.2499999353,1771372800|LONG,EXIT_STLINE,False,SuperTrend-p14x3-M15,LONG,L,0.5,1771400294.296,1771372800,1771373700.0,1771399800
497271.2867599963,mult3.25,0.5,4976.8,0,4977.3,4971.990109057555,4971.84,F1,True,4661241.45,-511329.00000000343,-532400.2500000035,1771444800|LONG,EXIT_STLINE,False,SuperTrend-p14x3-M15,LONG,L,0.5,1771445843.264,1771444800,1771445700.0,1771445700
967394.2867599521,mult3.25,0.5,4981.82,0,4982.32,4971.990109057555,4971.85,F1,True,4665942.68,-980515.4999999386,-1001586.7499999386,1771445700|LONG,EXIT_STLINE,False,SuperTrend-p14x3-M15,LONG,L,0.5,1771448239.061,1771445700,1771446600.0,1771447500
409240.28675994865,mult3.25,0.5,4975.86,0,4976.36,4971.990109057555,4971.92,F1,True,4660361.14,-415805.9999999625,-436877.2499999625,1771447500|LONG,EXIT_STLINE,False,SuperTrend-p14x3-M15,LONG,L,0.5,1771448429.105,1771447500,1771448400.0,1771448400
3050828.082186329,mult3.25,0.5,4967.8,0,4967.8,4993.030301876637,4993.31,F1,True,4652344.7,-2389011.5000000205,-2410082.7500000205,1771448400|SHORT,EXIT_STLINE,False,SuperTrend-p14x3-M15,SHORT,S,0.5,1771467124.648,1771448400,1771449300.0,1771466400
264121.27074706735,mult3.25,0.5,4990.21,0,4990.21,4993.030301876637,4993.43,F1,True,4673331.665,-301553.00000002387,-322624.25000002387,1771466400|SHORT,EXIT_STLINE,False,SuperTrend-p14x3-M15,SHORT,S,0.5,1771468578.008,1771466400,1771467300.0,1771468200
2548719.1025948673,mult3.25,0.5,4995.85,0,4996.35,4996.8886596348675,4996.39,F1,True,4679081.775,3745.999999996593,-17325.250000003405,1771468200|LONG,EXIT_STLINE,False,SuperTrend-p14x3-M15,LONG,L,0.5,1771482973.258,1771468200,1771469100.0,1771482600
5676575.542231909,mult3.25,0.5,5185.16,0,5185.32,5155.929869979298,5155.95,F1,True,4856052.18,2750500.4999999898,2729429.2499999898,1771884000|SHORT,EXIT_STLINE,False,SuperTrend-p14x3-M15,SHORT,S,0.5,1771942244.801,1771884000,1771884900.0,1771941600
277077.7059284632,mult3.25,0.5,5135.6,0,5136.1,5133.141348575244,5132.92,F1,True,4809957.65,-297807.00000002724,-318878.25000002724,1771963200|LONG,EXIT_STLINE,False,SuperTrend-p14x3-M15,LONG,L,0.5,1771964265.644,1771963200,1771964100.0,1771964100
3881058.9066770403,mult3.25,0.5,5130.82,0,5130.82,5172.26216664898,5172.29,F1,True,4805012.93,-3883665.5000000237,-3904736.7500000237,1771964100|SHORT,EXIT_STLINE,False,SuperTrend-p14x3-M15,SHORT,S,0.5,1771970952.521,1771964100,1771965000.0,1771970400
5615087.588629264,mult3.25,0.5,5174.14,0,5175.27,5172.389794001314,5172.2,F1,True,4846640.355,-287505.5000000579,-308576.7500000579,1771970400|LONG,EXIT_STLINE,False,SuperTrend-p14x3-M15,LONG,L,0.5,1772004338.826,1771970400,1771971300.0,1772003700
767942.2691595322,mult3.25,0.5,5187.49,0,5187.49,5195.69013101078,5195.96,F1,True,4858084.385,-793215.5000000239,-814286.7500000239,1772056800|SHORT,EXIT_STLINE,False,SuperTrend-p14x3-M15,SHORT,S,0.5,1772060438.228,1772056800,1772057700.0,1772060400
1204351.2691595186,mult3.25,0.5,5182.88,0,5182.83,5195.69013101078,5195.82,F1,True,4853720.295,-1216513.4999999795,-1237584.7499999795,1772060400|SHORT,EXIT_STLINE,False,SuperTrend-p14x3-M15,SHORT,S,0.5,1772067740.717,1772060400,1772061300.0,1772067600
3295413.1815568996,mult3.25,0.5,5196.7,0,5197.2,5171.234873661131,5171.22,F1,True,4867177.8,-2433026.999999959,-2454098.249999959,1772067600|LONG,EXIT_STLINE,False,SuperTrend-p14x3-M15,LONG,L,0.5,1772084040.307,1772067600,1772068500.0,1772083800
5352438.077646007,mult3.25,0.5,5319.05,0,5319.03,5222.159911689785,5222.49,F1,True,4981271.595,9040970.999999996,9019899.749999996,1772505900|SHORT,EXIT_STLINE,False,SuperTrend-p14x3-M15,SHORT,S,0.5,1772531787.758,1772505900,1772506800.0,1772531100
248197.7150843004,mult3.25,0.5,5158.63,0,5159.34,5161.990269248097,5162.56,F1,True,4831721.91,-301553.00000002387,-322624.25000002387,1772575200|SHORT,EXIT_STLINE,False,SuperTrend-p14x3-M15,SHORT,S,0.5,1772576345.325,1772575200,1772576100.0,1772576100
1417886.21508428,mult3.25,0.5,5146.69,0,5146.85,5161.990269248097,5162.12,F1,True,4820025.025,-1430035.4999999558,-1451106.7499999558,1772576100|SHORT,EXIT_STLINE,False,SuperTrend-p14x3-M15,SHORT,S,0.5,1772577868.325,1772576100,1772577000.0,1772577000
6836764.071967372,mult3.25,0.5,5162.93,0,5163.5,5155.385953525194,5153.7,F1,True,4835617.75,-917770.000000017,-938841.250000017,1772577000|LONG,EXIT_STLINE,False,SuperTrend-p14x3-M15,LONG,L,0.5,1772624883.014,1772577000,1772577900.0,1772624700
543727.1076901212,mult3.25,0.5,5173.33,0,5173.36,5179.165948827444,5179.4,F1,True,4844851.64,-565645.9999999966,-586717.2499999966,1772658900|SHORT,EXIT_STLINE,False,SuperTrend-p14x3-M15,SHORT,S,0.5,1772661986.279,1772658900,1772659800.0,1772661600
249666.1076900905,mult3.25,0.5,5176.5,0,5176.5,5179.165948827444,5179.18,F1,True,4847792.25,-250982.00000002724,-272053.25000002724,1772661600|SHORT,EXIT_STLINE,False,SuperTrend-p14x3-M15,SHORT,S,0.5,1772662585.144,1772661600,1772662500.0,1772662500
165381.10769012454,mult3.25,0.5,5177.4,0,5177.4,5179.165948827444,5179.21,F1,True,4848635.1,-169506.5000000375,-190577.7500000375,1772662500|SHORT,EXIT_STLINE,False,SuperTrend-p14x3-M15,SHORT,S,0.5,1772664754.399,1772662500,1772663400.0,1772664300
637377.1076901212,mult3.25,0.5,5172.34,0,5172.36,5179.165948827444,5179.45,F1,True,4843915.14,-663978.5000000136,-685049.7500000136,1772664300|SHORT,EXIT_STLINE,False,SuperTrend-p14x3-M15,SHORT,S,0.5,1772665526.261,1772664300,1772665200.0,1772665200
55810.607690117744,mult3.25,0.5,5178.57,0,5178.57,5179.165948827444,5179.32,F1,True,4849730.805,-70237.5,-91308.75,1772665200|SHORT,EXIT_STLINE,False,SuperTrend-p14x3-M15,SHORT,S,0.5,1772666157.869,1772665200,1772666100.0,1772666100
3789375.2093739347,mult3.25,0.5,5183.96,0,5184.46,5149.757095852702,5149.62,F1,True,4855246.79,-3262766.0000000135,-3283837.2500000135,1772666100|LONG,EXIT_STLINE,False,SuperTrend-p14x3-M15,LONG,L,0.5,1772679504.357,1772666100,1772667000.0,1772678700
4404977.966859151,mult3.25,0.5,5148.32,0,5148.44,5177.7304902044725,5177.76,F1,True,4821514.06,-2745818.0000000577,-2766889.2500000577,1772678700|SHORT,EXIT_STLINE,False,SuperTrend-p14x3-M15,SHORT,S,0.5,1772690924.239,1772678700,1772679600.0,1772690400
6456086.578673852,mult3.25,0.5,5118.52,0,5118.77,5093.269916040952,5093.26,F1,True,4793728.105,-2389011.5000000205,-2410082.7500000205,1772749800|LONG,EXIT_STLINE,False,SuperTrend-p14x3-M15,LONG,L,0.5,1772778122.205,1772749800,1772750700.0,1772777700
811379.1908866387,mult3.25,0.5,5125.47,0,5126.29,5117.626047080762,5117.49,F1,True,4800770.585,-824120.000000017,-845191.250000017,1772998200|LONG,EXIT_STLINE,False,SuperTrend-p14x3-M15,LONG,L,0.5,1772999375.503,1772998200,1772999100.0,1772999100
1204709.1908866216,mult3.25,0.5,5129.99,0,5130.49,5117.626047080762,5117.58,F1,True,4804703.885,-1209021.4999999863,-1230092.7499999863,1772999100|LONG,EXIT_STLINE,False,SuperTrend-p14x3-M15,LONG,L,0.5,1773000181.873,1772999100,1773000000.0,1773000000
8395446.854671018,mult3.25,0.5,5101.57,0,5101.65,5129.697924914221,5129.96,F1,True,4777695.225,-2651231.5000000373,-2672302.7500000373,1773000000|SHORT,EXIT_STLINE,False,SuperTrend-p14x3-M15,SHORT,S,0.5,1773024418.973,1773000000,1773000900.0,1773024300
522372.6682168446,mult3.25,0.5,5124.12,0,5124.12,5129.697924914221,5129.71,F1,True,4798738.38,-523503.5000000136,-544574.7500000136,1773024300|SHORT,EXIT_STLINE,False,SuperTrend-p14x3-M15,SHORT,S,0.5,1773025262.253,1773024300,1773025200.0,1773025200
208645.16821681053,mult3.25,0.5,5127.13,0,5127.47,5129.697924914221,5129.76,F1,True,4801875.655,-214458.4999999966,-235529.7499999966,1773025200|SHORT,EXIT_STLINE,False,SuperTrend-p14x3-M15,SHORT,S,0.5,1773026181.113,1773025200,1773026100.0,1773026100
321025.1682167935,mult3.25,0.5,5126.27,0,5126.27,5129.697924914221,5129.7,F1,True,4800751.855,-321219.4999999421,-342290.7499999421,1773026100|SHORT,EXIT_STLINE,False,SuperTrend-p14x3-M15,SHORT,S,0.5,1773027033.333,1773026100,1773027000.0,1773027000
2155628.6682168073,mult3.25,0.5,5106.41,0,5106.68,5129.697924914221,5129.78,F1,True,4782405.82,-2163314.999999949,-2184386.249999949,1773027000|SHORT,EXIT_STLINE,False,SuperTrend-p14x3-M15,SHORT,S,0.5,1773037927.015,1773027000,1773027900.0,1773037800
375651.8289441057,mult3.25,0.5,5168.5,0,5168.5,5172.511231488992,5172.53,F1,True,4840300.25,-377409.49999997613,-398480.74999997613,1773269100|SHORT,EXIT_STLINE,False,SuperTrend-p14x3-M15,SHORT,S,0.5,1773270276.99,1773269100,1773270000.0,1773270000
3855885.9779040753,mult3.25,0.5,5173.98,0,5174.48,5163.952510155116,5163.64,F1,True,4845900.52,-1015165.9999999284,-1036237.2499999284,1773270000|LONG,EXIT_STLINE,False,SuperTrend-p14x3-M15,LONG,L,0.5,1773307318.817,1773270000,1773270900.0,1773306900
3526089.4870323166,mult3.25,0.5,5105.83,0,5106.33,5095.133735454467,5095.12,F1,True,4782078.045,-1049816.5000000035,-1070887.7500000035,1773349200|LONG,EXIT_STLINE,False,SuperTrend-p14x3-M15,LONG,L,0.5,1773372244.891,1773349200,1773350100.0,1773371700
3428813.339652081,mult3.25,0.5,5027.59,0,5028.09,5014.074034666059,5013.67,F1,True,4708806.285,-1350433.0000000068,-1371504.2500000068,1773701100|LONG,EXIT_STLINE,False,SuperTrend-p14x3-M15,LONG,L,0.5,1773716500.282,1773701100,1773702000.0,1773716400
47836.89693571186,mult3.25,0.5,4865.59,0,4865.59,4866.100805092747,4866.11,F1,True,4556625.035,-48697.99999995571,-69769.2499999557,1773873000|SHORT,EXIT_STLINE,False,SuperTrend-p14x3-M15,SHORT,S,0.5,1773873902.341,1773873000,1773873900.0,1773873900
1521887.8969356914,mult3.25,0.5,4849.57,0,4849.85,4866.100805092747,4866.12,F1,True,4541884.525,-1523685.4999999558,-1544756.7499999558,1773873900|SHORT,EXIT_STLINE,False,SuperTrend-p14x3-M15,SHORT,S,0.5,1773879554.922,1773873900,1773874800.0,1773879300
586324.3969357118,mult3.25,0.5,4859.81,0,4859.84,4643.788566558709,4643.79,F1,True,4551240.16,20233082.50000002,20212011.25000002,1773879300|SHORT,EXIT_STLINE,False,SuperTrend-p14x3-M15,SHORT,S,0.5,1773918170.132,1773879300,1773880200.0,1773918000
10790991.938263549,mult3.25,0.5,4344.15,0,4344.24,4415.9806373146075,4416.3,F1,True,4068380.76,-6748419.000000037,-6769490.250000037,1774301400|SHORT,EXIT_STLINE,False,SuperTrend-p14x3-M15,SHORT,S,0.5,1774325404.299,1774301400,1774302300.0,1774324800
6118861.722312054,mult3.25,0.5,4434.9,0,4435.33,4419.49769158757,4418.35,F1,True,4153686.545,-1590176.999999959,-1611248.249999959,1774566000|LONG,EXIT_STLINE,False,SuperTrend-p14x3-M15,LONG,L,0.5,1774597301.701,1774566000,1774566900.0,1774596600
2281724.3095460515,mult3.25,0.5,4496.94,0,4497.49,4473.125618691446,4472.73,F1,True,4211899.385,-2318774.0000000205,-2339845.2500000205,1774810800|LONG,EXIT_STLINE,False,SuperTrend-p14x3-M15,LONG,L,0.5,1774814787.239,1774810800,1774811700.0,1774814400
545453.309546055,mult3.25,0.5,4478.39,0,4478.95,4473.125618691446,4472.27,F1,True,4194536.675,-625581.999999942,-646653.249999942,1774814400|LONG,EXIT_STLINE,False,SuperTrend-p14x3-M15,LONG,L,0.5,1774815857.537,1774814400,1774815300.0,1774815300
6345972.886287695,mult3.25,0.5,4472.23,0,4472.16,4500.15344890497,4500.41,F1,True,4188177.84,-2645612.5,-2666683.75,1774815300|SHORT,EXIT_STLINE,False,SuperTrend-p14x3-M15,SHORT,S,0.5,1774829233.28,1774815300,1774816200.0,1774828800
7657956.756624832,mult3.25,0.5,4504.45,0,4504.85,4525.350980862757,4524.21,F1,True,4218792.025,1813063.9999999693,1791992.7499999693,1774828800|LONG,EXIT_STLINE,False,SuperTrend-p14x3-M15,LONG,L,0.5,1774868299.464,1774828800,1774829700.0,1774867500
4760675.135334964,mult3.25,0.5,4547.61,0,4548.09,4542.76298772986,4542.36,F1,True,4259286.285,-536614.5000000442,-557685.7500000442,1774907100|LONG,EXIT_STLINE,False,SuperTrend-p14x3-M15,LONG,L,0.5,1774942738.116,1774907100,1774908000.0,1774942200
4523521.078711143,mult3.25,0.5,4750.79,0,4750.75,4650.237855760157,4650.27,F1,True,4449077.375,9409951.999999959,9388880.749999959,1775080800|SHORT,EXIT_STLINE,False,SuperTrend-p14x3-M15,SHORT,S,0.5,1775105365.496,1775080800,1775081700.0,1775105100
254488.91667245963,mult3.25,0.5,4630.3,0,4631.58,4628.862552945302,4628.67,F1,True,4337474.67,-272521.4999999864,-293592.7499999864,1775412000|LONG,EXIT_STLINE,False,SuperTrend-p14x3-M15,LONG,L,0.5,1775414822.101,1775412000,1775412900.0,1775414700
1676095.9166724868,mult3.25,0.5,4645.46,0,4646.76,4628.862552945302,4628.38,F1,True,4351690.74,-1721287.0000000102,-1742358.2500000102,1775414700|LONG,EXIT_STLINE,False,SuperTrend-p14x3-M15,LONG,L,0.5,1775416307.499,1775414700,1775415600.0,1775415600
375297.4166724562,mult3.25,0.5,4632.38,0,4632.87,4628.862552945302,4628.84,F1,True,4338682.755,-377409.49999997613,-398480.74999997613,1775415600|LONG,EXIT_STLINE,False,SuperTrend-p14x3-M15,LONG,L,0.5,1775416576.807,1775415600,1775416500.0,1775416500
6927270.8740866985,mult3.25,0.5,4609.58,0,4610.07,4672.016591116716,4672.06,F1,True,4317330.555,-5805363.500000065,-5826434.750000065,1775416500|SHORT,EXIT_STLINE,False,SuperTrend-p14x3-M15,SHORT,S,0.5,1775427717.963,1775416500,1775417400.0,1775427300
1030767.2580804303,mult3.25,0.5,4660.88,0,4661.01,4672.016591116716,4672.16,F1,True,4365035.865,-1044197.4999999659,-1065268.749999966,1775427300|SHORT,EXIT_STLINE,False,SuperTrend-p14x3-M15,SHORT,S,0.5,1775437853.429,1775427300,1775428200.0,1775437200
5251965.37244613,mult3.25,0.5,4673.44,0,4673.98,4664.163115277297,4664.16,F1,True,4377182.27,-919642.9999999728,-940714.2499999728,1775437200|LONG,EXIT_STLINE,False,SuperTrend-p14x3-M15,LONG,L,0.5,1775463720.769,1775437200,1775438100.0,1775463300
77850.24763666875,mult3.25,0.5,4761.11,0,4761.62,4760.788710649902,4760.78,F1,True,4459257.13,-78666.00000001362,-99737.25000001362,1775759400|LONG,EXIT_STLINE,False,SuperTrend-p14x3-M15,LONG,L,0.5,1775760322.001,1775759400,1775760300.0,1775760300
353181.24763671646,mult3.25,0.5,4764.01,0,4764.56,4760.788710649902,4760.73,F1,True,4462010.44,-358679.50000007835,-379750.75000007835,1775760300|LONG,EXIT_STLINE,False,SuperTrend-p14x3-M15,LONG,L,0.5,1775761251.976,1775760300,1775761200.0,1775761200
3033255.317944167,mult3.25,0.5,4759.34,0,4759.37,4765.4012728153075,4765.82,F1,True,4457150.005,-604042.499999983,-625113.749999983,1775761200|SHORT,EXIT_STLINE,False,SuperTrend-p14x3-M15,SHORT,S,0.5,1775807078.069,1775761200,1775762100.0,1775806200
5646070.434503271,mult3.25,0.5,4714.74,0,4715.48,4705.625892020228,4704.4,F1,True,4416047.02,-1037641.9999999931,-1058713.249999993,1776027600|LONG,EXIT_STLINE,False,SuperTrend-p14x3-M15,LONG,L,0.5,1776066235.415,1776027600,1776028500.0,1776065400
535509.085919764,mult3.25,0.5,4828.16,0,4828.65,4822.931803674108,4822.93,F1,True,4522030.725,-535677.9999999386,-556749.2499999386,1776205800|LONG,EXIT_STLINE,False,SuperTrend-p14x3-M15,LONG,L,0.5,1776207214.624,1776205800,1776206700.0,1776206700
125322.085919839,mult3.25,0.5,4823.75,0,4824.27,4822.931803674108,4822.91,F1,True,4517928.855,-127364.00000005451,-148435.2500000545,1776206700|LONG,EXIT_STLINE,False,SuperTrend-p14x3-M15,LONG,L,0.5,1776207625.113,1776206700,1776207600.0,1776207600
3173044.303503342,mult3.25,0.5,4820.8,0,4820.82,4826.282260625292,4826.35,F1,True,4514697.93,-517884.50000006135,-538955.7500000614,1776207600|SHORT,EXIT_STLINE,False,SuperTrend-p14x3-M15,SHORT,S,0.5,1776246638.353,1776207600,1776208500.0,1776246300
49833.04788368282,mult3.25,0.5,4812.39,0,4812.37,4812.902120105538,4813.07,F1,True,4506784.505,-65554.99999998296,-86626.24999998296,1776279600|SHORT,EXIT_STLINE,False,SuperTrend-p14x3-M15,SHORT,S,0.5,1776280500.381,1776279600,1776280500.0,1776280500
2250735.0102653033,mult3.25,0.5,4814.87,0,4815.35,4813.779042316588,4813.76,F1,True,4509575.275,-148903.50000001362,-169974.75000001362,1776280500|LONG,EXIT_STLINE,False,SuperTrend-p14x3-M15,LONG,L,0.5,1776312262.621,1776280500,1776281400.0,1776312000
2405909.710278839,mult3.25,0.5,4800.89,0,4801.37,4781.72848878266,4781.68,F1,True,4496483.005,-1843968.4999999625,-1865039.7499999625,1776385800|LONG,EXIT_STLINE,False,SuperTrend-p14x3-M15,LONG,L,0.5,1776393167.592,1776385800,1776386700.0,1776393000
382233.525503933,mult3.25,0.5,4785.4,0,4785.81,4781.72848878266,4781.56,F1,True,4481911.065,-398012.5,-419083.75,1776393000|LONG,EXIT_STLINE,False,SuperTrend-p14x3-M15,LONG,L,0.5,1776397582.36,1776393000,1776393900.0,1776397500
3105587.069987593,mult3.25,0.5,4790.3,0,4790.21,4792.016334183715,4792.17,F1,True,4486031.665,-183554.0000000034,-204625.2500000034,1776621600|SHORT,EXIT_STLINE,False,SuperTrend-p14x3-M15,SHORT,S,0.5,1776633091.473,1776621600,1776622500.0,1776632400
4726875.038202724,mult3.25,0.5,4793.53,0,4794.04,4808.704385583585,4808.61,F1,True,4489618.46,1364480.4999999728,1343409.2499999728,1776632400|LONG,EXIT_STLINE,False,SuperTrend-p14x3-M15,LONG,L,0.5,1776722050.69,1776632400,1776633300.0,1776721500
181270.29009733725,mult3.25,0.5,4810.09,0,4810.64,4808.704385583585,4808.57,F1,True,4505164.36,-193855.50000005792,-214926.75000005792,1776721500|LONG,EXIT_STLINE,False,SuperTrend-p14x3-M15,LONG,L,0.5,1776722432.383,1776721500,1776722400.0,1776722400
2155955.3787823,mult3.25,0.5,4807.11,0,4807.4,4728.49163619158,4728.53,F1,True,4502130.1,7386175.49999999,7365104.24999999,1776722400|SHORT,EXIT_STLINE,False,SuperTrend-p14x3-M15,SHORT,S,0.5,1776794535.11,1776722400,1776723300.0,1776794400
4102415.9245392545,mult3.25,0.5,4729.81,1,4731.98,4745.157268780108,4745.14,F1,True,4431499.27,1232434.0000000715,1211362.7500000715,1776798900|LONG,EXIT_STLINE,False,SuperTrend-p14x3-M15,LONG,L,0.5,1776847703.519,1776798900,1776800700.0,1776847500
2277769.1207181243,mult3.25,0.5,4744.09,0,4744.12,4738.273588249882,4738.35,F1,True,4442868.38,540360.4999999558,519289.24999995576,1776847500|SHORT,EXIT_STLINE,False,SuperTrend-p14x3-M15,SHORT,S,0.5,1776889577.28,1776847500,1776848400.0,1776888900
5439102.679629962,mult3.25,0.5,4741.38,0,4741.84,4714.215018810135,4713.91,F1,True,4440733.16,-2615644.5000000275,-2636715.7500000275,1776888900|LONG,EXIT_STLINE,False,SuperTrend-p14x3-M15,LONG,L,0.5,1776895714.281,1776888900,1776889800.0,1776895200
4293687.901263412,mult3.25,0.5,4707.27,0,4707.18,4717.171473684277,4717.3,F1,True,4408274.07,-947737.9999999898,-968809.2499999898,1776895200|SHORT,EXIT_STLINE,False,SuperTrend-p14x3-M15,SHORT,S,0.5,1776930943.677,1776895200,1776896100.0,1776930300
3227550.818834789,mult3.25,0.5,4685.14,1,4686.44,4700.799674004779,4700.84,F1,True,4388851.06,-1348560.000000051,-1369631.250000051,1777226400|SHORT,EXIT_STLINE,False,SuperTrend-p14x3-M15,SHORT,S,0.5,1777237287.935,1777226400,1777228200.0,1777237200
759470.9705476154,mult3.25,0.5,4692.66,0,4692.69,4700.799674004779,4700.85,F1,True,4394704.185,-764184.0000000716,-785255.2500000716,1777237200|SHORT,EXIT_STLINE,False,SuperTrend-p14x3-M15,SHORT,S,0.5,1777239114.707,1777237200,1777238100.0,1777239000
282792.4705476018,mult3.25,0.5,4697.8,0,4697.78,4700.799674004779,4700.84,F1,True,4399470.97,-286569.0000000375,-307640.2500000375,1777239000|SHORT,EXIT_STLINE,False,SuperTrend-p14x3-M15,SHORT,S,0.5,1777240037.837,1777239000,1777239900.0,1777239900
2616628.3620936936,mult3.25,0.5,4702.49,0,4702.98,4702.8522442171,4702.74,F1,True,4404340.77,-22475.99999997956,-43547.249999979555,1777239900|LONG,EXIT_STLINE,False,SuperTrend-p14x3-M15,LONG,L,0.5,1777266680.312,1777239900,1777240800.0,1777266000
1619194.0281962364,mult3.25,0.5,4697.75,0,4698.29,4681.00015453074,4680.87,F1,True,4399948.585,-1631383.0000000068,-1652454.2500000068,1777320000|LONG,EXIT_STLINE,False,SuperTrend-p14x3-M15,LONG,L,0.5,1777326758.888,1777320000,1777320900.0,1777326300
2577102.634132319,mult3.25,0.5,4670.58,0,4670.52,4602.787013671232,4603.41,F1,True,4373941.98,6284851.500000055,6263780.250000055,1777326300|SHORT,EXIT_STLINE,False,SuperTrend-p14x3-M15,SHORT,S,0.5,1777406467.354,1777326300,1777327200.0,1777406400
2592942.3999286,mult3.25,0.5,4607.24,0,4607.76,4580.0724143093585,4580.07,F1,True,4315167.24,-2593168.5000000475,-2614239.7500000475,1777406400|LONG,EXIT_STLINE,False,SuperTrend-p14x3-M15,LONG,L,0.5,1777410273.018,1777406400,1777407300.0,1777410000
247009.8999285832,mult3.25,0.5,4582.46,0,4582.71,4580.0724143093585,4579.98,F1,True,4291707.915,-255664.5000000443,-276735.7500000443,1777410000|LONG,EXIT_STLINE,False,SuperTrend-p14x3-M15,LONG,L,0.5,1777411019.529,1777410000,1777410900.0,1777410900
72820.89992861389,mult3.25,0.5,4580.28,0,4580.85,4580.0724143093585,4579.64,F1,True,4289966.025,-113316.5000000034,-134387.7500000034,1777410900|LONG,EXIT_STLINE,False,SuperTrend-p14x3-M15,LONG,L,0.5,1777411800.511,1777410900,1777411800.0,1777411800
1007447.899928573,mult3.25,0.5,4590.31,0,4590.83,4580.0724143093585,4580.04,F1,True,4299312.295,-1010483.4999999966,-1031554.7499999966,1777411800|LONG,EXIT_STLINE,False,SuperTrend-p14x3-M15,LONG,L,0.5,1777432196.966,1777411800,1777412700.0,1777431600
195569.73386143663,mult3.25,0.5,4569.74,0,4569.62,4571.708304686187,4571.76,F1,True,4279449.13,-200411.00000003068,-221482.25000003068,1777495500|SHORT,EXIT_STLINE,False,SuperTrend-p14x3-M15,SHORT,S,0.5,1777497640.791,1777495500,1777496400.0,1777497300
3288775.9271575846,mult3.25,0.5,4579.61,0,4580.17,4550.024326772308,4550.0,F1,True,4289329.205,-2825420.500000007,-2846491.750000007,1777497300|LONG,EXIT_STLINE,False,SuperTrend-p14x3-M15,LONG,L,0.5,1777508628.069,1777497300,1777498200.0,1777508100
2845387.464519195,mult3.25,0.5,4547.21,0,4547.12,4570.121729207344,4570.14,F1,True,4258377.88,-2155823.000000041,-2176894.250000041,1777508100|SHORT,EXIT_STLINE,False,SuperTrend-p14x3-M15,SHORT,S,0.5,1777515888.347,1777508100,1777509000.0,1777515300
77891.44026779596,mult3.25,0.5,4569.29,0,4569.29,4570.121729207344,4570.18,F1,True,4279140.085,-83348.50000003066,-104419.75000003066,1777515300|SHORT,EXIT_STLINE,False,SuperTrend-p14x3-M15,SHORT,S,0.5,1777516200.246,1777515300,1777516200.0,1777516200
2691156.638493004,mult3.25,0.5,4575.01,0,4575.41,4607.650964135542,4607.64,F1,True,4284871.465,3018339.5000000442,2997268.2500000442,1777516200|LONG,EXIT_STLINE,False,SuperTrend-p14x3-M15,LONG,L,0.5,1777551370.978,1777516200,1777517100.0,1777551300
365841.5418724348,mult3.25,0.5,4612.02,0,4612.47,4608.56352331156,4608.45,F1,True,4319578.155,-376473.00000004086,-397544.25000004086,1777838400|LONG,EXIT_STLINE,False,SuperTrend-p14x3-M15,LONG,L,0.5,1777839513.082,1777838400,1777839300.0,1777839300
2964931.032924051,mult3.25,0.5,4605.82,0,4605.84,4570.794630208901,4571.21,F1,True,4313369.16,3243099.5000000102,3222028.2500000102,1777839300|SHORT,EXIT_STLINE,False,SuperTrend-p14x3-M15,SHORT,S,0.5,1777878147.299,1777839300,1777840200.0,1777878000
406680.21220812,mult3.25,0.5,4536.77,0,4536.77,4541.112554321497,4541.46,F1,True,4248685.105,-439218.4999999625,-460289.7499999625,1777930200|SHORT,EXIT_STLINE,False,SuperTrend-p14x3-M15,SHORT,S,0.5,1777931968.612,1777930200,1777931100.0,1777931100
21778.71220815064,mult3.25,0.5,4540.78,0,4540.88,4541.112554321497,4541.38,F1,True,4252534.12,-46825.0,-67896.25,1777931100|SHORT,EXIT_STLINE,False,SuperTrend-p14x3-M15,SHORT,S,0.5,1777932000.172,1777931100,1777932000.0,1777932000
254967.2122081302,mult3.25,0.5,4538.4,0,4538.39,4541.112554321497,4541.17,F1,True,4250202.235,-260346.99999997616,-281418.24999997613,1777932000|SHORT,EXIT_STLINE,False,SuperTrend-p14x3-M15,SHORT,S,0.5,1777933684.654,1777932000,1777932900.0,1777932900
2484371.8982288726,mult3.25,0.5,4541.36,0,4541.88,4551.37025223962,4551.37,F1,True,4253470.62,888738.4999999795,867667.2499999795,1777932900|LONG,EXIT_STLINE,False,SuperTrend-p14x3-M15,LONG,L,0.5,1777996707.319,1777932900,1777933800.0,1777995900
2291863.2097842614,mult3.25,0.5,4550.36,0,4550.41,4568.150813851975,4568.16,F1,True,4261458.965,-1662287.5,-1683358.75,1778004000|SHORT,EXIT_STLINE,False,SuperTrend-p14x3-M15,SHORT,S,0.5,1778007330.311,1778004000,1778004900.0,1778006700
3485539.817791904,mult3.25,0.5,4573.14,0,4573.8,4680.146256781952,4679.88,F1,True,4283363.7,9934391.999999993,9913320.749999993,1778006700|LONG,EXIT_STLINE,False,SuperTrend-p14x3-M15,LONG,L,0.5,1778054800.52,1778006700,1778007600.0,1778054400
152462.97531939868,mult3.25,0.5,4709.56,0,4709.6,4711.228008278905,4711.43,F1,True,4410540.4,-171379.4999999932,-192450.7499999932,1778101200|SHORT,EXIT_STLINE,False,SuperTrend-p14x3-M15,SHORT,S,0.5,1778102126.013,1778101200,1778102100.0,1778102100
684394.9753194259,mult3.25,0.5,4704.06,0,4703.92,4711.228008278905,4711.26,F1,True,4405221.08,-687391.0000000136,-708462.2500000136,1778102100|SHORT,EXIT_STLINE,False,SuperTrend-p14x3-M15,SHORT,S,0.5,1778103578.267,1778102100,1778103000.0,1778103000
2950522.517622428,mult3.25,0.5,4712.61,0,4713.1,4722.264185548345,4722.24,F1,True,4413818.15,855960.9999999455,834889.7499999455,1778103000|LONG,EXIT_STLINE,False,SuperTrend-p14x3-M15,LONG,L,0.5,1778155464.95,1778103000,1778103900.0,1778155200
198252.0143884324,mult3.25,0.5,4722.71,0,4722.77,4724.886946229455,4725.0,F1,True,4422874.105,-208839.4999999591,-229910.7499999591,1778190300|SHORT,EXIT_STLINE,False,SuperTrend-p14x3-M15,SHORT,S,0.5,1778191374.173,1778190300,1778191200.0,1778191200
89618.01438844604,mult3.25,0.5,4723.98,0,4723.93,4724.886946229455,4725.29,F1,True,4423960.445,-127363.99999996934,-148435.24999996932,1778191200|SHORT,EXIT_STLINE,False,SuperTrend-p14x3-M15,SHORT,S,0.5,1778196809.391,1778191200,1778192100.0,1778196600
6269.514388500556,mult3.25,0.5,4724.85,0,4724.82,4724.886946229455,4725.32,F1,True,4424793.93,-46825.0,-67896.25,1778196600|SHORT,EXIT_STLINE,False,SuperTrend-p14x3-M15,SHORT,S,0.5,1778197500.168,1778196600,1778197500.0,1778197500
501678.01438849716,mult3.25,0.5,4719.47,0,4719.53,4724.886946229455,4725.1,F1,True,4419839.845,-521630.5000000579,-542701.750000058,1778197500|SHORT,EXIT_STLINE,False,SuperTrend-p14x3-M15,SHORT,S,0.5,1778203828.009,1778197500,1778198400.0,1778203800
39983.51438846989,mult3.25,0.5,4724.48,0,4724.46,4724.886946229455,4724.96,F1,True,4424456.79,-46825.0,-67896.25,1778203800|SHORT,EXIT_STLINE,False,SuperTrend-p14x3-M15,SHORT,S,0.5,1778204700.14,1778203800,1778204700.0,1778204700
2877911.8287251727,mult3.25,0.5,4727.39,0,4727.91,4697.426766466023,4697.25,F1,True,4427687.715,-2871308.9999999865,-2892380.2499999865,1778204700|LONG,EXIT_STLINE,False,SuperTrend-p14x3-M15,LONG,L,0.5,1778210736.38,1778204700,1778205600.0,1778210100
2783441.2164103175,mult3.25,0.5,4687.27,0,4687.23,4685.8166564141875,4686.05,F1,True,4389590.895,110506.99999994208,89435.74999994208,1778436000|SHORT,EXIT_STLINE,False,SuperTrend-p14x3-M15,SHORT,S,0.5,1778487756.098,1778436000,1778436900.0,1778487300
78197.7500000034,mult3.50,0.5,4347.59,0,4347.59,4348.425,4348.63,F1,True,4071518.035,-97395.9999999966,-118467.2499999966,1767309300|SHORT,EXIT_STLINE,False,SuperTrend-p14x3-M15,SHORT,S,0.5,1767310203.104,1767309300,1767310200.0,1767310200
2843364.508928547,mult3.50,0.5,4351.38,0,4351.88,4375.862203661315,4375.85,F1,True,4075535.62,2244790.5000000237,2223719.2500000237,1767310200|LONG,EXIT_STLINE,False,SuperTrend-p14x3-M15,LONG,L,0.5,1767349772.787,1767310200,1767311100.0,1767348900
1194636.907381649,mult3.50,0.5,4441.72,0,4442.17,4446.0711054858075,4446.06,F1,True,4160092.205,364298.5000000307,343227.2500000307,1767650400|LONG,EXIT_STLINE,False,SuperTrend-p14x3-M15,LONG,L,0.5,1767682090.524,1767650400,1767651300.0,1767681900
3217366.2719115764,mult3.50,0.5,4470.76,0,4470.81,4473.821211431768,4473.98,F1,True,4186913.5650000004,-296870.49999992165,-317941.74999992165,1767736800|SHORT,EXIT_STLINE,False,SuperTrend-p14x3-M15,SHORT,S,0.5,1767764500.712,1767736800,1767737700.0,1767763800
457527.325208805,mult3.50,0.5,4459.15,0,4459.58,4454.694497328256,4454.67,F1,True,4176396.67,-459821.4999999864,-480892.7499999864,1767909600|LONG,EXIT_STLINE,False,SuperTrend-p14x3-M15,LONG,L,0.5,1767910755.684,1767909600,1767910500.0,1767910500
283338.3252088356,mult3.50,0.5,4457.22,0,4457.72,4585.560834573419,4585.53,F1,True,4174654.78,11969406.499999952,11948335.249999952,1767910500|LONG,EXIT_STLINE,False,SuperTrend-p14x3-M15,LONG,L,0.5,1768217255.303,1767910500,1767911400.0,1768216500
3790736.5548441974,mult3.50,0.5,4579.6,0,4579.08,4602.879459551941,4603.03,F1,True,4288308.42,-2242917.499999983,-2263988.749999983,1768248000|SHORT,EXIT_STLINE,False,SuperTrend-p14x3-M15,SHORT,S,0.5,1768299170.863,1768248000,1768248900.0,1768298400
164479.66528253825,mult3.50,0.5,4615.3,0,4615.3,4617.0563231744,4617.1,F1,True,4322228.45,-168570.00000001703,-189641.25000001703,1768341600|SHORT,EXIT_STLINE,False,SuperTrend-p14x3-M15,SHORT,S,0.5,1768342594.065,1768341600,1768342500.0,1768342500
243145.66528255187,mult3.50,0.5,4614.5,0,4614.46,4617.0563231744,4617.1,F1,True,4321441.79,-247236.00000003068,-268307.2500000307,1768342500|SHORT,EXIT_STLINE,False,SuperTrend-p14x3-M15,SHORT,S,0.5,1768343561.014,1768342500,1768343400.0,1768343400
230034.6652825212,mult3.50,0.5,4614.48,0,4614.6,4617.0563231744,4617.1,F1,True,4321572.9,-234125.0,-255196.25,1768343400|SHORT,EXIT_STLINE,False,SuperTrend-p14x3-M15,SHORT,S,0.5,1768344340.488,1768343400,1768344300.0,1768344300
2782178.737361706,mult3.50,0.5,4619.03,0,4619.56,4614.902625757468,4614.84,F1,True,4326217.94,-442028.00000002387,-463099.25000002387,1768344300|LONG,EXIT_STLINE,False,SuperTrend-p14x3-M15,LONG,L,0.5,1768390997.847,1768344300,1768345200.0,1768390200
766799.6584002604,mult3.50,0.5,4603.65,0,4604.14,4595.952069851573,4595.93,F1,True,4311777.11,-768866.5000000034,-789937.7500000034,1768514400|LONG,EXIT_STLINE,False,SuperTrend-p14x3-M15,LONG,L,0.5,1768520072.515,1768514400,1768515300.0,1768519800
2187795.554799216,mult3.50,0.5,4595.79,0,4595.75,4614.847157205524,4614.97,F1,True,4303919.875,-1799953.0000000237,-1821024.2500000237,1768519800|SHORT,EXIT_STLINE,False,SuperTrend-p14x3-M15,SHORT,S,0.5,1768564162.991,1768519800,1768520700.0,1768563900
6288845.864240789,mult3.50,0.5,4654.13,0,4654.63,4661.762299745933,4661.62,F1,True,4359060.995,654613.4999999795,633542.2499999795,1768766400|LONG,EXIT_STLINE,False,SuperTrend-p14x3-M15,LONG,L,0.5,1768858008.026,1768766400,1768767300.0,1768857300
2006342.8142006907,mult3.50,0.5,4659.42,0,4659.49,4679.552522028935,4679.6,F1,True,4363612.385,-1883301.5000000545,-1904372.7500000545,1768857300|SHORT,EXIT_STLINE,False,SuperTrend-p14x3-M15,SHORT,S,0.5,1768870276.349,1768857300,1768858200.0,1768869900
2016770.4593734264,mult3.50,0.5,4680.03,0,4680.53,4837.669732837074,4837.65,F1,True,4383316.345,14714287.99999999,14693216.74999999,1768869900|LONG,EXIT_STLINE,False,SuperTrend-p14x3-M15,LONG,L,0.5,1768968256.147,1768869900,1768870800.0,1768968000
4877415.790949428,mult3.50,0.5,5082.84,0,5083.34,5056.740542015265,5056.61,F1,True,4760547.91,-2503264.5000000442,-2524335.7500000442,1769481900|LONG,EXIT_STLINE,False,SuperTrend-p14x3-M15,LONG,L,0.5,1769512401.526,1769481900,1769482800.0,1769511600
16081889.724761054,mult3.50,0.5,5301.42,0,5301.18,4680.169578366835,4680.59,F1,True,4964555.07,58118253.500000015,58097182.250000015,1769726700|SHORT,EXIT_STLINE,False,SuperTrend-p14x3-M15,SHORT,S,0.5,1770013636.684,1769726700,1769727600.0,1770012900
343106.68789533887,mult3.50,0.5,4786.83,0,4786.83,4790.493712631023,4790.54,F1,True,4482866.295,-347441.50000000343,-368512.75000000343,1770066000|SHORT,EXIT_STLINE,False,SuperTrend-p14x3-M15,SHORT,S,0.5,1770066900.658,1770066000,1770066900.0,1770066900
14064730.232250653,mult3.50,0.5,4820.21,0,4820.42,4890.61715464499,4890.54,F1,True,4514323.33,6566737.99999999,6545666.74999999,1770066900|LONG,EXIT_STLINE,False,SuperTrend-p14x3-M15,LONG,L,0.5,1770132755.506,1770066900,1770067800.0,1770132600
10687435.543096231,mult3.50,0.5,5009.26,0,5010.25,4933.262032856608,4932.75,F1,True,4692099.125,-7257875.0,-7278946.25,1770235200|LONG,EXIT_STLINE,False,SuperTrend-p14x3-M15,LONG,L,0.5,1770246462.57,1770235200,1770236100.0,1770246000
10882528.157473756,mult3.50,0.5,4915.08,0,4915.24,4789.145501058223,4789.26,F1,True,4603122.26,11798026.999999959,11776955.749999959,1770246000|SHORT,EXIT_STLINE,False,SuperTrend-p14x3-M15,SHORT,S,0.5,1770332987.929,1770246000,1770246900.0,1770332400
155037.6741026128,mult3.50,0.5,4787.59,0,4787.49,4789.145501058223,4789.19,F1,True,4483484.385,-159204.99999998297,-180276.24999998297,1770332400|SHORT,EXIT_STLINE,False,SuperTrend-p14x3-M15,SHORT,S,0.5,1770333389.775,1770332400,1770333300.0,1770333300
13956834.943018759,mult3.50,0.5,4820.24,0,4820.74,4973.3481414590615,4972.89,F1,True,4514623.01,14248847.50000005,14227776.25000005,1770333300|LONG,EXIT_STLINE,False,SuperTrend-p14x3-M15,LONG,L,0.5,1770591625.816,1770333300,1770334200.0,1770591600
2282424.552358916,mult3.50,0.5,4997.22,0,4997.72,5038.981736283245,5036.41,F1,True,4680364.78,3623318.4999999627,3602247.2499999627,1770591600|LONG,EXIT_STLINE,False,SuperTrend-p14x3-M15,LONG,L,0.5,1770667802.748,1770591600,1770592500.0,1770667200
7485418.146518077,mult3.50,0.5,5013.04,0,5013.21,5070.197912761897,5070.28,F1,True,4694871.165,-5344605.499999973,-5365676.749999973,1770667200|SHORT,EXIT_STLINE,False,SuperTrend-p14x3-M15,SHORT,S,0.5,1770722198.687,1770667200,1770668100.0,1770722100
222855.99245238482,mult3.50,0.5,5057.04,0,5057.04,5059.419668899652,5059.47,F1,True,4735917.96,-227569.50000002724,-248640.75000002724,1770768900|SHORT,EXIT_STLINE,False,SuperTrend-p14x3-M15,SHORT,S,0.5,1770769887.515,1770768900,1770769800.0,1770769800
103920.49245234393,mult3.50,0.5,5058.35,0,5058.31,5059.419668899652,5059.63,F1,True,4737107.315,-123617.99999997274,-144689.24999997276,1770769800|SHORT,EXIT_STLINE,False,SuperTrend-p14x3-M15,SHORT,S,0.5,1770770712.73,1770769800,1770770700.0,1770770700
481329.9924524053,mult3.50,0.5,5054.28,0,5054.28,5059.419668899652,5059.49,F1,True,4733333.22,-487916.50000000343,-508987.75000000343,1770770700|SHORT,EXIT_STLINE,False,SuperTrend-p14x3-M15,SHORT,S,0.5,1770772621.596,1770770700,1770771600.0,1770772500
117967.99245239503,mult3.50,0.5,5058.16,0,5058.16,5059.419668899652,5059.52,F1,True,4736966.84,-127364.00000005451,-148435.2500000545,1770772500|SHORT,EXIT_STLINE,False,SuperTrend-p14x3-M15,SHORT,S,0.5,1770773406.251,1770772500,1770773400.0,1770773400
672375.9924524019,mult3.50,0.5,5052.24,0,5052.24,5059.419668899652,5059.61,F1,True,4731422.76,-690200.4999999898,-711271.7499999898,1770773400|SHORT,EXIT_STLINE,False,SuperTrend-p14x3-M15,SHORT,S,0.5,1770777317.353,1770773400,1770774300.0,1770777000
3629180.8163652634,mult3.50,0.5,5062.18,0,5062.68,5074.3235602431205,5072.39,F1,True,4741199.82,909341.5000000034,888270.2500000034,1770777000|LONG,EXIT_STLINE,False,SuperTrend-p14x3-M15,LONG,L,0.5,1770802870.154,1770777000,1770777900.0,1770802200
2754.1676937926695,mult3.50,0.5,4979.68,0,4979.68,4979.709409158503,4980.18,F1,True,4663470.32,-46825.0,-67896.25,1770935400|SHORT,EXIT_STLINE,False,SuperTrend-p14x3-M15,SHORT,S,0.5,1770936300.095,1770935400,1770936300.0,1770936300
6491347.737495522,mult3.50,0.5,4980.71,0,4981.24,4936.662805851063,4935.66,F1,True,4664931.26,-4268566.9999999935,-4289638.2499999935,1770936300|LONG,EXIT_STLINE,False,SuperTrend-p14x3-M15,LONG,L,0.5,1770971070.945,1770936300,1770937200.0,1770970500
3648485.958053138,mult3.50,0.5,4987.38,0,4987.32,5015.716180108346,5015.89,F1,True,4670625.18,-2675580.5000000577,-2696651.7500000577,1771202700|SHORT,EXIT_STLINE,False,SuperTrend-p14x3-M15,SHORT,S,0.5,1771221798.42,1771202700,1771203600.0,1771221600
4097821.097411106,mult3.50,0.5,4912.44,0,4912.94,4907.051987515755,4907.03,F1,True,4600968.31,-553471.4999999864,-574542.7499999864,1771372800|LONG,EXIT_STLINE,False,SuperTrend-p14x3-M15,LONG,L,0.5,1771404381.328,1771372800,1771373700.0,1771404300
701463.520356977,mult3.50,0.5,4976.8,0,4977.3,4969.809732831212,4968.9,F1,True,4661241.45,-786660.0000000511,-807731.2500000511,1771444800|LONG,EXIT_STLINE,False,SuperTrend-p14x3-M15,LONG,L,0.5,1771448252.676,1771444800,1771445700.0,1771447500
613432.5203569294,mult3.50,0.5,4975.86,0,4976.36,4969.809732831212,4969.67,F1,True,4660361.14,-626518.4999999625,-647589.7499999625,1771447500|LONG,EXIT_STLINE,False,SuperTrend-p14x3-M15,LONG,L,0.5,1771448447.925,1771447500,1771448400.0,1771448400
3256511.684662223,mult3.50,0.5,4967.8,0,4967.8,4995.249940482532,4995.28,F1,True,4652344.7,-2573501.999999959,-2594573.249999959,1771448400|SHORT,EXIT_STLINE,False,SuperTrend-p14x3-M15,SHORT,S,0.5,1771468938.063,1771448400,1771449300.0,1771468200
2716535.341255971,mult3.50,0.5,4995.85,0,4996.35,4995.171633452935,4995.11,F1,True,4679081.775,-116126.00000006473,-137197.25000006473,1771468200|LONG,EXIT_STLINE,False,SuperTrend-p14x3-M15,LONG,L,0.5,1771482973.918,1771468200,1771469100.0,1771482600
5978811.430095851,mult3.50,0.5,5185.16,0,5185.32,5159.431398439244,5159.53,F1,True,4856052.18,2415233.4999999967,2394162.2499999967,1771884000|SHORT,EXIT_STLINE,False,SuperTrend-p14x3-M15,SHORT,S,0.5,1771942655.937,1771884000,1771884900.0,1771942500
536874.7025383157,mult3.50,0.5,5135.6,0,5136.1,5130.36722154257,5129.77,F1,True,4809957.65,-592804.4999999931,-613875.7499999931,1771963200|LONG,EXIT_STLINE,False,SuperTrend-p14x3-M15,LONG,L,0.5,1771964426.65,1771963200,1771964100.0,1771964100
89227.70253825429,mult3.50,0.5,5130.82,0,5131.32,5130.36722154257,5129.91,F1,True,4805481.18,-132046.49999998638,-153117.74999998638,1771964100|LONG,EXIT_STLINE,False,SuperTrend-p14x3-M15,LONG,L,0.5,1771965056.195,1771964100,1771965000.0,1771965000
1611040.2025382542,mult3.50,0.5,5147.02,0,5147.57,5169.813239693723,5169.67,F1,True,4820699.305,2069665.000000034,2048593.750000034,1771965000|LONG,EXIT_STLINE,False,SuperTrend-p14x3-M15,LONG,L,0.5,1772006909.967,1771965000,1771965900.0,1772006400
1041581.3090948995,mult3.50,0.5,5187.49,0,5187.49,5198.612064165455,5198.83,F1,True,4858084.385,-1061991.0000000137,-1083062.2500000137,1772056800|SHORT,EXIT_STLINE,False,SuperTrend-p14x3-M15,SHORT,S,0.5,1772068339.472,1772056800,1772057700.0,1772067600
179064.80909489602,mult3.50,0.5,5196.7,0,5196.7,5198.612064165455,5198.69,F1,True,4866709.55,-186363.49999997957,-207434.74999997957,1772067600|SHORT,EXIT_STLINE,False,SuperTrend-p14x3-M15,SHORT,S,0.5,1772072011.061,1772067600,1772068500.0,1772071200
68557.80909486875,mult3.50,0.5,5197.97,0,5197.88,5198.612064165455,5198.67,F1,True,4867814.62,-73983.4999999966,-95054.7499999966,1772071200|SHORT,EXIT_STLINE,False,SuperTrend-p14x3-M15,SHORT,S,0.5,1772072103.136,1772071200,1772072100.0,1772072100
2985970.9532993305,mult3.50,0.5,5200.34,0,5200.84,5168.955633173526,5167.41,F1,True,4870586.66,-3130719.5000000275,-3151790.7500000275,1772072100|LONG,EXIT_STLINE,False,SuperTrend-p14x3-M15,LONG,L,0.5,1772084873.759,1772072100,1772073000.0,1772084700
5714745.699003414,mult3.50,0.5,5319.05,0,5319.03,5169.770773415704,5171.25,F1,True,4981271.595,13839596.999999976,13818525.749999976,1772505900|SHORT,EXIT_STLINE,False,SuperTrend-p14x3-M15,SHORT,S,0.5,1772578163.68,1772505900,1772506800.0,1772577900
7243115.745398207,mult3.50,0.5,5174.96,0,5175.46,5152.039873027133,5151.73,F1,True,4846818.29,-2222314.5000000442,-2243385.7500000442,1772577900|LONG,EXIT_STLINE,False,SuperTrend-p14x3-M15,LONG,L,0.5,1772624908.832,1772577900,1772578800.0,1772624700
661319.4169232118,mult3.50,0.5,5176.5,0,5176.5,5183.561606160419,5183.61,F1,True,4847792.25,-665851.4999999694,-686922.7499999694,1772661600|SHORT,EXIT_STLINE,False,SuperTrend-p14x3-M15,SHORT,S,0.5,1772666515.607,1772661600,1772662500.0,1772666100
4064548.8985565165,mult3.50,0.5,5183.96,0,5184.46,5146.715333995217,5146.29,F1,True,4855246.79,-3574620.500000007,-3595691.750000007,1772666100|LONG,EXIT_STLINE,False,SuperTrend-p14x3-M15,LONG,L,0.5,1772679607.445,1772666100,1772667000.0,1772679600
4761784.466859102,mult3.50,0.5,5131.88,0,5132.49,5122.506065433329,5123.25,F1,True,4806576.885,865325.9999999795,844254.7499999795,1772679600|SHORT,EXIT_STLINE,False,SuperTrend-p14x3-M15,SHORT,S,0.5,1772751000.615,1772679600,1772680500.0,1772750700
5976130.328673937,mult3.50,0.5,5134.62,0,5134.75,5090.359140351794,5088.66,F1,True,4808693.375,-4316328.500000014,-4337399.750000014,1772750700|LONG,EXIT_STLINE,False,SuperTrend-p14x3-M15,LONG,L,0.5,1772778980.201,1772750700,1772751600.0,1772778600
1183234.1863395155,mult3.50,0.5,5125.47,0,5126.29,5113.655358394666,5113.04,F1,True,4800770.585,-1240862.5,-1261933.75,1772998200|LONG,EXIT_STLINE,False,SuperTrend-p14x3-M15,LONG,L,0.5,1772999384.138,1772998200,1772999100.0,1772999100
1576564.1863394985,mult3.50,0.5,5129.99,0,5130.49,5113.655358394666,5113.46,F1,True,4804703.885,-1594859.4999999763,-1615930.7499999763,1772999100|LONG,EXIT_STLINE,False,SuperTrend-p14x3-M15,LONG,L,0.5,1773000193.01,1772999100,1773000000.0,1773000000
8915939.555030318,mult3.50,0.5,5101.57,0,5101.65,5136.167765292238,5136.19,F1,True,4777695.225,-3234670.9999999967,-3255742.2499999967,1773000000|SHORT,EXIT_STLINE,False,SuperTrend-p14x3-M15,SHORT,S,0.5,1773024457.375,1773000000,1773000900.0,1773024300
1128273.2196181058,mult3.50,0.5,5124.12,0,5124.12,5128.927188178287,5129.01,F1,True,4798738.38,-457948.5000000307,-479019.7500000307,1773024300|SHORT,EXIT_STLINE,False,SuperTrend-p14x3-M15,SHORT,S,0.5,1773072085.664,1773024300,1773025200.0,1773072000
34187.6536853054,mult3.50,0.5,5105.83,0,5105.83,5106.195057700857,5106.33,F1,True,4781609.795,-46825.0,-67896.25,1773349200|SHORT,EXIT_STLINE,False,SuperTrend-p14x3-M15,SHORT,S,0.5,1773350100.067,1773349200,1773350100.0,1773350100
2346.653685291767,mult3.50,0.5,5106.17,0,5106.17,5106.195057700857,5106.67,F1,True,4781928.205,-46825.0,-67896.25,1773350100|SHORT,EXIT_STLINE,False,SuperTrend-p14x3-M15,SHORT,S,0.5,1773351000.128,1773350100,1773351000.0,1773351000
3157715.3183157803,mult3.50,0.5,5107.64,0,5108.14,5092.805176643272,5092.7,F1,True,4783773.11,-1445956.0000000477,-1467027.2500000477,1773351000|LONG,EXIT_STLINE,False,SuperTrend-p14x3-M15,LONG,L,0.5,1773372362.328,1773351000,1773351900.0,1773371700
3370700.0701225195,mult3.50,0.5,5032.37,0,5032.87,5012.135883486524,5012.12,F1,True,4713282.755,-1943237.5,-1964308.75,1773706500|LONG,EXIT_STLINE,False,SuperTrend-p14x3-M15,LONG,L,0.5,1773716500.724,1773706500,1773707400.0,1773716400
11512506.279668452,mult3.50,0.5,4344.15,0,4344.24,4422.402224800346,4422.52,F1,True,4068380.76,-7330922.0000000615,-7351993.2500000615,1774301400|SHORT,EXIT_STLINE,False,SuperTrend-p14x3-M15,SHORT,S,0.5,1774325435.377,1774301400,1774302300.0,1774324800
6538179.970182205,mult3.50,0.5,4434.9,0,4435.33,4416.049052478922,4416.0,F1,True,4153686.545,-1810254.4999999932,-1831325.7499999932,1774566000|LONG,EXIT_STLINE,False,SuperTrend-p14x3-M15,LONG,L,0.5,1774597330.342,1774566000,1774566900.0,1774596600
2748745.1987418896,mult3.50,0.5,4496.94,0,4497.49,4468.138743206173,4468.04,F1,True,4211899.385,-2757992.499999983,-2779063.749999983,1774810800|LONG,EXIT_STLINE,False,SuperTrend-p14x3-M15,LONG,L,0.5,1774814800.319,1774810800,1774811700.0,1774814400
1012474.1987418932,mult3.50,0.5,4478.39,0,4478.95,4468.138743206173,4468.13,F1,True,4194536.675,-1013292.9999999728,-1034364.2499999728,1774814400|LONG,EXIT_STLINE,False,SuperTrend-p14x3-M15,LONG,L,0.5,1774816313.199,1774814400,1774815300.0,1774816200
7016975.136287606,mult3.50,0.5,4451.99,0,4452.37,4505.149868051506,4505.32,F1,True,4169644.505,-4958767.499999983,-4979838.749999983,1774816200|SHORT,EXIT_STLINE,False,SuperTrend-p14x3-M15,SHORT,S,0.5,1774829308.517,1774816200,1774817100.0,1774828800
74907.64302350458,mult3.50,0.5,4504.45,0,4504.35,4505.149868051506,4505.43,F1,True,4218323.775,-101141.99999999319,-122213.24999999319,1774828800|SHORT,EXIT_STLINE,False,SuperTrend-p14x3-M15,SHORT,S,0.5,1774829701.216,1774828800,1774829700.0,1774829700
6632957.506624774,mult3.50,0.5,4506.83,0,4507.35,4521.842594775277,4521.82,F1,True,4221133.275,1355115.4999999388,1334044.2499999388,1774829700|LONG,EXIT_STLINE,False,SuperTrend-p14x3-M15,LONG,L,0.5,1774868307.335,1774829700,1774830600.0,1774867500
5146007.126514633,mult3.50,0.5,4547.61,0,4548.09,4537.782448324464,4537.75,F1,True,4259286.285,-968341.0000000136,-989412.2500000136,1774907100|LONG,EXIT_STLINE,False,SuperTrend-p14x3-M15,LONG,L,0.5,1774942738.78,1774907100,1774908000.0,1774942200
64391.3373139429,mult3.50,0.5,4750.79,0,4751.25,4750.562425656018,4750.49,F1,True,4449545.625,-71174.00000002045,-92245.25000002045,1775080800|LONG,EXIT_STLINE,False,SuperTrend-p14x3-M15,LONG,L,0.5,1775081700.228,1775080800,1775081700.0,1775081700
8500946.581186708,mult3.50,0.5,4697.04,0,4697.0,4656.0084600494,4656.1,F1,True,4398740.5,3830284.999999966,3809213.749999966,1775081700|SHORT,EXIT_STLINE,False,SuperTrend-p14x3-M15,SHORT,S,0.5,1775128293.087,1775081700,1775082600.0,1775127600
565892.7948780416,mult3.50,0.5,4630.3,0,4631.58,4625.537364710325,4625.1,F1,True,4337474.67,-606851.9999999591,-627923.2499999591,1775412000|LONG,EXIT_STLINE,False,SuperTrend-p14x3-M15,LONG,L,0.5,1775414822.272,1775412000,1775412900.0,1775414700
1987499.7948780688,mult3.50,0.5,4645.46,0,4646.76,4625.537364710325,4625.53,F1,True,4351690.74,-1988189.5000000442,-2009260.7500000442,1775414700|LONG,EXIT_STLINE,False,SuperTrend-p14x3-M15,LONG,L,0.5,1775416757.634,1775414700,1775415600.0,1775416500
7378590.32593949,mult3.50,0.5,4609.58,0,4610.07,4676.704790433386,4676.76,F1,True,4317330.555,-6245518.5000000475,-6266589.7500000475,1775416500|SHORT,EXIT_STLINE,False,SuperTrend-p14x3-M15,SHORT,S,0.5,1775437891.738,1775416500,1775417400.0,1775437200
302001.6240866233,mult3.50,0.5,4673.44,0,4673.48,4676.704790433386,4676.79,F1,True,4376714.02,-309981.5000000375,-331052.7500000375,1775437200|SHORT,EXIT_STLINE,False,SuperTrend-p14x3-M15,SHORT,S,0.5,1775438183.718,1775437200,1775438100.0,1775438100
883568.1240865416,mult3.50,0.5,4667.26,0,4667.27,4676.704790433386,4676.99,F1,True,4370898.355,-910277.9999999386,-931349.2499999386,1775438100|SHORT,EXIT_STLINE,False,SuperTrend-p14x3-M15,SHORT,S,0.5,1775447450.391,1775438100,1775439000.0,1775447100
5841720.368393716,mult3.50,0.5,4684.65,0,4685.15,4661.131047221705,4661.11,F1,True,4387642.975,-2251345.9999999967,-2272417.2499999967,1775447100|LONG,EXIT_STLINE,False,SuperTrend-p14x3-M15,LONG,L,0.5,1775463928.16,1775447100,1775448000.0,1775463300
181558.90130099223,mult3.50,0.5,4759.34,0,4759.87,4757.931303776818,4757.92,F1,True,4457618.255,-182617.49999998297,-203688.74999998297,1775761200|LONG,EXIT_STLINE,False,SuperTrend-p14x3-M15,LONG,L,0.5,1775762579.91,1775761200,1775762100.0,1775762100
55131.40130104334,mult3.50,0.5,4758.21,0,4758.52,4757.931303776818,4757.91,F1,True,4456353.98,-57126.50000005451,-78197.75000005451,1775762100|LONG,EXIT_STLINE,False,SuperTrend-p14x3-M15,LONG,L,0.5,1775764839.923,1775762100,1775763000.0,1775764800
3239351.3829803825,mult3.50,0.5,4753.83,0,4754.02,4767.574447647255,4767.62,F1,True,4452139.73,-1273639.999999949,-1294711.249999949,1775764800|SHORT,EXIT_STLINE,False,SuperTrend-p14x3-M15,SHORT,S,0.5,1775807099.785,1775764800,1775765700.0,1775806200
6015404.8525420595,mult3.50,0.5,4714.74,0,4715.48,4703.346345252554,4703.27,F1,True,4416047.02,-1143466.4999999183,-1164537.7499999183,1776027600|LONG,EXIT_STLINE,False,SuperTrend-p14x3-M15,LONG,L,0.5,1776078355.309,1776027600,1776028500.0,1776078000
92891.78483667,mult3.50,0.5,4820.8,0,4821.32,4820.328096264424,4820.15,F1,True,4515166.18,-109570.50000000681,-130641.75000000681,1776207600|LONG,EXIT_STLINE,False,SuperTrend-p14x3-M15,LONG,L,0.5,1776216995.193,1776207600,1776208500.0,1776216600
3106226.707961427,mult3.50,0.5,4816.65,0,4816.7,4828.830511442622,4828.86,F1,True,4510839.55,-1138783.9999999863,-1159855.2499999863,1776216600|SHORT,EXIT_STLINE,False,SuperTrend-p14x3-M15,SHORT,S,0.5,1776247046.018,1776216600,1776217500.0,1776246300
2413639.0110549484,mult3.50,0.5,4814.87,0,4815.35,4812.116660956326,4810.72,F1,True,4509575.275,-433599.50000001024,-454670.75000001024,1776280500|LONG,EXIT_STLINE,False,SuperTrend-p14x3-M15,LONG,L,0.5,1776312302.468,1776280500,1776281400.0,1776312000
63415.16275683434,mult3.50,0.5,4800.89,0,4800.87,4801.547150696816,4801.58,F1,True,4496014.755,-66491.5000000034,-87562.7500000034,1776385800|SHORT,EXIT_STLINE,False,SuperTrend-p14x3-M15,SHORT,S,0.5,1776386700.746,1776385800,1776386700.0,1776386700
2446179.2102788663,mult3.50,0.5,4802.87,0,4803.41,4780.072987919788,4780.07,F1,True,4498393.465,-2185791.0000000135,-2206862.2500000135,1776386700|LONG,EXIT_STLINE,False,SuperTrend-p14x3-M15,LONG,L,0.5,1776393412.527,1776386700,1776387600.0,1776393000
537271.1813118987,mult3.50,0.5,4785.4,0,4785.81,4780.072987919788,4779.99,F1,True,4481911.065,-545043.000000058,-566114.250000058,1776393000|LONG,EXIT_STLINE,False,SuperTrend-p14x3-M15,LONG,L,0.5,1776397799.68,1776393000,1776393900.0,1776397500
3441045.9407558483,mult3.50,0.5,4790.3,0,4790.21,4795.54797527477,4795.59,F1,True,4486031.665,-503837.00000001024,-524908.2500000102,1776621600|SHORT,EXIT_STLINE,False,SuperTrend-p14x3-M15,SHORT,S,0.5,1776633781.987,1776621600,1776622500.0,1776633300
5345073.583808125,mult3.50,0.5,4802.66,0,4803.24,4806.998569090015,4806.94,F1,True,4498234.26,346504.99999998295,325433.74999998295,1776633300|LONG,EXIT_STLINE,False,SuperTrend-p14x3-M15,LONG,L,0.5,1776722127.507,1776633300,1776634200.0,1776721500
341020.0047201422,mult3.50,0.5,4810.09,0,4810.64,4806.998569090015,4806.98,F1,True,4505164.36,-342759.00000007154,-363830.25000007154,1776721500|LONG,EXIT_STLINE,False,SuperTrend-p14x3-M15,LONG,L,0.5,1776722670.113,1776721500,1776722400.0,1776722400
84419.00472007752,mult3.50,0.5,4807.11,0,4807.9,4806.998569090015,4806.98,F1,True,4502598.35,-86158.00000000681,-107229.25000000681,1776722400|LONG,EXIT_STLINE,False,SuperTrend-p14x3-M15,LONG,L,0.5,1776723318.141,1776722400,1776723300.0,1776723300
93784.00472011158,mult3.50,0.5,4807.47,0,4808.0,4806.998569090015,4806.92,F1,True,4502692.0,-101141.99999999319,-122213.24999999319,1776723300|LONG,EXIT_STLINE,False,SuperTrend-p14x3-M15,LONG,L,0.5,1776724206.701,1776723300,1776724200.0,1776724200
2059687.1017265134,mult3.50,0.5,4806.35,0,4806.32,4732.35830051401,4732.38,F1,True,4501118.68,6924480.999999963,6903409.749999963,1776724200|SHORT,EXIT_STLINE,False,SuperTrend-p14x3-M15,SHORT,S,0.5,1776799156.624,1776724200,1776725100.0,1776798900
82252.8431370678,mult3.50,0.5,4731.58,0,4731.48,4732.35830051401,4732.95,F1,True,4431031.02,-137665.50000002384,-158736.75000002384,1776799800|SHORT,EXIT_STLINE,False,SuperTrend-p14x3-M15,SHORT,S,0.5,1776800702.146,1776799800,1776800700.0,1776800700
4171176.233500755,mult3.50,0.5,4737.91,0,4738.65,4743.3512894555015,4743.33,F1,True,4437745.725,438282.00000002724,417210.75000002724,1776800700|LONG,EXIT_STLINE,False,SuperTrend-p14x3-M15,LONG,L,0.5,1776847738.032,1776800700,1776801600.0,1776847500
118814.74249227422,mult3.50,0.5,4744.09,0,4744.62,4743.3512894555015,4743.32,F1,True,4443336.63,-121745.00000001704,-142816.25000001705,1776847500|LONG,EXIT_STLINE,False,SuperTrend-p14x3-M15,LONG,L,0.5,1776848449.977,1776847500,1776848400.0,1776848400
2620219.418465706,mult3.50,0.5,4742.19,0,4742.23,4740.19271042295,4740.38,F1,True,4441098.395,173252.4999999489,152181.2499999489,1776848400|SHORT,EXIT_STLINE,False,SuperTrend-p14x3-M15,SHORT,S,0.5,1776889583.672,1776848400,1776849300.0,1776888900
5686764.039601505,mult3.50,0.5,4741.38,0,4741.84,4711.574635641684,4711.53,F1,True,4440733.16,-2838531.5000000373,-2859602.7500000373,1776888900|LONG,EXIT_STLINE,False,SuperTrend-p14x3-M15,LONG,L,0.5,1776895852.663,1776888900,1776889800.0,1776895200
4563747.4321297845,mult3.50,0.5,4707.27,0,4707.18,4719.39697165999,4719.42,F1,True,4408274.07,-1146275.9999999795,-1167347.2499999795,1776895200|SHORT,EXIT_STLINE,False,SuperTrend-p14x3-M15,SHORT,S,0.5,1776931153.211,1776895200,1776896100.0,1776930300
3426909.8433605493,mult3.50,0.5,4685.14,1,4686.44,4702.66849508207,4702.74,F1,True,4388851.06,-1526495.000000017,-1547566.250000017,1777226400|SHORT,EXIT_STLINE,False,SuperTrend-p14x3-M15,SHORT,S,0.5,1777237291.0,1777226400,1777228200.0,1777237200
934486.0644358898,mult3.50,0.5,4692.66,0,4692.69,4702.66849508207,4702.68,F1,True,4394704.185,-935563.5000000647,-956634.7500000647,1777237200|SHORT,EXIT_STLINE,False,SuperTrend-p14x3-M15,SHORT,S,0.5,1777240220.181,1777237200,1777238100.0,1777239900
17652.564435893284,mult3.50,0.5,4702.49,0,4702.48,4702.66849508207,4702.98,F1,True,4403872.52,-46825.0,-67896.25,1777239900|SHORT,EXIT_STLINE,False,SuperTrend-p14x3-M15,SHORT,S,0.5,1777240800.022,1777239900,1777240800.0,1777240800
307967.56443584216,mult3.50,0.5,4699.48,0,4699.38,4702.66849508207,4702.71,F1,True,4400969.37,-311854.4999999932,-332925.7499999932,1777240800|SHORT,EXIT_STLINE,False,SuperTrend-p14x3-M15,SHORT,S,0.5,1777241790.23,1777240800,1777241700.0,1777241700
3027213.336229972,mult3.50,0.5,4705.56,0,4706.04,4700.948955310722,4700.6,F1,True,4407206.46,-509455.9999999625,-530527.2499999625,1777241700|LONG,EXIT_STLINE,False,SuperTrend-p14x3-M15,LONG,L,0.5,1777267831.502,1777241700,1777242600.0,1777267800
83.82845030373574,mult3.50,0.5,4697.75,0,4697.79,4697.7891048750635,4698.29,F1,True,4399480.335,-46825.0,-67896.25,1777320000|SHORT,EXIT_STLINE,False,SuperTrend-p14x3-M15,SHORT,S,0.5,1777320900.034,1777320000,1777320900.0,1777320900
270564.6715497269,mult3.50,0.5,4694.88,0,4694.9,4605.727553184403,4605.75,F1,True,4396773.85,8348897.499999966,8327826.249999966,1777320900|SHORT,EXIT_STLINE,False,SuperTrend-p14x3-M15,SHORT,S,0.5,1777406640.173,1777320900,1777321800.0,1777406400
2755263.680692288,mult3.50,0.5,4607.24,0,4607.76,4578.339138487002,4578.24,F1,True,4315167.24,-2764548.000000041,-2785619.250000041,1777406400|LONG,EXIT_STLINE,False,SuperTrend-p14x3-M15,LONG,L,0.5,1777410498.236,1777406400,1777407300.0,1777410000
409331.1806922711,mult3.50,0.5,4582.46,0,4582.71,4578.339138487002,4578.33,F1,True,4291707.915,-410187.00000001024,-431258.25000001024,1777410000|LONG,EXIT_STLINE,False,SuperTrend-p14x3-M15,LONG,L,0.5,1777432211.637,1777410000,1777410900.0,1777431600
3190629.5855507967,mult3.50,0.5,4561.61,0,4562.14,4547.85158267787,4547.77,F1,True,4272444.11,-1345750.4999999898,-1366821.7499999898,1777491900|LONG,EXIT_STLINE,False,SuperTrend-p14x3-M15,LONG,L,0.5,1777508841.127,1777491900,1777492800.0,1777508100
3034691.6348668546,mult3.50,0.5,4547.21,0,4547.12,4572.1207083771405,4572.39,F1,True,4258377.88,-2366535.500000041,-2387606.750000041,1777508100|SHORT,EXIT_STLINE,False,SuperTrend-p14x3-M15,SHORT,S,0.5,1777516240.208,1777508100,1777509000.0,1777516200
2886462.437607837,mult3.50,0.5,4575.01,0,4575.41,4610.68542181928,4610.64,F1,True,4284871.465,3299289.5000000442,3278218.2500000442,1777516200|LONG,EXIT_STLINE,False,SuperTrend-p14x3-M15,LONG,L,0.5,1777596572.147,1777516200,1777517100.0,1777596300
2336387.1489535514,mult3.50,0.5,4609.03,0,4609.02,4590.4069517729795,4590.5,F1,True,4316347.23,1734398.000000041,1713326.750000041,1777596300|SHORT,EXIT_STLINE,False,SuperTrend-p14x3-M15,SHORT,S,0.5,1777623276.134,1777596300,1777597200.0,1777622400
677706.6797087316,mult3.50,0.5,4612.02,0,4612.47,4605.233409720142,4605.08,F1,True,4319578.155,-692073.5000000306,-713144.7500000306,1777838400|LONG,EXIT_STLINE,False,SuperTrend-p14x3-M15,LONG,L,0.5,1777839553.435,1777838400,1777839300.0,1777839300
103632.17970872138,mult3.50,0.5,4605.82,0,4606.34,4605.233409720142,4605.19,F1,True,4313837.41,-107697.5000000511,-128768.7500000511,1777839300|LONG,EXIT_STLINE,False,SuperTrend-p14x3-M15,LONG,L,0.5,1777840245.077,1777839300,1777840200.0,1777840200
83029.17970869753,mult3.50,0.5,4605.61,0,4606.12,4605.233409720142,4605.14,F1,True,4313631.38,-91776.99999995911,-112848.24999995911,1777840200|LONG,EXIT_STLINE,False,SuperTrend-p14x3-M15,LONG,L,0.5,1777841122.79,1777840200,1777841100.0,1777841100
753563.1797086839,mult3.50,0.5,4612.84,0,4613.28,4605.233409720142,4605.15,F1,True,4320336.72,-761374.5000000102,-782445.7500000102,1777841100|LONG,EXIT_STLINE,False,SuperTrend-p14x3-M15,LONG,L,0.5,1777842165.46,1777841100,1777842000.0,1777842000
3483819.1948427237,mult3.50,0.5,4600.42,0,4600.58,4573.513447917278,4573.63,F1,True,4308443.17,2523867.499999983,2502796.249999983,1777842000|SHORT,EXIT_STLINE,False,SuperTrend-p14x3-M15,SHORT,S,0.5,1777882696.969,1777842000,1777842900.0,1777882500
416387.7862241758,mult3.50,0.5,4538.4,0,4538.39,4542.8362123462275,4542.96,F1,True,4250202.235,-427980.49999997276,-449051.74999997276,1777932000|SHORT,EXIT_STLINE,False,SuperTrend-p14x3-M15,SHORT,S,0.5,1777933943.893,1777932000,1777932900.0,1777933800
2588485.521569769,mult3.50,0.5,4544.25,0,4544.74,4549.141040873436,4549.14,F1,True,4256149.01,412060.0000000511,390988.7500000511,1777933800|LONG,EXIT_STLINE,False,SuperTrend-p14x3-M15,LONG,L,0.5,1778004442.463,1777933800,1777934700.0,1778004000
165663.02220266793,mult3.50,0.5,4550.36,0,4550.91,4549.141040873436,4549.05,F1,True,4261927.215,-174188.99999996932,-195260.24999996932,1778004000|LONG,EXIT_STLINE,False,SuperTrend-p14x3-M15,LONG,L,0.5,1778005120.892,1778004000,1778004900.0,1778004900
2213431.3347842954,mult3.50,0.5,4546.6,0,4546.53,4569.6704918405885,4569.81,F1,True,4257825.345,-2180172.0000000615,-2201243.2500000615,1778004900|SHORT,EXIT_STLINE,False,SuperTrend-p14x3-M15,SHORT,S,0.5,1778007335.37,1778004900,1778005800.0,1778006700
3668112.592237435,mult3.50,0.5,4573.14,0,4573.8,4677.460968842102,4677.27,F1,True,4283363.7,9689965.500000024,9668894.250000024,1778006700|LONG,EXIT_STLINE,False,SuperTrend-p14x3-M15,LONG,L,0.5,1778055041.03,1778006700,1778007600.0,1778054400
848700.3580363113,mult3.50,0.5,4704.06,0,4703.92,4712.982470454205,4713.04,F1,True,4405221.08,-854087.9999999898,-875159.2499999898,1778102100|SHORT,EXIT_STLINE,False,SuperTrend-p14x3-M15,SHORT,S,0.5,1778103590.749,1778102100,1778103000.0,1778103000
35818.358036284146,mult3.50,0.5,4712.61,0,4712.6,4712.982470454205,4713.1,F1,True,4413349.9,-46825.0,-67896.25,1778103000|SHORT,EXIT_STLINE,False,SuperTrend-p14x3-M15,SHORT,S,0.5,1778103900.044,1778103000,1778103900.0,1778103900
2846632.2485065246,mult3.50,0.5,4714.6,0,4715.1,4719.401430590526,4719.4,F1,True,4415691.15,402694.99999993184,381623.74999993184,1778103900|LONG,EXIT_STLINE,False,SuperTrend-p14x3-M15,LONG,L,0.5,1778155659.303,1778103900,1778104800.0,1778155200
376489.18857216457,mult3.50,0.5,4723.98,0,4723.93,4727.95017286249,4728.18,F1,True,4423960.445,-398012.5,-419083.75,1778191200|SHORT,EXIT_STLINE,False,SuperTrend-p14x3-M15,SHORT,S,0.5,1778196860.294,1778191200,1778192100.0,1778196600
293140.68857221905,mult3.50,0.5,4724.85,0,4724.82,4727.95017286249,4727.99,F1,True,4424793.93,-296870.5000000068,-317941.7500000068,1778196600|SHORT,EXIT_STLINE,False,SuperTrend-p14x3-M15,SHORT,S,0.5,1778204978.525,1778196600,1778197500.0,1778204700
50587.18857220542,mult3.50,0.5,4727.39,0,4727.41,4727.95017286249,4728.0,F1,True,4427219.465,-55253.50000001363,-76324.75000001362,1778204700|SHORT,EXIT_STLINE,False,SuperTrend-p14x3-M15,SHORT,S,0.5,1778205600.321,1778204700,1778205600.0,1778205600
486059.6885721714,mult3.50,0.5,4722.78,0,4722.76,4727.95017286249,4728.05,F1,True,4422864.74,-495408.49999999657,-516479.74999999657,1778205600|SHORT,EXIT_STLINE,False,SuperTrend-p14x3-M15,SHORT,S,0.5,1778206726.111,1778205600,1778206500.0,1778206500
3662270.2386271064,mult3.50,0.5,4733.47,0,4733.98,4702.897854663295,4702.86,F1,True,4433372.27,-2914387.9999999898,-2935459.2499999898,1778206500|LONG,EXIT_STLINE,False,SuperTrend-p14x3-M15,LONG,L,0.5,1778240723.427,1778206500,1778207400.0,1778240700
2976156.6561342254,mult3.50,0.5,4687.27,0,4687.23,4688.038322292202,4688.21,F1,True,4389590.895,-91777.0000000443,-112848.2500000443,1778436000|SHORT,EXIT_STLINE,False,SuperTrend-p14x3-M15,SHORT,S,0.5,1778487796.949,1778436000,1778436900.0,1778487300
78197.7500000034,mult3.75,0.5,4347.59,0,4347.59,4348.425,4348.63,F1,True,4071518.035,-97395.9999999966,-118467.2499999966,1767309300|SHORT,EXIT_STLINE,False,SuperTrend-p14x3-M15,SHORT,S,0.5,1767310203.104,1767309300,1767310200.0,1767310200
3029738.7595662763,mult3.75,0.5,4351.38,0,4351.88,4374.379503922838,4372.93,F1,True,4075535.62,1971332.500000017,1950261.250000017,1767310200|LONG,EXIT_STLINE,False,SuperTrend-p14x3-M15,LONG,L,0.5,1767349773.876,1767310200,1767311100.0,1767348900
3437177.666333863,mult3.75,0.5,4470.76,0,4470.81,4442.089408059561,4442.29,F1,True,4186913.5650000004,2670898.000000041,2649826.750000041,1767736800|SHORT,EXIT_STLINE,False,SuperTrend-p14x3-M15,SHORT,S,0.5,1767874137.809,1767736800,1767737700.0,1767873600
623358.080580873,mult3.75,0.5,4459.15,0,4459.58,4452.923747137417,4452.91,F1,True,4176396.67,-624645.5000000069,-645716.7500000069,1767909600|LONG,EXIT_STLINE,False,SuperTrend-p14x3-M15,LONG,L,0.5,1767910795.846,1767909600,1767910500.0,1767910500
449169.08058090357,mult3.75,0.5,4457.22,0,4457.72,4584.6613119362855,4584.64,F1,True,4174654.78,11886058.000000007,11864986.750000007,1767910500|LONG,EXIT_STLINE,False,SuperTrend-p14x3-M15,LONG,L,0.5,1768248730.999,1767910500,1767911400.0,1768248000
3972469.058761625,mult3.75,0.5,4579.6,0,4579.08,4604.434420948508,4604.52,F1,True,4288308.42,-2382456.0000000475,-2403527.2500000475,1768248000|SHORT,EXIT_STLINE,False,SuperTrend-p14x3-M15,SHORT,S,0.5,1768299177.65,1768248000,1768248900.0,1768298400
64885.05208843699,mult3.75,0.5,4619.03,0,4619.06,4619.752846258286,4619.81,F1,True,4325749.69,-70237.5,-91308.75,1768344300|SHORT,EXIT_STLINE,False,SuperTrend-p14x3-M15,SHORT,S,0.5,1768345200.845,1768344300,1768345200.0,1768345200
151043.0520884438,mult3.75,0.5,4618.14,0,4618.14,4619.752846258286,4619.78,F1,True,4324888.11,-153585.9999999455,-174657.2499999455,1768345200|SHORT,EXIT_STLINE,False,SuperTrend-p14x3-M15,SHORT,S,0.5,1768346427.374,1768345200,1768346100.0,1768346100
2738622.212449636,mult3.75,0.5,4619.87,0,4620.51,4613.282099025859,4613.14,F1,True,4327107.615,-690200.4999999898,-711271.7499999898,1768346100|LONG,EXIT_STLINE,False,SuperTrend-p14x3-M15,LONG,L,0.5,1768391304.988,1768346100,1768347000.0,1768391100
909501.7232859962,mult3.75,0.5,4603.65,0,4604.14,4594.428289126685,4594.36,F1,True,4311777.11,-915897.0000000614,-936968.2500000614,1768514400|LONG,EXIT_STLINE,False,SuperTrend-p14x3-M15,LONG,L,0.5,1768520087.446,1768514400,1768515300.0,1768519800
170603.22328596556,mult3.75,0.5,4595.79,0,4596.25,4594.428289126685,4594.42,F1,True,4304388.125,-171379.4999999932,-192450.7499999932,1768519800|LONG,EXIT_STLINE,False,SuperTrend-p14x3-M15,LONG,L,0.5,1768521279.551,1768519800,1768520700.0,1768520700
83508.72328593832,mult3.75,0.5,4594.72,0,4595.32,4594.428289126685,4594.42,F1,True,4303517.18,-84284.99999996593,-105356.24999996593,1768520700|LONG,EXIT_STLINE,False,SuperTrend-p14x3-M15,LONG,L,0.5,1768521624.471,1768520700,1768521600.0,1768521600
427204.22328594513,mult3.75,0.5,4598.48,0,4598.99,4594.428289126685,4594.36,F1,True,4306954.135,-433599.50000001024,-454670.75000001024,1768521600|LONG,EXIT_STLINE,False,SuperTrend-p14x3-M15,LONG,L,0.5,1768523562.932,1768521600,1768522500.0,1768523400
202444.2232859792,mult3.75,0.5,4596.09,0,4596.59,4594.428289126685,4594.33,F1,True,4304706.535,-211649.00000002043,-232720.25000002043,1768523400|LONG,EXIT_STLINE,False,SuperTrend-p14x3-M15,LONG,L,0.5,1768535361.475,1768523400,1768524300.0,1768535100
6618277.479543777,mult3.75,0.5,4654.13,0,4654.63,4660.632106870642,4660.59,F1,True,4359060.995,558154.0000000034,537082.7500000034,1768766400|LONG,EXIT_STLINE,False,SuperTrend-p14x3-M15,LONG,L,0.5,1768858045.455,1768766400,1768767300.0,1768857300
2121925.9259293512,mult3.75,0.5,4659.42,0,4659.49,4680.796987888144,4681.07,F1,True,4363612.385,-2020966.9999999932,-2042038.2499999932,1768857300|SHORT,EXIT_STLINE,False,SuperTrend-p14x3-M15,SHORT,S,0.5,1768870281.829,1768857300,1768858200.0,1768869900
71828.41572471234,mult3.75,0.5,4680.03,0,4680.03,4680.796987888144,4680.83,F1,True,4382848.095,-74920.00000001704,-95991.25000001704,1768869900|SHORT,EXIT_STLINE,False,SuperTrend-p14x3-M15,SHORT,S,0.5,1768870801.05,1768869900,1768870800.0,1768870800
54034.91572466464,mult3.75,0.5,4680.22,0,4680.22,4680.796987888144,4680.83,F1,True,4383026.03,-57126.49999996934,-78197.74999996934,1768870800|SHORT,EXIT_STLINE,False,SuperTrend-p14x3-M15,SHORT,S,0.5,1768871702.446,1768870800,1768871700.0,1768871700
2223124.018681243,mult3.75,0.5,4685.83,0,4686.33,4834.711142325436,4834.63,F1,True,4388748.045,13888295.000000017,13867223.750000017,1768871700|LONG,EXIT_STLINE,False,SuperTrend-p14x3-M15,LONG,L,0.5,1768968807.116,1768871700,1768872600.0,1768968000
350580.1099283074,mult3.75,0.5,5083.32,0,5083.18,5086.92351425444,5087.03,F1,True,4760398.07,-360552.4999999489,-381623.7499999489,1769482800|SHORT,EXIT_STLINE,False,SuperTrend-p14x3-M15,SHORT,S,0.5,1769484297.554,1769482800,1769483700.0,1769483700
447976.109928304,mult3.75,0.5,5082.06,0,5082.14,5086.92351425444,5086.94,F1,True,4759424.11,-449519.99999993184,-470591.24999993184,1769483700|SHORT,EXIT_STLINE,False,SuperTrend-p14x3-M15,SHORT,S,0.5,1769485261.584,1769483700,1769484600.0,1769484600
123010.60992836533,mult3.75,0.5,5085.46,0,5085.61,5086.92351425444,5087.22,F1,True,4762673.765,-150776.5000000545,-171847.7500000545,1769484600|SHORT,EXIT_STLINE,False,SuperTrend-p14x3-M15,SHORT,S,0.5,1769485506.029,1769484600,1769485500.0,1769485500
114582.1099283517,mult3.75,0.5,5085.7,0,5085.7,5086.92351425444,5087.0,F1,True,4762758.05,-121745.00000001704,-142816.25000001705,1769485500|SHORT,EXIT_STLINE,False,SuperTrend-p14x3-M15,SHORT,S,0.5,1769486400.783,1769485500,1769486400.0,1769486400
931226.518026639,mult3.75,0.5,5301.42,0,5301.68,5291.736310538958,5291.15,F1,True,4965023.32,-986134.5000000614,-1007205.7500000614,1769726700|LONG,EXIT_STLINE,False,SuperTrend-p14x3-M15,LONG,L,0.5,1769727611.708,1769726700,1769727600.0,1769727600
21059173.010604158,mult3.75,0.5,5212.35,0,5212.62,4696.502405393037,4696.95,F1,True,4881618.63,48292495.50000001,48271424.25000001,1769727600|SHORT,EXIT_STLINE,False,SuperTrend-p14x3-M15,SHORT,S,0.5,1770013712.475,1769727600,1769728500.0,1770012900
14985838.08812572,mult3.75,0.5,4820.21,0,4820.42,4884.292308548203,4884.2,F1,True,4514323.33,5972996.999999976,5951925.749999976,1770066900|LONG,EXIT_STLINE,False,SuperTrend-p14x3-M15,LONG,L,0.5,1770134782.991,1770066900,1770067800.0,1770134400
10056164.763539469,mult3.75,0.5,5019.51,0,5020.02,4927.622892346366,4927.62,F1,True,4701248.73,-8653260.00000005,-8674331.25000005,1770236100|LONG,EXIT_STLINE,False,SuperTrend-p14x3-M15,LONG,L,0.5,1770246687.864,1770236100,1770237000.0,1770246000
11537805.579436144,mult3.75,0.5,4915.08,0,4915.24,4795.981608276667,4796.06,F1,True,4603122.26,11161206.999999942,11140135.749999942,1770246000|SHORT,EXIT_STLINE,False,SuperTrend-p14x3-M15,SHORT,S,0.5,1770333157.85,1770246000,1770246900.0,1770332400
795239.1151099253,mult3.75,0.5,4787.59,0,4787.49,4795.981608276667,4796.03,F1,True,4483484.385,-799770.9999999966,-820842.2499999966,1770332400|SHORT,EXIT_STLINE,False,SuperTrend-p14x3-M15,SHORT,S,0.5,1770333452.976,1770332400,1770333300.0,1770333300
14829732.367520146,mult3.75,0.5,4820.24,0,4820.74,5036.158646017762,5034.95,F1,True,4514623.01,20060766.500000004,20039695.250000004,1770333300|LONG,EXIT_STLINE,False,SuperTrend-p14x3-M15,LONG,L,0.5,1770667803.286,1770333300,1770334200.0,1770667200
7899215.478412184,mult3.75,0.5,5013.04,0,5013.21,5073.738835102033,5073.92,F1,True,4694871.165,-5685491.500000004,-5706562.750000004,1770667200|SHORT,EXIT_STLINE,False,SuperTrend-p14x3-M15,SHORT,S,0.5,1770722236.076,1770667200,1770668100.0,1770722100
63715.67048462453,mult3.75,0.5,5062.18,0,5062.18,5062.860359535341,5062.98,F1,True,4740731.57,-74919.99999993187,-95991.24999993187,1770777000|SHORT,EXIT_STLINE,False,SuperTrend-p14x3-M15,SHORT,S,0.5,1770777903.901,1770777000,1770777900.0,1770777900
966501.6704846552,mult3.75,0.5,5052.29,0,5052.54,5062.860359535341,5062.98,F1,True,4731703.71,-977705.9999999625,-998777.2499999625,1770777900|SHORT,EXIT_STLINE,False,SuperTrend-p14x3-M15,SHORT,S,0.5,1770781961.618,1770777900,1770778800.0,1770781500
4021591.6961056506,mult3.75,0.5,5063.93,0,5064.43,5071.604171689058,5068.44,F1,True,4742838.695,375536.4999999353,354465.2499999353,1770781500|LONG,EXIT_STLINE,False,SuperTrend-p14x3-M15,LONG,L,0.5,1770802871.332,1770781500,1770782400.0,1770802200
379791.8046719818,mult3.75,0.5,4980.71,0,4980.74,4984.795438384111,4984.91,F1,True,4664463.01,-390520.5000000068,-411591.7500000068,1770936300|SHORT,EXIT_STLINE,False,SuperTrend-p14x3-M15,SHORT,S,0.5,1770937545.732,1770936300,1770937200.0,1770937200
633583.3046719852,mult3.75,0.5,4978.03,0,4978.03,4984.795438384111,4984.86,F1,True,4661925.095,-639629.4999999931,-660700.7499999931,1770937200|SHORT,EXIT_STLINE,False,SuperTrend-p14x3-M15,SHORT,S,0.5,1770938756.393,1770937200,1770938100.0,1770938100
7102469.941709541,mult3.75,0.5,4985.9,0,4986.4,4984.002779989855,4982.84,F1,True,4669763.6,-333393.9999999523,-354465.2499999523,1770938100|LONG,EXIT_STLINE,False,SuperTrend-p14x3-M15,LONG,L,0.5,1771202952.534,1770938100,1770939000.0,1771202700
357482.65395002405,mult3.75,0.5,4987.38,0,4987.82,4984.002779989855,4983.82,F1,True,4671093.43,-374600.0,-395671.25,1771202700|LONG,EXIT_STLINE,False,SuperTrend-p14x3-M15,LONG,L,0.5,1771203917.473,1771202700,1771203600.0,1771203600
4913365.985052839,mult3.75,0.5,4976.51,0,4976.53,4938.506718268385,4939.49,F1,True,4660520.345,3468795.9999999967,3447724.7499999967,1771203600|SHORT,EXIT_STLINE,False,SuperTrend-p14x3-M15,SHORT,S,0.5,1771312307.13,1771203600,1771204500.0,1771311600
234726.80083015948,mult3.75,0.5,4912.44,0,4912.44,4914.946426063322,4915.04,F1,True,4600500.06,-243490.00000003408,-264561.2500000341,1771372800|SHORT,EXIT_STLINE,False,SuperTrend-p14x3-M15,SHORT,S,0.5,1771373748.915,1771372800,1771373700.0,1771373700
4328139.528036562,mult3.75,0.5,4919.13,0,4919.66,4967.629356604871,4963.04,F1,True,4607261.59,4062537.0000000102,4041465.7500000102,1771373700|LONG,EXIT_STLINE,False,SuperTrend-p14x3-M15,LONG,L,0.5,1771444899.998,1771373700,1771374600.0,1771444800
905655.7539538726,mult3.75,0.5,4976.8,0,4977.3,4967.629356604871,4967.58,F1,True,4661241.45,-910278.0000000239,-931349.2500000239,1771444800|LONG,EXIT_STLINE,False,SuperTrend-p14x3-M15,LONG,L,0.5,1771448497.695,1771444800,1771445700.0,1771448400
62805.75395387259,mult3.75,0.5,4967.8,0,4968.3,4967.629356604871,4967.48,F1,True,4652812.95,-76793.00000005792,-97864.25000005792,1771448400|LONG,EXIT_STLINE,False,SuperTrend-p14x3-M15,LONG,L,0.5,1771449356.152,1771448400,1771449300.0,1771449300
3440751.8409263217,mult3.75,0.5,4967.14,0,4967.14,4997.469579088427,4997.79,F1,True,4651726.61,-2870372.499999966,-2891443.749999966,1771449300|SHORT,EXIT_STLINE,False,SuperTrend-p14x3-M15,SHORT,S,0.5,1771469191.111,1771449300,1771450200.0,1771469100
70198.08163116973,mult3.75,0.5,4996.79,0,4996.72,4997.469579088427,4997.84,F1,True,4679428.28,-104887.99999998978,-125959.24999998978,1771469100|SHORT,EXIT_STLINE,False,SuperTrend-p14x3-M15,SHORT,S,0.5,1771470004.142,1771469100,1771470000.0,1771470000
2450375.676688827,mult3.75,0.5,4998.84,0,4999.41,4993.454607271001,4993.08,F1,True,4681947.465,-592804.4999999931,-613875.7499999931,1771470000|LONG,EXIT_STLINE,False,SuperTrend-p14x3-M15,LONG,L,0.5,1771482978.905,1771470000,1771470900.0,1771482600
6281047.317959878,mult3.75,0.5,5185.16,0,5185.32,5162.9329268991905,5163.02,F1,True,4856052.18,2088394.9999999318,2067323.7499999318,1771884000|SHORT,EXIT_STLINE,False,SuperTrend-p14x3-M15,SHORT,S,0.5,1771942821.245,1771884000,1771884900.0,1771942500
796671.6991481681,mult3.75,0.5,5135.6,0,5136.1,5167.236685386131,5167.03,F1,True,4809957.65,2896594.4999999423,2875523.2499999423,1771963200|LONG,EXIT_STLINE,False,SuperTrend-p14x3-M15,LONG,L,0.5,1772007041.426,1771963200,1771964100.0,1772006400
111817.84903023258,mult3.75,0.5,5200.34,0,5200.34,5201.533997320131,5201.66,F1,True,4870118.41,-123617.99999997274,-144689.24999997276,1772072100|SHORT,EXIT_STLINE,False,SuperTrend-p14x3-M15,SHORT,S,0.5,1772073001.007,1772072100,1772073000.0,1772073000
196102.8490302837,mult3.75,0.5,5199.78,0,5199.44,5195.389031214495,5195.76,F1,True,4869275.56,344631.9999999421,323560.7499999421,1772073000|SHORT,EXIT_STLINE,False,SuperTrend-p14x3-M15,SHORT,S,0.5,1772125526.944,1772073000,1772073900.0,1772125200
58073.71112220107,mult3.75,0.5,5174.96,0,5174.96,5175.580114373969,5175.6,F1,True,4846350.04,-59936.00000003066,-81007.25000003066,1772577900|SHORT,EXIT_STLINE,False,SuperTrend-p14x3-M15,SHORT,S,0.5,1772578804.614,1772577900,1772578800.0,1772578800
8122411.649758408,mult3.75,0.5,5189.68,0,5190.06,5148.69379252907,5143.87,F1,True,4860491.19,-4325693.5000000475,-4346764.7500000475,1772578800|LONG,EXIT_STLINE,False,SuperTrend-p14x3-M15,LONG,L,0.5,1772624911.155,1772578800,1772579700.0,1772624700
283920.66098920093,mult3.75,0.5,5183.96,0,5183.96,5186.991720886163,5187.17,F1,True,4854778.54,-300616.50000000343,-321687.75000000343,1772666100|SHORT,EXIT_STLINE,False,SuperTrend-p14x3-M15,SHORT,S,0.5,1772667025.937,1772666100,1772667000.0,1772667000
1087437.6609891942,mult3.75,0.5,5174.91,0,5175.38,5186.991720886163,5187.11,F1,True,4846743.37,-1098514.499999959,-1119585.749999959,1772667000|SHORT,EXIT_STLINE,False,SuperTrend-p14x3-M15,SHORT,S,0.5,1772668400.797,1772667000,1772667900.0,1772667900
5079557.587739149,mult3.75,0.5,5191.89,0,5192.36,5143.673572137733,5143.61,F1,True,4862645.14,-4565437.5,-4586508.75,1772667900|LONG,EXIT_STLINE,False,SuperTrend-p14x3-M15,LONG,L,0.5,1772680031.266,1772667900,1772668800.0,1772679600
5065455.3216347415,mult3.75,0.5,5131.88,0,5132.49,5126.873998678567,5127.24,F1,True,4806576.885,491662.5,470591.25,1772679600|SHORT,EXIT_STLINE,False,SuperTrend-p14x3-M15,SHORT,S,0.5,1772751040.371,1772679600,1772680500.0,1772750700
6373965.280722081,mult3.75,0.5,5134.62,0,5134.75,5087.448364662637,5087.38,F1,True,4808693.375,-4436200.49999999,-4457271.74999999,1772750700|LONG,EXIT_STLINE,False,SuperTrend-p14x3-M15,LONG,L,0.5,1772779852.396,1772750700,1772751600.0,1772779500
1555089.1817923072,mult3.75,0.5,5125.47,0,5126.29,5109.684669708571,5108.78,F1,True,4800770.585,-1639811.5000000205,-1660882.7500000205,1772998200|LONG,EXIT_STLINE,False,SuperTrend-p14x3-M15,LONG,L,0.5,1772999399.927,1772998200,1772999100.0,1772999100
1948419.18179229,mult3.75,0.5,5129.99,0,5130.49,5109.684669708571,5109.43,F1,True,4804703.885,-1972268.9999999523,-1993340.2499999523,1772999100|LONG,EXIT_STLINE,False,SuperTrend-p14x3-M15,LONG,L,0.5,1773000262.347,1772999100,1773000000.0,1773000000
9436432.255389618,mult3.75,0.5,5101.57,0,5101.65,5132.731987333879,5133.46,F1,True,4777695.225,-2979006.5000000373,-3000077.7500000373,1773000000|SHORT,EXIT_STLINE,False,SuperTrend-p14x3-M15,SHORT,S,0.5,1773073185.423,1773000000,1773000900.0,1773072900
148106.57537705792,mult3.75,0.5,5107.64,0,5107.64,5109.221490393776,5109.32,F1,True,4783304.86,-157331.99999994208,-178403.24999994208,1773351000|SHORT,EXIT_STLINE,False,SuperTrend-p14x3-M15,SHORT,S,0.5,1773352046.857,1773351000,1773351900.0,1773351900
3604701.38684483,mult3.75,0.5,5113.47,0,5114.08,5090.476617832077,5090.43,F1,True,4789335.92,-2214822.499999966,-2235893.749999966,1773351900|LONG,EXIT_STLINE,False,SuperTrend-p14x3-M15,LONG,L,0.5,1773372509.486,1773351900,1773352800.0,1773371700
3113803.051715846,mult3.75,0.5,5039.58,0,5040.08,5010.1977323069905,5009.76,F1,True,4720034.92,-2839467.9999999725,-2860539.2499999725,1773711000|LONG,EXIT_STLINE,False,SuperTrend-p14x3-M15,LONG,L,0.5,1773716567.461,1773711000,1773711900.0,1773716400
9144035.063007463,mult3.75,0.5,4670.85,0,4671.36,4664.837949573277,4664.72,F1,True,4374728.64,-621835.9999999455,-642907.2499999455,1773946800|LONG,EXIT_STLINE,False,SuperTrend-p14x3-M15,LONG,L,0.5,1773978116.432,1773946800,1773947700.0,1773977400
662481.8900744212,mult3.75,0.5,4344.15,0,4344.74,4337.665980885484,4335.05,F1,True,4068849.01,-907468.4999999625,-928539.7499999625,1774301400|LONG,EXIT_STLINE,False,SuperTrend-p14x3-M15,LONG,L,0.5,1774304055.918,1774301400,1774302300.0,1774303200
13380346.674548041,mult3.75,0.5,4331.3,0,4331.1,4428.823812286085,4429.02,F1,True,4056075.1500000004,-9170208.000000007,-9191279.250000007,1774303200|SHORT,EXIT_STLINE,False,SuperTrend-p14x3-M15,SHORT,S,0.5,1774327957.284,1774303200,1774304100.0,1774327500
158032.24110463847,mult3.75,0.5,4434.9,0,4434.83,4436.5174772141445,4436.53,F1,True,4153218.295,-159204.99999998297,-180276.24999998297,1774566000|SHORT,EXIT_STLINE,False,SuperTrend-p14x3-M15,SHORT,S,0.5,1774566947.752,1774566000,1774566900.0,1774566900
546679.7411046044,mult3.75,0.5,4430.67,0,4430.68,4436.5174772141445,4436.71,F1,True,4149331.82,-564709.4999999761,-585780.7499999761,1774566900|SHORT,EXIT_STLINE,False,SuperTrend-p14x3-M15,SHORT,S,0.5,1774568832.304,1774566900,1774567800.0,1774568700
438982.2411046385,mult3.75,0.5,4431.94,0,4431.83,4436.5174772141445,4436.62,F1,True,4150408.795,-448583.49999999657,-469654.74999999657,1774568700|SHORT,EXIT_STLINE,False,SuperTrend-p14x3-M15,SHORT,S,0.5,1774571348.409,1774568700,1774569600.0,1774570500
125254.74110460441,mult3.75,0.5,4435.15,0,4435.18,4436.5174772141445,4436.64,F1,True,4153546.07,-136729.0000000034,-157800.2500000034,1774570500|SHORT,EXIT_STLINE,False,SuperTrend-p14x3-M15,SHORT,S,0.5,1774571414.003,1774570500,1774571400.0,1774571400
57826.741104665736,mult3.75,0.5,4435.88,0,4435.9,4436.5174772141445,4436.52,F1,True,4154220.3499999996,-58063.00000007496,-79134.25000007496,1774571400|SHORT,EXIT_STLINE,False,SuperTrend-p14x3-M15,SHORT,S,0.5,1774572300.633,1774571400,1774572300.0,1774572300
5497993.209292149,mult3.75,0.5,4437.42,0,4438.06,4412.600413370274,4412.59,F1,True,4156243.1900000004,-2385265.5000000237,-2406336.7500000237,1774572300|LONG,EXIT_STLINE,False,SuperTrend-p14x3-M15,LONG,L,0.5,1774597409.826,1774572300,1774573200.0,1774596600
7475510.003165304,mult3.75,0.5,4451.99,0,4452.37,4510.146287198042,4510.19,F1,True,4169644.505,-5414842.999999973,-5435914.249999973,1774816200|SHORT,EXIT_STLINE,False,SuperTrend-p14x3-M15,SHORT,S,0.5,1774830025.622,1774816200,1774817100.0,1774829700
308697.2960966035,mult3.75,0.5,4506.83,0,4506.85,4510.146287198042,4510.15,F1,True,4220665.025,-309044.99999993184,-330116.24999993184,1774829700|SHORT,EXIT_STLINE,False,SuperTrend-p14x3-M15,SHORT,S,0.5,1774837089.168,1774829700,1774830600.0,1774836900
461346.79609661375,mult3.75,0.5,4505.25,0,4505.22,4510.146287198042,4510.38,F1,True,4219138.53,-483233.9999999864,-504305.2499999864,1774836900|SHORT,EXIT_STLINE,False,SuperTrend-p14x3-M15,SHORT,S,0.5,1774837818.76,1774836900,1774837800.0,1774837800
5752515.6713818265,mult3.75,0.5,4510.31,0,4510.88,4518.3342086877965,4517.32,F1,True,4224439.12,603105.9999999625,582034.7499999625,1774837800|LONG,EXIT_STLINE,False,SuperTrend-p14x3-M15,LONG,L,0.5,1774868328.049,1774837800,1774838700.0,1774867500
563393.9694296317,mult3.75,0.5,4543.73,0,4543.76,4549.775952690119,4550.17,F1,True,4255231.24,-600296.4999999864,-621367.7499999864,1774908000|SHORT,EXIT_STLINE,False,SuperTrend-p14x3-M15,SHORT,S,0.5,1774909088.231,1774908000,1774908900.0,1774908900
7942397.401786613,mult3.75,0.5,4581.29,0,4581.81,4532.801908919068,4532.69,F1,True,4290865.065,-4600088.0000000745,-4621159.2500000745,1774908900|LONG,EXIT_STLINE,False,SuperTrend-p14x3-M15,LONG,L,0.5,1774942792.446,1774908900,1774909800.0,1774942200
356563.1114077519,mult3.75,0.5,4750.79,0,4751.25,4747.442598917162,4746.78,F1,True,4449545.625,-418615.50000002387,-439686.75000002387,1775080800|LONG,EXIT_STLINE,False,SuperTrend-p14x3-M15,LONG,L,0.5,1775081715.001,1775080800,1775081700.0,1775081700
8955641.336985726,mult3.75,0.5,4697.04,0,4697.0,4661.779064338643,4661.8,F1,True,4398740.5,3296479.999999983,3275408.749999983,1775081700|SHORT,EXIT_STLINE,False,SuperTrend-p14x3-M15,SHORT,S,0.5,1775128588.753,1775081700,1775082600.0,1775128500
877296.6730836235,mult3.75,0.5,4630.3,0,4631.58,4622.212176475348,4621.06,F1,True,4337474.67,-985197.9999999558,-1006269.2499999558,1775412000|LONG,EXIT_STLINE,False,SuperTrend-p14x3-M15,LONG,L,0.5,1775414822.749,1775412000,1775412900.0,1775414700
2298903.673083651,mult3.75,0.5,4645.46,0,4646.76,4622.212176475348,4622.21,F1,True,4351690.74,-2299107.500000017,-2320178.750000017,1775414700|LONG,EXIT_STLINE,False,SuperTrend-p14x3-M15,LONG,L,0.5,1775416837.335,1775414700,1775415600.0,1775416500
7829909.777792368,mult3.75,0.5,4609.58,0,4610.07,4681.392989750057,4681.43,F1,True,4317330.555,-6682864.000000055,-6703935.250000055,1775416500|SHORT,EXIT_STLINE,False,SuperTrend-p14x3-M15,SHORT,S,0.5,1775447480.32,1775416500,1775417400.0,1775447100
6193832.466136102,mult3.75,0.5,4684.65,0,4685.15,4658.098979166112,4657.78,F1,True,4387642.975,-2563200.4999999898,-2584271.7499999898,1775447100|LONG,EXIT_STLINE,False,SuperTrend-p14x3-M15,LONG,L,0.5,1775474144.146,1775447100,1775448000.0,1775474100
3449929.9460504,mult3.75,0.5,4753.83,0,4754.02,4769.747622479201,4769.84,F1,True,4452139.73,-1481542.9999999728,-1502614.2499999728,1775764800|SHORT,EXIT_STLINE,False,SuperTrend-p14x3-M15,SHORT,S,0.5,1775808097.384,1775764800,1775765700.0,1775808000
6384739.270580763,mult3.75,0.5,4714.74,0,4715.48,4701.066798484879,4700.4,F1,True,4416047.02,-1412241.9999999932,-1433313.2499999932,1776027600|LONG,EXIT_STLINE,False,SuperTrend-p14x3-M15,LONG,L,0.5,1776078355.597,1776027600,1776028500.0,1776078000
336728.9837535692,mult3.75,0.5,4820.8,0,4821.32,4817.72438885474,4817.42,F1,True,4515166.18,-365234.99999996595,-386306.24999996595,1776207600|LONG,EXIT_STLINE,False,SuperTrend-p14x3-M15,LONG,L,0.5,1776217022.749,1776207600,1776208500.0,1776216600
3305256.1335301185,mult3.75,0.5,4816.65,0,4816.7,4816.384753967929,4819.89,F1,True,4510839.55,-298743.5000000477,-319814.7500000477,1776216600|SHORT,EXIT_STLINE,False,SuperTrend-p14x3-M15,SHORT,S,0.5,1776281431.039,1776216600,1776217500.0,1776281400
2907679.5645699813,mult3.75,0.5,4823.01,0,4823.46,4810.454279596063,4810.44,F1,True,4517170.29,-1219323.000000041,-1240394.250000041,1776281400|LONG,EXIT_STLINE,False,SuperTrend-p14x3-M15,LONG,L,0.5,1776312302.61,1776281400,1776282300.0,1776312000
65971.47795370192,mult3.75,0.5,4802.87,0,4802.91,4803.6144471751595,4803.78,F1,True,4497925.215,-81475.49999998978,-102546.74999998978,1776386700|SHORT,EXIT_STLINE,False,SuperTrend-p14x3-M15,SHORT,S,0.5,1776387602.791,1776386700,1776387600.0,1776387600
2635132.209206062,mult3.75,0.5,4804.91,0,4805.39,4821.150768704609,4767.29,F1,True,4500247.735,-3568065.000000034,-3589136.250000034,1776387600|LONG,EXIT_STLINE,False,SuperTrend-p14x3-M15,LONG,L,0.5,1776621605.307,1776387600,1776388500.0,1776621600
3776504.8115241034,mult3.75,0.5,4790.3,0,4790.21,4799.079616365825,4799.1,F1,True,4486031.665,-832548.5000000306,-853619.7500000306,1776621600|SHORT,EXIT_STLINE,False,SuperTrend-p14x3-M15,SHORT,S,0.5,1776633908.224,1776621600,1776622500.0,1776633300
5678668.250508675,mult3.75,0.5,4802.66,0,4803.24,4805.292752596444,4805.21,F1,True,4498234.26,184490.50000002384,163419.25000002384,1776633300|LONG,EXIT_STLINE,False,SuperTrend-p14x3-M15,LONG,L,0.5,1776723649.554,1776633300,1776634200.0,1776723300
253533.71934300175,mult3.75,0.5,4807.47,0,4808.0,4805.292752596444,4805.22,F1,True,4502692.0,-260346.99999997616,-281418.24999997613,1776723300|LONG,EXIT_STLINE,False,SuperTrend-p14x3-M15,LONG,L,0.5,1776724232.256,1776723300,1776724200.0,1776724200
143026.7193429745,mult3.75,0.5,4806.35,0,4806.82,4805.292752596444,4805.28,F1,True,4501586.93,-144220.9999999966,-165292.2499999966,1776724200|LONG,EXIT_STLINE,False,SuperTrend-p14x3-M15,LONG,L,0.5,1776725252.492,1776724200,1776725100.0,1776725100
215137.2193430154,mult3.75,0.5,4806.69,0,4807.59,4805.292752596444,4805.13,F1,True,4502308.035,-230379.0000000034,-251450.2500000034,1776725100|LONG,EXIT_STLINE,False,SuperTrend-p14x3-M15,LONG,L,0.5,1776726056.219,1776725100,1776726000.0,1776726000
2658070.0842297375,mult3.75,0.5,4800.29,0,4800.37,4736.224964836439,4736.28,F1,True,4495546.505,6002028.500000014,5980957.250000014,1776726000|SHORT,EXIT_STLINE,False,SuperTrend-p14x3-M15,SHORT,S,0.5,1776800813.752,1776726000,1776726900.0,1776800700
4450621.518036527,mult3.75,0.5,4737.91,0,4738.65,4741.545310130894,4741.08,F1,True,4437745.725,227569.50000002724,206498.25000002724,1776800700|LONG,EXIT_STLINE,False,SuperTrend-p14x3-M15,LONG,L,0.5,1776848526.669,1776800700,1776801600.0,1776848400
110946.2062417365,mult3.75,0.5,4742.19,0,4742.73,4741.545310130894,4741.53,F1,True,4441566.645,-112379.99999998296,-133451.24999998295,1776848400|LONG,EXIT_STLINE,False,SuperTrend-p14x3-M15,LONG,L,0.5,1776849325.264,1776848400,1776849300.0,1776849300
829241.7062417433,mult3.75,0.5,4749.94,0,4750.4,4741.545310130894,4741.43,F1,True,4448749.6,-840040.4999999386,-861111.7499999386,1776849300|LONG,EXIT_STLINE,False,SuperTrend-p14x3-M15,LONG,L,0.5,1776853839.464,1776849300,1776850200.0,1776853800
3637163.451528737,mult3.75,0.5,4732.92,0,4732.92,4742.111832596018,4742.12,F1,True,4432379.58,-861579.999999983,-882651.249999983,1776853800|SHORT,EXIT_STLINE,False,SuperTrend-p14x3-M15,SHORT,S,0.5,1776889784.913,1776853800,1776854700.0,1776888900
72282.12261705784,mult3.75,0.5,4741.38,0,4741.34,4742.111832596018,4742.12,F1,True,4440264.91,-73046.99999997615,-94118.24999997615,1776888900|SHORT,EXIT_STLINE,False,SuperTrend-p14x3-M15,SHORT,S,0.5,1776889802.286,1776888900,1776889800.0,1776889800
3596883.7371034697,mult3.75,0.5,4744.72,0,4745.07,4708.934252473232,4708.72,F1,True,4443758.055,-3404177.499999949,-3425248.749999949,1776889800|LONG,EXIT_STLINE,False,SuperTrend-p14x3-M15,LONG,L,0.5,1776895896.609,1776889800,1776890700.0,1776895200
4833806.962996243,mult3.75,0.5,4707.27,0,4707.18,4721.622469635705,4721.63,F1,True,4408274.07,-1353242.499999983,-1374313.749999983,1776895200|SHORT,EXIT_STLINE,False,SuperTrend-p14x3-M15,SHORT,S,0.5,1776931204.835,1776895200,1776896100.0,1776931200
3626268.867886309,mult3.75,0.5,4685.14,1,4686.44,4704.53731615936,4704.78,F1,True,4388851.06,-1717541.0000000137,-1738612.2500000137,1777226400|SHORT,EXIT_STLINE,False,SuperTrend-p14x3-M15,SHORT,S,0.5,1777237299.077,1777226400,1777228200.0,1777237200
1109501.1583240791,mult3.75,0.5,4692.66,0,4692.69,4704.53731615936,4704.54,F1,True,4394704.185,-1109752.500000034,-1130823.750000034,1777237200|SHORT,EXIT_STLINE,False,SuperTrend-p14x3-M15,SHORT,S,0.5,1777240247.452,1777237200,1777238100.0,1777239900
192667.65832408256,mult3.75,0.5,4702.49,0,4702.48,4704.53731615936,4704.65,F1,True,4403872.52,-203220.5000000068,-224291.7500000068,1777239900|SHORT,EXIT_STLINE,False,SuperTrend-p14x3-M15,SHORT,S,0.5,1777240807.72,1777239900,1777240800.0,1777240800
482982.65832403145,mult3.75,0.5,4699.48,0,4699.38,4704.53731615936,4704.59,F1,True,4400969.37,-487916.50000000343,-508987.75000000343,1777240800|SHORT,EXIT_STLINE,False,SuperTrend-p14x3-M15,SHORT,S,0.5,1777241803.73,1777240800,1777241700.0,1777241700
3226318.288817812,mult3.75,0.5,4705.56,0,4706.04,4699.045666404346,4698.99,F1,True,4407206.46,-660232.500000017,-681303.750000017,1777241700|LONG,EXIT_STLINE,False,SuperTrend-p14x3-M15,LONG,L,0.5,1777279253.813,1777241700,1777242600.0,1777278600
121874.22297035364,mult3.75,0.5,4697.75,0,4697.79,4699.091379850191,4699.12,F1,True,4399480.335,-124554.49999999319,-145625.7499999932,1777320000|SHORT,EXIT_STLINE,False,SuperTrend-p14x3-M15,SHORT,S,0.5,1777320922.544,1777320000,1777320900.0,1777320900
392522.7229703843,mult3.75,0.5,4694.88,0,4694.9,4608.668092697575,4608.68,F1,True,4396773.85,8074502.9999999385,8053431.7499999385,1777320900|SHORT,EXIT_STLINE,False,SuperTrend-p14x3-M15,SHORT,S,0.5,1777406956.802,1777320900,1777321800.0,1777406400
131867.8811278828,mult3.75,0.5,4607.24,0,4607.26,4563.0764311494295,4563.14,F1,True,4314698.99,4131837.9999999898,4110766.7499999898,1777406400|SHORT,EXIT_STLINE,False,SuperTrend-p14x3-M15,SHORT,S,0.5,1777464204.967,1777406400,1777407300.0,1777464000
482899.77714406414,mult3.75,0.5,4557.94,0,4557.92,4563.0764311494295,4563.08,F1,True,4268492.08,-483233.9999999864,-504305.2499999864,1777492800|SHORT,EXIT_STLINE,False,SuperTrend-p14x3-M15,SHORT,S,0.5,1777493887.13,1777492800,1777493700.0,1777493700
3137767.637410139,mult3.75,0.5,4563.49,0,4564.0,4545.6788385834325,4545.61,F1,True,4274186.0,-1722223.5000000307,-1743294.7500000307,1777493700|LONG,EXIT_STLINE,False,SuperTrend-p14x3-M15,LONG,L,0.5,1777508903.276,1777493700,1777494600.0,1777508100
181789.76666153804,mult3.75,0.5,4547.21,0,4547.62,4545.6788385834325,4545.27,F1,True,4258846.13,-220077.4999999489,-241148.7499999489,1777508100|LONG,EXIT_STLINE,False,SuperTrend-p14x3-M15,LONG,L,0.5,1777509038.789,1777508100,1777509000.0,1777509000
2775756.7387705874,mult3.75,0.5,4544.51,0,4544.48,4574.119687546936,4574.13,F1,True,4255905.52,-2776722.500000051,-2797793.750000051,1777509000|SHORT,EXIT_STLINE,False,SuperTrend-p14x3-M15,SHORT,S,0.5,1777516295.024,1777509000,1777509900.0,1777516200
3081768.23672267,mult3.75,0.5,4575.01,0,4575.41,4609.149380520657,4609.08,F1,True,4284871.465,3153195.500000007,3132124.250000007,1777516200|LONG,EXIT_STLINE,False,SuperTrend-p14x3-M15,LONG,L,0.5,1777597191.901,1777516200,1777517100.0,1777596300
2485077.088164505,mult3.75,0.5,4609.03,0,4609.02,4592.258162613906,4592.27,F1,True,4316347.23,1568637.5,1547566.25,1777596300|SHORT,EXIT_STLINE,False,SuperTrend-p14x3-M15,SHORT,S,0.5,1777623696.21,1777596300,1777597200.0,1777623300
415497.3175451034,mult3.75,0.5,4605.82,0,4606.34,4601.903296128723,4601.88,F1,True,4313837.41,-417679.00000000343,-438750.25000000343,1777839300|LONG,EXIT_STLINE,False,SuperTrend-p14x3-M15,LONG,L,0.5,1777842284.217,1777839300,1777840200.0,1777842000
3704233.9587600306,mult3.75,0.5,4600.42,0,4600.58,4576.232265625655,4576.32,F1,True,4308443.17,2271949.0000000205,2250877.7500000205,1777842000|SHORT,EXIT_STLINE,False,SuperTrend-p14x3-M15,SHORT,S,0.5,1777882832.294,1777842000,1777842900.0,1777882500
29955.860240272614,mult3.75,0.5,4544.25,0,4544.24,4544.559870370958,4544.74,F1,True,4255680.76,-46825.0,-67896.25,1777933800|SHORT,EXIT_STLINE,False,SuperTrend-p14x3-M15,SHORT,S,0.5,1777934700.007,1777933800,1777934700.0,1777934700
543157.8602402317,mult3.75,0.5,4538.87,0,4538.76,4544.559870370958,4544.69,F1,True,4250548.74,-555344.499999942,-576415.749999942,1777934700|SHORT,EXIT_STLINE,False,SuperTrend-p14x3-M15,SHORT,S,0.5,1777943304.755,1777934700,1777935600.0,1777942800
412047.8602402658,mult3.75,0.5,4540.16,0,4540.16,4544.559870370958,4544.56,F1,True,4251859.84,-412060.0000000511,-433131.2500000511,1777942800|SHORT,EXIT_STLINE,False,SuperTrend-p14x3-M15,SHORT,S,0.5,1777944889.025,1777942800,1777943700.0,1777944600
2519622.585273225,mult3.75,0.5,4545.88,0,4546.43,4546.911829507253,4546.67,F1,True,4257731.695,22475.99999997956,1404.7499999795582,1777944600|LONG,EXIT_STLINE,False,SuperTrend-p14x3-M15,LONG,L,0.5,1778005723.95,1777944600,1777945500.0,1778004900
2358322.2336974326,mult3.75,0.5,4546.6,0,4546.53,4571.190169829202,4571.56,F1,True,4257825.345,-2344059.5000000615,-2365130.7500000615,1778004900|SHORT,EXIT_STLINE,False,SuperTrend-p14x3-M15,SHORT,S,0.5,1778007342.987,1778004900,1778005800.0,1778006700
3850685.366682966,mult3.75,0.5,4573.14,0,4573.8,4674.775680902252,4674.74,F1,True,4283363.7,9453030.999999963,9431959.749999963,1778006700|LONG,EXIT_STLINE,False,SuperTrend-p14x3-M15,LONG,L,0.5,1778055205.266,1778006700,1778007600.0,1778054400
1013005.7407531969,mult3.75,0.5,4704.06,0,4703.92,4714.736932629506,4715.16,F1,True,4405221.08,-1052625.9999999795,-1073697.2499999795,1778102100|SHORT,EXIT_STLINE,False,SuperTrend-p14x3-M15,SHORT,S,0.5,1778103604.07,1778102100,1778103000.0,1778103000
200123.7407531696,mult3.75,0.5,4712.61,0,4712.6,4714.736932629506,4714.96,F1,True,4413349.9,-221013.99999996932,-242085.24999996932,1778103000|SHORT,EXIT_STLINE,False,SuperTrend-p14x3-M15,SHORT,S,0.5,1778103938.278,1778103000,1778103900.0,1778103900
12823.740753169614,mult3.75,0.5,4714.6,0,4714.6,4714.736932629506,4715.1,F1,True,4415222.9,-46825.0,-67896.25,1778103900|SHORT,EXIT_STLINE,False,SuperTrend-p14x3-M15,SHORT,S,0.5,1778104800.187,1778103900,1778104800.0,1778104800
1006450.2407532241,mult3.75,0.5,4703.96,0,4703.99,4714.736932629506,4714.91,F1,True,4405286.635,-1022658.0000000069,-1043729.2500000069,1778104800|SHORT,EXIT_STLINE,False,SuperTrend-p14x3-M15,SHORT,S,0.5,1778120710.858,1778104800,1778105700.0,1778120100
3093781.5291644735,mult3.75,0.5,4717.24,0,4717.51,4716.538675632706,4716.49,F1,True,4417948.115,-95523.00000004089,-116594.25000004089,1778120100|LONG,EXIT_STLINE,False,SuperTrend-p14x3-M15,LONG,L,0.5,1778155763.128,1778120100,1778121000.0,1778155200
663360.362755883,mult3.75,0.5,4723.98,0,4723.93,4731.013399495525,4731.04,F1,True,4423960.445,-665851.4999999694,-686922.7499999694,1778191200|SHORT,EXIT_STLINE,False,SuperTrend-p14x3-M15,SHORT,S,0.5,1778196899.864,1778191200,1778192100.0,1778196600
580011.8627559375,mult3.75,0.5,4724.85,0,4724.82,4731.013399495525,4731.4,F1,True,4424793.93,-616216.9999999931,-637288.2499999931,1778196600|SHORT,EXIT_STLINE,False,SuperTrend-p14x3-M15,SHORT,S,0.5,1778205414.826,1778196600,1778197500.0,1778204700
337458.36275592394,mult3.75,0.5,4727.39,0,4727.41,4731.013399495525,4731.04,F1,True,4427219.465,-339949.50000001024,-361020.75000001024,1778204700|SHORT,EXIT_STLINE,False,SuperTrend-p14x3-M15,SHORT,S,0.5,1778207296.585,1778204700,1778205600.0,1778206500
3878173.1485289824,mult3.75,0.5,4733.47,0,4733.98,4700.158058567816,4685.32,F1,True,4433372.27,-4557008.999999986,-4578080.249999986,1778206500|LONG,EXIT_STLINE,False,SuperTrend-p14x3-M15,LONG,L,0.5,1778436004.604,1778206500,1778207400.0,1778436000
3168872.095858048,mult3.75,0.5,4687.27,0,4687.23,4690.259988170216,4690.3,F1,True,4389590.895,-287505.5000000579,-308576.7500000579,1778436000|SHORT,EXIT_STLINE,False,SuperTrend-p14x3-M15,SHORT,S,0.5,1778487823.764,1778436000,1778436900.0,1778487300
53890.41556652992,mult3.75,0.5,4735.04,0,4735.45,4734.874555092722,4734.62,F1,True,4434748.925,-77729.49999999319,-98800.74999999319,1778534100|LONG,EXIT_STLINE,False,SuperTrend-p14x3-M15,LONG,L,0.5,1778535000.635,1778534100,1778535000.0,1778535000
78197.7500000034,mult4.00,0.5,4347.59,0,4347.59,4348.425,4348.63,F1,True,4071518.035,-97395.9999999966,-118467.2499999966,1767309300|SHORT,EXIT_STLINE,False,SuperTrend-p14x3-M15,SHORT,S,0.5,1767310203.104,1767309300,1767310200.0,1767310200
3216113.0102040903,mult4.00,0.5,4351.38,0,4351.88,4372.89680418436,4372.71,F1,True,4075535.62,1950729.4999999932,1929658.2499999932,1767310200|LONG,EXIT_STLINE,False,SuperTrend-p14x3-M15,LONG,L,0.5,1767349857.709,1767310200,1767311100.0,1767349800
3641353.0391613753,mult4.00,0.5,4470.76,0,4470.81,4443.908701930199,4443.98,F1,True,4186913.5650000004,2512629.500000078,2491558.250000078,1767736800|SHORT,EXIT_STLINE,False,SuperTrend-p14x3-M15,SHORT,S,0.5,1767874143.938,1767736800,1767737700.0,1767873600
4154201.562679053,mult4.00,0.5,4579.6,0,4579.08,4605.989382345075,4606.08,F1,True,4288308.42,-2528550.0,-2549621.25,1768248000|SHORT,EXIT_STLINE,False,SuperTrend-p14x3-M15,SHORT,S,0.5,1768299216.779,1768248000,1768248900.0,1768298400
111384.43889437322,mult4.00,0.5,4621.41,0,4621.26,4622.449369342172,4622.46,F1,True,4327809.99,-112379.99999998296,-133451.24999998295,1768347000|SHORT,EXIT_STLINE,False,SuperTrend-p14x3-M15,SHORT,S,0.5,1768348040.417,1768347000,1768347900.0,1768347900
214399.4388944073,mult4.00,0.5,4620.43,0,4620.16,4622.449369342172,4622.48,F1,True,4326779.84,-217267.99999997276,-238339.24999997276,1768347900|SHORT,EXIT_STLINE,False,SuperTrend-p14x3-M15,SHORT,S,0.5,1768348852.898,1768347900,1768348800.0,1768348800
420429.43889439024,mult4.00,0.5,4617.96,0,4617.96,4622.449369342172,4622.48,F1,True,4324719.54,-423297.9999999557,-444369.2499999557,1768348800|SHORT,EXIT_STLINE,False,SuperTrend-p14x3-M15,SHORT,S,0.5,1768350957.735,1768348800,1768349700.0,1768350600
2982131.1188652776,mult4.00,0.5,4623.96,0,4624.47,4611.661572294249,4611.25,F1,True,4330816.155,-1238053.0000000237,-1259124.2500000237,1768350600|LONG,EXIT_STLINE,False,SuperTrend-p14x3-M15,LONG,L,0.5,1768391309.95,1768350600,1768351500.0,1768391100
313305.28817170137,mult4.00,0.5,4595.79,0,4596.25,4592.904508401797,4592.87,F1,True,4304388.125,-316537.00000001024,-337608.25000001024,1768519800|LONG,EXIT_STLINE,False,SuperTrend-p14x3-M15,LONG,L,0.5,1768521298.264,1768519800,1768520700.0,1768520700
226210.78817167412,mult4.00,0.5,4594.72,0,4595.32,4592.904508401797,4592.67,F1,True,4303517.18,-248172.49999996592,-269243.7499999659,1768520700|LONG,EXIT_STLINE,False,SuperTrend-p14x3-M15,LONG,L,0.5,1768523691.764,1768520700,1768521600.0,1768523400
345146.288171715,mult4.00,0.5,4596.09,0,4596.59,4592.904508401797,4592.65,F1,True,4304706.535,-368981.0000000477,-390052.2500000477,1768523400|LONG,EXIT_STLINE,False,SuperTrend-p14x3-M15,LONG,L,0.5,1768558603.276,1768523400,1768524300.0,1768558500
6947709.09484668,mult4.00,0.5,4654.13,0,4654.63,4659.501913995352,4659.37,F1,True,4359060.995,443900.99999997957,422829.74999997957,1768766400|LONG,EXIT_STLINE,False,SuperTrend-p14x3-M15,LONG,L,0.5,1768858199.443,1768766400,1768767300.0,1768857300
2237509.0376580115,mult4.00,0.5,4659.42,0,4659.49,4682.041453747353,4682.18,F1,True,4363612.385,-2124918.5000000475,-2145989.7500000475,1768857300|SHORT,EXIT_STLINE,False,SuperTrend-p14x3-M15,SHORT,S,0.5,1768870841.661,1768857300,1768858200.0,1768870800
170579.14343962615,mult4.00,0.5,4680.22,0,4680.22,4682.041453747353,4682.05,F1,True,4383026.03,-171379.4999999932,-192450.7499999932,1768870800|SHORT,EXIT_STLINE,False,SuperTrend-p14x3-M15,SHORT,S,0.5,1768871736.521,1768870800,1768871700.0,1768871700
2354225.5532600335,mult4.00,0.5,4685.83,0,4686.33,4834.900124725375,4833.65,F1,True,4388748.045,13796517.999999972,13775446.749999972,1768871700|LONG,EXIT_STLINE,False,SuperTrend-p14x3-M15,LONG,L,0.5,1768997951.249,1768871700,1768872600.0,1768997700
624278.5672569423,mult4.00,0.5,5085.7,0,5085.7,5092.366081871403,5092.39,F1,True,4762758.05,-626518.5000000477,-647589.7500000477,1769485500|SHORT,EXIT_STLINE,False,SuperTrend-p14x3-M15,SHORT,S,0.5,1769486926.897,1769485500,1769486400.0,1769486400
22203083.044644356,mult4.00,0.5,5212.35,0,5212.62,4712.83523241924,4713.03,F1,True,4881618.63,46786603.500000015,46765532.250000015,1769727600|SHORT,EXIT_STLINE,False,SuperTrend-p14x3-M15,SHORT,S,0.5,1770014465.281,1769727600,1769728500.0,1770013800
56210.53999455521,mult4.00,0.5,5022.11,0,5022.3,5022.9002193272245,5023.14,F1,True,4703383.95,-78666.00000001362,-99737.25000001362,1770237000|SHORT,EXIT_STLINE,False,SuperTrend-p14x3-M15,SHORT,S,0.5,1770237902.607,1770237000,1770237900.0,1770237900
1015186.5399945348,mult4.00,0.5,5012.06,0,5012.06,4802.817715495112,4802.93,F1,True,4693794.19,19585024.50000001,19563953.25000001,1770237900|SHORT,EXIT_STLINE,False,SuperTrend-p14x3-M15,SHORT,S,0.5,1770334117.272,1770237900,1770238800.0,1770333300
15702629.792021452,mult4.00,0.5,4820.24,0,4820.74,5033.33555575228,5020.01,F1,True,4514623.01,18661635.50000004,18640564.25000004,1770333300|LONG,EXIT_STLINE,False,SuperTrend-p14x3-M15,LONG,L,0.5,1770667810.582,1770333300,1770334200.0,1770667200
8313012.810306377,mult4.00,0.5,5013.04,0,5013.21,5077.2797574421675,5077.49,F1,True,4694871.165,-6019821.999999976,-6040893.249999976,1770667200|SHORT,EXIT_STLINE,False,SuperTrend-p14x3-M15,SHORT,S,0.5,1770723075.389,1770667200,1770668100.0,1770723000
147167.9416500653,mult4.00,0.5,4988.22,0,4988.31,4989.881467609718,4989.94,F1,True,4671552.315,-152649.49999992506,-173720.74999992506,1770939900|SHORT,EXIT_STLINE,False,SuperTrend-p14x3-M15,SHORT,S,0.5,1770945351.216,1770939900,1770940800.0,1770945300
438419.44165011984,mult4.00,0.5,4985.18,0,4985.2,4989.881467609718,4990.1,F1,True,4668639.8,-458885.0000000511,-479956.2500000511,1770945300|SHORT,EXIT_STLINE,False,SuperTrend-p14x3-M15,SHORT,S,0.5,1770978616.217,1770945300,1770946200.0,1770978600
710869.180880002,mult4.00,0.5,4987.38,0,4987.82,4980.229298655846,4980.2,F1,True,4671093.43,-713612.9999999898,-734684.2499999898,1771202700|LONG,EXIT_STLINE,False,SuperTrend-p14x3-M15,LONG,L,0.5,1771203963.724,1771202700,1771203600.0,1771203600
5202839.3840564,mult4.00,0.5,4976.51,0,4976.53,4942.187832819611,4943.13,F1,True,4660520.345,3127909.999999966,3106838.749999966,1771203600|SHORT,EXIT_STLINE,False,SuperTrend-p14x3-M15,SHORT,S,0.5,1771319728.015,1771203600,1771204500.0,1771319700
4593956.429905755,mult4.00,0.5,4919.13,0,4919.66,4965.448980378529,4963.04,F1,True,4607261.59,4062537.0000000102,4041465.7500000102,1771373700|LONG,EXIT_STLINE,False,SuperTrend-p14x3-M15,LONG,L,0.5,1771444899.998,1771373700,1771374600.0,1771444800
1109847.987550768,mult4.00,0.5,4976.8,0,4977.3,4965.448980378529,4965.11,F1,True,4661241.45,-1141593.5000000477,-1162664.7500000477,1771444800|LONG,EXIT_STLINE,False,SuperTrend-p14x3-M15,LONG,L,0.5,1771448557.83,1771444800,1771445700.0,1771448400
266997.9875507681,mult4.00,0.5,4967.8,0,4968.3,4965.448980378529,4965.33,F1,True,4652812.95,-278140.50000002387,-299211.75000002387,1771448400|LONG,EXIT_STLINE,False,SuperTrend-p14x3-M15,LONG,L,0.5,1771449781.88,1771448400,1771449300.0,1771449300
205188.98755078175,mult4.00,0.5,4967.14,0,4967.64,4965.448980378529,4965.12,F1,True,4652194.86,-235998.0000000409,-257069.2500000409,1771449300|LONG,EXIT_STLINE,False,SuperTrend-p14x3-M15,LONG,L,0.5,1771450537.981,1771449300,1771450200.0,1771450200
3856373.9303215398,mult4.00,0.5,4965.11,0,4965.11,4999.689217694323,4999.77,F1,True,4649825.515,-3245909.0000000717,-3266980.2500000717,1771450200|SHORT,EXIT_STLINE,False,SuperTrend-p14x3-M15,SHORT,S,0.5,1771470067.637,1771450200,1771451100.0,1771470000
72973.73707335378,mult4.00,0.5,4998.84,0,4998.91,4999.689217694323,4999.71,F1,True,4681479.215,-74920.00000001704,-95991.25000001704,1771470000|SHORT,EXIT_STLINE,False,SuperTrend-p14x3-M15,SHORT,S,0.5,1771470902.259,1771470000,1771470900.0,1771470900
2613406.7250059936,mult4.00,0.5,5001.38,0,5001.59,4991.737581089068,4991.51,F1,True,4683989.035,-943991.9999999931,-965063.2499999931,1771470900|LONG,EXIT_STLINE,False,SuperTrend-p14x3-M15,LONG,L,0.5,1771484595.119,1771470900,1771471800.0,1771484400
6583283.205823819,mult4.00,0.5,5185.16,0,5185.32,5166.434455359136,5166.5,F1,True,4856052.18,1762492.9999999728,1741421.7499999728,1771884000|SHORT,EXIT_STLINE,False,SuperTrend-p14x3-M15,SHORT,S,0.5,1771945316.814,1771884000,1771884900.0,1771945200
1056468.6957581057,mult4.00,0.5,5135.6,0,5136.1,5164.66013107854,5164.6,F1,True,4809957.65,2669025.0,2647953.75,1771963200|LONG,EXIT_STLINE,False,SuperTrend-p14x3-M15,LONG,L,0.5,1772007066.525,1771963200,1771964100.0,1772006400
385456.8889655998,mult4.00,0.5,5200.34,0,5200.34,5198.349727122015,5198.4,F1,True,4870118.41,181681.0000000477,160609.7500000477,1772072100|SHORT,EXIT_STLINE,False,SuperTrend-p14x3-M15,SHORT,S,0.5,1772126088.83,1772072100,1772073000.0,1772125200
383939.44497669383,mult4.00,0.5,5194.41,0,5194.25,5198.349727122015,5198.55,F1,True,4864415.125,-402695.00000001705,-423766.25000001705,1772146800|SHORT,EXIT_STLINE,False,SuperTrend-p14x3-M15,SHORT,S,0.5,1772161064.671,1772146800,1772147700.0,1772160300
64592.94497670744,mult4.00,0.5,5197.66,0,5197.66,5198.349727122015,5198.62,F1,True,4867608.59,-89904.0000000034,-110975.2500000034,1772160300|SHORT,EXIT_STLINE,False,SuperTrend-p14x3-M15,SHORT,S,0.5,1772161204.922,1772160300,1772161200.0,1772161200
130147.9449766904,mult4.00,0.5,5196.96,0,5196.96,5198.349727122015,5198.96,F1,True,4866953.04,-187300.0,-208371.25,1772161200|SHORT,EXIT_STLINE,False,SuperTrend-p14x3-M15,SHORT,S,0.5,1772162158.256,1772161200,1772162100.0,1772162100
473843.4449766972,mult4.00,0.5,5193.29,0,5193.29,5198.349727122015,5198.38,F1,True,4863516.085,-476678.5000000136,-497749.7500000136,1772162100|SHORT,EXIT_STLINE,False,SuperTrend-p14x3-M15,SHORT,S,0.5,1772186834.605,1772162100,1772163000.0,1772186400
8596821.14307563,mult4.00,0.5,5189.68,0,5190.06,5145.347712031008,5143.87,F1,True,4860491.19,-4325693.5000000475,-4346764.7500000475,1772578800|LONG,EXIT_STLINE,False,SuperTrend-p14x3-M15,LONG,L,0.5,1772624911.155,1772578800,1772579700.0,1772624700
5354731.276921731,mult4.00,0.5,5191.89,0,5192.36,5140.732395260231,5139.73,F1,True,4862645.14,-4928799.50000001,-4949870.75000001,1772667900|LONG,EXIT_STLINE,False,SuperTrend-p14x3-M15,LONG,L,0.5,1772680130.043,1772667900,1772668800.0,1772679600
5369126.176410466,mult4.00,0.5,5131.88,0,5132.49,5131.241931923805,5131.39,F1,True,4806576.885,103014.9999999489,81943.7499999489,1772679600|SHORT,EXIT_STLINE,False,SuperTrend-p14x3-M15,SHORT,S,0.5,1772751051.207,1772679600,1772680500.0,1772750700
6771800.232770139,mult4.00,0.5,5134.62,0,5134.75,5084.537588973479,5084.3,F1,True,4808693.375,-4724642.499999983,-4745713.749999983,1772750700|LONG,EXIT_STLINE,False,SuperTrend-p14x3-M15,LONG,L,0.5,1772780268.703,1772750700,1772751600.0,1772779500
2320274.177245167,mult4.00,0.5,5129.99,0,5130.49,5105.713981022475,5105.66,F1,True,4804703.885,-2325329.499999993,-2346400.749999993,1772999100|LONG,EXIT_STLINE,False,SuperTrend-p14x3-M15,LONG,L,0.5,1773000639.912,1772999100,1773000000.0,1773000000
9956924.955748916,mult4.00,0.5,5101.57,0,5101.65,5136.5367864894715,5136.92,F1,True,4777695.225,-3303035.500000041,-3324106.750000041,1773000000|SHORT,EXIT_STLINE,False,SuperTrend-p14x3-M15,SHORT,S,0.5,1773073203.966,1773000000,1773000900.0,1773072900
544631.6587233051,mult4.00,0.5,5190.99,0,5191.49,5185.674392325432,5185.66,F1,True,4861830.385,-545979.4999999931,-567050.7499999931,1773169200|LONG,EXIT_STLINE,False,SuperTrend-p14x3-M15,LONG,L,0.5,1773172331.804,1773169200,1773170100.0,1773171900
370442.65872333583,mult4.00,0.5,5189.13,0,5189.63,5185.674392325432,5185.24,F1,True,4860088.495,-411123.5000000307,-432194.7500000307,1773171900|LONG,EXIT_STLINE,False,SuperTrend-p14x3-M15,LONG,L,0.5,1773203858.976,1773171900,1773172800.0,1773203400
3826815.495967785,mult4.00,0.5,5113.47,0,5114.08,5088.148059020882,5087.74,F1,True,4789335.92,-2466741.0000000135,-2487812.2500000135,1773351900|LONG,EXIT_STLINE,False,SuperTrend-p14x3-M15,LONG,L,0.5,1773373089.015,1773351900,1773352800.0,1773372600
3300412.321830278,mult4.00,0.5,5039.58,0,5040.08,5008.259581127457,5008.09,F1,True,4720034.92,-2995863.4999999795,-3016934.7499999795,1773711000|LONG,EXIT_STLINE,False,SuperTrend-p14x3-M15,LONG,L,0.5,1773716929.322,1773711000,1773711900.0,1773716400
9689549.583874693,mult4.00,0.5,4670.85,0,4671.36,4661.375785627881,4661.35,F1,True,4374728.64,-937436.4999999353,-958507.7499999353,1773946800|LONG,EXIT_STLINE,False,SuperTrend-p14x3-M15,LONG,L,0.5,1773989885.697,1773946800,1773947700.0,1773989100
76570.14941279503,mult4.00,0.5,4331.3,0,4331.6,4330.7823796111825,4330.78,F1,True,4056543.4000000004,-76793.00000005792,-97864.25000005792,1774303200|LONG,EXIT_STLINE,False,SuperTrend-p14x3-M15,LONG,L,0.5,1774305775.413,1774303200,1774304100.0,1774305000
14924510.964958383,mult4.00,0.5,4321.32,0,4321.56,4435.245399771824,4435.8,F1,True,4047140.9400000004,-10698575.99999998,-10719647.24999998,1774305000|SHORT,EXIT_STLINE,False,SuperTrend-p14x3-M15,SHORT,S,0.5,1774338959.166,1774305000,1774305900.0,1774338300
477238.1238449793,mult4.00,0.5,4435.88,0,4435.9,4440.9959756950875,4441.09,F1,True,4154220.3499999996,-486043.5000000477,-507114.7500000477,1774571400|SHORT,EXIT_STLINE,False,SuperTrend-p14x3-M15,SHORT,S,0.5,1774575310.071,1774571400,1774572300.0,1774575000
5396550.744772204,mult4.00,0.5,4441.26,0,4441.77,4409.151774261625,4409.14,F1,True,4159717.6050000004,-3055799.5000000102,-3076870.7500000102,1774575000|LONG,EXIT_STLINE,False,SuperTrend-p14x3-M15,LONG,L,0.5,1774598700.407,1774575000,1774575900.0,1774598400
7934044.870043001,mult4.00,0.5,4451.99,0,4452.37,4515.142706344579,4515.3,F1,True,4169644.505,-5893394.500000027,-5914465.750000027,1774816200|SHORT,EXIT_STLINE,False,SuperTrend-p14x3-M15,SHORT,S,0.5,1774830216.037,1774816200,1774817100.0,1774829700
776611.9491697877,mult4.00,0.5,4506.83,0,4506.85,4515.142706344579,4515.29,F1,True,4220665.025,-790405.9999999625,-811477.2499999625,1774829700|SHORT,EXIT_STLINE,False,SuperTrend-p14x3-M15,SHORT,S,0.5,1774837469.369,1774829700,1774830600.0,1774836900
929261.4491697978,mult4.00,0.5,4505.25,0,4505.22,4515.142706344579,4515.47,F1,True,4219138.53,-959912.5,-980983.75,1774836900|SHORT,EXIT_STLINE,False,SuperTrend-p14x3-M15,SHORT,S,0.5,1774838108.219,1774836900,1774837800.0,1774837800
446027.4491698115,mult4.00,0.5,4510.31,0,4510.38,4515.142706344579,4515.94,F1,True,4223970.87,-520693.9999999523,-541765.2499999523,1774837800|SHORT,EXIT_STLINE,False,SuperTrend-p14x3-M15,SHORT,S,0.5,1774838952.673,1774837800,1774838700.0,1774838700
6356401.474511408,mult4.00,0.5,4522.19,0,4522.83,4514.825822600315,4514.74,F1,True,4235630.295,-757628.5000000136,-778699.7500000136,1774838700|LONG,EXIT_STLINE,False,SuperTrend-p14x3-M15,LONG,L,0.5,1774869697.77,1774838700,1774839600.0,1774869300
8363943.328572354,mult4.00,0.5,4581.29,0,4581.81,4744.322772178306,4744.28,F1,True,4290865.065,15215315.499999939,15194244.249999939,1774908900|LONG,EXIT_STLINE,False,SuperTrend-p14x3-M15,LONG,L,0.5,1775081060.939,1774908900,1774909800.0,1775080800
648734.8855016461,mult4.00,0.5,4750.79,0,4751.25,4744.322772178306,4744.32,F1,True,4449545.625,-648994.5000000272,-670065.7500000272,1775080800|LONG,EXIT_STLINE,False,SuperTrend-p14x3-M15,LONG,L,0.5,1775081770.801,1775080800,1775081700.0,1775081700
9410336.092784831,mult4.00,0.5,4697.04,0,4697.0,4667.100490246787,4667.11,F1,True,4398740.5,2799198.5000000307,2778127.2500000307,1775081700|SHORT,EXIT_STLINE,False,SuperTrend-p14x3-M15,SHORT,S,0.5,1775128983.709,1775081700,1775082600.0,1775128500
1188700.5512891202,mult4.00,0.5,4630.3,0,4631.58,4618.886988240372,4618.42,F1,True,4337474.67,-1232433.9999999863,-1253505.2499999863,1775412000|LONG,EXIT_STLINE,False,SuperTrend-p14x3-M15,LONG,L,0.5,1775414859.364,1775412000,1775412900.0,1775414700
2610307.5512891477,mult4.00,0.5,4645.46,0,4646.76,4618.886988240372,4618.76,F1,True,4351690.74,-2622200.0,-2643271.25,1775414700|LONG,EXIT_STLINE,False,SuperTrend-p14x3-M15,LONG,L,0.5,1775417082.445,1775414700,1775415600.0,1775416500
8281229.22964516,mult4.00,0.5,4609.58,0,4610.07,4686.081189066726,4686.18,F1,True,4317330.555,-7127701.500000055,-7148772.750000055,1775416500|SHORT,EXIT_STLINE,False,SuperTrend-p14x3-M15,SHORT,S,0.5,1775447641.015,1775416500,1775417400.0,1775447100
134030.85609896498,mult4.00,0.5,4684.65,0,4684.65,4686.081189066726,4686.23,F1,True,4387174.725,-147966.9999999932,-169038.2499999932,1775447100|SHORT,EXIT_STLINE,False,SuperTrend-p14x3-M15,SHORT,S,0.5,1775448055.504,1775447100,1775448000.0,1775448000
5834820.202172991,mult4.00,0.5,4689.47,0,4690.1,4655.06691111052,4655.01,F1,True,4392278.65,-3286178.5000000135,-3307249.7500000135,1775448000|LONG,EXIT_STLINE,False,SuperTrend-p14x3-M15,LONG,L,0.5,1775475483.802,1775448000,1775448900.0,1775475000
215723.7086297755,mult4.00,0.5,4753.83,0,4754.52,4752.216490030649,4752.09,F1,True,4452607.98,-227569.50000002724,-248640.75000002724,1775764800|LONG,EXIT_STLINE,False,SuperTrend-p14x3-M15,LONG,L,0.5,1775765837.761,1775764800,1775765700.0,1775765700
176390.7086297687,mult4.00,0.5,4753.55,0,4754.1,4752.216490030649,4752.21,F1,True,4452214.65,-176998.50000003068,-198069.75000003068,1775765700|LONG,EXIT_STLINE,False,SuperTrend-p14x3-M15,LONG,L,0.5,1775772790.784,1775765700,1775766600.0,1775772000
3542796.3656118694,mult4.00,0.5,4752.16,0,4752.25,4771.920797311148,4772.41,F1,True,4450482.125,-1887983.9999999863,-1909055.2499999863,1775772000|SHORT,EXIT_STLINE,False,SuperTrend-p14x3-M15,SHORT,S,0.5,1775809801.552,1775772000,1775772900.0,1775809800
8190260.777259846,mult4.00,0.5,4676.54,1,4647.25,4717.285147774817,4718.15,F1,True,4352149.625,-6639784.999999966,-6660856.249999966,1776016800|SHORT,EXIT_STLINE,False,SuperTrend-p14x3-M15,SHORT,S,0.5,1776028242.741,1776016800,1776018600.0,1776027600
215877.08911167475,mult4.00,0.5,4714.74,0,4714.98,4717.285147774817,4717.29,F1,True,4415578.77,-216331.5000000375,-237402.7500000375,1776027600|SHORT,EXIT_STLINE,False,SuperTrend-p14x3-M15,SHORT,S,0.5,1776028639.588,1776027600,1776028500.0,1776028500
47307.089111657704,mult4.00,0.5,4717.25,0,4716.78,4717.285147774817,4717.38,F1,True,4417264.47,-56190.000000034066,-77261.25000003407,1776028500|SHORT,EXIT_STLINE,False,SuperTrend-p14x3-M15,SHORT,S,0.5,1776029400.315,1776028500,1776029400.0,1776029400
295479.58911162365,mult4.00,0.5,4714.13,0,4714.13,4717.285147774817,4717.33,F1,True,4414782.745,-299679.99999998295,-320751.24999998295,1776029400|SHORT,EXIT_STLINE,False,SuperTrend-p14x3-M15,SHORT,S,0.5,1776030508.828,1776029400,1776030300.0,1776030300
5974624.859656374,mult4.00,0.5,4721.12,0,4721.58,4755.615623293788,4755.59,F1,True,4421759.67,3185036.5000000205,3163965.2500000205,1776030300|LONG,EXIT_STLINE,False,SuperTrend-p14x3-M15,LONG,L,0.5,1776148742.186,1776030300,1776031200.0,1776148200
194728.18267047856,mult4.00,0.5,4816.65,0,4817.2,4815.120681445056,4814.85,F1,True,4511307.8,-220077.4999999489,-241148.7499999489,1776216600|LONG,EXIT_STLINE,False,SuperTrend-p14x3-M15,LONG,L,0.5,1776217550.197,1776216600,1776217500.0,1776217500
469122.68267050583,mult4.00,0.5,4819.51,0,4820.13,4815.120681445056,4815.08,F1,True,4514051.745,-472932.50000001705,-494003.75000001705,1776217500|LONG,EXIT_STLINE,False,SuperTrend-p14x3-M15,LONG,L,0.5,1776219612.21,1776217500,1776218400.0,1776219300
3308874.9415415647,mult4.00,0.5,4814.53,0,4814.58,4818.126070899124,4819.89,F1,True,4508854.17,-497281.5000000375,-518352.7500000375,1776219300|SHORT,EXIT_STLINE,False,SuperTrend-p14x3-M15,SHORT,S,0.5,1776281431.039,1776219300,1776220200.0,1776281400
3075302.8688746253,mult4.00,0.5,4823.01,0,4823.46,4808.791898235801,4808.35,F1,True,4517170.29,-1415051.4999999693,-1436122.7499999693,1776281400|LONG,EXIT_STLINE,False,SuperTrend-p14x3-M15,LONG,L,0.5,1776312303.957,1776281400,1776282300.0,1776312000
74146.79315060699,mult4.00,0.5,4804.91,0,4804.89,4805.681743653504,4805.71,F1,True,4499779.485,-76792.99999997274,-97864.24999997274,1776387600|SHORT,EXIT_STLINE,False,SuperTrend-p14x3-M15,SHORT,S,0.5,1776389406.21,1776387600,1776388500.0,1776389400
868298.7931506513,mult4.00,0.5,4796.3,0,4796.41,4805.681743653504,4805.74,F1,True,4491837.965,-873754.4999999931,-894825.7499999931,1776389400|SHORT,EXIT_STLINE,False,SuperTrend-p14x3-M15,SHORT,S,0.5,1776411948.052,1776389400,1776390300.0,1776411900
4111963.682292358,mult4.00,0.5,4790.3,0,4790.21,4802.61125745688,4802.65,F1,True,4486031.665,-1165005.9999999625,-1186077.2499999625,1776621600|SHORT,EXIT_STLINE,False,SuperTrend-p14x3-M15,SHORT,S,0.5,1776634086.416,1776621600,1776622500.0,1776633300
6012262.917209311,mult4.00,0.5,4802.66,0,4803.24,4803.586936102874,4803.55,F1,True,4498234.26,29031.50000003748,7960.2500000374785,1776633300|LONG,EXIT_STLINE,False,SuperTrend-p14x3-M15,LONG,L,0.5,1776723673.202,1776633300,1776634200.0,1776723300
413283.43396589195,mult4.00,0.5,4807.47,0,4808.0,4803.586936102874,4803.56,F1,True,4502692.0,-415805.9999999625,-436877.2499999625,1776723300|LONG,EXIT_STLINE,False,SuperTrend-p14x3-M15,LONG,L,0.5,1776724283.155,1776723300,1776724200.0,1776724200
302776.4339658647,mult4.00,0.5,4806.35,0,4806.82,4803.586936102874,4803.56,F1,True,4501586.93,-305298.9999999353,-326370.2499999353,1776724200|LONG,EXIT_STLINE,False,SuperTrend-p14x3-M15,LONG,L,0.5,1776725348.805,1776724200,1776725100.0,1776725100
374886.93396590557,mult4.00,0.5,4806.69,0,4807.59,4803.586936102874,4803.24,F1,True,4502308.035,-407377.50000003405,-428448.75000003405,1776725100|LONG,EXIT_STLINE,False,SuperTrend-p14x3-M15,LONG,L,0.5,1776726517.756,1776725100,1776726000.0,1776726000
2813454.3065117607,mult4.00,0.5,4800.29,0,4800.37,4740.091629158868,4740.1,F1,True,4495546.505,5644285.499999955,5623214.249999955,1776726000|SHORT,EXIT_STLINE,False,SuperTrend-p14x3-M15,SHORT,S,0.5,1776801146.381,1776726000,1776726900.0,1776800700
181833.57072804778,mult4.00,0.5,4737.91,0,4738.15,4740.091629158868,4740.1,F1,True,4437277.475,-182617.50000006813,-203688.75000006813,1776800700|SHORT,EXIT_STLINE,False,SuperTrend-p14x3-M15,SHORT,S,0.5,1776801608.266,1776800700,1776801600.0,1776801600
4460803.513102843,mult4.00,0.5,4742.74,0,4743.26,4739.7393308062865,4739.5,F1,True,4442062.99,-352124.00000002043,-373195.25000002043,1776801600|LONG,EXIT_STLINE,False,SuperTrend-p14x3-M15,LONG,L,0.5,1776848733.971,1776801600,1776802500.0,1776848400
280076.1699912294,mult4.00,0.5,4742.19,0,4742.73,4739.7393308062865,4739.72,F1,True,4441566.645,-281886.4999999353,-302957.7499999353,1776848400|LONG,EXIT_STLINE,False,SuperTrend-p14x3-M15,LONG,L,0.5,1776849385.347,1776848400,1776849300.0,1776849300
998371.6699912363,mult4.00,0.5,4749.94,0,4750.4,4739.7393308062865,4739.73,F1,True,4448749.6,-999245.5000000069,-1020316.7500000069,1776849300|LONG,EXIT_STLINE,False,SuperTrend-p14x3-M15,LONG,L,0.5,1776853840.427,1776849300,1776850200.0,1776853800
3823004.5139607606,mult4.00,0.5,4732.92,0,4732.92,4744.030954769085,4744.06,F1,True,4432379.58,-1043261.0000000306,-1064332.2500000307,1776853800|SHORT,EXIT_STLINE,False,SuperTrend-p14x3-M15,SHORT,S,0.5,1776889815.059,1776853800,1776854700.0,1776889800
3844698.6695770733,mult4.00,0.5,4744.72,0,4745.07,4706.293869304781,4706.2,F1,True,4443758.055,-3640175.4999999898,-3661246.7499999898,1776889800|LONG,EXIT_STLINE,False,SuperTrend-p14x3-M15,LONG,L,0.5,1776896102.191,1776889800,1776890700.0,1776896100
739472.6396072354,mult4.00,0.5,4713.66,0,4714.19,4706.293869304781,4706.1,F1,True,4414838.935,-757628.4999999284,-778699.7499999284,1776896100|LONG,EXIT_STLINE,False,SuperTrend-p14x3-M15,LONG,L,0.5,1776897757.266,1776896100,1776897000.0,1776897000
5090381.308483597,mult4.00,0.5,4701.13,0,4701.18,4723.847967611418,4723.89,F1,True,4402655.07,-2126791.5000000033,-2147862.7500000033,1776897000|SHORT,EXIT_STLINE,False,SuperTrend-p14x3-M15,SHORT,S,0.5,1776931241.702,1776897000,1776897900.0,1776931200
3825627.892412069,mult4.00,0.5,4685.14,1,4686.44,4706.4061372366505,4706.53,F1,True,4388851.06,-1881428.5000000137,-1902499.7500000137,1777226400|SHORT,EXIT_STLINE,False,SuperTrend-p14x3-M15,SHORT,S,0.5,1777237361.284,1777226400,1777228200.0,1777237200
1284516.2522123535,mult4.00,0.5,4692.66,0,4692.69,4706.4061372366505,4706.48,F1,True,4394704.185,-1291433.4999999965,-1312504.7499999965,1777237200|SHORT,EXIT_STLINE,False,SuperTrend-p14x3-M15,SHORT,S,0.5,1777240279.375,1777237200,1777238100.0,1777239900
367682.752212357,mult4.00,0.5,4702.49,0,4702.48,4706.4061372366505,4706.46,F1,True,4403872.52,-372727.0000000443,-393798.2500000443,1777239900|SHORT,EXIT_STLINE,False,SuperTrend-p14x3-M15,SHORT,S,0.5,1777240894.678,1777239900,1777240800.0,1777240800
657997.7522123059,mult4.00,0.5,4699.48,0,4699.38,4706.4061372366505,4706.44,F1,True,4400969.37,-661168.9999999523,-682240.2499999523,1777240800|SHORT,EXIT_STLINE,False,SuperTrend-p14x3-M15,SHORT,S,0.5,1777241869.58,1777240800,1777241700.0,1777241700
81113.75221231951,mult4.00,0.5,4705.56,0,4705.54,4706.4061372366505,4706.49,F1,True,4406738.21,-88967.49999998296,-110038.74999998296,1777241700|SHORT,EXIT_STLINE,False,SuperTrend-p14x3-M15,SHORT,S,0.5,1777242665.173,1777241700,1777242600.0,1777242600
3662044.259876567,mult4.00,0.5,4713.32,0,4713.9,4697.1423774979685,4696.94,F1,True,4414567.35,-1588304.0000000035,-1609375.2500000035,1777242600|LONG,EXIT_STLINE,False,SuperTrend-p14x3-M15,LONG,L,0.5,1777279332.847,1777242600,1777243500.0,1777278600
241317.8045016306,mult4.00,0.5,4697.75,0,4697.79,4565.955193226057,4566.16,F1,True,4399480.335,12327149.50000001,12306078.25000001,1777320000|SHORT,EXIT_STLINE,False,SuperTrend-p14x3-M15,SHORT,S,0.5,1777492813.361,1777320000,1777320900.0,1777492800
752495.8456202704,mult4.00,0.5,4557.94,0,4557.92,4565.955193226057,4565.98,F1,True,4268492.08,-754818.9999999523,-775890.2499999523,1777492800|SHORT,EXIT_STLINE,False,SuperTrend-p14x3-M15,SHORT,S,0.5,1777494626.974,1777492800,1777493700.0,1777494600
3405858.872638408,mult4.00,0.5,4566.86,0,4567.36,4543.506094488995,4543.5,F1,True,4277332.64,-2234488.9999999693,-2255560.2499999693,1777494600|LONG,EXIT_STLINE,False,SuperTrend-p14x3-M15,LONG,L,0.5,1777509056.169,1777494600,1777495500.0,1777509000
138031.25110560763,mult4.00,0.5,4544.51,0,4544.98,4543.506094488995,4543.48,F1,True,4256373.77,-140475.0,-161546.25,1777509000|LONG,EXIT_STLINE,False,SuperTrend-p14x3-M15,LONG,L,0.5,1777510681.507,1777509000,1777509900.0,1777509900
3202705.138021874,mult4.00,0.5,4541.96,0,4541.92,4576.118666716731,4576.32,F1,True,4253508.08,-3221559.999999966,-3242631.249999966,1777509900|SHORT,EXIT_STLINE,False,SuperTrend-p14x3-M15,SHORT,S,0.5,1777516349.653,1777509900,1777510800.0,1777516200
113191.63802189432,mult4.00,0.5,4575.01,0,4574.91,4576.118666716731,4576.27,F1,True,4284403.215,-127364.00000005451,-148435.2500000545,1777516200|SHORT,EXIT_STLINE,False,SuperTrend-p14x3-M15,SHORT,S,0.5,1777517118.222,1777516200,1777517100.0,1777517100
4039667.4439920215,mult4.00,0.5,4589.35,0,4590.29,4607.613339222035,4607.47,F1,True,4298806.585,1608907.0000000272,1587835.7500000272,1777517100|LONG,EXIT_STLINE,False,SuperTrend-p14x3-M15,LONG,L,0.5,1777597461.928,1777517100,1777518000.0,1777597200
658983.2818563514,mult4.00,0.5,4614.13,0,4614.65,4607.613339222035,4607.59,F1,True,4321619.725,-661168.9999999523,-682240.2499999523,1777597200|LONG,EXIT_STLINE,False,SuperTrend-p14x3-M15,LONG,L,0.5,1777599944.203,1777597200,1777598100.0,1777599900
2769275.3197853444,mult4.00,0.5,4604.79,0,4604.76,4594.109373454833,4594.35,F1,True,4312357.74,974896.4999999864,953825.2499999864,1777599900|SHORT,EXIT_STLINE,False,SuperTrend-p14x3-M15,SHORT,S,0.5,1777623769.516,1777599900,1777600800.0,1777623300
234763.4553813798,mult4.00,0.5,4600.42,0,4601.08,4598.573182537305,4598.52,F1,True,4308911.42,-239743.9999999523,-260815.2499999523,1777842000|LONG,EXIT_STLINE,False,SuperTrend-p14x3-M15,LONG,L,0.5,1777843181.731,1777842000,1777842900.0,1777842900
3999450.849629012,mult4.00,0.5,4594.46,0,4594.41,4578.951083334032,4578.96,F1,True,4302664.965,1446892.499999983,1425821.249999983,1777842900|SHORT,EXIT_STLINE,False,SuperTrend-p14x3-M15,SHORT,S,0.5,1777882845.258,1777842900,1777843800.0,1777882500
704578.4342561922,mult4.00,0.5,4538.87,0,4538.76,4546.283528395688,4546.48,F1,True,4250548.74,-722977.9999999386,-744049.2499999386,1777934700|SHORT,EXIT_STLINE,False,SuperTrend-p14x3-M15,SHORT,S,0.5,1777944896.466,1777934700,1777935600.0,1777944600
33107.9342561854,mult4.00,0.5,4545.88,0,4545.93,4546.283528395688,4546.43,F1,True,4257263.445,-46825.0,-67896.25,1777944600|SHORT,EXIT_STLINE,False,SuperTrend-p14x3-M15,SHORT,S,0.5,1777945500.015,1777944600,1777945500.0,1777945500
66821.93425623991,mult4.00,0.5,4545.52,0,4545.57,4546.283528395688,4546.29,F1,True,4256926.305,-67428.00000002385,-88499.25000002385,1777945500|SHORT,EXIT_STLINE,False,SuperTrend-p14x3-M15,SHORT,S,0.5,1777946401.205,1777945500,1777946400.0,1777946400
266296.43425625016,mult4.00,0.5,4543.39,0,4543.44,4546.283528395688,4546.45,F1,True,4254931.56,-281886.50000002043,-302957.75000002043,1777946400|SHORT,EXIT_STLINE,False,SuperTrend-p14x3-M15,SHORT,S,0.5,1777948623.518,1777946400,1777947300.0,1777948200
12504.934256246725,mult4.00,0.5,4546.16,0,4546.15,4546.283528395688,4546.65,F1,True,4257469.475,-46825.0,-67896.25,1777948200|SHORT,EXIT_STLINE,False,SuperTrend-p14x3-M15,SHORT,S,0.5,1777949100.067,1777948200,1777949100.0,1777949100
2781660.0368420193,mult4.00,0.5,4547.89,0,4548.39,4672.090392962402,4671.86,F1,True,4259567.235,11562965.499999939,11541894.249999939,1777949100|LONG,EXIT_STLINE,False,SuperTrend-p14x3-M15,LONG,L,0.5,1778055276.163,1777949100,1777950000.0,1778054400
55874.03693966967,mult4.00,0.5,4733.47,0,4733.48,4734.07662612856,4734.25,F1,True,4432904.02,-72110.50000004089,-93181.75000004089,1778206500|SHORT,EXIT_STLINE,False,SuperTrend-p14x3-M15,SHORT,S,0.5,1778207400.225,1778206500,1778207400.0,1778207400
481981.53693960153,mult4.00,0.5,4729.01,0,4728.93,4734.07662612856,4734.42,F1,True,4428642.945,-514138.49999997957,-535209.7499999795,1778207400|SHORT,EXIT_STLINE,False,SuperTrend-p14x3-M15,SHORT,S,0.5,1778232633.28,1778207400,1778208300.0,1778232600
3361587.5355819566,mult4.00,0.5,4687.27,0,4687.23,4692.481654048231,4692.53,F1,True,4389590.895,-496345.00000001705,-517416.25000001705,1778436000|SHORT,EXIT_STLINE,False,SuperTrend-p14x3-M15,SHORT,S,0.5,1778487830.125,1778436000,1778436900.0,1778487300
78197.7500000034,mult4.25,0.5,4347.59,0,4347.59,4348.425,4348.63,F1,True,4071518.035,-97395.9999999966,-118467.2499999966,1767309300|SHORT,EXIT_STLINE,False,SuperTrend-p14x3-M15,SHORT,S,0.5,1767310203.104,1767309300,1767310200.0,1767310200
3402487.2608418195,mult4.25,0.5,4351.38,0,4351.88,4371.414104445883,4370.89,F1,True,4075535.62,1780286.5000000205,1759215.2500000205,1767310200|LONG,EXIT_STLINE,False,SuperTrend-p14x3-M15,LONG,L,0.5,1767349901.47,1767310200,1767311100.0,1767349800
3773443.8697340167,mult4.25,0.5,4470.76,0,4470.81,4445.727995800836,4445.77,F1,True,4186913.5650000004,2344995.9999999967,2323924.7499999967,1767736800|SHORT,EXIT_STLINE,False,SuperTrend-p14x3-M15,SHORT,S,0.5,1767874201.806,1767736800,1767737700.0,1767873600
4335934.066596481,mult4.25,0.5,4579.6,0,4579.08,4607.5443437416425,4608.5,F1,True,4288308.42,-2755183.000000007,-2776254.250000007,1768248000|SHORT,EXIT_STLINE,False,SuperTrend-p14x3-M15,SHORT,S,0.5,1768300210.767,1768248000,1768248900.0,1768300200
110122.32570020383,mult4.25,0.5,4623.96,0,4623.97,4625.145892426057,4625.23,F1,True,4330347.905,-117998.99999993527,-139070.24999993527,1768350600|SHORT,EXIT_STLINE,False,SuperTrend-p14x3-M15,SHORT,S,0.5,1768351594.723,1768350600,1768351500.0,1768351500
3060898.3735425533,mult4.25,0.5,4628.05,0,4628.55,4610.04104556264,4610.04,F1,True,4334637.075,-1733461.5000000205,-1754532.7500000205,1768351500|LONG,EXIT_STLINE,False,SuperTrend-p14x3-M15,LONG,L,0.5,1768391317.613,1768351500,1768352400.0,1768391100
456007.35305743717,mult4.25,0.5,4595.79,0,4596.25,4591.380727676909,4591.08,F1,True,4304388.125,-484170.5000000068,-505241.7500000068,1768519800|LONG,EXIT_STLINE,False,SuperTrend-p14x3-M15,LONG,L,0.5,1768558605.614,1768519800,1768520700.0,1768558500
7277140.710149583,mult4.25,0.5,4654.13,0,4654.63,4832.40294502071,4831.21,F1,True,4359060.995,16536716.999999993,16515645.749999993,1768766400|LONG,EXIT_STLINE,False,SuperTrend-p14x3-M15,LONG,L,0.5,1768997954.574,1768766400,1768767300.0,1768997700
18520910.58549428,mult4.25,0.5,5421.84,0,5422.44,5271.828485277485,5271.16,F1,True,5078115.06,-14167371.999999976,-14188443.249999976,1769716800|LONG,EXIT_STLINE,False,SuperTrend-p14x3-M15,LONG,L,0.5,1769728190.228,1769716800,1769717700.0,1769727600
23346993.078684643,mult4.25,0.5,5212.35,0,5212.62,4729.168059445442,4729.25,F1,True,4881618.63,45267600.499999985,45246529.249999985,1769727600|SHORT,EXIT_STLINE,False,SuperTrend-p14x3-M15,SHORT,S,0.5,1770015333.983,1769727600,1769728500.0,1770014700
14162812.085111374,mult4.25,0.5,4820.24,0,4820.74,5030.512465486797,5020.01,F1,True,4514623.01,18661635.50000004,18640564.25000004,1770333300|LONG,EXIT_STLINE,False,SuperTrend-p14x3-M15,LONG,L,0.5,1770667810.582,1770333300,1770334200.0,1770667200
8726810.142200485,mult4.25,0.5,5013.04,0,5013.21,5069.7417408067195,5069.75,F1,True,4694871.165,-5294970.999999996,-5316042.249999996,1770667200|SHORT,EXIT_STLINE,False,SuperTrend-p14x3-M15,SHORT,S,0.5,1770783136.72,1770667200,1770668100.0,1770782400
914726.0786281761,mult4.25,0.5,4985.18,0,4985.2,4994.967496835325,4995.19,F1,True,4668639.8,-935563.4999999795,-956634.7499999795,1770945300|SHORT,EXIT_STLINE,False,SuperTrend-p14x3-M15,SHORT,S,0.5,1770978622.015,1770945300,1770946200.0,1770978600
1064255.70780998,mult4.25,0.5,4987.38,0,4987.82,4976.455817321837,4975.98,F1,True,4671093.43,-1108816.0000000137,-1129887.2500000137,1771202700|LONG,EXIT_STLINE,False,SuperTrend-p14x3-M15,LONG,L,0.5,1771204094.087,1771202700,1771203600.0,1771203600
53772.20780998341,mult4.25,0.5,4976.51,0,4977.03,4976.455817321837,4976.27,F1,True,4660988.595,-71173.99999993527,-92245.24999993527,1771203600|LONG,EXIT_STLINE,False,SuperTrend-p14x3-M15,LONG,L,0.5,1771204500.66,1771203600,1771204500.0,1771204500
4782330.548555562,mult4.25,0.5,4976.31,0,4976.31,4921.762616205098,4921.83,F1,True,4660314.315,5102052.000000045,5080980.750000045,1771204500|SHORT,EXIT_STLINE,False,SuperTrend-p14x3-M15,SHORT,S,0.5,1771376129.592,1771204500,1771205400.0,1771375500
109815.50760744321,mult4.25,0.5,4920.59,0,4920.59,4921.762616205098,4921.78,F1,True,4608132.535,-111443.49999996253,-132514.7499999625,1771375500|SHORT,EXIT_STLINE,False,SuperTrend-p14x3-M15,SHORT,S,0.5,1771376699.297,1771375500,1771376400.0,1771376400
4610775.327363115,mult4.25,0.5,4928.49,0,4928.99,4963.2686041521865,4963.04,F1,True,4615999.135,3188782.500000017,3167711.250000017,1771376400|LONG,EXIT_STLINE,False,SuperTrend-p14x3-M15,LONG,L,0.5,1771444899.998,1771376400,1771377300.0,1771444800
1314040.2211477489,mult4.25,0.5,4976.8,0,4977.3,4963.2686041521865,4963.05,F1,True,4661241.45,-1334512.5,-1355583.75,1771444800|LONG,EXIT_STLINE,False,SuperTrend-p14x3-M15,LONG,L,0.5,1771448592.791,1771444800,1771445700.0,1771448400
471190.2211477488,mult4.25,0.5,4967.8,0,4968.3,4963.2686041521865,4963.19,F1,True,4652812.95,-478551.5000000545,-499622.7500000545,1771448400|LONG,EXIT_STLINE,False,SuperTrend-p14x3-M15,LONG,L,0.5,1771451102.749,1771448400,1771449300.0,1771451100
3849221.8805209263,mult4.25,0.5,4961.19,0,4961.19,5001.634918481008,5001.99,F1,True,4646154.435,-3820920.000000017,-3841991.250000017,1771451100|SHORT,EXIT_STLINE,False,SuperTrend-p14x3-M15,SHORT,S,0.5,1771471662.398,1771451100,1771452000.0,1771470900
51031.61574637097,mult4.25,0.5,5001.38,0,5001.09,5001.634918481008,5001.66,F1,True,4683520.785,-53380.499999972744,-74451.74999997274,1771470900|SHORT,EXIT_STLINE,False,SuperTrend-p14x3-M15,SHORT,S,0.5,1771471801.104,1771470900,1771471800.0,1771471800
3038062.1003407105,mult4.25,0.5,5009.03,0,5009.53,4990.020554907134,4989.63,F1,True,4691424.845,-1863634.999999966,-1884706.249999966,1771471800|LONG,EXIT_STLINE,False,SuperTrend-p14x3-M15,LONG,L,0.5,1771484595.437,1771471800,1771472700.0,1771484400
78210.61102027129,mult4.25,0.5,5016.46,0,5016.46,5017.295137330702,5017.32,F1,True,4697914.79,-80538.99999996934,-101610.24999996934,1771556400|SHORT,EXIT_STLINE,False,SuperTrend-p14x3-M15,SHORT,S,0.5,1771557326.136,1771556400,1771557300.0,1771557300
3463751.989711223,mult4.25,0.5,5022.01,0,5022.51,5010.07890097058,5009.75,F1,True,4703580.615,-1194974.0000000205,-1216045.2500000205,1771557300|LONG,EXIT_STLINE,False,SuperTrend-p14x3-M15,LONG,L,0.5,1771589173.765,1771557300,1771558200.0,1771588800
6885519.093687846,mult4.25,0.5,5185.16,0,5185.32,5169.935983819082,5170.0,F1,True,4856052.18,1434717.9999999728,1413646.7499999728,1771884000|SHORT,EXIT_STLINE,False,SuperTrend-p14x3-M15,SHORT,S,0.5,1771945537.635,1771884000,1771884900.0,1771945200
267138.73841275676,mult4.25,0.5,5197.66,0,5197.66,5200.512522567141,5201.58,F1,True,4867608.59,-367108.0000000068,-388179.2500000068,1772160300|SHORT,EXIT_STLINE,False,SuperTrend-p14x3-M15,SHORT,S,0.5,1772186847.066,1772160300,1772161200.0,1772186400
9071230.636392938,mult4.25,0.5,5189.68,0,5190.06,5142.001631532947,5141.94,F1,True,4860491.19,-4506438.0000000745,-4527509.2500000745,1772578800|LONG,EXIT_STLINE,False,SuperTrend-p14x3-M15,LONG,L,0.5,1772625393.937,1772578800,1772579700.0,1772624700
767176.149121118,mult4.25,0.5,5185.59,0,5185.66,5135.609865169043,5135.68,F1,True,4856370.59,4680626.999999959,4659555.749999959,1772668800|SHORT,EXIT_STLINE,False,SuperTrend-p14x3-M15,SHORT,S,0.5,1772751107.09,1772668800,1772669700.0,1772750700
127351.37308084677,mult4.25,0.5,5134.62,0,5134.25,5135.609865169043,5135.69,F1,True,4808225.125,-134855.9999999625,-155927.2499999625,1772750700|SHORT,EXIT_STLINE,False,SuperTrend-p14x3-M15,SHORT,S,0.5,1772751601.347,1772750700,1772751600.0,1772751600
504760.87308082293,mult4.25,0.5,5130.14,0,5130.22,5135.609865169043,5135.61,F1,True,4804451.03,-504773.4999999455,-525844.7499999455,1772751600|SHORT,EXIT_STLINE,False,SuperTrend-p14x3-M15,SHORT,S,0.5,1772756220.922,1772751600,1772752500.0,1772756100
5766099.796959944,mult4.25,0.5,5136.51,0,5137.01,5081.6268132843215,5081.62,F1,True,4810809.865,-5187273.500000031,-5208344.750000031,1772756100|LONG,EXIT_STLINE,False,SuperTrend-p14x3-M15,LONG,L,0.5,1772780495.935,1772756100,1772757000.0,1772780400
10477417.656108215,mult4.25,0.5,5101.57,0,5101.65,5140.341585645064,5142.84,F1,True,4777695.225,-3857443.5000000475,-3878514.7500000475,1773000000|SHORT,EXIT_STLINE,False,SuperTrend-p14x3-M15,SHORT,S,0.5,1773073441.025,1773000000,1773000900.0,1773072900
158676.4187606754,mult4.25,0.5,5113.47,0,5113.58,5115.274355779612,5115.47,F1,True,4788867.67,-176998.50000003068,-198069.75000003068,1773351900|SHORT,EXIT_STLINE,False,SuperTrend-p14x3-M15,SHORT,S,0.5,1773352803.984,1773351900,1773352800.0,1773352800
3971703.8118699514,mult4.25,0.5,5119.37,0,5119.87,5085.819500209687,5085.66,F1,True,4794758.255,-3203766.5000000033,-3224837.7500000033,1773352800|LONG,EXIT_STLINE,False,SuperTrend-p14x3-M15,LONG,L,0.5,1773373972.738,1773352800,1773353700.0,1773373500
19429.91584620986,mult4.25,0.5,5039.58,0,5039.58,5039.787473741017,5040.08,F1,True,4719566.67,-46825.0,-67896.25,1773711000|SHORT,EXIT_STLINE,False,SuperTrend-p14x3-M15,SHORT,S,0.5,1773711900.03,1773711000,1773711900.0,1773711900
186126.91584618602,mult4.25,0.5,5037.8,0,5037.8,5039.787473741017,5040.21,F1,True,4717899.7,-225696.49999998638,-246767.74999998638,1773711900|SHORT,EXIT_STLINE,False,SuperTrend-p14x3-M15,SHORT,S,0.5,1773713674.668,1773711900,1773712800.0,1773712800
3232664.0853770906,mult4.25,0.5,5040.34,0,5040.84,5006.321429947922,5005.84,F1,True,4720746.66,-3277750.0,-3298821.25,1773712800|LONG,EXIT_STLINE,False,SuperTrend-p14x3-M15,LONG,L,0.5,1773717856.335,1773712800,1773713700.0,1773717300
932362.3376762408,mult4.25,0.5,4666.22,0,4666.22,4676.1758178075415,4676.28,F1,True,4369915.03,-942118.9999999523,-963190.2499999523,1773947700|SHORT,EXIT_STLINE,False,SuperTrend-p14x3-M15,SHORT,S,0.5,1773958007.914,1773947700,1773948600.0,1773957600
2306207.8376762476,mult4.25,0.5,4651.7,0,4651.55,4676.1758178075415,4676.26,F1,True,4356176.575,-2314091.5000000033,-2335162.7500000033,1773957600|SHORT,EXIT_STLINE,False,SuperTrend-p14x3-M15,SHORT,S,0.5,1773959670.123,1773957600,1773958500.0,1773959400
9192875.415265428,mult4.25,0.5,4686.09,0,4686.94,4657.44900951638,4657.43,F1,True,4389319.31,-2763611.4999999353,-2784682.7499999353,1773959400|LONG,EXIT_STLINE,False,SuperTrend-p14x3-M15,LONG,L,0.5,1773990090.317,1773959400,1773960300.0,1773990000
15721588.197143285,mult4.25,0.5,4321.32,0,4321.56,4441.666987257563,4441.68,F1,True,4047140.9400000004,-11249237.99999999,-11270309.24999999,1774305000|SHORT,EXIT_STLINE,False,SuperTrend-p14x3-M15,SHORT,S,0.5,1774339083.091,1774305000,1774305900.0,1774338300
896649.5065852077,mult4.25,0.5,4435.88,0,4435.9,4445.47447417603,4445.58,F1,True,4154220.3499999996,-906532.0000000272,-927603.2500000272,1774571400|SHORT,EXIT_STLINE,False,SuperTrend-p14x3-M15,SHORT,S,0.5,1774576325.564,1774571400,1774572300.0,1774575900
5336372.666717246,mult4.25,0.5,4445.97,0,4446.09,4405.703135152977,4405.43,F1,True,4163763.285,-3807808.9999999865,-3828880.2499999865,1774575900|LONG,EXIT_STLINE,False,SuperTrend-p14x3-M15,LONG,L,0.5,1774598877.3,1774575900,1774576800.0,1774598400
8392579.7369207,mult4.25,0.5,4451.99,0,4452.37,4520.139125491115,4521.56,F1,True,4169644.505,-6479643.5000000475,-6500714.7500000475,1774816200|SHORT,EXIT_STLINE,False,SuperTrend-p14x3-M15,SHORT,S,0.5,1774838988.639,1774816200,1774817100.0,1774838700
6732722.379168393,mult4.25,0.5,4522.19,0,4522.83,4511.317436512835,4511.18,F1,True,4235630.295,-1091022.499999966,-1112093.749999966,1774838700|LONG,EXIT_STLINE,False,SuperTrend-p14x3-M15,LONG,L,0.5,1774882681.586,1774838700,1774839600.0,1774881900
8785489.255358094,mult4.25,0.5,4581.29,0,4581.81,4741.202945439451,4740.56,F1,True,4290865.065,14866937.5,14845866.25,1774908900|LONG,EXIT_STLINE,False,SuperTrend-p14x3-M15,LONG,L,0.5,1775081061.331,1774908900,1774909800.0,1775080800
940906.6595954552,mult4.25,0.5,4750.79,0,4751.25,4741.202945439451,4740.68,F1,True,4449545.625,-989880.4999999728,-1010951.7499999728,1775080800|LONG,EXIT_STLINE,False,SuperTrend-p14x3-M15,LONG,L,0.5,1775081833.353,1775080800,1775081700.0,1775081700
9865030.84858385,mult4.25,0.5,4697.04,0,4697.0,4671.894270887211,4672.21,F1,True,4398740.5,2321583.4999999967,2300512.2499999967,1775081700|SHORT,EXIT_STLINE,False,SuperTrend-p14x3-M15,SHORT,S,0.5,1775129026.748,1775081700,1775082600.0,1775128500
1500104.4294947023,mult4.25,0.5,4630.3,0,4631.58,4615.5618000053955,4615.25,F1,True,4337474.67,-1529304.4999999932,-1550375.7499999932,1775412000|LONG,EXIT_STLINE,False,SuperTrend-p14x3-M15,LONG,L,0.5,1775414859.491,1775412000,1775412900.0,1775414700
2921711.4294947293,mult4.25,0.5,4645.46,0,4646.76,4615.5618000053955,4615.3,F1,True,4351690.74,-2946229.0000000033,-2967300.2500000033,1775414700|LONG,EXIT_STLINE,False,SuperTrend-p14x3-M15,LONG,L,0.5,1775417119.192,1775414700,1775415600.0,1775416500
8732548.681497952,mult4.25,0.5,4609.58,0,4610.07,4690.769388383397,4690.88,F1,True,4317330.555,-7567856.500000037,-7588927.750000037,1775416500|SHORT,EXIT_STLINE,False,SuperTrend-p14x3-M15,SHORT,S,0.5,1775448259.155,1775416500,1775417400.0,1775448000
109513.22210511366,mult4.25,0.5,4689.47,0,4689.6,4690.769388383397,4690.97,F1,True,4391810.4,-128300.49999998978,-149371.74999998978,1775448000|SHORT,EXIT_STLINE,False,SuperTrend-p14x3-M15,SHORT,S,0.5,1775448924.337,1775448000,1775448900.0,1775448900
6006681.0711170295,mult4.25,0.5,4691.21,0,4691.71,4652.0348430549275,4652.01,F1,True,4393786.415,-3717904.999999983,-3738976.249999983,1775448900|LONG,EXIT_STLINE,False,SuperTrend-p14x3-M15,LONG,L,0.5,1775475559.064,1775448900,1775449800.0,1775475000
317559.3622940581,mult4.25,0.5,4752.16,0,4752.75,4749.359083157565,4749.21,F1,True,4450950.375,-331520.99999999657,-352592.24999999657,1775772000|LONG,EXIT_STLINE,False,SuperTrend-p14x3-M15,LONG,L,0.5,1775773135.269,1775772000,1775772900.0,1775772900
4381306.575271842,mult4.25,0.5,4744.41,0,4744.62,4774.093972143095,4775.78,F1,True,4443336.63,-2918133.9999999865,-2939205.2499999865,1775772900|SHORT,EXIT_STLINE,False,SuperTrend-p14x3-M15,SHORT,S,0.5,1775809802.987,1775772900,1775773800.0,1775809800
8572007.841463577,mult4.25,0.5,4676.54,1,4647.25,4721.365469510743,4721.96,F1,True,4352149.625,-6996591.500000004,-7017662.750000004,1776016800|SHORT,EXIT_STLINE,False,SuperTrend-p14x3-M15,SHORT,S,0.5,1776028908.763,1776016800,1776018600.0,1776028500
429429.21968114545,mult4.25,0.5,4717.25,0,4716.78,4721.365469510743,4721.66,F1,True,4417264.47,-457012.00000001024,-478083.25000001024,1776028500|SHORT,EXIT_STLINE,False,SuperTrend-p14x3-M15,SHORT,S,0.5,1776029698.141,1776028500,1776029400.0,1776029400
677601.7196811114,mult4.25,0.5,4714.13,0,4714.13,4721.365469510743,4721.48,F1,True,4414782.745,-688327.4999999489,-709398.7499999489,1776029400|SHORT,EXIT_STLINE,False,SuperTrend-p14x3-M15,SHORT,S,0.5,1776030733.775,1776029400,1776030300.0,1776030300
26734.219681128434,mult4.25,0.5,4721.12,0,4721.08,4721.365469510743,4721.58,F1,True,4421291.42,-46825.0,-67896.25,1776030300|SHORT,EXIT_STLINE,False,SuperTrend-p14x3-M15,SHORT,S,0.5,1776031200.742,1776030300,1776031200.0,1776031200
5889312.574705534,mult4.25,0.5,4722.42,0,4722.9,4753.559099749649,4752.31,F1,True,4422995.85,2754246.5000000717,2733175.2500000717,1776031200|LONG,EXIT_STLINE,False,SuperTrend-p14x3-M15,LONG,L,0.5,1776148742.406,1776031200,1776032100.0,1776148200
438565.3815873777,mult4.25,0.5,4816.65,0,4817.2,4812.516974035372,4811.88,F1,True,4511307.8,-498217.99999997276,-519289.24999997276,1776216600|LONG,EXIT_STLINE,False,SuperTrend-p14x3-M15,LONG,L,0.5,1776220351.546,1776216600,1776217500.0,1776220200
362708.8815874254,mult4.25,0.5,4815.93,0,4816.39,4812.516974035372,4812.38,F1,True,4510549.235,-375536.50000002043,-396607.75000002043,1776220200|LONG,EXIT_STLINE,False,SuperTrend-p14x3-M15,LONG,L,0.5,1776221725.714,1776220200,1776221100.0,1776221100
3529750.113083333,mult4.25,0.5,4811.61,0,4811.56,4819.86738783032,4819.89,F1,True,4506025.94,-780104.4999999931,-801175.7499999931,1776221100|SHORT,EXIT_STLINE,False,SuperTrend-p14x3-M15,SHORT,S,0.5,1776281431.039,1776221100,1776222000.0,1776281400
3242926.1731792693,mult4.25,0.5,4823.01,0,4823.46,4807.129516875539,4807.1,F1,True,4517170.29,-1532113.9999999693,-1553185.2499999693,1776281400|LONG,EXIT_STLINE,False,SuperTrend-p14x3-M15,LONG,L,0.5,1776312500.367,1776281400,1776282300.0,1776312000
4447422.553060614,mult4.25,0.5,4790.3,0,4790.21,4806.142898547935,4808.19,F1,True,4486031.665,-1683826.999999959,-1704898.249999959,1776621600|SHORT,EXIT_STLINE,False,SuperTrend-p14x3-M15,SHORT,S,0.5,1776634265.456,1776621600,1776622500.0,1776634200
5597216.631487712,mult4.25,0.5,4806.72,0,4806.98,4801.881119609303,4801.76,F1,True,4501736.77,-488852.99999993865,-509924.24999993865,1776634200|LONG,EXIT_STLINE,False,SuperTrend-p14x3-M15,LONG,L,0.5,1776726662.481,1776634200,1776635100.0,1776726000
2968838.528793698,mult4.25,0.5,4800.29,0,4800.37,4743.958293481298,4743.97,F1,True,4495546.505,5281859.999999966,5260788.749999966,1776726000|SHORT,EXIT_STLINE,False,SuperTrend-p14x3-M15,SHORT,S,0.5,1776801731.496,1776726000,1776726900.0,1776801600
112220.18452352927,mult4.25,0.5,4742.74,0,4742.76,4743.958293481298,4743.98,F1,True,4441594.74,-114252.99999993868,-135324.24999993868,1776801600|SHORT,EXIT_STLINE,False,SuperTrend-p14x3-M15,SHORT,S,0.5,1776802620.196,1776801600,1776802500.0,1776802500
159045.18452352926,mult4.25,0.5,4742.33,0,4742.26,4743.958293481298,4744.08,F1,True,4441126.49,-170442.99999997276,-191514.24999997276,1776802500|SHORT,EXIT_STLINE,False,SuperTrend-p14x3-M15,SHORT,S,0.5,1776803414.136,1776802500,1776803400.0,1776803400
182457.68452352926,mult4.25,0.5,4742.0,0,4742.01,4743.958293481298,4744.14,F1,True,4440892.365,-199474.50000001022,-220545.75000001022,1776803400|SHORT,EXIT_STLINE,False,SuperTrend-p14x3-M15,SHORT,S,0.5,1776804372.555,1776803400,1776804300.0,1776804300
395043.1845235702,mult4.25,0.5,4739.74,0,4739.74,4743.958293481298,4744.07,F1,True,4438766.51,-405504.4999999932,-426575.7499999932,1776804300|SHORT,EXIT_STLINE,False,SuperTrend-p14x3-M15,SHORT,S,0.5,1776805338.396,1776804300,1776805200.0,1776805200
534581.6845235497,mult4.25,0.5,4738.25,0,4738.25,4743.958293481298,4743.96,F1,True,4437371.125,-534741.5000000034,-555812.7500000034,1776805200|SHORT,EXIT_STLINE,False,SuperTrend-p14x3-M15,SHORT,S,0.5,1776806493.977,1776805200,1776806100.0,1776806100
4542915.850214166,mult4.25,0.5,4746.16,0,4746.61,4737.93335148168,4737.87,F1,True,4445200.265,-818500.9999999795,-839572.2499999795,1776806100|LONG,EXIT_STLINE,False,SuperTrend-p14x3-M15,LONG,L,0.5,1776849426.849,1776806100,1776807000.0,1776849300
1167501.633740644,mult4.25,0.5,4749.94,0,4750.4,4737.93335148168,4737.34,F1,True,4448749.6,-1223068.9999999523,-1244140.2499999523,1776849300|LONG,EXIT_STLINE,False,SuperTrend-p14x3-M15,LONG,L,0.5,1776853950.376,1776849300,1776850200.0,1776853800
3988456.3117083116,mult4.25,0.5,4732.92,0,4732.92,4745.950076942153,4746.16,F1,True,4432379.58,-1239925.9999999795,-1260997.2499999795,1776853800|SHORT,EXIT_STLINE,False,SuperTrend-p14x3-M15,SHORT,S,0.5,1776889816.141,1776853800,1776854700.0,1776889800
129244.20563264807,mult4.25,0.5,4744.72,0,4744.57,4745.950076942153,4745.96,F1,True,4443289.805,-130173.50000003066,-151244.75000003068,1776889800|SHORT,EXIT_STLINE,False,SuperTrend-p14x3-M15,SHORT,S,0.5,1776890740.991,1776889800,1776890700.0,1776890700
4178336.5233327574,mult4.25,0.5,4748.09,0,4748.27,4703.65348613633,4703.56,F1,True,4446754.855,-4187091.5000000033,-4208162.750000004,1776890700|LONG,EXIT_STLINE,False,SuperTrend-p14x3-M15,LONG,L,0.5,1776897820.328,1776890700,1776891600.0,1776897000
5369577.5933888815,mult4.25,0.5,4701.13,0,4701.18,4726.073465587132,4726.32,F1,True,4402655.07,-2354360.9999999455,-2375432.2499999455,1776897000|SHORT,EXIT_STLINE,False,SuperTrend-p14x3-M15,SHORT,S,0.5,1776931245.621,1776897000,1776897900.0,1776931200
4024986.9169378285,mult4.25,0.5,4685.14,1,4686.44,4708.274958313941,4708.29,F1,True,4388851.06,-2046252.500000034,-2067323.750000034,1777226400|SHORT,EXIT_STLINE,False,SuperTrend-p14x3-M15,SHORT,S,0.5,1777237401.2,1777226400,1777228200.0,1777237200
1459531.346100628,mult4.25,0.5,4692.66,0,4692.69,4708.274958313941,4708.42,F1,True,4394704.185,-1473114.5000000442,-1494185.7500000442,1777237200|SHORT,EXIT_STLINE,False,SuperTrend-p14x3-M15,SHORT,S,0.5,1777241898.282,1777237200,1777238100.0,1777241700
256128.84610059395,mult4.25,0.5,4705.56,0,4705.54,4708.274958313941,4708.32,F1,True,4406738.21,-260346.99999997616,-281418.24999997613,1777241700|SHORT,EXIT_STLINE,False,SuperTrend-p14x3-M15,SHORT,S,0.5,1777242930.658,1777241700,1777242600.0,1777242600
3863968.385493924,mult4.25,0.5,4713.32,0,4713.9,4695.239088591592,4694.83,F1,True,4414567.35,-1785905.4999999728,-1806976.7499999728,1777242600|LONG,EXIT_STLINE,False,SuperTrend-p14x3-M15,LONG,L,0.5,1777280493.966,1777242600,1777243500.0,1777280400
360761.38603299274,mult4.25,0.5,4697.75,0,4697.79,4568.833955302686,4568.91,F1,True,4399480.335,12069612.00000001,12048540.75000001,1777320000|SHORT,EXIT_STLINE,False,SuperTrend-p14x3-M15,SHORT,S,0.5,1777492828.481,1777320000,1777320900.0,1777492800
1022091.9140965617,mult4.25,0.5,4557.94,0,4557.92,4568.833955302686,4568.85,F1,True,4268492.08,-1023594.5000000272,-1044665.7500000272,1777492800|SHORT,EXIT_STLINE,False,SuperTrend-p14x3-M15,SHORT,S,0.5,1777495520.822,1777492800,1777493700.0,1777495500
3298757.6131834784,mult4.25,0.5,4569.74,0,4570.12,4541.333350394557,4541.27,F1,True,4279917.38,-2701802.499999949,-2722873.749999949,1777495500|LONG,EXIT_STLINE,False,SuperTrend-p14x3-M15,LONG,L,0.5,1777509237.165,1777495500,1777496400.0,1777509000
341508.7355497079,mult4.25,0.5,4544.51,0,4544.98,4606.0772979234125,4605.95,F1,True,4256373.77,5709840.500000024,5688769.250000024,1777509000|LONG,EXIT_STLINE,False,SuperTrend-p14x3-M15,LONG,L,0.5,1777600542.266,1777509000,1777509900.0,1777599900
2922834.8553969334,mult4.25,0.5,4604.79,0,4604.76,4595.960584295761,4595.97,F1,True,4312357.74,823183.4999999966,802112.2499999966,1777599900|SHORT,EXIT_STLINE,False,SuperTrend-p14x3-M15,SHORT,S,0.5,1777623780.127,1777599900,1777600800.0,1777623300
4221380.058980815,mult4.25,0.5,4594.46,0,4594.41,4581.669901042409,4581.92,F1,True,4302664.965,1169688.4999999795,1148617.2499999795,1777842900|SHORT,EXIT_STLINE,False,SuperTrend-p14x3-M15,SHORT,S,0.5,1777890149.299,1777842900,1777843800.0,1777889700
194528.50827223106,mult4.25,0.5,4545.88,0,4545.93,4548.007186420419,4548.04,F1,True,4257263.445,-197601.49999996932,-218672.74999996932,1777944600|SHORT,EXIT_STLINE,False,SuperTrend-p14x3-M15,SHORT,S,0.5,1777945619.886,1777944600,1777945500.0,1777945500
228242.50827228557,mult4.25,0.5,4545.52,0,4545.57,4548.007186420419,4548.02,F1,True,4256926.305,-229442.50000006813,-250513.75000006813,1777945500|SHORT,EXIT_STLINE,False,SuperTrend-p14x3-M15,SHORT,S,0.5,1777946404.634,1777945500,1777946400.0,1777946400
427717.0082722958,mult4.25,0.5,4543.39,0,4543.44,4548.007186420419,4548.02,F1,True,4254931.56,-428917.00000007835,-449988.25000007835,1777946400|SHORT,EXIT_STLINE,False,SuperTrend-p14x3-M15,SHORT,S,0.5,1777948726.08,1777946400,1777947300.0,1777948200
173925.50827229238,mult4.25,0.5,4546.16,0,4546.15,4548.007186420419,4548.09,F1,True,4257469.475,-181681.0000000477,-202752.2500000477,1777948200|SHORT,EXIT_STLINE,False,SuperTrend-p14x3-M15,SHORT,S,0.5,1777949180.571,1777948200,1777949100.0,1777949100
10974.50827222765,mult4.25,0.5,4547.89,0,4547.89,4548.007186420419,4548.39,F1,True,4259098.985,-46825.0,-67896.25,1777949100|SHORT,EXIT_STLINE,False,SuperTrend-p14x3-M15,SHORT,S,0.5,1777950000.052,1777949100,1777950000.0,1777950000
3337891.7670604326,mult4.25,0.5,4553.91,0,4554.34,4669.405105022553,4668.2,F1,True,4265139.41,10662988.99999997,10641917.74999997,1777950000|LONG,EXIT_STLINE,False,SuperTrend-p14x3-M15,LONG,L,0.5,1778055312.082,1777950000,1777950900.0,1778055300
3554302.9753057794,mult4.25,0.5,4687.27,0,4687.23,4694.703319926245,4694.73,F1,True,4389590.895,-702375.0,-723446.25,1778436000|SHORT,EXIT_STLINE,False,SuperTrend-p14x3-M15,SHORT,S,0.5,1778487848.732,1778436000,1778436900.0,1778487300
78197.7500000034,mult4.50,0.5,4347.59,0,4347.59,4348.425,4348.63,F1,True,4071518.035,-97395.9999999966,-118467.2499999966,1767309300|SHORT,EXIT_STLINE,False,SuperTrend-p14x3-M15,SHORT,S,0.5,1767310203.104,1767309300,1767310200.0,1767310200
3588861.511479548,mult4.50,0.5,4351.38,0,4351.88,4369.931404707406,4369.88,F1,True,4075535.62,1685700.0,1664628.75,1767310200|LONG,EXIT_STLINE,False,SuperTrend-p14x3-M15,LONG,L,0.5,1767349962.013,1767310200,1767311100.0,1767349800
3905534.700306573,mult4.50,0.5,4470.76,0,4470.81,4447.488235030818,4447.59,F1,True,4186913.5650000004,2174553.0000000237,2153481.7500000237,1767736800|SHORT,EXIT_STLINE,False,SuperTrend-p14x3-M15,SHORT,S,0.5,1767874207.88,1767736800,1767737700.0,1767873600
117476.9646001771,mult4.50,0.5,4579.6,0,4579.58,4578.325574323543,4578.17,F1,True,4288776.67,-132046.49999998638,-153117.74999998638,1768248000|LONG,EXIT_STLINE,False,SuperTrend-p14x3-M15,LONG,L,0.5,1768248900.343,1768248000,1768248900.0,1768248900
610075.9646001975,mult4.50,0.5,4584.34,0,4584.84,4578.325574323543,4578.18,F1,True,4293702.66,-623708.9999999864,-644780.2499999864,1768248900|LONG,EXIT_STLINE,False,SuperTrend-p14x3-M15,LONG,L,0.5,1768257107.77,1768248900,1768249800.0,1768257000
493013.46460019756,mult4.50,0.5,4583.09,0,4583.59,4578.325574323543,4578.19,F1,True,4292532.035,-505710.0000000511,-526781.2500000511,1768257000|LONG,EXIT_STLINE,False,SuperTrend-p14x3-M15,LONG,L,0.5,1768258796.217,1768257000,1768257900.0,1768257900
4397849.55755551,mult4.50,0.5,4577.67,0,4577.67,4609.099305138209,4609.36,F1,True,4286987.955,-2967768.4999999627,-2988839.7499999627,1768257900|SHORT,EXIT_STLINE,False,SuperTrend-p14x3-M15,SHORT,S,0.5,1768300212.398,1768257900,1768258800.0,1768300200
3229630.5866920887,mult4.50,0.5,4628.05,0,4628.55,4608.420518831031,4608.37,F1,True,4334637.075,-1889857.0000000272,-1910928.2500000272,1768351500|LONG,EXIT_STLINE,False,SuperTrend-p14x3-M15,LONG,L,0.5,1768391332.003,1768351500,1768352400.0,1768391100
7606572.325452486,mult4.50,0.5,4654.13,0,4654.63,4829.905765316046,4829.6,F1,True,4359060.995,16385940.500000024,16364869.250000024,1768766400|LONG,EXIT_STLINE,False,SuperTrend-p14x3-M15,LONG,L,0.5,1768998005.94,1768766400,1768767300.0,1768997700
1070146.4887929454,mult4.50,0.5,5421.84,0,5421.94,5433.36708477088,5433.46,F1,True,5077646.81,-1078848.000000041,-1099919.250000041,1769716800|SHORT,EXIT_STLINE,False,SuperTrend-p14x3-M15,SHORT,S,0.5,1769719309.304,1769716800,1769717700.0,1769718600
19618305.58278021,mult4.50,0.5,5438.31,0,5438.49,5261.874572646749,5258.58,F1,True,5093145.885,-16848571.499999985,-16869642.749999985,1769718600|LONG,EXIT_STLINE,False,SuperTrend-p14x3-M15,LONG,L,0.5,1769728223.35,1769718600,1769719500.0,1769727600
24490903.112724926,mult4.50,0.5,5212.35,0,5212.62,4745.500886471645,4745.82,F1,True,4881618.63,43715820.000000015,43694748.750000015,1769727600|SHORT,EXIT_STLINE,False,SuperTrend-p14x3-M15,SHORT,S,0.5,1770020072.048,1769727600,1769728500.0,1770019200
15353978.122046499,mult4.50,0.5,4820.24,0,4820.74,5027.689375221315,5020.01,F1,True,4514623.01,18661635.50000004,18640564.25000004,1770333300|LONG,EXIT_STLINE,False,SuperTrend-p14x3-M15,LONG,L,0.5,1770667810.582,1770333300,1770334200.0,1770667200
9140607.474094678,mult4.50,0.5,5013.04,0,5013.21,5072.722106640021,5073.0,F1,True,4694871.165,-5599333.499999996,-5620404.749999996,1770667200|SHORT,EXIT_STLINE,False,SuperTrend-p14x3-M15,SHORT,S,0.5,1770794178.982,1770667200,1770668100.0,1770794100
1046788.2347400398,mult4.50,0.5,4983.36,0,4983.86,4973.288649430151,4973.27,F1,True,4667384.89,-991753.4999999284,-1012824.7499999284,1771207200|LONG,EXIT_STLINE,False,SuperTrend-p14x3-M15,LONG,L,0.5,1771243384.101,1771207200,1771208100.0,1771243200
46951.4808663504,mult4.50,0.5,4973.29,0,4973.79,4973.288649430151,4973.28,F1,True,4657954.335,-47761.500000020445,-68832.75000002045,1771276500|LONG,EXIT_STLINE,False,SuperTrend-p14x3-M15,LONG,L,0.5,1771277902.255,1771276500,1771277400.0,1771277400
3746881.4818093944,mult4.50,0.5,4970.22,0,4970.22,4925.170711275987,4925.18,F1,True,4654611.03,4217995.999999996,4196924.749999996,1771277400|SHORT,EXIT_STLINE,False,SuperTrend-p14x3-M15,SHORT,S,0.5,1771376851.317,1771277400,1771278300.0,1771376400
4857428.0525021115,mult4.50,0.5,4928.49,0,4928.99,4961.088227925845,4961.04,F1,True,4615999.135,3001482.500000017,2980411.250000017,1771376400|LONG,EXIT_STLINE,False,SuperTrend-p14x3-M15,LONG,L,0.5,1771451493.238,1771376400,1771377300.0,1771451100
56355.95474458987,mult4.50,0.5,4961.19,0,4961.69,4961.088227925845,4961.04,F1,True,4646622.685,-60872.499999965934,-81943.74999996593,1771451100|LONG,EXIT_STLINE,False,SuperTrend-p14x3-M15,LONG,L,0.5,1771452001.204,1771451100,1771452000.0,1771452000
466542.9547446001,mult4.50,0.5,4965.57,0,4966.07,4988.303528725201,4987.77,F1,True,4650724.555,2032205.0000000682,2011133.7500000682,1771452000|LONG,EXIT_STLINE,False,SuperTrend-p14x3-M15,LONG,L,0.5,1771484961.38,1771452000,1771452900.0,1771484400
282891.70578613796,mult4.50,0.5,5016.46,0,5016.46,5019.480733644273,5019.77,F1,True,4697914.79,-309981.5000000375,-331052.7500000375,1771556400|SHORT,EXIT_STLINE,False,SuperTrend-p14x3-M15,SHORT,S,0.5,1771557643.233,1771556400,1771557300.0,1771557300
3668769.136164872,mult4.50,0.5,5022.01,0,5022.51,5007.469424557085,5007.42,F1,True,4703580.615,-1413178.5000000137,-1434249.7500000137,1771557300|LONG,EXIT_STLINE,False,SuperTrend-p14x3-M15,LONG,L,0.5,1771589179.545,1771557300,1771558200.0,1771588800
7187754.981551788,mult4.50,0.5,5185.16,0,5185.32,5173.437512279028,5173.48,F1,True,4856052.18,1108816.0000000137,1087744.7500000137,1771884000|SHORT,EXIT_STLINE,False,SuperTrend-p14x3-M15,SHORT,S,0.5,1771955043.782,1771884000,1771884900.0,1771954200
5244333.188977817,mult4.50,0.5,5174.14,0,5175.27,5159.507022463357,5159.05,F1,True,4846640.355,-1519003.0000000237,-1540074.2500000237,1771970400|LONG,EXIT_STLINE,False,SuperTrend-p14x3-M15,LONG,L,0.5,1772007401.324,1771970400,1771971300.0,1772007300
536408.3214973395,mult4.50,0.5,5134.62,0,5134.25,5139.97779841428,5140.03,F1,True,4808225.125,-541296.9999999761,-562368.2499999761,1772750700|SHORT,EXIT_STLINE,False,SuperTrend-p14x3-M15,SHORT,S,0.5,1772756413.449,1772750700,1772751600.0,1772756100
324759.3214973191,mult4.50,0.5,5136.51,0,5136.51,5133.41764860807,5133.59,F1,True,4810341.615,273458.0000000068,252386.7500000068,1772756100|SHORT,EXIT_STLINE,False,SuperTrend-p14x3-M15,SHORT,S,0.5,1772798401.125,1772756100,1772757000.0,1772798400
409943.1681507365,mult4.50,0.5,5101.57,0,5102.15,5097.772603650285,5097.76,F1,True,4778163.475,-411123.4999999455,-432194.7499999455,1773000000|LONG,EXIT_STLINE,False,SuperTrend-p14x3-M15,LONG,L,0.5,1773001103.97,1773000000,1773000900.0,1773000900
677782.168150791,mult4.50,0.5,5104.43,0,5105.01,5097.772603650285,5097.75,F1,True,4780841.865,-679899.0000000205,-700970.2500000205,1773000900|LONG,EXIT_STLINE,False,SuperTrend-p14x3-M15,LONG,L,0.5,1773002088.306,1773000900,1773001800.0,1773001800
10891063.48338521,mult4.50,0.5,5072.48,0,5072.83,5144.146384800655,5144.19,F1,True,4750705.295,-6682863.999999969,-6703935.249999969,1773001800|SHORT,EXIT_STLINE,False,SuperTrend-p14x3-M15,SHORT,S,0.5,1773075575.796,1773001800,1773002700.0,1773074700
1071017.4365813506,mult4.50,0.5,5132.71,0,5132.71,5144.146384800655,5144.28,F1,True,4806782.915,-1083530.4999999728,-1104601.7499999728,1773082800|SHORT,EXIT_STLINE,False,SuperTrend-p14x3-M15,SHORT,S,0.5,1773085848.844,1773082800,1773083700.0,1773085500
6565545.448327438,mult4.50,0.5,5152.67,0,5153.32,5180.086508054246,5179.84,F1,True,4826084.18,2483598.000000041,2462526.750000041,1773085500|LONG,EXIT_STLINE,False,SuperTrend-p14x3-M15,LONG,L,0.5,1773155920.94,1773085500,1773086400.0,1773155700
4189826.1096269847,mult4.50,0.5,5119.37,0,5119.87,5083.490941398492,5083.48,F1,True,4794758.255,-3407923.5000000307,-3428994.7500000307,1773352800|LONG,EXIT_STLINE,False,SuperTrend-p14x3-M15,LONG,L,0.5,1773374447.628,1773352800,1773353700.0,1773374400
9668105.336751698,mult4.50,0.5,4686.09,0,4686.94,4653.754539487932,4653.03,F1,True,4389319.31,-3175671.4999999865,-3196742.7499999865,1773959400|LONG,EXIT_STLINE,False,SuperTrend-p14x3-M15,LONG,L,0.5,1773990109.163,1773959400,1773960300.0,1773990000
523018.6680893484,mult4.50,0.5,4322.03,0,4322.6,4317.015177062581,4316.97,F1,True,4048114.9000000004,-527249.5000000102,-548320.7500000102,1774305900|LONG,EXIT_STLINE,False,SuperTrend-p14x3-M15,LONG,L,0.5,1774306839.896,1774305900,1774306800.0,1774306800
14725986.742635097,mult4.50,0.5,4312.01,0,4312.12,4448.088574743302,4448.45,F1,True,4038300.38,-12767304.499999993,-12788375.749999993,1774306800|SHORT,EXIT_STLINE,False,SuperTrend-p14x3-M15,SHORT,S,0.5,1774373056.862,1774306800,1774307700.0,1774372500
6411912.705528571,mult4.50,0.5,4465.54,0,4465.99,4448.191241265079,4448.05,F1,True,4182399.635,-1680080.9999999625,-1701152.2499999625,1774578600|LONG,EXIT_STLINE,False,SuperTrend-p14x3-M15,LONG,L,0.5,1774816646.208,1774578600,1774579500.0,1774816200
438165.7555253374,mult4.50,0.5,4451.99,0,4452.87,4448.191241265079,4447.82,F1,True,4170112.755,-472932.50000001705,-494003.75000001705,1774816200|LONG,EXIT_STLINE,False,SuperTrend-p14x3-M15,LONG,L,0.5,1774817216.77,1774816200,1774817100.0,1774817100
105708.25552532038,mult4.50,0.5,4448.62,0,4449.32,4448.191241265079,4447.87,F1,True,4166788.18,-135792.49999998297,-156863.74999998297,1774817100|LONG,EXIT_STLINE,False,SuperTrend-p14x3-M15,LONG,L,0.5,1774818003.367,1774817100,1774818000.0,1774818000
9285916.75531606,mult4.50,0.5,4425.7,0,4425.98,4525.135544637651,4525.14,F1,True,4144930.2699999996,-9286334.00000007,-9307405.25000007,1774818000|SHORT,EXIT_STLINE,False,SuperTrend-p14x3-M15,SHORT,S,0.5,1774839150.78,1774818000,1774818900.0,1774838700
262739.25531602645,mult4.50,0.5,4522.19,0,4522.33,4525.135544637651,4525.51,F1,True,4235162.045,-297807.00000002724,-318878.25000002724,1774838700|SHORT,EXIT_STLINE,False,SuperTrend-p14x3-M15,SHORT,S,0.5,1774839751.562,1774838700,1774839600.0,1774839600
9207035.18214392,mult4.50,0.5,4581.29,0,4581.81,4738.083118700594,4737.01,F1,True,4290865.065,14534479.999999983,14513408.749999983,1774908900|LONG,EXIT_STLINE,False,SuperTrend-p14x3-M15,LONG,L,0.5,1775081061.405,1774908900,1774909800.0,1775080800
1233078.4336893493,mult4.50,0.5,4750.79,0,4751.25,4738.083118700594,4737.92,F1,True,4449545.625,-1248354.4999999932,-1269425.7499999932,1775080800|LONG,EXIT_STLINE,False,SuperTrend-p14x3-M15,LONG,L,0.5,1775081847.6,1775080800,1775081700.0,1775081700
10319725.604382869,mult4.50,0.5,4697.04,0,4697.0,4676.688051527635,4677.13,F1,True,4398740.5,1860825.4999999898,1839754.2499999898,1775081700|SHORT,EXIT_STLINE,False,SuperTrend-p14x3-M15,SHORT,S,0.5,1775129755.49,1775081700,1775082600.0,1775129400
3233115.3077003113,mult4.50,0.5,4645.46,0,4646.76,4612.236611770419,4612.19,F1,True,4351690.74,-3237480.5000000577,-3258551.7500000577,1775414700|LONG,EXIT_STLINE,False,SuperTrend-p14x3-M15,LONG,L,0.5,1775417120.78,1775414700,1775415600.0,1775416500
9183868.133350745,mult4.50,0.5,4609.58,0,4610.07,4695.457587700068,4695.47,F1,True,4317330.555,-7997710.000000051,-8018781.250000051,1775416500|SHORT,EXIT_STLINE,False,SuperTrend-p14x3-M15,SHORT,S,0.5,1775449531.962,1775416500,1775417400.0,1775448900
397786.58811136114,mult4.50,0.5,4691.21,0,4691.21,4695.457587700068,4695.5,F1,True,4393318.165,-401758.49999999657,-422829.74999999657,1775448900|SHORT,EXIT_STLINE,False,SuperTrend-p14x3-M15,SHORT,S,0.5,1775450162.732,1775448900,1775449800.0,1775449800
1426029.6213123132,mult4.50,0.5,4650.4,1,4664.23,4649.002774999334,4649.0,F1,True,4368051.395,-1426289.499999959,-1447360.749999959,1775493900|LONG,EXIT_STLINE,False,SuperTrend-p14x3-M15,LONG,L,0.5,1775505747.367,1775493900,1775499300.0,1775505600
833225.1213123201,mult4.50,0.5,4657.52,0,4657.9,4649.002774999334,4647.79,F1,True,4362123.35,-946801.4999999694,-967872.7499999694,1775505600|LONG,EXIT_STLINE,False,SuperTrend-p14x3-M15,LONG,L,0.5,1775509202.552,1775505600,1775506500.0,1775509200
4639083.68589665,mult4.50,0.5,4640.51,0,4640.56,4686.642866805423,4686.83,F1,True,4345884.44,-4333185.499999955,-4354256.749999955,1775509200|SHORT,EXIT_STLINE,False,SuperTrend-p14x3-M15,SHORT,S,0.5,1775535732.988,1775509200,1775510100.0,1775535300
4620575.932640823,mult4.50,0.5,4744.41,0,4744.62,4776.267146975041,4776.67,F1,True,4443336.63,-3001482.500000017,-3022553.750000017,1775772900|SHORT,EXIT_STLINE,False,SuperTrend-p14x3-M15,SHORT,S,0.5,1775809813.065,1775772900,1775773800.0,1775809800
8953754.905667309,mult4.50,0.5,4676.54,1,4647.25,4725.44579124667,4725.48,F1,True,4352149.625,-7326239.499999959,-7347310.749999959,1776016800|SHORT,EXIT_STLINE,False,SuperTrend-p14x3-M15,SHORT,S,0.5,1776030948.405,1776016800,1776018600.0,1776030300
408856.3502506162,mult4.50,0.5,4721.12,0,4721.08,4725.44579124667,4725.48,F1,True,4421291.42,-412059.99999996595,-433131.24999996595,1776030300|SHORT,EXIT_STLINE,False,SuperTrend-p14x3-M15,SHORT,S,0.5,1776031230.721,1776030300,1776031200.0,1776031200
285238.35025064345,mult4.50,0.5,4722.42,0,4722.4,4725.44579124667,4725.57,F1,True,4422527.6,-296870.5000000068,-317941.7500000068,1776031200|SHORT,EXIT_STLINE,False,SuperTrend-p14x3-M15,SHORT,S,0.5,1776033070.746,1776031200,1776032100.0,1776033000
955772.3502506298,mult4.50,0.5,4715.23,0,4715.24,4725.44579124667,4725.64,F1,True,4415822.26,-973960.0000000511,-995031.2500000511,1776033000|SHORT,EXIT_STLINE,False,SuperTrend-p14x3-M15,SHORT,S,0.5,1776042128.932,1776033000,1776033900.0,1776042000
580235.8502506093,mult4.50,0.5,4719.15,0,4719.25,4725.44579124667,4725.54,F1,True,4419577.625,-589058.4999999966,-610129.7499999966,1776042000|SHORT,EXIT_STLINE,False,SuperTrend-p14x3-M15,SHORT,S,0.5,1776044793.71,1776042000,1776042900.0,1776044700
4716708.793601685,mult4.50,0.5,4729.19,0,4729.76,4809.913266625687,4809.61,F1,True,4429420.24,7477952.499999949,7456881.249999949,1776044700|LONG,EXIT_STLINE,False,SuperTrend-p14x3-M15,LONG,L,0.5,1776222083.132,1776044700,1776045600.0,1776222000
3410549.477483913,mult4.50,0.5,4823.01,0,4823.46,4805.467135515276,4805.3,F1,True,4517170.29,-1700683.9999999863,-1721755.2499999863,1776281400|LONG,EXIT_STLINE,False,SuperTrend-p14x3-M15,LONG,L,0.5,1776320101.282,1776281400,1776282300.0,1776320100
4782881.423828953,mult4.50,0.5,4790.3,0,4790.21,4809.67453963899,4809.74,F1,True,4486031.665,-1828984.4999999763,-1850055.7499999763,1776621600|SHORT,EXIT_STLINE,False,SuperTrend-p14x3-M15,SHORT,S,0.5,1776634328.728,1776621600,1776622500.0,1776634200
299168.63719142624,mult4.50,0.5,4806.72,0,4806.48,4809.67453963899,4809.71,F1,True,4501268.52,-302489.5000000443,-323560.7500000443,1776634200|SHORT,EXIT_STLINE,False,SuperTrend-p14x3-M15,SHORT,S,0.5,1776635124.327,1776634200,1776635100.0,1776635100
184915.6371914024,mult4.50,0.5,4807.7,0,4807.7,4809.67453963899,4809.74,F1,True,4502411.05,-191045.9999999966,-212117.2499999966,1776635100|SHORT,EXIT_STLINE,False,SuperTrend-p14x3-M15,SHORT,S,0.5,1776671717.348,1776635100,1776636000.0,1776671100
2799386.8402846116,mult4.50,0.5,4798.52,0,4798.46,4747.824957803727,4747.88,F1,True,4493757.79,4736816.9999999935,4715745.7499999935,1776726900|SHORT,EXIT_STLINE,False,SuperTrend-p14x3-M15,SHORT,S,0.5,1776806580.179,1776726900,1776727800.0,1776806100
160605.7983190312,mult4.50,0.5,4746.16,0,4746.11,4747.824957803727,4747.96,F1,True,4444732.015,-173252.50000003408,-194323.75000003408,1776806100|SHORT,EXIT_STLINE,False,SuperTrend-p14x3-M15,SHORT,S,0.5,1776807008.753,1776806100,1776807000.0,1776807000
4385147.846428969,mult4.50,0.5,4749.29,0,4749.82,4736.127372157072,4736.03,F1,True,4448206.43,-1291433.4999999965,-1312504.7499999965,1776807000|LONG,EXIT_STLINE,False,SuperTrend-p14x3-M15,LONG,L,0.5,1776853950.707,1776807000,1776807900.0,1776853800
4153908.109455863,mult4.50,0.5,4732.92,0,4732.92,4747.869199115221,4748.38,F1,True,4432379.58,-1447829.0000000035,-1468900.2500000035,1776853800|SHORT,EXIT_STLINE,False,SuperTrend-p14x3-M15,SHORT,S,0.5,1776889817.755,1776853800,1776854700.0,1776889800
308969.9971404653,mult4.50,0.5,4744.72,0,4744.57,4747.869199115221,4748.02,F1,True,4443289.805,-323092.50000006816,-344163.75000006816,1776889800|SHORT,EXIT_STLINE,False,SuperTrend-p14x3-M15,SHORT,S,0.5,1776890761.43,1776889800,1776890700.0,1776890700
4425608.407058201,mult4.50,0.5,4748.09,0,4748.27,4701.013102967879,4701.01,F1,True,4446754.855,-4425899.0000000205,-4446970.2500000205,1776890700|LONG,EXIT_STLINE,False,SuperTrend-p14x3-M15,LONG,L,0.5,1776897883.213,1776890700,1776891600.0,1776897000
62454.90705818752,mult4.50,0.5,4701.13,0,4701.68,4701.013102967879,4700.99,F1,True,4403123.32,-64618.5000000477,-85689.7500000477,1776897000|LONG,EXIT_STLINE,False,SuperTrend-p14x3-M15,LONG,L,0.5,1776897998.533,1776897000,1776897900.0,1776897900
5303520.261987427,mult4.50,0.5,4698.68,0,4698.73,4728.2989635628455,4728.38,F1,True,4400360.645,-2776722.500000051,-2797793.750000051,1776897900|SHORT,EXIT_STLINE,False,SuperTrend-p14x3-M15,SHORT,S,0.5,1776931287.883,1776897900,1776898800.0,1776931200
4224345.941463589,mult4.50,0.5,4685.14,1,4686.44,4710.143779391232,4710.15,F1,True,4388851.06,-2220441.5000000033,-2241512.7500000033,1777226400|SHORT,EXIT_STLINE,False,SuperTrend-p14x3-M15,SHORT,S,0.5,1777243037.134,1777226400,1777228200.0,1777242600
4065892.511111196,mult4.50,0.5,4713.32,0,4713.9,4693.335799685215,4693.25,F1,True,4414567.35,-1933872.499999966,-1954943.749999966,1777242600|LONG,EXIT_STLINE,False,SuperTrend-p14x3-M15,LONG,L,0.5,1777280495.57,1777242600,1777243500.0,1777280400
195982.98257287015,mult4.50,0.5,4569.74,0,4569.62,4571.712717379315,4571.76,F1,True,4279449.13,-200411.00000003068,-221482.25000003068,1777495500|SHORT,EXIT_STLINE,False,SuperTrend-p14x3-M15,SHORT,S,0.5,1777497640.791,1777495500,1777496400.0,1777497300
4307498.302987424,mult4.50,0.5,4579.61,0,4580.17,4604.54125662479,4604.51,F1,True,4289329.205,2279441.0000000135,2258369.7500000135,1777497300|LONG,EXIT_STLINE,False,SuperTrend-p14x3-M15,LONG,L,0.5,1777600590.409,1777497300,1777498200.0,1777599900
67310.31708847072,mult4.50,0.5,4604.79,0,4605.26,4604.54125662479,4604.5,F1,True,4312825.99,-71174.00000002045,-92245.25000002045,1777599900|LONG,EXIT_STLINE,False,SuperTrend-p14x3-M15,LONG,L,0.5,1777600807.512,1777599900,1777600800.0,1777600800
3041978.595222211,mult4.50,0.5,4601.35,0,4601.39,4597.811795136688,4597.86,F1,True,4309201.735,330584.50000006135,309513.25000006135,1777600800|SHORT,EXIT_STLINE,False,SuperTrend-p14x3-M15,SHORT,S,0.5,1777623877.115,1777600800,1777601700.0,1777623300
122404.73105408932,mult4.50,0.5,4592.92,0,4593.22,4591.912955354468,4591.7,F1,True,4301550.53,-142348.0000000409,-163419.2500000409,1777846500|LONG,EXIT_STLINE,False,SuperTrend-p14x3-M15,LONG,L,0.5,1777847469.156,1777846500,1777847400.0,1777847400
1159110.231054062,mult4.50,0.5,4603.84,0,4604.29,4591.912955354468,4591.77,F1,True,4311917.585,-1172497.9999999558,-1193569.2499999558,1777847400|LONG,EXIT_STLINE,False,SuperTrend-p14x3-M15,LONG,L,0.5,1777860278.502,1777847400,1777848300.0,1777860000
556940.7310540348,mult4.50,0.5,4597.35,0,4597.86,4591.912955354468,4591.83,F1,True,4305895.89,-564709.4999999761,-585780.7499999761,1777860000|LONG,EXIT_STLINE,False,SuperTrend-p14x3-M15,LONG,L,0.5,1777860963.791,1777860000,1777860900.0,1777860900
216054.73105408932,mult4.50,0.5,4593.72,0,4594.22,4591.912955354468,4591.89,F1,True,4302487.03,-218204.4999999932,-239275.7499999932,1777860900|LONG,EXIT_STLINE,False,SuperTrend-p14x3-M15,LONG,L,0.5,1777861879.509,1777860900,1777861800.0,1777861800
4424896.916773144,mult4.50,0.5,4585.36,0,4585.37,4549.73084444515,4549.84,F1,True,4294199.005,3327384.4999999763,3306313.2499999763,1777861800|SHORT,EXIT_STLINE,False,SuperTrend-p14x3-M15,SHORT,S,0.5,1777944915.337,1777861800,1777862700.0,1777944600
355949.0822882767,mult4.50,0.5,4545.88,0,4545.93,4549.73084444515,4549.76,F1,True,4257263.445,-358679.4999999932,-379750.7499999932,1777944600|SHORT,EXIT_STLINE,False,SuperTrend-p14x3-M15,SHORT,S,0.5,1777946418.118,1777944600,1777945500.0,1777946400
589137.5822883415,mult4.50,0.5,4543.39,0,4543.44,4549.73084444515,4549.77,F1,True,4254931.56,-592804.5000000783,-613875.7500000783,1777946400|SHORT,EXIT_STLINE,False,SuperTrend-p14x3-M15,SHORT,S,0.5,1777948779.129,1777946400,1777947300.0,1777948200
335346.08228833805,mult4.50,0.5,4546.16,0,4546.15,4549.73084444515,4549.76,F1,True,4257469.475,-338076.5000000545,-359147.7500000545,1777948200|SHORT,EXIT_STLINE,False,SuperTrend-p14x3-M15,SHORT,S,0.5,1777949411.844,1777948200,1777949100.0,1777949100
172395.08228827332,mult4.50,0.5,4547.89,0,4547.89,4549.73084444515,4549.9,F1,True,4259098.985,-188236.49999993527,-209307.74999993527,1777949100|SHORT,EXIT_STLINE,False,SuperTrend-p14x3-M15,SHORT,S,0.5,1777950030.78,1777949100,1777950000.0,1777950000
3516692.7386522554,mult4.50,0.5,4553.91,0,4554.34,4666.719817082702,4665.91,F1,True,4265139.41,10448530.499999972,10427459.249999972,1777950000|LONG,EXIT_STLINE,False,SuperTrend-p14x3-M15,LONG,L,0.5,1778055312.122,1777950000,1777950900.0,1778055300
3747018.4150296873,mult4.50,0.5,4687.27,0,4687.23,4696.92498580426,4696.98,F1,True,4389590.895,-913087.5,-934158.75,1778436000|SHORT,EXIT_STLINE,False,SuperTrend-p14x3-M15,SHORT,S,0.5,1778488524.698,1778436000,1778436900.0,1778488200
43690.898679803875,mult4.50,0.5,4729.33,0,4729.53,4729.063466111267,4729.03,F1,True,4429204.845,-46825.0,-67896.25,1778535000|LONG,EXIT_STLINE,False,SuperTrend-p14x3-M15,LONG,L,0.5,1778535900.394,1778535000,1778535900.0,1778535900
78197.7500000034,mult4.75,0.5,4347.59,0,4347.59,4348.425,4348.63,F1,True,4071518.035,-97395.9999999966,-118467.2499999966,1767309300|SHORT,EXIT_STLINE,False,SuperTrend-p14x3-M15,SHORT,S,0.5,1767310203.104,1767309300,1767310200.0,1767310200
3775235.7621173626,mult4.75,0.5,4351.38,0,4351.88,4368.448704968928,4368.43,F1,True,4075535.62,1549907.500000017,1528836.250000017,1767310200|LONG,EXIT_STLINE,False,SuperTrend-p14x3-M15,LONG,L,0.5,1767350016.631,1767310200,1767311100.0,1767349800
4037625.5308792144,mult4.75,0.5,4470.76,0,4470.81,4449.167859199198,4449.22,F1,True,4186913.5650000004,2021903.5000000137,2000832.2500000137,1767736800|SHORT,EXIT_STLINE,False,SuperTrend-p14x3-M15,SHORT,S,0.5,1767874238.644,1767736800,1767737700.0,1767873600
690794.0737447239,mult4.75,0.5,4583.09,0,4583.59,4576.213661785961,4576.05,F1,True,4292532.035,-706120.9999999966,-727192.2499999966,1768257000|LONG,EXIT_STLINE,False,SuperTrend-p14x3-M15,LONG,L,0.5,1768275613.245,1768257000,1768257900.0,1768275000
3736986.378722542,mult4.75,0.5,4575.83,0,4575.83,4610.654266534777,4610.73,F1,True,4285264.795,-3268384.999999966,-3289456.249999966,1768275000|SHORT,EXIT_STLINE,False,SuperTrend-p14x3-M15,SHORT,S,0.5,1768300216.865,1768275000,1768275900.0,1768300200
307072.5993120456,mult4.75,0.5,4627.26,0,4627.26,4630.538938593829,4630.54,F1,True,4333428.99,-307171.99999997613,-328243.24999997613,1768352400|SHORT,EXIT_STLINE,False,SuperTrend-p14x3-M15,SHORT,S,0.5,1768355576.729,1768352400,1768353300.0,1768355100
132883.5993120763,mult4.75,0.5,4629.0,0,4629.12,4630.538938593829,4630.63,F1,True,4335170.88,-141411.50000002043,-162482.75000002043,1768355100|SHORT,EXIT_STLINE,False,SuperTrend-p14x3-M15,SHORT,S,0.5,1768356004.022,1768355100,1768356000.0,1768356000
2978718.9500410133,mult4.75,0.5,4633.92,0,4634.37,4606.799992099421,4606.69,F1,True,4340087.505,-2592232.0000000275,-2613303.2500000275,1768356000|LONG,EXIT_STLINE,False,SuperTrend-p14x3-M15,LONG,L,0.5,1768391404.713,1768356000,1768356900.0,1768391100
7936003.94075539,mult4.75,0.5,4654.13,0,4654.63,4827.408585611382,4827.24,F1,True,4359060.995,16164926.49999997,16143855.24999997,1768766400|LONG,EXIT_STLINE,False,SuperTrend-p14x3-M15,LONG,L,0.5,1768998070.599,1768766400,1768767300.0,1768997700
2471317.4187258924,mult4.75,0.5,5421.84,0,5421.94,5448.328867258151,5448.38,F1,True,5077646.81,-2476106.0000000475,-2497177.2500000475,1769716800|SHORT,EXIT_STLINE,False,SuperTrend-p14x3-M15,SHORT,S,0.5,1769719857.843,1769716800,1769717700.0,1769719500
948568.4187258722,mult4.75,0.5,5438.44,0,5438.2,5448.328867258151,5449.07,F1,True,5092874.3,-1017975.4999999898,-1039046.7499999898,1769719500|SHORT,EXIT_STLINE,False,SuperTrend-p14x3-M15,SHORT,S,0.5,1769720794.597,1769719500,1769720400.0,1769720400
320176.91872586875,mult4.75,0.5,5444.91,0,5444.91,5448.328867258151,5448.42,F1,True,5099158.215,-328711.50000002043,-349782.75000002043,1769720400|SHORT,EXIT_STLINE,False,SuperTrend-p14x3-M15,SHORT,S,0.5,1769721515.216,1769720400,1769721300.0,1769721300
2063003.4187258382,mult4.75,0.5,5425.97,0,5426.3,4761.833713497847,4761.84,F1,True,5081729.95,62226679.0,62205607.75,1769721300|SHORT,EXIT_STLINE,False,SuperTrend-p14x3-M15,SHORT,S,0.5,1770021068.597,1769721300,1769722200.0,1770021000
16446893.141202344,mult4.75,0.5,4826.01,0,4826.46,5024.866284955832,5020.01,F1,True,4519979.79,18125957.50000002,18104886.25000002,1770334200|LONG,EXIT_STLINE,False,SuperTrend-p14x3-M15,LONG,L,0.5,1770667810.582,1770334200,1770335100.0,1770667200
9554404.805988785,mult4.75,0.5,5013.04,0,5013.21,5075.442223675578,5076.27,F1,True,4694871.165,-5905569.000000037,-5926640.250000037,1770667200|SHORT,EXIT_STLINE,False,SuperTrend-p14x3-M15,SHORT,S,0.5,1770794678.658,1770667200,1770668100.0,1770794100
1400174.7616700178,mult4.75,0.5,4983.36,0,4983.86,4971.10385217627,4971.01,F1,True,4667384.89,-1203402.499999949,-1224473.749999949,1771207200|LONG,EXIT_STLINE,False,SuperTrend-p14x3-M15,LONG,L,0.5,1771243513.792,1771207200,1771208100.0,1771243200
251557.7436922862,mult4.75,0.5,4973.29,0,4973.79,4971.10385217627,4970.33,F1,True,4657954.335,-324029.00000000343,-345100.25000000343,1771276500|LONG,EXIT_STLINE,False,SuperTrend-p14x3-M15,LONG,L,0.5,1771278151.509,1771276500,1771277400.0,1771277400
3937508.2030210234,mult4.75,0.5,4970.22,0,4970.22,4928.578806346874,4928.59,F1,True,4654611.03,3898649.5000000102,3877578.2500000102,1771277400|SHORT,EXIT_STLINE,False,SuperTrend-p14x3-M15,SHORT,S,0.5,1771376891.123,1771277400,1771278300.0,1771376400
8316.714384812121,mult4.75,0.5,4928.49,0,4928.49,4928.578806346874,4928.99,F1,True,4615530.885,-46825.0,-67896.25,1771376400|SHORT,EXIT_STLINE,False,SuperTrend-p14x3-M15,SHORT,S,0.5,1771377300.149,1771376400,1771377300.0,1771377300
5039969.570309579,mult4.75,0.5,4932.96,0,4933.44,4986.586502543268,4985.93,F1,True,4620166.56,4915688.500000065,4894617.250000065,1771377300|LONG,EXIT_STLINE,False,SuperTrend-p14x3-M15,LONG,L,0.5,1771484962.238,1771377300,1771378200.0,1771484400
3873786.282618436,mult4.75,0.5,5022.01,0,5022.51,5004.85994814359,4995.04,F1,True,4703580.615,-2572565.5000000237,-2593636.7500000237,1771557300|LONG,EXIT_STLINE,False,SuperTrend-p14x3-M15,LONG,L,0.5,1771589181.858,1771557300,1771558200.0,1771588800
7489990.869415815,mult4.75,0.5,5185.16,0,5185.32,5176.939040738975,5177.0,F1,True,4856052.18,779167.9999999728,758096.7499999728,1771884000|SHORT,EXIT_STLINE,False,SuperTrend-p14x3-M15,SHORT,S,0.5,1771971300.828,1771884000,1771884900.0,1771971300
6484645.685587608,mult4.75,0.5,5185.24,0,5185.74,5156.930468155766,5156.49,F1,True,4856445.51,-2739262.5,-2760333.75,1771971300|LONG,EXIT_STLINE,False,SuperTrend-p14x3-M15,LONG,L,0.5,1772007416.845,1771971300,1771972200.0,1772007300
11486185.26023993,mult4.75,0.5,5072.48,0,5072.83,5147.951183956247,5148.05,F1,True,4750705.295,-7044353.000000024,-7065424.250000024,1773001800|SHORT,EXIT_STLINE,False,SuperTrend-p14x3-M15,SHORT,S,0.5,1773076063.569,1773001800,1773002700.0,1773075600
1427336.877502566,mult4.75,0.5,5132.71,0,5132.71,5147.951183956247,5148.54,F1,True,4806782.915,-1482479.4999999932,-1503550.7499999932,1773082800|SHORT,EXIT_STLINE,False,SuperTrend-p14x3-M15,SHORT,S,0.5,1773086335.402,1773082800,1773083700.0,1773085500
6846949.47323453,mult4.75,0.5,5152.67,0,5153.32,5177.3432585017035,5177.23,F1,True,4826084.18,2239171.4999999865,2218100.2499999865,1773085500|LONG,EXIT_STLINE,False,SuperTrend-p14x3-M15,LONG,L,0.5,1773155921.631,1773085500,1773086400.0,1773155700
853827.7621442452,mult4.75,0.5,5112.11,0,5112.21,5121.3272211654485,5121.33,F1,True,4787584.665,-854087.9999999898,-875159.2499999898,1773354600|SHORT,EXIT_STLINE,False,SuperTrend-p14x3-M15,SHORT,S,0.5,1773356309.75,1773354600,1773355500.0,1773355500
4743527.646142337,mult4.75,0.5,5124.02,0,5124.49,5081.1623825872975,5080.43,F1,True,4799084.885,-4126218.9999999525,-4147290.2499999525,1773355500|LONG,EXIT_STLINE,False,SuperTrend-p14x3-M15,LONG,L,0.5,1773375528.704,1773355500,1773356400.0,1773375300
1424364.3774029405,mult4.75,0.5,4677.21,0,4677.16,4692.369443431959,4692.45,F1,True,4380160.34,-1431908.4999999965,-1452979.7499999965,1773960300|SHORT,EXIT_STLINE,False,SuperTrend-p14x3-M15,SHORT,S,0.5,1773964131.121,1773960300,1773961200.0,1773963900
9119133.159452287,mult4.75,0.5,4697.58,0,4698.48,4650.060069459484,4650.05,F1,True,4400126.52,-4535469.499999942,-4556540.749999942,1773963900|LONG,EXIT_STLINE,False,SuperTrend-p14x3-M15,LONG,L,0.5,1773990657.102,1773963900,1773964800.0,1773990000
1167667.9274276677,mult4.75,0.5,4322.03,0,4322.6,4310.131575788279,4309.74,F1,True,4048114.9000000004,-1204339.0000000545,-1225410.2500000545,1774305900|LONG,EXIT_STLINE,False,SuperTrend-p14x3-M15,LONG,L,0.5,1774307463.151,1774305900,1774306800.0,1774306800
233040.92742762342,mult4.75,0.5,4312.01,0,4312.62,4310.131575788279,4309.66,F1,True,4038768.63,-277204.00000000343,-298275.25000000343,1774306800|LONG,EXIT_STLINE,False,SuperTrend-p14x3-M15,LONG,L,0.5,1774307972.322,1774306800,1774307700.0,1774307700
3957501.4274276644,mult4.75,0.5,4352.12,0,4352.39,4520.882625232829,4519.75,F1,True,4076013.235000001,15673263.99999997,15652192.74999997,1774307700|LONG,EXIT_STLINE,False,SuperTrend-p14x3-M15,LONG,L,0.5,1774454928.81,1774307700,1774308600.0,1774454400
6730019.730835763,mult4.75,0.5,4465.54,0,4465.99,4443.204365779806,4441.06,F1,True,4182399.635,-2334694.4999999423,-2355765.7499999423,1774578600|LONG,EXIT_STLINE,False,SuperTrend-p14x3-M15,LONG,L,0.5,1774818011.494,1774578600,1774579500.0,1774818000
9753831.408389159,mult4.75,0.5,4425.7,0,4425.98,4530.131963784187,4530.21,F1,True,4144930.2699999996,-9761139.500000045,-9782210.750000045,1774818000|SHORT,EXIT_STLINE,False,SuperTrend-p14x3-M15,SHORT,S,0.5,1774840123.9,1774818000,1774818900.0,1774839600
9628581.10892966,mult4.75,0.5,4581.29,0,4581.81,4734.963291961739,4734.86,F1,True,4290865.065,14333132.499999931,14312061.249999931,1774908900|LONG,EXIT_STLINE,False,SuperTrend-p14x3-M15,LONG,L,0.5,1775081061.933,1774908900,1774909800.0,1775080800
1525250.2077831584,mult4.75,0.5,4750.79,0,4751.25,4734.963291961739,4734.88,F1,True,4449545.625,-1533050.4999999898,-1554121.7499999898,1775080800|LONG,EXIT_STLINE,False,SuperTrend-p14x3-M15,LONG,L,0.5,1775081863.029,1775080800,1775081700.0,1775081700
9216943.412264224,mult4.75,0.5,4697.04,0,4697.0,4681.48183216806,4681.51,F1,True,4398740.5,1450638.4999999795,1429567.2499999795,1775081700|SHORT,EXIT_STLINE,False,SuperTrend-p14x3-M15,SHORT,S,0.5,1775129757.919,1775081700,1775082600.0,1775129400
3544519.1859058933,mult4.75,0.5,4645.46,0,4646.76,4608.911423535442,4608.81,F1,True,4351690.74,-3554017.499999983,-3575088.749999983,1775414700|LONG,EXIT_STLINE,False,SuperTrend-p14x3-M15,LONG,L,0.5,1775417359.511,1775414700,1775415600.0,1775416500
155325.68590584566,mult4.75,0.5,4609.58,0,4610.57,4608.911423535442,4608.91,F1,True,4317798.805,-155458.99999998638,-176530.24999998638,1775416500|LONG,EXIT_STLINE,False,SuperTrend-p14x3-M15,LONG,L,0.5,1775417441.534,1775416500,1775417400.0,1775417400
8724039.454117516,mult4.75,0.5,4607.02,0,4606.99,4700.145787016738,4700.62,F1,True,4314446.135,-8768449.50000001,-8789520.75000001,1775417400|SHORT,EXIT_STLINE,False,SuperTrend-p14x3-M15,SHORT,S,0.5,1775451623.586,1775417400,1775418300.0,1775451600
4868247.30733533,mult4.75,0.5,4640.51,0,4640.56,4689.669970516836,4689.69,F1,True,4345884.44,-4601024.4999999255,-4622095.7499999255,1775509200|SHORT,EXIT_STLINE,False,SuperTrend-p14x3-M15,SHORT,S,0.5,1775535808.1,1775509200,1775510100.0,1775535300
138202.16962278006,mult4.75,0.5,4744.41,0,4745.12,4743.644269411396,4743.54,F1,True,4443804.88,-147966.9999999932,-169038.2499999932,1775772900|LONG,EXIT_STLINE,False,SuperTrend-p14x3-M15,LONG,L,0.5,1775773821.8,1775772900,1775773800.0,1775773800
613944.1696227732,mult4.75,0.5,4749.48,0,4750.2,4743.644269411396,4743.62,F1,True,4448562.3,-616216.9999999931,-637288.2499999931,1775773800|LONG,EXIT_STLINE,False,SuperTrend-p14x3-M15,LONG,L,0.5,1775789400.007,1775773800,1775774700.0,1775789100
288042.1696228141,mult4.75,0.5,4746.22,0,4746.72,4743.644269411396,4743.52,F1,True,4445303.28,-299679.99999998295,-320751.24999998295,1775789100|LONG,EXIT_STLINE,False,SuperTrend-p14x3-M15,LONG,L,0.5,1775790112.514,1775789100,1775790000.0,1775790000
9335501.96987104,mult4.75,0.5,4676.54,1,4647.25,4729.526112982596,4729.82,F1,True,4352149.625,-7732680.499999973,-7753751.749999973,1776016800|SHORT,EXIT_STLINE,False,SuperTrend-p14x3-M15,SHORT,S,0.5,1776045463.013,1776016800,1776018600.0,1776044700
24921.480820076704,mult4.75,0.5,4729.19,0,4729.26,4729.526112982596,4729.76,F1,True,4428951.99,-46825.0,-67896.25,1776044700|SHORT,EXIT_STLINE,False,SuperTrend-p14x3-M15,SHORT,S,0.5,1776045600.186,1776044700,1776045600.0,1776045600
338648.98082011077,mult4.75,0.5,4725.91,0,4725.91,4729.526112982596,4729.58,F1,True,4425814.715,-343695.5000000068,-364766.7500000068,1776045600|SHORT,EXIT_STLINE,False,SuperTrend-p14x3-M15,SHORT,S,0.5,1776046520.072,1776045600,1776046500.0,1776046500
4663903.65582625,mult4.75,0.5,4731.55,0,4732.13,4807.309559216003,4807.11,F1,True,4431639.745,7021876.999999959,7000805.749999959,1776046500|LONG,EXIT_STLINE,False,SuperTrend-p14x3-M15,LONG,L,0.5,1776222107.678,1776046500,1776047400.0,1776222000
36525.53152224696,mult4.75,0.5,4823.01,0,4822.96,4823.35002169271,4823.46,F1,True,4516702.04,-46825.0,-67896.25,1776281400|SHORT,EXIT_STLINE,False,SuperTrend-p14x3-M15,SHORT,S,0.5,1776282300.225,1776281400,1776282300.0,1776282300
29033.53152225377,mult4.75,0.5,4823.21,0,4823.04,4823.35002169271,4823.54,F1,True,4516776.96,-46825.0,-67896.25,1776282300|SHORT,EXIT_STLINE,False,SuperTrend-p14x3-M15,SHORT,S,0.5,1776283200.187,1776282300,1776283200.0,1776283200
3423018.789526987,mult4.75,0.5,4829.65,0,4830.1,4803.804754155014,4803.38,F1,True,4523388.65,-2502328.0000000237,-2523399.2500000237,1776283200|LONG,EXIT_STLINE,False,SuperTrend-p14x3-M15,LONG,L,0.5,1776333138.489,1776283200,1776284100.0,1776332700
5118340.2945972085,mult4.75,0.5,4790.3,0,4790.21,4813.206180730045,4813.46,F1,True,4486031.665,-2177362.5,-2198433.75,1776621600|SHORT,EXIT_STLINE,False,SuperTrend-p14x3-M15,SHORT,S,0.5,1776635260.729,1776621600,1776622500.0,1776635100
515653.8253687465,mult4.75,0.5,4807.7,0,4807.7,4813.206180730045,4813.21,F1,True,4502411.05,-516011.50000002043,-537082.7500000205,1776635100|SHORT,EXIT_STLINE,False,SuperTrend-p14x3-M15,SHORT,S,0.5,1776672752.847,1776635100,1776636000.0,1776672000
45936.577834480704,mult4.75,0.5,4798.52,0,4798.96,4798.469486622163,4798.46,F1,True,4494226.04,-46825.0,-67896.25,1776726900|LONG,EXIT_STLINE,False,SuperTrend-p14x3-M15,LONG,L,0.5,1776727800.153,1776726900,1776727800.0,1776727800
3146988.119247154,mult4.75,0.5,4794.86,0,4794.84,4751.691622126156,4751.8,F1,True,4490367.66,4030695.9999999967,4009624.7499999967,1776727800|SHORT,EXIT_STLINE,False,SuperTrend-p14x3-M15,SHORT,S,0.5,1776807579.979,1776727800,1776728700.0,1776807000
222102.41211456378,mult4.75,0.5,4749.29,0,4749.32,4751.691622126156,4751.96,F1,True,4447738.18,-247236.00000003068,-268307.2500000307,1776807000|SHORT,EXIT_STLINE,False,SuperTrend-p14x3-M15,SHORT,S,0.5,1776808080.411,1776807000,1776807900.0,1776807900
4678042.203642728,mult4.75,0.5,4752.09,0,4752.78,4734.321392832466,4734.32,F1,True,4450978.47,-1728779.0000000035,-1749850.2500000035,1776807900|LONG,EXIT_STLINE,False,SuperTrend-p14x3-M15,LONG,L,0.5,1776853951.01,1776807900,1776808800.0,1776853800
4319359.9072034145,mult4.75,0.5,4732.92,0,4732.92,4749.788321288289,4749.8,F1,True,4432379.58,-1580812.0000000102,-1601883.2500000102,1776853800|SHORT,EXIT_STLINE,False,SuperTrend-p14x3-M15,SHORT,S,0.5,1776889818.14,1776853800,1776854700.0,1776889800
488695.7886482826,mult4.75,0.5,4744.72,0,4744.57,4749.788321288289,4749.85,F1,True,4443289.805,-494472.00000006135,-515543.25000006135,1776889800|SHORT,EXIT_STLINE,False,SuperTrend-p14x3-M15,SHORT,S,0.5,1776890776.281,1776889800,1776890700.0,1776890700
189015.78864821445,mult4.75,0.5,4748.09,0,4747.77,4749.788321288289,4750.04,F1,True,4446286.605,-212585.4999999557,-233656.7499999557,1776890700|SHORT,EXIT_STLINE,False,SuperTrend-p14x3-M15,SHORT,S,0.5,1776891749.015,1776890700,1776891600.0,1776891600
1221975.2886482757,mult4.75,0.5,4736.75,0,4736.74,4730.524461538559,4730.62,F1,True,4435957.01,573137.9999999898,552066.7499999898,1776891600|SHORT,EXIT_STLINE,False,SuperTrend-p14x3-M15,SHORT,S,0.5,1776931305.901,1776891600,1776892500.0,1776931200
241601.85950550908,mult4.75,0.5,4686.67,0,4686.94,4684.360161671057,4684.28,F1,True,4389319.31,-249108.99999998638,-270180.2499999864,1777227300|LONG,EXIT_STLINE,False,SuperTrend-p14x3-M15,LONG,L,0.5,1777228294.592,1777227300,1777228200.0,1777228200
53365.35950557381,mult4.75,0.5,4684.41,0,4684.93,4684.360161671057,4684.27,F1,True,4387436.945,-61808.99999998637,-82880.24999998638,1777228200|LONG,EXIT_STLINE,False,SuperTrend-p14x3-M15,LONG,L,0.5,1777229104.199,1777228200,1777229100.0,1777229100
57111.359505570406,mult4.75,0.5,4684.52,0,4684.97,4684.360161671057,4684.33,F1,True,4387474.405,-59936.00000003066,-81007.25000003066,1777229100|LONG,EXIT_STLINE,False,SuperTrend-p14x3-M15,LONG,L,0.5,1777230000.157,1777229100,1777230000.0,1777230000
3216535.045479041,mult4.75,0.5,4683.56,0,4683.5,4712.012600468523,4712.36,F1,True,4386097.75,-2702738.9999999693,-2723810.2499999693,1777230000|SHORT,EXIT_STLINE,False,SuperTrend-p14x3-M15,SHORT,S,0.5,1777243093.428,1777230000,1777230900.0,1777242600
4267816.636728468,mult4.75,0.5,4713.32,0,4713.9,4691.432510778838,4691.42,F1,True,4414567.35,-2105251.999999959,-2126323.249999959,1777242600|LONG,EXIT_STLINE,False,SuperTrend-p14x3-M15,LONG,L,0.5,1777282576.603,1777242600,1777243500.0,1777282200
4511242.778153392,mult4.75,0.5,4579.61,0,4580.17,4603.005215326167,4602.98,F1,True,4289329.205,2136156.4999999525,2115085.2499999525,1777497300|LONG,EXIT_STLINE,False,SuperTrend-p14x3-M15,LONG,L,0.5,1777600616.698,1777497300,1777498200.0,1777599900
211160.58470450313,mult4.75,0.5,4604.79,0,4605.26,4603.005215326167,4602.81,F1,True,4312825.99,-229442.49999998297,-250513.74999998297,1777599900|LONG,EXIT_STLINE,False,SuperTrend-p14x3-M15,LONG,L,0.5,1777601171.415,1777599900,1777600800.0,1777600800
3195941.378290096,mult4.75,0.5,4601.35,0,4601.39,4599.663005977614,4599.84,F1,True,4309201.735,145157.50000001703,124086.25000001703,1777600800|SHORT,EXIT_STLINE,False,SuperTrend-p14x3-M15,SHORT,S,0.5,1777623904.059,1777600800,1777601700.0,1777623300
868805.8688903317,mult4.75,0.5,4597.35,0,4597.86,4588.58284176305,4588.42,F1,True,4305895.89,-884055.9999999625,-905127.2499999625,1777860000|LONG,EXIT_STLINE,False,SuperTrend-p14x3-M15,LONG,L,0.5,1777862013.117,1777860000,1777860900.0,1777861800
4647624.189927248,mult4.75,0.5,4585.36,0,4585.37,4551.45450246988,4551.46,F1,True,4294199.005,3175671.4999999865,3154600.2499999865,1777861800|SHORT,EXIT_STLINE,False,SuperTrend-p14x3-M15,SHORT,S,0.5,1777945365.389,1777861800,1777862700.0,1777944600
517369.6563042372,mult4.75,0.5,4545.88,0,4545.93,4551.45450246988,4551.55,F1,True,4257263.445,-526312.9999999898,-547384.2499999898,1777944600|SHORT,EXIT_STLINE,False,SuperTrend-p14x3-M15,SHORT,S,0.5,1777946476.341,1777944600,1777945500.0,1777946400
750558.1563043019,mult4.75,0.5,4543.39,0,4543.44,4551.45450246988,4551.62,F1,True,4254931.56,-766057.0000000272,-787128.2500000272,1777946400|SHORT,EXIT_STLINE,False,SuperTrend-p14x3-M15,SHORT,S,0.5,1777950046.975,1777946400,1777947300.0,1777950000
3695493.7102439934,mult4.75,0.5,4553.91,0,4554.34,4664.034529142853,4663.2,F1,True,4265139.41,10194738.99999997,10173667.74999997,1777950000|LONG,EXIT_STLINE,False,SuperTrend-p14x3-M15,LONG,L,0.5,1778055540.158,1777950000,1777950900.0,1778055300
3939733.85475351,mult4.75,0.5,4687.27,0,4687.23,4699.146651682275,4699.28,F1,True,4389590.895,-1128482.500000017,-1149553.750000017,1778436000|SHORT,EXIT_STLINE,False,SuperTrend-p14x3-M15,SHORT,S,0.5,1778489793.224,1778436000,1778436900.0,1778489100
225093.72638428758,mult4.75,0.5,4729.33,0,4729.53,4727.1264364507815,4727.0,F1,True,4429204.845,-236934.49999997616,-258005.74999997616,1778535000|LONG,EXIT_STLINE,False,SuperTrend-p14x3-M15,LONG,L,0.5,1778535987.183,1778535000,1778535900.0,1778535900
78197.7500000034,mult5.00,0.5,4347.59,0,4347.59,4348.425,4348.63,F1,True,4071518.035,-97395.9999999966,-118467.2499999966,1767309300|SHORT,EXIT_STLINE,False,SuperTrend-p14x3-M15,SHORT,S,0.5,1767310203.104,1767309300,1767310200.0,1767310200
3961610.012755092,mult5.00,0.5,4351.38,0,4351.88,4366.966005230451,4366.06,F1,True,4075535.62,1327957.0000000272,1306885.7500000272,1767310200|LONG,EXIT_STLINE,False,SuperTrend-p14x3-M15,LONG,L,0.5,1767350223.348,1767310200,1767311100.0,1767349800
101124.41505171923,mult5.00,0.5,4470.76,0,4471.31,4470.230187773073,4470.1,F1,True,4187381.8150000004,-113316.5000000034,-134387.7500000034,1767736800|LONG,EXIT_STLINE,False,SuperTrend-p14x3-M15,LONG,L,0.5,1767738829.552,1767736800,1767737700.0,1767738600
3517984.6931644934,mult5.00,0.5,4468.43,0,4468.42,4450.847483367576,4451.75,F1,True,4184675.33,1561145.5000000068,1540074.2500000068,1767738600|SHORT,EXIT_STLINE,False,SuperTrend-p14x3-M15,SHORT,S,0.5,1767874586.255,1767738600,1767739500.0,1767874500
208675.68288914472,mult5.00,0.5,4575.83,0,4576.33,4582.676434213445,4582.59,F1,True,4285733.045,586249.0000000205,565177.7500000205,1768275000|LONG,EXIT_STLINE,False,SuperTrend-p14x3-M15,LONG,L,0.5,1768317665.975,1768275000,1768275900.0,1768317300
8265435.556058378,mult5.00,0.5,4654.13,0,4654.63,4824.911405906718,4824.89,F1,True,4359060.995,15944849.00000002,15923777.75000002,1768766400|LONG,EXIT_STLINE,False,SuperTrend-p14x3-M15,LONG,L,0.5,1768998088.532,1768766400,1768767300.0,1768997700
393530.82014646364,mult5.00,0.5,4826.01,0,4825.96,4830.162144368889,4831.92,F1,True,4519511.54,-558154.0000000034,-579225.2500000034,1770334200|SHORT,EXIT_STLINE,False,SuperTrend-p14x3-M15,SHORT,S,0.5,1770335124.822,1770334200,1770335100.0,1770335100
1289761.3201464363,mult5.00,0.5,4816.39,0,4816.39,4830.162144368889,4830.65,F1,True,4510549.235,-1335448.9999999353,-1356520.2499999353,1770335100|SHORT,EXIT_STLINE,False,SuperTrend-p14x3-M15,SHORT,S,0.5,1770336279.491,1770335100,1770336000.0,1770336000
1492981.8201464433,mult5.00,0.5,4814.17,0,4814.22,4830.162144368889,4830.17,F1,True,4508517.03,-1493717.499999983,-1514788.749999983,1770336000|SHORT,EXIT_STLINE,False,SuperTrend-p14x3-M15,SHORT,S,0.5,1770341448.926,1770336000,1770336900.0,1770341400
740972.3201464671,mult5.00,0.5,4822.25,0,4822.25,4830.162144368889,4830.27,F1,True,4516037.125,-751073.0000000409,-772144.2500000409,1770341400|SHORT,EXIT_STLINE,False,SuperTrend-p14x3-M15,SHORT,S,0.5,1770344293.692,1770341400,1770342300.0,1770344100
14756136.717986736,mult5.00,0.5,4852.0,0,4852.5,5022.04319469035,5020.01,F1,True,4544366.25,15687311.50000002,15666240.25000002,1770344100|LONG,EXIT_STLINE,False,SuperTrend-p14x3-M15,LONG,L,0.5,1770667810.582,1770344100,1770345000.0,1770667200
9955460.98639095,mult5.00,0.5,5013.04,0,5013.21,5078.162340711135,5080.14,F1,True,4694871.165,-6267994.500000027,-6289065.750000027,1770667200|SHORT,EXIT_STLINE,False,SuperTrend-p14x3-M15,SHORT,S,0.5,1770795652.729,1770667200,1770668100.0,1770795000
1694648.3411241793,mult5.00,0.5,4983.36,0,4983.86,4968.91905492239,4968.82,F1,True,4667384.89,-1408495.9999999965,-1429567.2499999965,1771207200|LONG,EXIT_STLINE,False,SuperTrend-p14x3-M15,LONG,L,0.5,1771278157.429,1771207200,1771208100.0,1771277400
168658.5065181641,mult5.00,0.5,4970.22,0,4970.72,4968.91905492239,4968.89,F1,True,4655079.28,-171379.4999999932,-192450.7499999932,1771277400|LONG,EXIT_STLINE,False,SuperTrend-p14x3-M15,LONG,L,0.5,1771278385.767,1771277400,1771278300.0,1771278300
6277198.679644778,mult5.00,0.5,4935.52,0,4935.57,4931.986901417763,4932.28,F1,True,4622161.305,308108.49999999657,287037.24999999657,1771278300|SHORT,EXIT_STLINE,False,SuperTrend-p14x3-M15,SHORT,S,0.5,1771378111.475,1771278300,1771279200.0,1771377300
5283469.824010115,mult5.00,0.5,4932.96,0,4933.44,4984.869476361335,4984.77,F1,True,4620166.56,4807054.500000078,4785983.250000078,1771377300|LONG,EXIT_STLINE,False,SuperTrend-p14x3-M15,LONG,L,0.5,1771485065.727,1771377300,1771378200.0,1771484400
172496.39531793937,mult5.00,0.5,5022.01,0,5022.01,5023.851926271414,5023.91,F1,True,4703112.365,-177934.99999996592,-199006.24999996592,1771557300|SHORT,EXIT_STLINE,False,SuperTrend-p14x3-M15,SHORT,S,0.5,1771558202.193,1771557300,1771558200.0,1771558200
4346216.3627096815,mult5.00,0.5,5026.78,0,5027.28,5002.250471730095,4995.04,F1,True,4708047.72,-3019275.9999999795,-3040347.2499999795,1771558200|LONG,EXIT_STLINE,False,SuperTrend-p14x3-M15,LONG,L,0.5,1771589181.858,1771558200,1771559100.0,1771588800
5788878.959221656,mult5.00,0.5,5185.16,0,5185.32,5180.4405691989205,5180.49,F1,True,4856052.18,452329.4999999932,431258.2499999932,1771884000|SHORT,EXIT_STLINE,False,SuperTrend-p14x3-M15,SHORT,S,0.5,1771971492.077,1771884000,1771884900.0,1771971300
6744442.682197546,mult5.00,0.5,5185.24,0,5185.74,5164.567569643053,5163.17,F1,True,4856445.51,-2113680.4999999725,-2134751.7499999725,1771971300|LONG,EXIT_STLINE,False,SuperTrend-p14x3-M15,LONG,L,0.5,1772042278.414,1771971300,1771972200.0,1772041500
12081307.03709465,mult5.00,0.5,5072.48,0,5072.83,5151.75598311184,5153.44,F1,True,4750705.295,-7549126.499999969,-7570197.749999969,1773001800|SHORT,EXIT_STLINE,False,SuperTrend-p14x3-M15,SHORT,S,0.5,1773086379.101,1773001800,1773002700.0,1773085500
7128353.498141621,mult5.00,0.5,5152.67,0,5153.32,5174.600008949162,5174.58,F1,True,4826084.18,1990999.0000000205,1969927.7500000205,1773085500|LONG,EXIT_STLINE,False,SuperTrend-p14x3-M15,LONG,L,0.5,1773155941.804,1773085500,1773086400.0,1773155700
34056.183836144235,mult5.00,0.5,5124.02,0,5123.99,5124.353653858368,5124.49,F1,True,4798616.635,-46825.0,-67896.25,1773355500|SHORT,EXIT_STLINE,False,SuperTrend-p14x3-M15,SHORT,S,0.5,1773356400.152,1773355500,1773356400.0,1773356400
123023.6838361272,mult5.00,0.5,5123.04,0,5123.04,5031.382394187989,5031.69,F1,True,4797726.96,8554927.500000034,8533856.250000034,1773356400|SHORT,EXIT_STLINE,False,SuperTrend-p14x3-M15,SHORT,S,0.5,1773657318.249,1773356400,1773357300.0,1773657000
4600158.385889266,mult5.00,0.5,5032.37,0,5032.87,5000.5069764093205,4999.41,F1,True,4713282.755,-3133529.0000000033,-3154600.2500000033,1773706500|LONG,EXIT_STLINE,False,SuperTrend-p14x3-M15,LONG,L,0.5,1773733198.468,1773706500,1773707400.0,1773732600
232837.89726629897,mult5.00,0.5,4697.58,0,4697.98,4700.466256244167,4700.72,F1,True,4399658.27,-256601.00000006473,-277672.2500000647,1773963900|SHORT,EXIT_STLINE,False,SuperTrend-p14x3-M15,SHORT,S,0.5,1773964895.412,1773963900,1773964800.0,1773964800
10313076.40397603,mult5.00,0.5,4717.16,0,4717.64,4646.365599431036,4646.14,F1,True,4418069.86,-6695975.0,-6717046.25,1773964800|LONG,EXIT_STLINE,False,SuperTrend-p14x3-M15,LONG,L,0.5,1773991317.098,1773964800,1773965700.0,1773990900
7048126.756142869,mult5.00,0.5,4465.54,0,4465.99,4438.217490294533,4437.11,F1,True,4182399.635,-2704612.0000000102,-2725683.2500000102,1774578600|LONG,EXIT_STLINE,False,SuperTrend-p14x3-M15,LONG,L,0.5,1774818011.737,1774578600,1774579500.0,1774818000
10221746.061462259,mult5.00,0.5,4425.7,0,4425.98,4535.128382930723,4535.44,F1,True,4144930.2699999996,-10250929.000000004,-10272000.250000004,1774818000|SHORT,EXIT_STLINE,False,SuperTrend-p14x3-M15,SHORT,S,0.5,1774840766.675,1774818000,1774818900.0,1774840500
10050127.035715401,mult5.00,0.5,4581.29,0,4581.81,4731.8434652228825,4731.68,F1,True,4290865.065,14035325.49999999,14014254.24999999,1774908900|LONG,EXIT_STLINE,False,SuperTrend-p14x3-M15,LONG,L,0.5,1775081153.224,1774908900,1774909800.0,1775080800
1817421.9818770525,mult5.00,0.5,4750.79,0,4751.25,4731.8434652228825,4731.3,F1,True,4449545.625,-1868317.499999983,-1889388.749999983,1775080800|LONG,EXIT_STLINE,False,SuperTrend-p14x3-M15,LONG,L,0.5,1775081866.567,1775080800,1775081700.0,1775081700
9810030.198532581,mult5.00,0.5,4697.04,0,4697.0,4686.275612808484,4686.52,F1,True,4398740.5,981451.9999999591,960380.7499999591,1775081700|SHORT,EXIT_STLINE,False,SuperTrend-p14x3-M15,SHORT,S,0.5,1775129770.421,1775081700,1775082600.0,1775129400
178287.5641114344,mult5.00,0.5,4607.02,0,4607.49,4605.586235300465,4605.55,F1,True,4314914.385,-181680.9999999625,-202752.2499999625,1775417400|LONG,EXIT_STLINE,False,SuperTrend-p14x3-M15,LONG,L,0.5,1775420858.355,1775417400,1775418300.0,1775420100
9511574.440114979,mult5.00,0.5,4603.26,0,4603.24,4704.805130166737,4704.88,F1,True,4310934.26,-9518586.00000003,-9539657.25000003,1775420100|SHORT,EXIT_STLINE,False,SuperTrend-p14x3-M15,SHORT,S,0.5,1775453490.074,1775420100,1775421000.0,1775453400
881540.3232870967,mult5.00,0.5,4749.48,0,4750.2,4740.786862538312,4740.78,F1,True,4448562.3,-882183.0000000069,-903254.2500000069,1775773800|LONG,EXIT_STLINE,False,SuperTrend-p14x3-M15,LONG,L,0.5,1775796297.861,1775773800,1775774700.0,1775795400
9717249.034074772,mult5.00,0.5,4676.54,1,4647.25,4733.606434718522,4733.61,F1,True,4352149.625,-8087613.999999969,-8108685.249999969,1776016800|SHORT,EXIT_STLINE,False,SuperTrend-p14x3-M15,SHORT,S,0.5,1776049303.722,1776016800,1776018600.0,1776049200
192107.86212874018,mult5.00,0.5,4823.21,0,4823.04,4825.091338623905,4825.14,F1,True,4516776.96,-196665.00000003408,-217736.25000003408,1776282300|SHORT,EXIT_STLINE,False,SuperTrend-p14x3-M15,SHORT,S,0.5,1776283201.604,1776282300,1776283200.0,1776283200
3588267.607396812,mult5.00,0.5,4829.65,0,4830.1,4802.142372794751,4802.1,F1,True,4523388.65,-2622200.0,-2643271.25,1776283200|LONG,EXIT_STLINE,False,SuperTrend-p14x3-M15,LONG,L,0.5,1776333138.927,1776283200,1776284100.0,1776332700
5453799.165365463,mult5.00,0.5,4790.3,0,4790.21,4816.7378218211,4816.81,F1,True,4486031.665,-2491090.000000034,-2512161.250000034,1776621600|SHORT,EXIT_STLINE,False,SuperTrend-p14x3-M15,SHORT,S,0.5,1776673203.562,1776621600,1776622500.0,1776672900
205686.29245737087,mult5.00,0.5,4798.52,0,4798.96,4796.763670128592,4796.75,F1,True,4494226.04,-206966.5000000034,-228037.7500000034,1776726900|LONG,EXIT_STLINE,False,SuperTrend-p14x3-M15,LONG,L,0.5,1776728199.479,1776726900,1776727800.0,1776727800
3306433.243944363,mult5.00,0.5,4794.86,0,4794.84,4755.558286448585,4755.57,F1,True,4490367.66,3677635.500000041,3656564.250000041,1776727800|SHORT,EXIT_STLINE,False,SuperTrend-p14x3-M15,SHORT,S,0.5,1776809412.808,1776727800,1776728700.0,1776808800
4903923.751680903,mult5.00,0.5,4755.57,0,4756.06,4732.515413507858,4732.5,F1,True,4454050.19,-2206394.0000000373,-2227465.2500000373,1776808800|LONG,EXIT_STLINE,False,SuperTrend-p14x3-M15,LONG,L,0.5,1776854136.984,1776808800,1776809700.0,1776853800
84714.52498907852,mult5.00,0.5,4732.92,0,4733.42,4732.515413507858,4732.5,F1,True,4432847.83,-86158.00000000681,-107229.25000000681,1776853800|LONG,EXIT_STLINE,False,SuperTrend-p14x3-M15,LONG,L,0.5,1776854701.925,1776853800,1776854700.0,1776854700
356299.52498904447,mult5.00,0.5,4735.78,0,4736.32,4732.515413507858,4732.51,F1,True,4435563.68,-356806.4999999523,-377877.7499999523,1776854700|LONG,EXIT_STLINE,False,SuperTrend-p14x3-M15,LONG,L,0.5,1776856595.532,1776854700,1776855600.0,1776856500
286062.02498904447,mult5.00,0.5,4735.1,0,4735.57,4732.515413507858,4732.51,F1,True,4434861.305,-286568.9999999523,-307640.2499999523,1776856500|LONG,EXIT_STLINE,False,SuperTrend-p14x3-M15,LONG,L,0.5,1776857487.957,1776856500,1776857400.0,1776857400
4460844.586178894,mult5.00,0.5,4727.02,0,4727.13,4751.707443461357,4751.76,F1,True,4426957.245,-2306599.5000000102,-2327670.7500000102,1776857400|SHORT,EXIT_STLINE,False,SuperTrend-p14x3-M15,SHORT,S,0.5,1776889832.522,1776857400,1776858300.0,1776889800
668421.5801560999,mult5.00,0.5,4744.72,0,4744.57,4751.707443461357,4751.98,F1,True,4443289.805,-693946.4999999864,-715017.7499999864,1776889800|SHORT,EXIT_STLINE,False,SuperTrend-p14x3-M15,SHORT,S,0.5,1776891084.264,1776889800,1776890700.0,1776890700
368741.5801560317,mult5.00,0.5,4748.09,0,4747.77,4732.749959514273,4732.87,F1,True,4446286.605,1395385.000000051,1374313.750000051,1776890700|SHORT,EXIT_STLINE,False,SuperTrend-p14x3-M15,SHORT,S,0.5,1776931382.774,1776890700,1776891600.0,1776931200
433608.20737419766,mult5.00,0.5,4685.14,1,4686.94,4682.309907022165,4682.3,F1,True,4389319.31,-434535.9999999455,-455607.2499999455,1777226400|LONG,EXIT_STLINE,False,SuperTrend-p14x3-M15,LONG,L,0.5,1777228463.769,1777226400,1777228200.0,1777228200
245371.7073742624,mult5.00,0.5,4684.41,0,4684.93,4682.309907022165,4682.28,F1,True,4387436.945,-248172.5000000511,-269243.7500000511,1777228200|LONG,EXIT_STLINE,False,SuperTrend-p14x3-M15,LONG,L,0.5,1777229491.443,1777228200,1777229100.0,1777229100
249117.707374259,mult5.00,0.5,4684.52,0,4684.97,4682.309907022165,4681.93,F1,True,4387474.405,-284695.99999999657,-305767.24999999657,1777229100|LONG,EXIT_STLINE,False,SuperTrend-p14x3-M15,LONG,L,0.5,1777230023.866,1777229100,1777230000.0,1777230000
158277.20737423515,mult5.00,0.5,4683.56,0,4684.0,4682.309907022165,4682.28,F1,True,4386566.0,-161078.00000002384,-182149.25000002384,1777230000|LONG,EXIT_STLINE,False,SuperTrend-p14x3-M15,LONG,L,0.5,1777231248.909,1777230000,1777230900.0,1777230900
3963060.014377924,mult5.00,0.5,4677.18,0,4676.88,4713.881421545813,4713.89,F1,True,4379898.12,-3465986.5000000205,-3487057.7500000205,1777230900|SHORT,EXIT_STLINE,False,SuperTrend-p14x3-M15,SHORT,S,0.5,1777243116.722,1777230900,1777231800.0,1777242600
45085.12776544794,mult5.00,0.5,4713.32,0,4713.4,4713.881421545813,4713.9,F1,True,4414099.1,-46825.0,-67896.25,1777242600|SHORT,EXIT_STLINE,False,SuperTrend-p14x3-M15,SHORT,S,0.5,1777243500.303,1777242600,1777243500.0,1777243500
4214255.904321092,mult5.00,0.5,4718.05,0,4718.56,4689.529221872461,4689.1,F1,True,4418931.44,-2758929.0000000033,-2780000.2500000033,1777243500|LONG,EXIT_STLINE,False,SuperTrend-p14x3-M15,LONG,L,0.5,1777282782.84,1777243500,1777244400.0,1777282200
4714987.253319359,mult5.00,0.5,4579.61,0,4580.17,4601.469174027544,4601.43,F1,True,4289329.205,1990999.0000000205,1969927.7500000205,1777497300|LONG,EXIT_STLINE,False,SuperTrend-p14x3-M15,LONG,L,0.5,1777601283.839,1777497300,1777498200.0,1777600800
3349904.1613579807,mult5.00,0.5,4601.35,0,4601.39,4601.514216818542,4601.71,F1,True,4309201.735,-29967.999999972744,-51039.249999972744,1777600800|SHORT,EXIT_STLINE,False,SuperTrend-p14x3-M15,SHORT,S,0.5,1777623919.299,1777600800,1777601700.0,1777623300
57807.50672673412,mult5.00,0.5,4585.36,0,4585.87,4585.252728171631,4585.25,F1,True,4294667.255,-58062.99999998978,-79134.24999998978,1777861800|LONG,EXIT_STLINE,False,SuperTrend-p14x3-M15,LONG,L,0.5,1777862702.813,1777861800,1777862700.0,1777862700
316281.50672675454,mult5.00,0.5,4588.52,0,4588.63,4585.252728171631,4585.24,F1,True,4297251.995,-317473.5000000307,-338544.7500000307,1777862700|LONG,EXIT_STLINE,False,SuperTrend-p14x3-M15,LONG,L,0.5,1777865159.523,1777862700,1777863600.0,1777864500
3874294.6818358162,mult5.00,0.5,4553.91,0,4554.34,4661.349241203003,4661.28,F1,True,4265139.41,10014930.999999963,9993859.749999963,1777950000|LONG,EXIT_STLINE,False,SuperTrend-p14x3-M15,LONG,L,0.5,1778055550.018,1777950000,1777950900.0,1778055300
4132449.294477418,mult5.00,0.5,4687.27,0,4687.23,4701.368317560289,4701.37,F1,True,4389590.895,-1324211.0000000307,-1345282.2500000307,1778436000|SHORT,EXIT_STLINE,False,SuperTrend-p14x3-M15,SHORT,S,0.5,1778489913.052,1778436000,1778436900.0,1778489100
406496.5540886861,mult5.00,0.5,4729.33,0,4729.53,4725.189406790297,4725.04,F1,True,4429204.845,-420488.49999997957,-441559.74999997957,1778535000|LONG,EXIT_STLINE,False,SuperTrend-p14x3-M15,LONG,L,0.5,1778536511.231,1778535000,1778535900.0,1778535900
212641.05408871337,mult5.00,0.5,4726.97,0,4727.46,4725.189406790297,4725.16,F1,True,4427266.29,-215395.00000001703,-236466.25000001703,1778535900|LONG,EXIT_STLINE,False,SuperTrend-p14x3-M15,LONG,L,0.5,1778538437.051,1778535900,1778536800.0,1778537700
202339.55408874404,mult5.00,0.5,4726.91,0,4727.35,4725.189406790297,4725.13,F1,True,4427163.275,-207903.00000002384,-228974.25000002384,1778537700|LONG,EXIT_STLINE,False,SuperTrend-p14x3-M15,LONG,L,0.5,1778538641.709,1778537700,1778538600.0,1778538600
649050.0540886997,mult5.00,0.5,4731.6,0,4732.12,4725.189406790297,4725.14,F1,True,4431630.38,-653676.9999999591,-674748.2499999591,1778538600|LONG,EXIT_STLINE,False,SuperTrend-p14x3-M15,LONG,L,0.5,1778541606.088,1778538600,1778539500.0,1778541300
78197.7500000034,mult5.50,0.5,4347.59,0,4347.59,4348.425,4348.63,F1,True,4071518.035,-97395.9999999966,-118467.2499999966,1767309300|SHORT,EXIT_STLINE,False,SuperTrend-p14x3-M15,SHORT,S,0.5,1767310203.104,1767309300,1767310200.0,1767310200
4334358.51403055,mult5.50,0.5,4351.38,0,4351.88,4364.000605753496,4363.22,F1,True,4075535.62,1061991.0000000137,1040919.7500000137,1767310200|LONG,EXIT_STLINE,False,SuperTrend-p14x3-M15,LONG,L,0.5,1767351475.452,1767310200,1767311100.0,1767350700
3438565.854456972,mult5.50,0.5,4451.39,0,4451.89,4467.382706550381,4466.95,F1,True,4169194.985000001,1410368.9999999523,1389297.7499999523,1767643200|LONG,EXIT_STLINE,False,SuperTrend-p14x3-M15,LONG,L,0.5,1767738862.376,1767643200,1767644100.0,1767738600
143967.531556822,mult5.50,0.5,4468.43,0,4468.92,4467.382706550381,4466.92,F1,True,4185143.58,-187300.0,-208371.25,1767738600|LONG,EXIT_STLINE,False,SuperTrend-p14x3-M15,LONG,L,0.5,1767739699.382,1767738600,1767739500.0,1767739500
3998303.584213468,mult5.50,0.5,4465.4,0,4465.38,4454.206731704334,4454.31,F1,True,4181828.37,1036705.4999999728,1015634.2499999728,1767739500|SHORT,EXIT_STLINE,False,SuperTrend-p14x3-M15,SHORT,S,0.5,1767874639.739,1767739500,1767740400.0,1767874500
4922031.413285714,mult5.50,0.5,4600.46,0,4600.47,4627.414197126084,4628.34,F1,True,4308340.155,-2610025.4999999898,-2631096.7499999898,1768428900|SHORT,EXIT_STLINE,False,SuperTrend-p14x3-M15,SHORT,S,0.5,1768766403.232,1768428900,1768429800.0,1768766400
8924298.786664184,mult5.50,0.5,4654.13,0,4654.63,4819.9170464973895,4818.52,F1,True,4359060.995,15348298.50000003,15327227.25000003,1768766400|LONG,EXIT_STLINE,False,SuperTrend-p14x3-M15,LONG,L,0.5,1768998184.817,1768766400,1768767300.0,1768997700
21433593.07925102,mult5.50,0.5,4820.21,0,4820.42,4982.355813510296,4982.26,F1,True,4514323.33,15156316.000000013,15135244.750000013,1770066900|LONG,EXIT_STLINE,False,SuperTrend-p14x3-M15,LONG,L,0.5,1770205109.419,1770066900,1770067800.0,1770204600
1673933.7021611738,mult5.50,0.5,4826.01,0,4825.96,4843.834358805779,4844.15,F1,True,4519511.54,-1703493.4999999625,-1724564.7499999625,1770334200|SHORT,EXIT_STLINE,False,SuperTrend-p14x3-M15,SHORT,S,0.5,1770344719.28,1770334200,1770335100.0,1770344100
16073856.489785371,mult5.50,0.5,4852.0,0,4852.5,5016.3970141593845,5013.08,F1,True,4544366.25,15038316.999999993,15017245.749999993,1770344100|LONG,EXIT_STLINE,False,SuperTrend-p14x3-M15,LONG,L,0.5,1770667814.314,1770344100,1770345000.0,1770667200
10539368.510029977,mult5.50,0.5,5013.04,0,5013.21,5083.602574782248,5083.75,F1,True,4694871.165,-6606070.999999996,-6627142.249999996,1770667200|SHORT,EXIT_STLINE,False,SuperTrend-p14x3-M15,SHORT,S,0.5,1770795653.004,1770667200,1770668100.0,1770795000
6758215.822609249,mult5.50,0.5,4935.52,0,4935.57,4938.803091559539,4939.07,F1,True,4622161.305,-327775.0,-348846.25,1771278300|SHORT,EXIT_STLINE,False,SuperTrend-p14x3-M15,SHORT,S,0.5,1771379581.099,1771278300,1771279200.0,1771379100
452619.02455081267,mult5.50,0.5,4933.95,0,4933.97,4938.803091559539,4938.86,F1,True,4620662.905,-457948.4999999455,-479019.7499999455,1771379100|SHORT,EXIT_STLINE,False,SuperTrend-p14x3-M15,SHORT,S,0.5,1771380087.736,1771379100,1771380000.0,1771380000
542523.024550816,mult5.50,0.5,4933.01,0,4933.01,4938.803091559539,4939.17,F1,True,4619763.865,-576883.9999999864,-597955.2499999864,1771380000|SHORT,EXIT_STLINE,False,SuperTrend-p14x3-M15,SHORT,S,0.5,1771381631.001,1771380000,1771380900.0,1771380900
339302.5245508093,mult5.50,0.5,4935.18,0,4935.18,4938.803091559539,4939.08,F1,True,4621796.07,-365234.99999996595,-386306.24999996595,1771380900|SHORT,EXIT_STLINE,False,SuperTrend-p14x3-M15,SHORT,S,0.5,1771382339.802,1771380900,1771381800.0,1771381800
384254.52455085353,mult5.50,0.5,4934.7,0,4934.7,4938.803091559539,4938.86,F1,True,4621346.55,-389583.9999999864,-410655.2499999864,1771381800|SHORT,EXIT_STLINE,False,SuperTrend-p14x3-M15,SHORT,S,0.5,1771383186.403,1771381800,1771382700.0,1771382700
534094.5245508024,mult5.50,0.5,4933.1,0,4933.1,4938.803091559539,4939.12,F1,True,4619848.15,-563772.9999999558,-584844.2499999558,1771382700|SHORT,EXIT_STLINE,False,SuperTrend-p14x3-M15,SHORT,S,0.5,1771387594.378,1771382700,1771383600.0,1771387200
581858.5848497578,mult5.50,0.5,5022.01,0,5022.01,5028.223118898556,5028.37,F1,True,4703112.365,-595613.9999999694,-616685.2499999694,1771557300|SHORT,EXIT_STLINE,False,SuperTrend-p14x3-M15,SHORT,S,0.5,1771558725.854,1771557300,1771558200.0,1771558200
135148.08484980214,mult5.50,0.5,5026.78,0,5026.78,5028.223118898556,5028.54,F1,True,4707579.47,-164824.00000002043,-185895.25000002043,1771558200|SHORT,EXIT_STLINE,False,SuperTrend-p14x3-M15,SHORT,S,0.5,1771559128.943,1771558200,1771559100.0,1771559100
720460.5848498021,mult5.50,0.5,5020.56,0,5020.53,5028.223118898556,5028.27,F1,True,4701726.345,-724851.0000000647,-745922.2500000647,1771559100|SHORT,EXIT_STLINE,False,SuperTrend-p14x3-M15,SHORT,S,0.5,1771560664.031,1771559100,1771560000.0,1771560000
532224.0848497817,mult5.50,0.5,5022.54,0,5022.54,5028.223118898556,5028.57,F1,True,4703608.71,-564709.4999999761,-585780.7499999761,1771560000|SHORT,EXIT_STLINE,False,SuperTrend-p14x3-M15,SHORT,S,0.5,1771566697.399,1771560000,1771560900.0,1771566300
145733.43778889815,mult5.50,0.5,5185.16,0,5185.82,5184.263850103695,5184.14,F1,True,4856520.43,-157331.99999994208,-178403.24999994208,1771884000|LONG,EXIT_STLINE,False,SuperTrend-p14x3-M15,LONG,L,0.5,1771884913.562,1771884000,1771884900.0,1771884900
7979986.655650102,mult5.50,0.5,5164.94,0,5164.91,5187.443626118812,5187.78,F1,True,4836938.215,-2141775.4999999898,-2162846.7499999898,1771884900|SHORT,EXIT_STLINE,False,SuperTrend-p14x3-M15,SHORT,S,0.5,1771972135.307,1771884900,1771885800.0,1771971300
206369.5860267701,mult5.50,0.5,5185.24,0,5185.24,5187.443626118812,5187.68,F1,True,4855977.26,-228506.0000000477,-249577.2500000477,1771971300|SHORT,EXIT_STLINE,False,SuperTrend-p14x3-M15,SHORT,S,0.5,1771972515.824,1771971300,1771972200.0,1771972200
667127.5860267769,mult5.50,0.5,5180.31,0,5180.32,5187.443626118812,5187.49,F1,True,4851369.68,-671470.5000000069,-692541.7500000069,1771972200|SHORT,EXIT_STLINE,False,SuperTrend-p14x3-M15,SHORT,S,0.5,1771974606.913,1771972200,1771973100.0,1771974000
7495763.57958136,mult5.50,0.5,5188.57,0,5189.07,5160.402826607358,5156.45,F1,True,4859564.055,-3054862.9999999898,-3075934.2499999898,1771974000|LONG,EXIT_STLINE,False,SuperTrend-p14x3-M15,LONG,L,0.5,1772042289.831,1771974000,1771974900.0,1772041500
13271550.590804093,mult5.50,0.5,5072.48,0,5072.83,5159.365581423023,5159.39,F1,True,4750705.295,-8106344.000000037,-8127415.250000037,1773001800|SHORT,EXIT_STLINE,False,SuperTrend-p14x3-M15,SHORT,S,0.5,1773094895.301,1773001800,1773002700.0,1773094500
166283.20026611714,mult5.50,0.5,5157.88,0,5157.59,5159.365581423023,5160.43,F1,True,4830083.035,-265966.0000000136,-287037.2500000136,1773094500|SHORT,EXIT_STLINE,False,SuperTrend-p14x3-M15,SHORT,S,0.5,1773095401.944,1773094500,1773095400.0,1773095400
8103036.402027665,mult5.50,0.5,5166.03,0,5166.53,5169.113509844078,5168.11,F1,True,4838455.345,147966.9999999932,126895.74999999319,1773095400|LONG,EXIT_STLINE,False,SuperTrend-p14x3-M15,LONG,L,0.5,1773155952.815,1773095400,1773096300.0,1773155700
4420067.942516612,mult5.50,0.5,5039.58,0,5040.08,4996.630674050252,4996.5,F1,True,4720034.92,-4081266.999999993,-4102338.249999993,1773711000|LONG,EXIT_STLINE,False,SuperTrend-p14x3-M15,LONG,L,0.5,1773733379.276,1773711000,1773711900.0,1773732600
11255603.844373604,mult5.50,0.5,4717.16,0,4717.64,4638.976659374139,4638.97,F1,True,4418069.86,-7367445.5000000065,-7388516.7500000065,1773964800|LONG,EXIT_STLINE,False,SuperTrend-p14x3-M15,LONG,L,0.5,1773993385.755,1773964800,1773965700.0,1773992700
222602.92028676177,mult5.50,0.5,4465.54,0,4465.49,4467.866966580745,4467.88,F1,True,4181931.385,-223823.50000003068,-244894.75000003068,1774578600|SHORT,EXIT_STLINE,False,SuperTrend-p14x3-M15,SHORT,S,0.5,1774579586.758,1774578600,1774579500.0,1774579500
1306133.4202867346,mult5.50,0.5,4454.29,0,4453.92,4467.866966580745,4467.91,F1,True,4171096.08,-1310163.4999999795,-1331234.7499999795,1774579500|SHORT,EXIT_STLINE,False,SuperTrend-p14x3-M15,SHORT,S,0.5,1774581249.672,1774579500,1774580400.0,1774580400
11157575.367608456,mult5.50,0.5,4425.7,0,4425.98,4545.121221223795,4545.15,F1,True,4144930.2699999996,-11160270.500000007,-11181341.750000007,1774818000|SHORT,EXIT_STLINE,False,SuperTrend-p14x3-M15,SHORT,S,0.5,1774842431.92,1774818000,1774818900.0,1774842300
512686.3560355731,mult5.50,0.5,4498.8,0,4499.25,4493.775506075434,4493.42,F1,True,4213547.625,-545979.4999999931,-567050.7499999931,1774900800|LONG,EXIT_STLINE,False,SuperTrend-p14x3-M15,LONG,L,0.5,1774905608.835,1774900800,1774901700.0,1774905300
1770405.8560356004,mult5.50,0.5,4512.23,0,4512.68,4725.603811745171,4725.57,F1,True,4226124.82,19937148.499999944,19916077.249999944,1774905300|LONG,EXIT_STLINE,False,SuperTrend-p14x3-M15,LONG,L,0.5,1775081217.755,1774905300,1774906200.0,1775080800
2401765.5300647556,mult5.50,0.5,4750.79,0,4751.25,4725.603811745171,4725.54,F1,True,4449545.625,-2407741.5000000033,-2428812.7500000033,1775080800|LONG,EXIT_STLINE,False,SuperTrend-p14x3-M15,LONG,L,0.5,1775081959.797,1775080800,1775081700.0,1775081700
10531950.493385874,mult5.50,0.5,4697.04,0,4697.0,4695.8631740893325,4696.3,F1,True,4398740.5,65554.99999998296,44483.74999998296,1775081700|SHORT,EXIT_STLINE,False,SuperTrend-p14x3-M15,SHORT,S,0.5,1775129836.129,1775081700,1775082600.0,1775129400
435769.7534659815,mult5.50,0.5,4691.21,0,4691.21,4695.8631740893325,4695.93,F1,True,4393318.165,-442028.00000002387,-463099.25000002387,1775448900|SHORT,EXIT_STLINE,False,SuperTrend-p14x3-M15,SHORT,S,0.5,1775450168.27,1775448900,1775449800.0,1775449800
391971.814937301,mult5.50,0.5,4640.51,0,4641.06,4636.874502776965,4636.59,F1,True,4346352.69,-418615.50000002387,-439686.75000002387,1775509200|LONG,EXIT_STLINE,False,SuperTrend-p14x3-M15,LONG,L,0.5,1775511514.445,1775509200,1775510100.0,1775511000
468764.8149372737,mult5.50,0.5,4641.4,0,4641.88,4636.874502776965,4636.86,F1,True,4347120.62,-470123.00000004086,-491194.25000004086,1775511000|LONG,EXIT_STLINE,False,SuperTrend-p14x3-M15,LONG,L,0.5,1775512151.711,1775511000,1775511900.0,1775511900
6794294.927698241,mult5.50,0.5,4626.72,0,4626.73,4698.7512816510725,4698.84,F1,True,4332932.645,-6753101.500000055,-6774172.750000055,1775511900|SHORT,EXIT_STLINE,False,SuperTrend-p14x3-M15,SHORT,S,0.5,1775575215.927,1775511900,1775512800.0,1775574900
10480743.162482236,mult5.50,0.5,4676.54,1,4647.25,4741.767078190374,4741.97,F1,True,4352149.625,-8870528.000000024,-8891599.250000024,1776016800|SHORT,EXIT_STLINE,False,SuperTrend-p14x3-M15,SHORT,S,0.5,1776073803.147,1776016800,1776018600.0,1776073500
3918765.2431364628,mult5.50,0.5,4829.65,0,4830.1,4798.817610074227,4798.79,F1,True,4523388.65,-2932181.5000000373,-2953252.7500000373,1776283200|LONG,EXIT_STLINE,False,SuperTrend-p14x3-M15,LONG,L,0.5,1776333161.799,1776283200,1776284100.0,1776332700
6124716.906901973,mult5.50,0.5,4790.3,0,4790.21,4823.80110400321,4823.84,F1,True,4486031.665,-3149449.5000000102,-3170520.7500000102,1776621600|SHORT,EXIT_STLINE,False,SuperTrend-p14x3-M15,SHORT,S,0.5,1776677367.202,1776621600,1776622500.0,1776676500
186172.7217030763,mult5.50,0.5,4794.86,0,4795.34,4793.352037141452,4793.09,F1,True,4490835.91,-210712.5,-231783.75,1776727800|LONG,EXIT_STLINE,False,SuperTrend-p14x3-M15,LONG,L,0.5,1776730500.778,1776727800,1776728700.0,1776730500
3444041.2580596004,mult5.50,0.5,4792.0,0,4791.99,4763.291615093443,4763.31,F1,True,4487698.635,2685881.9999999423,2664810.7499999423,1776730500|SHORT,EXIT_STLINE,False,SuperTrend-p14x3-M15,SHORT,S,0.5,1776814160.806,1776730500,1776731400.0,1776813300
34801.75350096733,mult5.50,0.5,4763.02,0,4762.92,4763.291615093443,4763.42,F1,True,4460474.58,-46825.0,-67896.25,1776813300|SHORT,EXIT_STLINE,False,SuperTrend-p14x3-M15,SHORT,S,0.5,1776814200.188,1776813300,1776814200.0,1776814200
380370.253501015,mult5.50,0.5,4759.1,0,4759.23,4763.291615093443,4763.7,F1,True,4457018.895,-418615.50000002387,-439686.75000002387,1776814200|SHORT,EXIT_STLINE,False,SuperTrend-p14x3-M15,SHORT,S,0.5,1776820578.72,1776814200,1776815100.0,1776820500
4302197.536542138,mult5.50,0.5,4765.97,0,4766.5,4728.903454858644,4728.73,F1,True,4463827.25,-3537160.500000041,-3558231.750000041,1776820500|LONG,EXIT_STLINE,False,SuperTrend-p14x3-M15,LONG,L,0.5,1776857725.73,1776820500,1776821400.0,1776857400
4874432.4947968405,mult5.50,0.5,4727.02,0,4727.13,4737.2009554657,4737.31,F1,True,4426957.245,-953357.0000000272,-974428.2500000272,1776857400|SHORT,EXIT_STLINE,False,SuperTrend-p14x3-M15,SHORT,S,0.5,1776931594.204,1776857400,1776858300.0,1776931200
542289.9031116975,mult5.50,0.5,4683.56,0,4684.0,4678.209397724381,4678.2,F1,True,4386566.0,-543170.000000017,-564241.250000017,1777230000|LONG,EXIT_STLINE,False,SuperTrend-p14x3-M15,LONG,L,0.5,1777231784.053,1777230000,1777230900.0,1777230900
4323498.065815735,mult5.50,0.5,4677.18,0,4676.88,4717.619063700395,4717.67,F1,True,4379898.12,-3819983.4999999967,-3841054.7499999967,1777230900|SHORT,EXIT_STLINE,False,SuperTrend-p14x3-M15,SHORT,S,0.5,1777243677.508,1777230900,1777231800.0,1777243500
4627018.869753208,mult5.50,0.5,4718.05,0,4718.56,4685.722644059707,4685.49,F1,True,4418931.44,-3097005.5000000577,-3118076.7500000577,1777243500|LONG,EXIT_STLINE,False,SuperTrend-p14x3-M15,LONG,L,0.5,1777285877.269,1777243500,1777244400.0,1777285800
5296771.110489025,mult5.50,0.5,4589.35,0,4590.29,4598.397091430298,4598.24,F1,True,4298806.585,744517.499999983,723446.249999983,1777517100|LONG,EXIT_STLINE,False,SuperTrend-p14x3-M15,LONG,L,0.5,1777601984.089,1777517100,1777518000.0,1777601700
3836477.0505299554,mult5.50,0.5,4593.38,0,4593.57,4605.216638500396,4605.4,F1,True,4301878.305,-1107879.4999999932,-1128950.7499999932,1777601700|SHORT,EXIT_STLINE,False,SuperTrend-p14x3-M15,SHORT,S,0.5,1777623972.671,1777601700,1777602600.0,1777623300
6858544.266201208,mult5.50,0.5,4686.98,1,4691.11,4705.811649316318,4705.91,F1,True,4393224.515,-1386020.000000017,-1407091.250000017,1778172300|SHORT,EXIT_STLINE,False,SuperTrend-p14x3-M15,SHORT,S,0.5,1778490105.663,1778172300,1778177700.0,1778490000
769302.2094975683,mult5.50,0.5,4729.33,0,4729.53,4721.315347469326,4721.29,F1,True,4429204.845,-771675.9999999795,-792747.2499999795,1778535000|LONG,EXIT_STLINE,False,SuperTrend-p14x3-M15,LONG,L,0.5,1778543153.807,1778535000,1778535900.0,1778543100
78197.7500000034,mult6.00,0.5,4347.59,0,4347.59,4348.425,4348.63,F1,True,4071518.035,-97395.9999999966,-118467.2499999966,1767309300|SHORT,EXIT_STLINE,False,SuperTrend-p14x3-M15,SHORT,S,0.5,1767310203.104,1767309300,1767310200.0,1767310200
4707107.015306093,mult6.00,0.5,4351.38,0,4351.88,4361.123671555192,4361.11,F1,True,4075535.62,864389.4999999591,843318.2499999591,1767310200|LONG,EXIT_STLINE,False,SuperTrend-p14x3-M15,LONG,L,0.5,1767353492.113,1767310200,1767311100.0,1767353400
898794.1300647663,mult6.00,0.5,4367.31,1,4361.93,4371.527374586917,4371.82,F1,True,4084947.445,-926198.4999999455,-947269.7499999455,1767557700|SHORT,EXIT_STLINE,False,SuperTrend-p14x3-M15,SHORT,S,0.5,1767559802.161,1767557700,1767559500.0,1767559500
6590115.018455124,mult6.00,0.5,4372.37,0,4372.9,4397.2773071992015,4397.27,F1,True,4095220.8499999996,2282250.500000075,2261179.250000075,1767559500|LONG,EXIT_STLINE,False,SuperTrend-p14x3-M15,LONG,L,0.5,1767609019.594,1767559500,1767560400.0,1767609000
125938.14806195883,mult6.00,0.5,4465.4,0,4465.88,4464.535225327689,4464.51,F1,True,4182296.62,-128300.49999998978,-149371.74999998978,1767739500|LONG,EXIT_STLINE,False,SuperTrend-p14x3-M15,LONG,L,0.5,1767740401.908,1767739500,1767740400.0,1767740400
771186.6480619895,mult6.00,0.5,4472.27,0,4472.77,4464.535225327689,4464.49,F1,True,4188749.1050000004,-775422.0000000614,-796493.2500000614,1767740400|LONG,EXIT_STLINE,False,SuperTrend-p14x3-M15,LONG,L,0.5,1767749424.857,1767740400,1767741300.0,1767749400
106271.64806195542,mult6.00,0.5,4465.04,0,4465.67,4464.535225327689,4464.51,F1,True,4182099.955,-108633.99999998638,-129705.24999998638,1767749400|LONG,EXIT_STLINE,False,SuperTrend-p14x3-M15,LONG,L,0.5,1767750320.011,1767749400,1767750300.0,1767750300
56637.14806197927,mult6.00,0.5,4464.64,0,4465.14,4464.535225327689,4464.22,F1,True,4181603.610000001,-86158.00000000681,-107229.25000000681,1767750300|LONG,EXIT_STLINE,False,SuperTrend-p14x3-M15,LONG,L,0.5,1767751202.933,1767750300,1767751200.0,1767751200
157779.14806197246,mult6.00,0.5,4465.66,0,4466.22,4464.535225327689,4464.48,F1,True,4182615.03,-162951.00000006473,-184022.25000006473,1767751200|LONG,EXIT_STLINE,False,SuperTrend-p14x3-M15,LONG,L,0.5,1767753072.434,1767751200,1767752100.0,1767753000
4727415.451271438,mult6.00,0.5,4452.31,0,4452.31,4457.565980041091,4457.81,F1,True,4169588.3150000004,-515075.0,-536146.25,1767753000|SHORT,EXIT_STLINE,False,SuperTrend-p14x3-M15,SHORT,S,0.5,1767877320.964,1767753000,1767753900.0,1767877200
212832.88196538802,mult6.00,0.5,4600.46,0,4600.97,4598.697358441374,4598.47,F1,True,4308808.405,-234125.0,-255196.25,1768428900|LONG,EXIT_STLINE,False,SuperTrend-p14x3-M15,LONG,L,0.5,1768429809.826,1768428900,1768429800.0,1768429800
401069.3819653233,mult6.00,0.5,4602.39,0,4602.98,4598.697358441374,4598.54,F1,True,4310690.77,-415805.9999999625,-436877.2499999625,1768429800|LONG,EXIT_STLINE,False,SuperTrend-p14x3-M15,LONG,L,0.5,1768430946.244,1768429800,1768430700.0,1768430700
161325.38196537097,mult6.00,0.5,4600.01,0,4600.42,4598.697358441374,4598.62,F1,True,4308293.33,-168570.00000001703,-189641.25000001703,1768430700|LONG,EXIT_STLINE,False,SuperTrend-p14x3-M15,LONG,L,0.5,1768431602.482,1768430700,1768431600.0,1768431600
1467742.8819653539,mult6.00,0.5,4613.92,0,4614.37,4598.697358441374,4598.66,F1,True,4321357.505,-1471241.5000000035,-1492312.7500000035,1768431600|LONG,EXIT_STLINE,False,SuperTrend-p14x3-M15,LONG,L,0.5,1768434690.64,1768431600,1768432500.0,1768434300
437592.88196535397,mult6.00,0.5,4602.76,0,4603.37,4598.697358441374,4598.58,F1,True,4311056.005,-448583.49999999657,-469654.74999999657,1768434300|LONG,EXIT_STLINE,False,SuperTrend-p14x3-M15,LONG,L,0.5,1768435391.182,1768434300,1768435200.0,1768435200
4758951.697592109,mult6.00,0.5,4591.32,0,4591.28,4630.183410420167,4630.48,F1,True,4299733.72,-3671079.999999983,-3692151.249999983,1768435200|SHORT,EXIT_STLINE,False,SuperTrend-p14x3-M15,SHORT,S,0.5,1768766422.267,1768435200,1768436100.0,1768766400
9583162.01726999,mult6.00,0.5,4654.13,0,4654.63,4814.922687088061,4814.45,F1,True,4359060.995,14967142.999999972,14946071.749999972,1768766400|LONG,EXIT_STLINE,False,SuperTrend-p14x3-M15,LONG,L,0.5,1768998232.327,1768766400,1768767300.0,1768997700
23832583.048222903,mult6.00,0.5,4853.76,0,4853.98,4973.299978374868,4971.39,F1,True,4545752.27,10995446.50000007,10974375.25000007,1770070500|LONG,EXIT_STLINE,False,SuperTrend-p14x3-M15,LONG,L,0.5,1770205124.413,1770070500,1770071400.0,1770204600
17163884.778613806,mult6.00,0.5,4865.62,0,4866.24,5010.750833628419,5010.3,F1,True,4557233.76,13491219.000000037,13470147.750000037,1770345000|LONG,EXIT_STLINE,False,SuperTrend-p14x3-M15,LONG,L,0.5,1770667917.889,1770345000,1770345900.0,1770667200
277125.9306985585,mult6.00,0.5,5013.04,0,5013.71,5010.750833628419,5010.59,F1,True,4695339.415,-292187.99999998976,-313259.24999998976,1770667200|LONG,EXIT_STLINE,False,SuperTrend-p14x3-M15,LONG,L,0.5,1770668357.497,1770667200,1770668100.0,1770668100
1249212.9306985687,mult6.00,0.5,5023.82,0,5024.09,5010.750833628419,5010.61,F1,True,4705060.285,-1262402.0000000442,-1283473.2500000442,1770668100|LONG,EXIT_STLINE,False,SuperTrend-p14x3-M15,LONG,L,0.5,1770673642.844,1770668100,1770669000.0,1770673500
799692.9306985517,mult6.00,0.5,5018.79,0,5019.29,5010.750833628419,5010.43,F1,True,4700565.085,-829738.9999999694,-850810.2499999694,1770673500|LONG,EXIT_STLINE,False,SuperTrend-p14x3-M15,LONG,L,0.5,1770727077.781,1770673500,1770674400.0,1770726600
7239232.965573718,mult6.00,0.5,4935.52,0,4935.57,4945.619281701315,4945.68,F1,True,4622161.305,-946801.5000000545,-967872.7500000545,1771278300|SHORT,EXIT_STLINE,False,SuperTrend-p14x3-M15,SHORT,S,0.5,1771408764.328,1771278300,1771279200.0,1771407900
8687007.96525465,mult6.00,0.5,5164.94,0,5164.91,5194.446683038705,5194.81,F1,True,4836938.215,-2800135.000000051,-2821206.250000051,1771884900|SHORT,EXIT_STLINE,False,SuperTrend-p14x3-M15,SHORT,S,0.5,1771985901.213,1771884900,1771885800.0,1771985700
6145136.4852157775,mult6.00,0.5,5195.28,0,5195.78,5156.238083571663,5155.2,F1,True,4865847.97,-3800316.999999993,-3821388.249999993,1771985700|LONG,EXIT_STLINE,False,SuperTrend-p14x3-M15,LONG,L,0.5,1772042294.896,1771985700,1771986600.0,1772041500
14461794.144513618,mult6.00,0.5,5072.48,0,5072.83,5166.975179734207,5167.45,F1,True,4750705.295,-8861162.99999999,-8882234.24999999,1773001800|SHORT,EXIT_STLINE,False,SuperTrend-p14x3-M15,SHORT,S,0.5,1773095174.232,1773001800,1773002700.0,1773094500
878922.0821084629,mult6.00,0.5,5157.88,0,5157.59,5166.975179734207,5166.99,F1,True,4830083.035,-880309.9999999659,-901381.2499999659,1773094500|SHORT,EXIT_STLINE,False,SuperTrend-p14x3-M15,SHORT,S,0.5,1773095807.954,1773094500,1773095400.0,1773095400
88516.0821085004,mult6.00,0.5,5166.03,0,5166.03,5166.975179734207,5167.29,F1,True,4837987.095,-117999.00000002045,-139070.25000002043,1773095400|SHORT,EXIT_STLINE,False,SuperTrend-p14x3-M15,SHORT,S,0.5,1773096303.494,1773095400,1773096300.0,1773096300
9427587.559846291,mult6.00,0.5,5184.17,0,5184.67,5163.627010738995,5163.31,F1,True,4855443.455,-2000363.9999999693,-2021435.2499999693,1773096300|LONG,EXIT_STLINE,False,SuperTrend-p14x3-M15,LONG,L,0.5,1773155973.854,1773096300,1773097200.0,1773155700
693091.758846167,mult6.00,0.5,5035.26,0,5035.26,4732.8535074930005,4733.51,F1,True,4715520.99,28258887.5,28237816.25,1773713700|SHORT,EXIT_STLINE,False,SuperTrend-p14x3-M15,SHORT,S,0.5,1773965896.574,1773713700,1773714600.0,1773965700
12025933.443001822,mult6.00,0.5,4733.54,0,4733.88,4631.587719317243,4630.62,F1,True,4433278.62,-9670299.00000002,-9691370.25000002,1773965700|LONG,EXIT_STLINE,False,SuperTrend-p14x3-M15,LONG,L,0.5,1774003906.689,1773965700,1773966600.0,1774003500
2427526.570220637,mult6.00,0.5,4512.23,0,4512.68,4719.364158267459,4719.34,F1,True,4226124.82,19353708.999999985,19332637.749999985,1774905300|LONG,EXIT_STLINE,False,SuperTrend-p14x3-M15,LONG,L,0.5,1775082023.616,1774905300,1774906200.0,1775081700
11168358.987677831,mult6.00,0.5,4697.04,0,4697.0,4705.450735370181,4705.57,F1,True,4398740.5,-802580.4999999728,-823651.7499999728,1775081700|SHORT,EXIT_STLINE,False,SuperTrend-p14x3-M15,SHORT,S,0.5,1775454176.949,1775081700,1775082600.0,1775453400
11244237.290889699,mult6.00,0.5,4676.54,1,4647.25,4749.927721662226,4749.94,F1,True,4352149.625,-9616918.499999963,-9637989.749999963,1776016800|SHORT,EXIT_STLINE,False,SuperTrend-p14x3-M15,SHORT,S,0.5,1776086858.07,1776016800,1776018600.0,1776086100
85008.1336674099,mult6.00,0.5,4748.36,0,4749.02,4749.927721662226,4750.0,F1,True,4447457.23,-91776.99999995911,-112848.24999995911,1776103200|SHORT,EXIT_STLINE,False,SuperTrend-p14x3-M15,SHORT,S,0.5,1776104104.484,1776103200,1776104100.0,1776104100
121531.63366744056,mult6.00,0.5,4748.55,0,4748.63,4749.927721662226,4750.09,F1,True,4447091.995,-136729.0000000034,-157800.2500000034,1776104100|SHORT,EXIT_STLINE,False,SuperTrend-p14x3-M15,SHORT,S,0.5,1776105018.928,1776104100,1776105000.0,1776105000
5083373.876837422,mult6.00,0.5,4750.3,0,4751.36,4796.010061820916,4795.74,F1,True,4449648.64,4156187.0000000102,4135115.7500000102,1776105000|LONG,EXIT_STLINE,False,SuperTrend-p14x3-M15,LONG,L,0.5,1776229896.722,1776105000,1776105900.0,1776229200
4522720.87887612,mult6.00,0.5,4832.49,0,4833.02,4795.492847353702,4795.41,F1,True,4526123.23,-3522176.5000000545,-3543247.7500000545,1776285000|LONG,EXIT_STLINE,False,SuperTrend-p14x3-M15,LONG,L,0.5,1776333174.039,1776285000,1776285900.0,1776332700
6795634.648438568,mult6.00,0.5,4790.3,0,4790.21,4830.86438618532,4830.93,F1,True,4486031.665,-3813428.0000000237,-3834499.2500000237,1776621600|SHORT,EXIT_STLINE,False,SuperTrend-p14x3-M15,SHORT,S,0.5,1776708075.038,1776621600,1776622500.0,1776708000
184901.26625516344,mult6.00,0.5,4828.94,0,4828.89,4830.86438618532,4830.93,F1,True,4522255.485,-191045.9999999966,-212117.2499999966,1776708000|SHORT,EXIT_STLINE,False,SuperTrend-p14x3-M15,SHORT,S,0.5,1776708913.757,1776708000,1776708900.0,1776708900
192393.26625515663,mult6.00,0.5,4828.82,0,4828.81,4830.86438618532,4830.95,F1,True,4522180.565,-200410.9999999455,-221482.2499999455,1776708900|SHORT,EXIT_STLINE,False,SuperTrend-p14x3-M15,SHORT,S,0.5,1776710191.036,1776708900,1776709800.0,1776709800
27569.266255221373,mult6.00,0.5,4830.58,0,4830.57,4830.86438618532,4831.07,F1,True,4523828.805,-46825.0,-67896.25,1776709800|SHORT,EXIT_STLINE,False,SuperTrend-p14x3-M15,SHORT,S,0.5,1776710700.079,1776709800,1776710700.0,1776710700
322566.7662551873,mult6.00,0.5,4827.54,0,4827.42,4830.86438618532,4830.9,F1,True,4520878.83,-325901.99999995914,-346973.24999995914,1776710700|SHORT,EXIT_STLINE,False,SuperTrend-p14x3-M15,SHORT,S,0.5,1776711612.396,1776710700,1776711600.0,1776711600
521104.7662551771,mult6.00,0.5,4825.67,0,4825.3,4830.86438618532,4830.9,F1,True,4518893.45,-524439.9999999489,-545511.2499999489,1776711600|SHORT,EXIT_STLINE,False,SuperTrend-p14x3-M15,SHORT,S,0.5,1776716042.268,1776711600,1776712500.0,1776715200
246710.266255235,mult6.00,0.5,4828.37,0,4828.23,4771.024943738302,4771.13,F1,True,4521637.395,5347414.999999949,5326343.749999949,1776715200|SHORT,EXIT_STLINE,False,SuperTrend-p14x3-M15,SHORT,S,0.5,1776820851.385,1776715200,1776716100.0,1776820500
470585.981091961,mult6.00,0.5,4765.97,0,4766.0,4771.024943738302,4771.08,F1,True,4463359.0,-475741.9999999932,-496813.2499999932,1776820500|SHORT,EXIT_STLINE,False,SuperTrend-p14x3-M15,SHORT,S,0.5,1776822381.819,1776820500,1776821400.0,1776822300
322618.9810919678,mult6.00,0.5,4767.65,0,4767.58,4771.024943738302,4771.04,F1,True,4464838.67,-324029.00000000343,-345100.25000000343,1776822300|SHORT,EXIT_STLINE,False,SuperTrend-p14x3-M15,SHORT,S,0.5,1776827186.478,1776822300,1776823200.0,1776826800
515537.98109192005,mult6.00,0.5,4765.54,0,4765.52,4741.651951417128,4742.05,F1,True,4462909.48,2197965.5000000237,2176894.2500000237,1776826800|SHORT,EXIT_STLINE,False,SuperTrend-p14x3-M15,SHORT,S,0.5,1776933061.249,1776826800,1776827700.0,1776933000
574178.5988491394,mult6.00,0.5,4679.72,0,4680.24,4681.916066246953,4681.86,F1,True,4383044.76,151712.99999998978,130641.74999998978,1777233600|LONG,EXIT_STLINE,False,SuperTrend-p14x3-M15,LONG,L,0.5,1777287229.915,1777233600,1777234500.0,1777286700
5715805.6659879405,mult6.00,0.5,4589.35,0,4590.29,4595.325008833052,4595.31,F1,True,4298806.585,470123.00000004086,449051.75000004086,1777517100|LONG,EXIT_STLINE,False,SuperTrend-p14x3-M15,LONG,L,0.5,1777602460.896,1777517100,1777518000.0,1777601700
4151405.9869417357,mult6.00,0.5,4593.38,0,4593.57,4608.91906018225,4608.94,F1,True,4301878.305,-1439400.4999999898,-1460471.7499999898,1777601700|SHORT,EXIT_STLINE,False,SuperTrend-p14x3-M15,SHORT,S,0.5,1777628485.06,1777601700,1777602600.0,1777627800
7448547.13131036,mult6.00,0.5,4686.98,1,4691.11,4710.254981072347,4710.38,F1,True,4393224.515,-1804635.500000041,-1825706.750000041,1778172300|SHORT,EXIT_STLINE,False,SuperTrend-p14x3-M15,SHORT,S,0.5,1778490297.667,1778172300,1778177700.0,1778490000
