side,ficha,reason,t_in,t_out,entry_fill,exit_fill,spread,entry_delay_bars,net_067lot_clp,month
LONG,F1,EXIT_TRAIL,2026-01-05T23:00:00,2026-01-06T02:45:00,4450.98,4463.29,0.5,0,772397.11,2026-01
LONG,F2,EXIT_TRAIL,2026-01-05T23:00:00,2026-01-06T02:45:00,4450.98,4463.29,0.5,0,772397.11,2026-01
LONG,F3,EXIT_TRAIL,2026-01-05T23:00:00,2026-01-06T02:45:00,4450.98,4463.29,0.5,0,772397.11,2026-01
SHORT,F1,EXIT_SL_RAISED,2026-01-06T22:15:00,2026-01-06T23:10:34.044000,4470.81,4472.88,0.5,0,-129883.18,2026-01
SHORT,F2,EXIT_SL_RAISED,2026-01-06T22:15:00,2026-01-06T23:10:34.044000,4470.81,4472.88,0.5,0,-129883.18,2026-01
SHORT,F3,EXIT_SL_RAISED,2026-01-06T22:15:00,2026-01-06T23:10:34.044000,4470.81,4472.88,0.5,0,-129883.18,2026-01
SHORT,F1,EXIT_SL_RAISED,2026-01-07T01:00:00,2026-01-07T03:00:00.079000,4474.48,4454.76,0.5,0,1237341.26,2026-01
SHORT,F2,EXIT_SL_RAISED,2026-01-07T01:00:00,2026-01-07T03:00:00.079000,4474.48,4454.76,0.5,0,1237341.26,2026-01
SHORT,F3,EXIT_SL_RAISED,2026-01-07T01:00:00,2026-01-07T03:00:00.079000,4474.48,4454.76,0.5,0,1237341.26,2026-01
SHORT,F1,EXIT_SL_RAISED,2026-01-07T03:30:00,2026-01-07T04:21:36.126000,4454.87,4453.35,0.5,0,95373.16,2026-01
SHORT,F2,EXIT_SL_RAISED,2026-01-07T03:30:00,2026-01-07T04:21:36.126000,4454.87,4453.35,0.5,0,95373.16,2026-01
SHORT,F3,EXIT_SL_RAISED,2026-01-07T03:30:00,2026-01-07T04:21:36.126000,4454.87,4453.35,0.5,0,95373.16,2026-01
LONG,F1,EXIT_SL_RAISED,2026-01-08T03:45:00,2026-01-08T05:01:15.971000,4435.97,4428.42,0.5,0,-473728.53,2026-01
LONG,F2,EXIT_SL_RAISED,2026-01-08T03:45:00,2026-01-08T05:01:15.971000,4435.97,4428.42,0.5,0,-473728.53,2026-01
LONG,F3,EXIT_SL_RAISED,2026-01-08T03:45:00,2026-01-08T05:01:15.971000,4435.97,4428.42,0.5,0,-473728.53,2026-01
SHORT,F1,EXIT_SL_RAISED,2026-01-09T00:15:00,2026-01-09T02:30:01.590000,4464.05,4467.03,0.5,0,-186981.59,2026-01
SHORT,F2,EXIT_SL_RAISED,2026-01-09T00:15:00,2026-01-09T02:30:01.590000,4464.05,4467.03,0.5,0,-186981.59,2026-01
SHORT,F3,EXIT_SL_RAISED,2026-01-09T00:15:00,2026-01-09T02:30:01.590000,4464.05,4467.03,0.5,0,-186981.59,2026-01
LONG,F1,EXIT_SL_RAISED,2026-01-12T02:30:00,2026-01-12T03:11:47.776000,4572.6,4572.1,0.5,0,-31372.75,2026-01
LONG,F2,EXIT_SL_RAISED,2026-01-12T02:30:00,2026-01-12T03:11:47.776000,4572.6,4572.1,0.5,0,-31372.75,2026-01
LONG,F3,EXIT_SL_RAISED,2026-01-12T02:30:00,2026-01-12T03:11:47.776000,4572.6,4572.1,0.5,0,-31372.75,2026-01
LONG,F1,EXIT_SL_RAISED,2026-01-12T21:00:00,2026-01-12T21:37:51.897000,4599.68,4585.48,0.5,0,-890986.1,2026-01
LONG,F2,EXIT_SL_RAISED,2026-01-12T21:00:00,2026-01-12T21:37:51.897000,4599.68,4585.48,0.5,0,-890986.1,2026-01
LONG,F3,EXIT_SL_RAISED,2026-01-12T21:00:00,2026-01-12T21:37:51.897000,4599.68,4585.48,0.5,0,-890986.1,2026-01
SHORT,F1,EXIT_SL_RAISED,2026-01-12T22:30:00,2026-01-12T23:07:36.817000,4581.59,4589.92,0.5,0,-522670.01,2026-01
SHORT,F2,EXIT_SL_RAISED,2026-01-12T22:30:00,2026-01-12T23:07:36.817000,4581.59,4589.92,0.5,0,-522670.01,2026-01
SHORT,F3,EXIT_SL_RAISED,2026-01-12T22:30:00,2026-01-12T23:07:36.817000,4581.59,4589.92,0.5,0,-522670.01,2026-01
LONG,F1,EXIT_SL_RAISED,2026-01-13T02:30:00,2026-01-13T03:00:17.240000,4601.68,4590.83,0.5,0,-680788.68,2026-01
LONG,F2,EXIT_SL_RAISED,2026-01-13T02:30:00,2026-01-13T03:00:17.240000,4601.68,4590.83,0.5,0,-680788.68,2026-01
LONG,F3,EXIT_SL_RAISED,2026-01-13T02:30:00,2026-01-13T03:00:17.240000,4601.68,4590.83,0.5,0,-680788.68,2026-01
LONG,F1,EXIT_SL_RAISED,2026-01-13T20:15:00,2026-01-14T02:56:00.202000,4596.26,4629.61,0.5,0,2092562.42,2026-01
LONG,F2,EXIT_SL_RAISED,2026-01-13T20:15:00,2026-01-14T02:56:00.202000,4596.26,4629.61,0.5,0,2092562.42,2026-01
LONG,F3,EXIT_SL_RAISED,2026-01-13T20:15:00,2026-01-14T02:56:00.202000,4596.26,4629.61,0.5,0,2092562.42,2026-01
SHORT,F1,EXIT_SL_RAISED,2026-01-14T20:15:00,2026-01-14T21:04:20.505000,4616.67,4617.19,0.5,0,-32627.66,2026-01
SHORT,F2,EXIT_SL_RAISED,2026-01-14T20:15:00,2026-01-14T21:04:20.505000,4616.67,4617.19,0.5,0,-32627.66,2026-01
SHORT,F3,EXIT_SL_RAISED,2026-01-14T20:15:00,2026-01-14T21:04:20.505000,4616.67,4617.19,0.5,0,-32627.66,2026-01
SHORT,F1,EXIT_SL_RAISED,2026-01-15T00:15:00,2026-01-15T01:24:16.069000,4591.28,4597.38,0.5,0,-382747.55,2026-01
SHORT,F2,EXIT_SL_RAISED,2026-01-15T00:15:00,2026-01-15T01:24:16.069000,4591.28,4597.38,0.5,0,-382747.55,2026-01
SHORT,F3,EXIT_SL_RAISED,2026-01-15T00:15:00,2026-01-15T01:24:16.069000,4591.28,4597.38,0.5,0,-382747.55,2026-01
LONG,F1,EXIT_SL_RAISED,2026-01-15T03:15:00,2026-01-15T04:56:46.405000,4605.76,4599.74,0.5,0,-377727.91,2026-01
LONG,F2,EXIT_SL_RAISED,2026-01-15T03:15:00,2026-01-15T04:56:46.405000,4605.76,4599.74,0.5,0,-377727.91,2026-01
LONG,F3,EXIT_SL_RAISED,2026-01-15T03:15:00,2026-01-15T04:56:46.405000,4605.76,4599.74,0.5,0,-377727.91,2026-01
SHORT,F1,EXIT_SL_RAISED,2026-01-15T23:45:00,2026-01-16T01:19:30.734000,4595.75,4600.42,0.5,0,-293021.49,2026-01
SHORT,F2,EXIT_SL_RAISED,2026-01-15T23:45:00,2026-01-16T01:19:30.734000,4595.75,4600.42,0.5,0,-293021.49,2026-01
SHORT,F3,EXIT_SL_RAISED,2026-01-15T23:45:00,2026-01-16T01:19:30.734000,4595.75,4600.42,0.5,0,-293021.49,2026-01
SHORT,F1,EXIT_SL_RAISED,2026-01-16T02:15:00,2026-01-16T02:30:49.967000,4596.35,4603.55,0.5,0,-451767.6,2026-01
SHORT,F2,EXIT_SL_RAISED,2026-01-16T02:15:00,2026-01-16T02:30:49.967000,4596.35,4603.55,0.5,0,-451767.6,2026-01
SHORT,F3,EXIT_SL_RAISED,2026-01-16T02:15:00,2026-01-16T02:30:49.967000,4596.35,4603.55,0.5,0,-451767.6,2026-01
SHORT,F1,EXIT_SL_RAISED,2026-01-16T03:45:00,2026-01-16T04:06:19.963000,4595.79,4603.77,0.5,0,-500709.09,2026-01
SHORT,F2,EXIT_SL_RAISED,2026-01-16T03:45:00,2026-01-16T04:06:19.963000,4595.79,4603.77,0.5,0,-500709.09,2026-01
SHORT,F3,EXIT_SL_RAISED,2026-01-16T03:45:00,2026-01-16T04:06:19.963000,4595.79,4603.77,0.5,0,-500709.09,2026-01
SHORT,F1,EXIT_SL_RAISED,2026-01-16T18:00:00,2026-01-18T20:00:03.232000,4627.84,4628.34,0.5,1,-31372.75,2026-01
SHORT,F2,EXIT_SL_RAISED,2026-01-16T18:00:00,2026-01-18T20:00:03.232000,4627.84,4628.34,0.5,1,-31372.75,2026-01
SHORT,F3,EXIT_SL_RAISED,2026-01-16T18:00:00,2026-01-18T20:00:03.232000,4627.84,4628.34,0.5,1,-31372.75,2026-01
LONG,F1,EXIT_SL_RAISED,2026-01-19T00:15:00,2026-01-19T04:16:48.839000,4669.26,4666.96,0.5,0,-144314.65,2026-01
LONG,F2,EXIT_SL_RAISED,2026-01-19T00:15:00,2026-01-19T04:16:48.839000,4669.26,4666.96,0.5,0,-144314.65,2026-01
LONG,F3,EXIT_SL_RAISED,2026-01-19T00:15:00,2026-01-19T04:16:48.839000,4669.26,4666.96,0.5,0,-144314.65,2026-01
LONG,F1,EXIT_SL_RAISED,2026-01-19T22:15:00,2026-01-19T22:57:09.097000,4670.54,4667.4,0.5,0,-197020.87,2026-01
LONG,F2,EXIT_SL_RAISED,2026-01-19T22:15:00,2026-01-19T22:57:09.097000,4670.54,4667.4,0.5,0,-197020.87,2026-01
LONG,F3,EXIT_SL_RAISED,2026-01-19T22:15:00,2026-01-19T22:57:09.097000,4670.54,4667.4,0.5,0,-197020.87,2026-01
LONG,F1,EXIT_SL_RAISED,2026-01-19T23:30:00,2026-01-20T03:40:01.553000,4672.36,4706.55,0.5,0,2145268.65,2026-01
LONG,F2,EXIT_SL_RAISED,2026-01-19T23:30:00,2026-01-20T03:40:01.553000,4672.36,4706.55,0.5,0,2145268.65,2026-01
LONG,F3,EXIT_SL_RAISED,2026-01-19T23:30:00,2026-01-20T03:40:01.553000,4672.36,4706.55,0.5,0,2145268.65,2026-01
SHORT,F1,EXIT_SL_RAISED,2026-01-21T04:00:00,2026-01-21T04:51:23.655000,4847.32,4853.16,0.5,0,-366433.72,2026-01
SHORT,F2,EXIT_SL_RAISED,2026-01-21T04:00:00,2026-01-21T04:51:23.655000,4847.32,4853.16,0.5,0,-366433.72,2026-01
SHORT,F3,EXIT_SL_RAISED,2026-01-21T04:00:00,2026-01-21T04:51:23.655000,4847.32,4853.16,0.5,0,-366433.72,2026-01
SHORT,F1,EXIT_SL_RAISED,2026-01-21T20:15:00,2026-01-21T22:19:53.247000,4814.73,4799.86,0.5,0,933025.58,2026-01
SHORT,F2,EXIT_SL_RAISED,2026-01-21T20:15:00,2026-01-21T22:19:53.247000,4814.73,4799.86,0.5,0,933025.58,2026-01
SHORT,F3,EXIT_SL_RAISED,2026-01-21T20:15:00,2026-01-21T22:19:53.247000,4814.73,4799.86,0.5,0,933025.58,2026-01
SHORT,F1,EXIT_SL_RAISED,2026-01-21T23:15:00,2026-01-22T00:49:55.224000,4793.39,4795.62,0.5,0,-139922.46,2026-01
SHORT,F2,EXIT_SL_RAISED,2026-01-21T23:15:00,2026-01-22T00:49:55.224000,4793.39,4795.62,0.5,0,-139922.46,2026-01
SHORT,F3,EXIT_SL_RAISED,2026-01-21T23:15:00,2026-01-22T00:49:55.224000,4793.39,4795.62,0.5,0,-139922.46,2026-01
LONG,F1,reverse,2026-01-22T01:00:00,2026-01-22T02:30:00,4797.0,4795.23,0.5,0,-111059.54,2026-01
LONG,F2,reverse,2026-01-22T01:00:00,2026-01-22T02:30:00,4797.0,4795.23,0.5,0,-111059.54,2026-01
LONG,F3,reverse,2026-01-22T01:00:00,2026-01-22T02:30:00,4797.0,4795.23,0.5,0,-111059.54,2026-01
SHORT,F1,EXIT_SL_RAISED,2026-01-22T02:30:00,2026-01-22T02:50:22.528000,4795.23,4810.89,0.5,0,-982594.53,2026-01
SHORT,F2,EXIT_SL_RAISED,2026-01-22T02:30:00,2026-01-22T02:50:22.528000,4795.23,4810.89,0.5,0,-982594.53,2026-01
SHORT,F3,EXIT_SL_RAISED,2026-01-22T02:30:00,2026-01-22T02:50:22.528000,4795.23,4810.89,0.5,0,-982594.53,2026-01
LONG,F1,EXIT_SL_RAISED,2026-01-22T03:00:00,2026-01-22T05:11:08.863000,4821.67,4824.31,0.5,0,165648.12,2026-01
LONG,F2,EXIT_SL_RAISED,2026-01-22T03:00:00,2026-01-22T05:11:08.863000,4821.67,4824.31,0.5,0,165648.12,2026-01
LONG,F3,EXIT_SL_RAISED,2026-01-22T03:00:00,2026-01-22T05:11:08.863000,4821.67,4824.31,0.5,0,165648.12,2026-01
LONG,F1,EXIT_SL_RAISED,2026-01-22T22:00:00,2026-01-22T22:18:20.053000,4965.48,4947.9,0.5,0,-1103065.89,2026-01
LONG,F2,EXIT_SL_RAISED,2026-01-22T22:00:00,2026-01-22T22:18:20.053000,4965.48,4947.9,0.5,0,-1103065.89,2026-01
LONG,F3,EXIT_SL_RAISED,2026-01-22T22:00:00,2026-01-22T22:18:20.053000,4965.48,4947.9,0.5,0,-1103065.89,2026-01
LONG,F1,EXIT_SL_RAISED,2026-01-23T01:45:00,2026-01-23T03:10:04.941000,4957.2,4955.01,0.5,0,-137412.64,2026-01
LONG,F2,EXIT_SL_RAISED,2026-01-23T01:45:00,2026-01-23T03:10:04.941000,4957.2,4955.01,0.5,0,-137412.64,2026-01
LONG,F3,EXIT_SL_RAISED,2026-01-23T01:45:00,2026-01-23T03:10:04.941000,4957.2,4955.01,0.5,0,-137412.64,2026-01
SHORT,F1,EXIT_SL_RAISED,2026-01-26T02:15:00,2026-01-26T02:49:06.371000,5059.75,5071.5,0.5,0,-737259.62,2026-01
SHORT,F2,EXIT_SL_RAISED,2026-01-26T02:15:00,2026-01-26T02:49:06.371000,5059.75,5071.5,0.5,0,-737259.62,2026-01
SHORT,F3,EXIT_SL_RAISED,2026-01-26T02:15:00,2026-01-26T02:49:06.371000,5059.75,5071.5,0.5,0,-737259.62,2026-01
LONG,F1,EXIT_TRAIL,2026-01-26T03:00:00,2026-01-26T04:00:00,5074.64,5077.88,0.5,0,203295.42,2026-01
LONG,F2,EXIT_TRAIL,2026-01-26T03:00:00,2026-01-26T04:00:00,5074.64,5077.88,0.5,0,203295.42,2026-01
LONG,F3,EXIT_TRAIL,2026-01-26T03:00:00,2026-01-26T04:00:00,5074.64,5077.88,0.5,0,203295.42,2026-01
LONG,F1,reverse,2026-01-26T21:15:00,2026-01-26T21:45:00,5052.68,5031.71,0.5,0,-1315773.14,2026-01
LONG,F2,reverse,2026-01-26T21:15:00,2026-01-26T21:45:00,5052.68,5031.71,0.5,0,-1315773.14,2026-01
LONG,F3,reverse,2026-01-26T21:15:00,2026-01-26T21:45:00,5052.68,5031.71,0.5,0,-1315773.14,2026-01
SHORT,F1,EXIT_SL_RAISED,2026-01-26T21:45:00,2026-01-26T22:05:58.722000,5031.71,5043.28,0.5,0,-725965.43,2026-01
SHORT,F2,EXIT_SL_RAISED,2026-01-26T21:45:00,2026-01-26T22:05:58.722000,5031.71,5043.28,0.5,0,-725965.43,2026-01
SHORT,F3,EXIT_SL_RAISED,2026-01-26T21:45:00,2026-01-26T22:05:58.722000,5031.71,5043.28,0.5,0,-725965.43,2026-01
LONG,F1,EXIT_SL_RAISED,2026-01-26T23:15:00,2026-01-27T02:11:26.462000,5064.28,5057.13,0.5,0,-448630.32,2026-01
LONG,F2,EXIT_SL_RAISED,2026-01-26T23:15:00,2026-01-27T02:11:26.462000,5064.28,5057.13,0.5,0,-448630.32,2026-01
LONG,F3,EXIT_SL_RAISED,2026-01-26T23:15:00,2026-01-27T02:11:26.462000,5064.28,5057.13,0.5,0,-448630.32,2026-01
SHORT,F1,reverse,2026-01-27T02:15:00,2026-01-27T02:45:00,5063.58,5074.96,0.5,0,-714043.79,2026-01
SHORT,F2,reverse,2026-01-27T02:15:00,2026-01-27T02:45:00,5063.58,5074.96,0.5,0,-714043.79,2026-01
SHORT,F3,reverse,2026-01-27T02:15:00,2026-01-27T02:45:00,5063.58,5074.96,0.5,0,-714043.79,2026-01
LONG,F1,EXIT_SL_RAISED,2026-01-27T02:45:00,2026-01-27T05:06:50.245000,5074.96,5081.9,0.5,0,435453.77,2026-01
LONG,F2,EXIT_SL_RAISED,2026-01-27T02:45:00,2026-01-27T05:06:50.245000,5074.96,5081.9,0.5,0,435453.77,2026-01
LONG,F3,EXIT_SL_RAISED,2026-01-27T02:45:00,2026-01-27T05:06:50.245000,5074.96,5081.9,0.5,0,435453.77,2026-01
LONG,F1,EXIT_TRAIL,2026-01-27T22:15:00,2026-01-28T05:45:00,5190.07,5289.96,0.5,0,6267648.0,2026-01
LONG,F2,EXIT_TRAIL,2026-01-27T22:15:00,2026-01-28T05:45:00,5190.07,5289.96,0.5,0,6267648.0,2026-01
LONG,F3,EXIT_TRAIL,2026-01-27T22:15:00,2026-01-28T05:45:00,5190.07,5289.96,0.5,0,6267648.0,2026-01
LONG,F1,EXIT_SL_RAISED,2026-01-28T23:45:00,2026-01-29T02:23:11.237000,5526.06,5523.08,0.5,0,-186981.59,2026-01
LONG,F2,EXIT_SL_RAISED,2026-01-28T23:45:00,2026-01-29T02:23:11.237000,5526.06,5523.08,0.5,0,-186981.59,2026-01
LONG,F3,EXIT_SL_RAISED,2026-01-28T23:45:00,2026-01-29T02:23:11.237000,5526.06,5523.08,0.5,0,-186981.59,2026-01
SHORT,F1,EXIT_SL_RAISED,2026-01-29T22:15:00,2026-01-29T22:34:38.631000,5309.65,5371.81,0.5,0,-3900260.28,2026-01
SHORT,F2,EXIT_SL_RAISED,2026-01-29T22:15:00,2026-01-29T22:34:38.631000,5309.65,5371.81,0.5,0,-3900260.28,2026-01
SHORT,F3,EXIT_SL_RAISED,2026-01-29T22:15:00,2026-01-29T22:34:38.631000,5309.65,5371.81,0.5,0,-3900260.28,2026-01
SHORT,F1,EXIT_SL_RAISED,2026-01-30T03:00:00,2026-01-30T04:58:07.119000,5184.51,5179.8,0.5,0,295531.31,2026-01
SHORT,F2,EXIT_SL_RAISED,2026-01-30T03:00:00,2026-01-30T04:58:07.119000,5184.51,5179.8,0.5,0,295531.31,2026-01
SHORT,F3,EXIT_SL_RAISED,2026-01-30T03:00:00,2026-01-30T04:58:07.119000,5184.51,5179.8,0.5,0,295531.31,2026-01
SHORT,F1,EXIT_SL_RAISED,2026-02-01T20:15:00,2026-02-01T21:08:32.896000,4741.16,4796.74,0.5,1,-3487394.89,2026-02
SHORT,F2,EXIT_SL_RAISED,2026-02-01T20:15:00,2026-02-01T21:08:32.896000,4741.16,4796.74,0.5,1,-3487394.89,2026-02
SHORT,F3,EXIT_SL_RAISED,2026-02-01T20:15:00,2026-02-01T21:08:32.896000,4741.16,4796.74,0.5,1,-3487394.89,2026-02
SHORT,F1,EXIT_SL_RAISED,2026-02-01T22:15:00,2026-02-01T23:30:20.681000,4643.27,4743.9,0.5,0,-6314079.66,2026-02
SHORT,F2,EXIT_SL_RAISED,2026-02-01T22:15:00,2026-02-01T23:30:20.681000,4643.27,4743.9,0.5,0,-6314079.66,2026-02
SHORT,F3,EXIT_SL_RAISED,2026-02-01T22:15:00,2026-02-01T23:30:20.681000,4643.27,4743.9,0.5,0,-6314079.66,2026-02
SHORT,F1,EXIT_SL_RAISED,2026-02-02T00:15:00,2026-02-02T01:19:58.893000,4691.91,4698.38,0.5,0,-405963.39,2026-02
SHORT,F2,EXIT_SL_RAISED,2026-02-02T00:15:00,2026-02-02T01:19:58.893000,4691.91,4698.38,0.5,0,-405963.39,2026-02
SHORT,F3,EXIT_SL_RAISED,2026-02-02T00:15:00,2026-02-02T01:19:58.893000,4691.91,4698.38,0.5,0,-405963.39,2026-02
SHORT,F1,EXIT_SL_RAISED,2026-02-02T02:45:00,2026-02-02T03:56:18.668000,4575.22,4501.32,0.5,0,4636892.45,2026-02
SHORT,F2,EXIT_SL_RAISED,2026-02-02T02:45:00,2026-02-02T03:56:18.668000,4575.22,4501.32,0.5,0,4636892.45,2026-02
SHORT,F3,EXIT_SL_RAISED,2026-02-02T02:45:00,2026-02-02T03:56:18.668000,4575.22,4501.32,0.5,0,4636892.45,2026-02
LONG,F1,EXIT_SL_RAISED,2026-02-02T22:15:00,2026-02-02T23:10:25.751000,4829.84,4798.1,0.5,0,-1991542.17,2026-02
LONG,F2,EXIT_SL_RAISED,2026-02-02T22:15:00,2026-02-02T23:10:25.751000,4829.84,4798.1,0.5,0,-1991542.17,2026-02
LONG,F3,EXIT_SL_RAISED,2026-02-02T22:15:00,2026-02-02T23:10:25.751000,4829.84,4798.1,0.5,0,-1991542.17,2026-02
LONG,F1,EXIT_SL_RAISED,2026-02-03T00:45:00,2026-02-03T06:02:59.241000,4805.78,4909.97,0.5,0,6537453.65,2026-02
LONG,F2,EXIT_SL_RAISED,2026-02-03T00:45:00,2026-02-03T06:02:59.241000,4805.78,4909.97,0.5,0,6537453.65,2026-02
LONG,F3,EXIT_SL_RAISED,2026-02-03T00:45:00,2026-02-03T06:02:59.241000,4805.78,4909.97,0.5,0,6537453.65,2026-02
SHORT,F1,EXIT_SL_RAISED,2026-02-03T20:15:00,2026-02-03T21:05:14.634000,4932.69,4961.58,0.5,0,-1812717.5,2026-02
SHORT,F2,EXIT_SL_RAISED,2026-02-03T20:15:00,2026-02-03T21:05:14.634000,4932.69,4961.58,0.5,0,-1812717.5,2026-02
SHORT,F3,EXIT_SL_RAISED,2026-02-03T20:15:00,2026-02-03T21:05:14.634000,4932.69,4961.58,0.5,0,-1812717.5,2026-02
LONG,F1,EXIT_SL_RAISED,2026-02-03T21:15:00,2026-02-04T03:07:39.170000,4987.15,5061.25,0.5,0,4649441.55,2026-02
LONG,F2,EXIT_SL_RAISED,2026-02-03T21:15:00,2026-02-04T03:07:39.170000,4987.15,5061.25,0.5,0,4649441.55,2026-02
LONG,F3,EXIT_SL_RAISED,2026-02-03T21:15:00,2026-02-04T03:07:39.170000,4987.15,5061.25,0.5,0,4649441.55,2026-02
LONG,F1,EXIT_SL_RAISED,2026-02-04T04:00:00,2026-02-04T06:15:51.604000,5076.93,5064.96,0.5,0,-751063.64,2026-02
LONG,F2,EXIT_SL_RAISED,2026-02-04T04:00:00,2026-02-04T06:15:51.604000,5076.93,5064.96,0.5,0,-751063.64,2026-02
LONG,F3,EXIT_SL_RAISED,2026-02-04T04:00:00,2026-02-04T06:15:51.604000,5076.93,5064.96,0.5,0,-751063.64,2026-02
SHORT,F1,EXIT_TRAIL,2026-02-05T02:15:00,2026-02-05T02:45:00,4852.82,4886.11,0.5,0,-2088797.69,2026-02
SHORT,F2,EXIT_TRAIL,2026-02-05T02:15:00,2026-02-05T02:45:00,4852.82,4886.11,0.5,0,-2088797.69,2026-02
SHORT,F3,EXIT_TRAIL,2026-02-05T02:15:00,2026-02-05T02:45:00,4852.82,4886.11,0.5,0,-2088797.69,2026-02
LONG,F1,reverse,2026-02-05T03:15:00,2026-02-05T06:00:00,4910.75,4912.26,0.5,0,94745.71,2026-02
LONG,F2,reverse,2026-02-05T03:15:00,2026-02-05T06:00:00,4910.75,4912.26,0.5,0,94745.71,2026-02
LONG,F3,reverse,2026-02-05T03:15:00,2026-02-05T06:00:00,4910.75,4912.26,0.5,0,94745.71,2026-02
LONG,F1,EXIT_SL_RAISED,2026-02-05T23:00:00,2026-02-06T03:20:10.396000,4774.52,4858.22,0.5,0,5251798.35,2026-02
LONG,F2,EXIT_SL_RAISED,2026-02-05T23:00:00,2026-02-06T03:20:10.396000,4774.52,4858.22,0.5,0,5251798.35,2026-02
LONG,F3,EXIT_SL_RAISED,2026-02-05T23:00:00,2026-02-06T03:20:10.396000,4774.52,4858.22,0.5,0,5251798.35,2026-02
SHORT,F1,EXIT_SL_RAISED,2026-02-08T23:00:00,2026-02-08T23:32:47.245000,4982.43,5003.39,0.5,0,-1315145.68,2026-02
SHORT,F2,EXIT_SL_RAISED,2026-02-08T23:00:00,2026-02-08T23:32:47.245000,4982.43,5003.39,0.5,0,-1315145.68,2026-02
SHORT,F3,EXIT_SL_RAISED,2026-02-08T23:00:00,2026-02-08T23:32:47.245000,4982.43,5003.39,0.5,0,-1315145.68,2026-02
SHORT,F1,EXIT_SL_RAISED,2026-02-08T23:45:00,2026-02-09T00:10:21.136000,4997.23,5020.47,0.5,0,-1458205.42,2026-02
SHORT,F2,EXIT_SL_RAISED,2026-02-08T23:45:00,2026-02-09T00:10:21.136000,4997.23,5020.47,0.5,0,-1458205.42,2026-02
SHORT,F3,EXIT_SL_RAISED,2026-02-08T23:45:00,2026-02-09T00:10:21.136000,4997.23,5020.47,0.5,0,-1458205.42,2026-02
LONG,F1,EXIT_SL_RAISED,2026-02-09T03:00:00,2026-02-09T03:22:03.479000,5037.01,5019.74,0.5,0,-1083614.79,2026-02
LONG,F2,EXIT_SL_RAISED,2026-02-09T03:00:00,2026-02-09T03:22:03.479000,5037.01,5019.74,0.5,0,-1083614.79,2026-02
LONG,F3,EXIT_SL_RAISED,2026-02-09T03:00:00,2026-02-09T03:22:03.479000,5037.01,5019.74,0.5,0,-1083614.79,2026-02
SHORT,F1,EXIT_SL_RAISED,2026-02-09T20:15:00,2026-02-09T20:42:31.711000,5013.21,5029.73,0.5,0,-1036555.66,2026-02
SHORT,F2,EXIT_SL_RAISED,2026-02-09T20:15:00,2026-02-09T20:42:31.711000,5013.21,5029.73,0.5,0,-1036555.66,2026-02
SHORT,F3,EXIT_SL_RAISED,2026-02-09T20:15:00,2026-02-09T20:42:31.711000,5013.21,5029.73,0.5,0,-1036555.66,2026-02
SHORT,F1,EXIT_SL_RAISED,2026-02-09T22:30:00,2026-02-09T23:07:12.214000,5017.1,5042.93,0.5,0,-1620716.26,2026-02
SHORT,F2,EXIT_SL_RAISED,2026-02-09T22:30:00,2026-02-09T23:07:12.214000,5017.1,5042.93,0.5,0,-1620716.26,2026-02
SHORT,F3,EXIT_SL_RAISED,2026-02-09T22:30:00,2026-02-09T23:07:12.214000,5017.1,5042.93,0.5,0,-1620716.26,2026-02
SHORT,F1,EXIT_SL_RAISED,2026-02-10T00:15:00,2026-02-10T02:45:00.025000,5026.77,5032.86,0.5,0,-382120.09,2026-02
SHORT,F2,EXIT_SL_RAISED,2026-02-10T00:15:00,2026-02-10T02:45:00.025000,5026.77,5032.86,0.5,0,-382120.09,2026-02
SHORT,F3,EXIT_SL_RAISED,2026-02-10T00:15:00,2026-02-10T02:45:00.025000,5026.77,5032.86,0.5,0,-382120.09,2026-02
SHORT,F1,EXIT_SL_RAISED,2026-02-10T04:30:00,2026-02-10T05:38:36.372000,5025.1,5044.12,0.5,0,-1193419.41,2026-02
SHORT,F2,EXIT_SL_RAISED,2026-02-10T04:30:00,2026-02-10T05:38:36.372000,5025.1,5044.12,0.5,0,-1193419.41,2026-02
SHORT,F3,EXIT_SL_RAISED,2026-02-10T04:30:00,2026-02-10T05:38:36.372000,5025.1,5044.12,0.5,0,-1193419.41,2026-02
LONG,F1,EXIT_SL_RAISED,2026-02-10T21:30:00,2026-02-10T22:00:04.480000,5040.54,5032.51,0.5,0,-503846.36,2026-02
LONG,F2,EXIT_SL_RAISED,2026-02-10T21:30:00,2026-02-10T22:00:04.480000,5040.54,5032.51,0.5,0,-503846.36,2026-02
LONG,F3,EXIT_SL_RAISED,2026-02-10T21:30:00,2026-02-10T22:00:04.480000,5040.54,5032.51,0.5,0,-503846.36,2026-02
LONG,F1,EXIT_SL_RAISED,2026-02-10T22:45:00,2026-02-10T23:14:51.372000,5044.46,5035.35,0.5,0,-571611.5,2026-02
LONG,F2,EXIT_SL_RAISED,2026-02-10T22:45:00,2026-02-10T23:14:51.372000,5044.46,5035.35,0.5,0,-571611.5,2026-02
LONG,F3,EXIT_SL_RAISED,2026-02-10T22:45:00,2026-02-10T23:14:51.372000,5044.46,5035.35,0.5,0,-571611.5,2026-02
LONG,F1,EXIT_SL_RAISED,2026-02-10T23:45:00,2026-02-11T02:01:49.373000,5054.32,5045.39,0.5,0,-560317.31,2026-02
LONG,F2,EXIT_SL_RAISED,2026-02-10T23:45:00,2026-02-11T02:01:49.373000,5054.32,5045.39,0.5,0,-560317.31,2026-02
LONG,F3,EXIT_SL_RAISED,2026-02-10T23:45:00,2026-02-11T02:01:49.373000,5054.32,5045.39,0.5,0,-560317.31,2026-02
LONG,F1,EXIT_SL_RAISED,2026-02-11T02:45:00,2026-02-11T04:25:24.741000,5062.68,5053.45,0.5,0,-579140.97,2026-02
LONG,F2,EXIT_SL_RAISED,2026-02-11T02:45:00,2026-02-11T04:25:24.741000,5062.68,5053.45,0.5,0,-579140.97,2026-02
LONG,F3,EXIT_SL_RAISED,2026-02-11T02:45:00,2026-02-11T04:25:24.741000,5062.68,5053.45,0.5,0,-579140.97,2026-02
SHORT,F1,EXIT_SL_RAISED,2026-02-11T21:45:00,2026-02-11T23:00:01.676000,5059.05,5064.6,0.5,0,-348237.53,2026-02
SHORT,F2,EXIT_SL_RAISED,2026-02-11T21:45:00,2026-02-11T23:00:01.676000,5059.05,5064.6,0.5,0,-348237.53,2026-02
SHORT,F3,EXIT_SL_RAISED,2026-02-11T21:45:00,2026-02-11T23:00:01.676000,5059.05,5064.6,0.5,0,-348237.53,2026-02
SHORT,F1,EXIT_SL_RAISED,2026-02-12T00:30:00,2026-02-12T01:58:00.318000,5059.9,5068.03,0.5,0,-510120.92,2026-02
SHORT,F2,EXIT_SL_RAISED,2026-02-12T00:30:00,2026-02-12T01:58:00.318000,5059.9,5068.03,0.5,0,-510120.92,2026-02
SHORT,F3,EXIT_SL_RAISED,2026-02-12T00:30:00,2026-02-12T01:58:00.318000,5059.9,5068.03,0.5,0,-510120.92,2026-02
SHORT,F1,EXIT_SL_RAISED,2026-02-12T03:30:00,2026-02-12T04:08:24.153000,5055.37,5064.07,0.5,0,-545885.85,2026-02
SHORT,F2,EXIT_SL_RAISED,2026-02-12T03:30:00,2026-02-12T04:08:24.153000,5055.37,5064.07,0.5,0,-545885.85,2026-02
SHORT,F3,EXIT_SL_RAISED,2026-02-12T03:30:00,2026-02-12T04:08:24.153000,5055.37,5064.07,0.5,0,-545885.85,2026-02
LONG,F1,EXIT_SL_RAISED,2026-02-12T21:15:00,2026-02-13T01:49:34.191000,4942.37,4973.38,0.5,0,1945737.96,2026-02
LONG,F2,EXIT_SL_RAISED,2026-02-12T21:15:00,2026-02-13T01:49:34.191000,4942.37,4973.38,0.5,0,1945737.96,2026-02
LONG,F3,EXIT_SL_RAISED,2026-02-12T21:15:00,2026-02-13T01:49:34.191000,4942.37,4973.38,0.5,0,1945737.96,2026-02
SHORT,F1,EXIT_SL_RAISED,2026-02-13T02:45:00,2026-02-13T03:58:25.817000,4963.96,4967.55,0.5,0,-225256.35,2026-02
SHORT,F2,EXIT_SL_RAISED,2026-02-13T02:45:00,2026-02-13T03:58:25.817000,4963.96,4967.55,0.5,0,-225256.35,2026-02
SHORT,F3,EXIT_SL_RAISED,2026-02-13T02:45:00,2026-02-13T03:58:25.817000,4963.96,4967.55,0.5,0,-225256.35,2026-02
LONG,F1,EXIT_SL_RAISED,2026-02-13T04:00:00,2026-02-13T06:29:04.211000,4967.52,4968.38,0.5,0,53961.13,2026-02
LONG,F2,EXIT_SL_RAISED,2026-02-13T04:00:00,2026-02-13T06:29:04.211000,4967.52,4968.38,0.5,0,53961.13,2026-02
LONG,F3,EXIT_SL_RAISED,2026-02-13T04:00:00,2026-02-13T06:29:04.211000,4967.52,4968.38,0.5,0,53961.13,2026-02
LONG,F1,EXIT_SL_RAISED,2026-02-15T20:30:00,2026-02-15T21:03:31.020000,5029.66,5009.6,0.5,0,-1258674.73,2026-02
LONG,F2,EXIT_SL_RAISED,2026-02-15T20:30:00,2026-02-15T21:03:31.020000,5029.66,5009.6,0.5,0,-1258674.73,2026-02
LONG,F3,EXIT_SL_RAISED,2026-02-15T20:30:00,2026-02-15T21:03:31.020000,5029.66,5009.6,0.5,0,-1258674.73,2026-02
SHORT,F1,EXIT_SL_RAISED,2026-02-15T21:30:00,2026-02-15T22:19:21.162000,5012.34,5028.17,0.5,0,-993261.26,2026-02
SHORT,F2,EXIT_SL_RAISED,2026-02-15T21:30:00,2026-02-15T22:19:21.162000,5012.34,5028.17,0.5,0,-993261.26,2026-02
SHORT,F3,EXIT_SL_RAISED,2026-02-15T21:30:00,2026-02-15T22:19:21.162000,5012.34,5028.17,0.5,0,-993261.26,2026-02
SHORT,F1,EXIT_TRAIL,2026-02-15T23:45:00,2026-02-16T02:15:00,5002.26,4983.86,0.5,0,1154517.2,2026-02
SHORT,F2,EXIT_TRAIL,2026-02-15T23:45:00,2026-02-16T02:15:00,5002.26,4983.86,0.5,0,1154517.2,2026-02
SHORT,F3,EXIT_TRAIL,2026-02-15T23:45:00,2026-02-16T02:15:00,5002.26,4983.86,0.5,0,1154517.2,2026-02
SHORT,F1,EXIT_SL_RAISED,2026-02-16T20:45:00,2026-02-16T22:08:13.860000,4989.75,4947.9,0.5,0,2625899.18,2026-02
SHORT,F2,EXIT_SL_RAISED,2026-02-16T20:45:00,2026-02-16T22:08:13.860000,4989.75,4947.9,0.5,0,2625899.18,2026-02
SHORT,F3,EXIT_SL_RAISED,2026-02-16T20:45:00,2026-02-16T22:08:13.860000,4989.75,4947.9,0.5,0,2625899.18,2026-02
SHORT,F1,EXIT_SL_RAISED,2026-02-16T23:00:00,2026-02-17T02:46:43.701000,4957.55,4886.54,0.5,0,4455557.96,2026-02
SHORT,F2,EXIT_SL_RAISED,2026-02-16T23:00:00,2026-02-17T02:46:43.701000,4957.55,4886.54,0.5,0,4455557.96,2026-02
SHORT,F3,EXIT_SL_RAISED,2026-02-16T23:00:00,2026-02-17T02:46:43.701000,4957.55,4886.54,0.5,0,4455557.96,2026-02
SHORT,F1,EXIT_SL_RAISED,2026-02-17T21:00:00,2026-02-17T21:34:18.980000,4858.97,4879.12,0.5,0,-1264321.82,2026-02
SHORT,F2,EXIT_SL_RAISED,2026-02-17T21:00:00,2026-02-17T21:34:18.980000,4858.97,4879.12,0.5,0,-1264321.82,2026-02
SHORT,F3,EXIT_SL_RAISED,2026-02-17T21:00:00,2026-02-17T21:34:18.980000,4858.97,4879.12,0.5,0,-1264321.82,2026-02
LONG,F1,EXIT_SL_RAISED,2026-02-17T21:45:00,2026-02-18T03:08:34.443000,4878.71,4926.37,0.5,0,2990450.53,2026-02
LONG,F2,EXIT_SL_RAISED,2026-02-17T21:45:00,2026-02-18T03:08:34.443000,4878.71,4926.37,0.5,0,2990450.53,2026-02
LONG,F3,EXIT_SL_RAISED,2026-02-17T21:45:00,2026-02-18T03:08:34.443000,4878.71,4926.37,0.5,0,2990450.53,2026-02
SHORT,F1,EXIT_SL_RAISED,2026-02-18T21:45:00,2026-02-18T22:52:17.320000,4965.11,4973.97,0.5,0,-555925.13,2026-02
SHORT,F2,EXIT_SL_RAISED,2026-02-18T21:45:00,2026-02-18T22:52:17.320000,4965.11,4973.97,0.5,0,-555925.13,2026-02
SHORT,F3,EXIT_SL_RAISED,2026-02-18T21:45:00,2026-02-18T22:52:17.320000,4965.11,4973.97,0.5,0,-555925.13,2026-02
SHORT,F1,EXIT_SL_RAISED,2026-02-19T00:00:00,2026-02-19T00:33:57.177000,4968.04,4977.61,0.5,0,-600474.43,2026-02
SHORT,F2,EXIT_SL_RAISED,2026-02-19T00:00:00,2026-02-19T00:33:57.177000,4968.04,4977.61,0.5,0,-600474.43,2026-02
SHORT,F3,EXIT_SL_RAISED,2026-02-19T00:00:00,2026-02-19T00:33:57.177000,4968.04,4977.61,0.5,0,-600474.43,2026-02
SHORT,F1,EXIT_SL_RAISED,2026-02-19T21:00:00,2026-02-19T21:52:18.908000,4987.46,4999.75,0.5,0,-771142.19,2026-02
SHORT,F2,EXIT_SL_RAISED,2026-02-19T21:00:00,2026-02-19T21:52:18.908000,4987.46,4999.75,0.5,0,-771142.19,2026-02
SHORT,F3,EXIT_SL_RAISED,2026-02-19T21:00:00,2026-02-19T21:52:18.908000,4987.46,4999.75,0.5,0,-771142.19,2026-02
LONG,F1,EXIT_SL_RAISED,2026-02-19T22:00:00,2026-02-19T22:25:21.466000,5006.9,5000.24,0.5,0,-417885.03,2026-02
LONG,F2,EXIT_SL_RAISED,2026-02-19T22:00:00,2026-02-19T22:25:21.466000,5006.9,5000.24,0.5,0,-417885.03,2026-02
LONG,F3,EXIT_SL_RAISED,2026-02-19T22:00:00,2026-02-19T22:25:21.466000,5006.9,5000.24,0.5,0,-417885.03,2026-02
SHORT,F1,EXIT_SL_RAISED,2026-02-19T23:15:00,2026-02-20T01:30:49.940000,4996.6,4995.3,0.5,0,81569.15,2026-02
SHORT,F2,EXIT_SL_RAISED,2026-02-19T23:15:00,2026-02-20T01:30:49.940000,4996.6,4995.3,0.5,0,81569.15,2026-02
SHORT,F3,EXIT_SL_RAISED,2026-02-19T23:15:00,2026-02-20T01:30:49.940000,4996.6,4995.3,0.5,0,81569.15,2026-02
LONG,F1,EXIT_SL_RAISED,2026-02-20T04:15:00,2026-02-20T04:56:24.427000,5023.04,5009.81,0.5,0,-830122.96,2026-02
LONG,F2,EXIT_SL_RAISED,2026-02-20T04:15:00,2026-02-20T04:56:24.427000,5023.04,5009.81,0.5,0,-830122.96,2026-02
LONG,F3,EXIT_SL_RAISED,2026-02-20T04:15:00,2026-02-20T04:56:24.427000,5023.04,5009.81,0.5,0,-830122.96,2026-02
SHORT,F1,EXIT_SL_RAISED,2026-02-23T03:30:00,2026-02-23T05:55:08.800000,5152.6,5138.56,0.5,0,880946.82,2026-02
SHORT,F2,EXIT_SL_RAISED,2026-02-23T03:30:00,2026-02-23T05:55:08.800000,5152.6,5138.56,0.5,0,880946.82,2026-02
SHORT,F3,EXIT_SL_RAISED,2026-02-23T03:30:00,2026-02-23T05:55:08.800000,5152.6,5138.56,0.5,0,880946.82,2026-02
SHORT,F1,EXIT_SL_RAISED,2026-02-23T22:00:00,2026-02-23T22:30:07.269000,5223.86,5168.04,0.5,0,3502453.81,2026-02
SHORT,F2,EXIT_SL_RAISED,2026-02-23T22:00:00,2026-02-23T22:30:07.269000,5223.86,5168.04,0.5,0,3502453.81,2026-02
SHORT,F3,EXIT_SL_RAISED,2026-02-23T22:00:00,2026-02-23T22:30:07.269000,5223.86,5168.04,0.5,0,3502453.81,2026-02
LONG,F1,EXIT_SL_RAISED,2026-02-24T03:00:00,2026-02-24T03:29:41.261000,5182.96,5167.58,0.5,0,-965025.79,2026-02
LONG,F2,EXIT_SL_RAISED,2026-02-24T03:00:00,2026-02-24T03:29:41.261000,5182.96,5167.58,0.5,0,-965025.79,2026-02
LONG,F3,EXIT_SL_RAISED,2026-02-24T03:00:00,2026-02-24T03:29:41.261000,5182.96,5167.58,0.5,0,-965025.79,2026-02
SHORT,F1,EXIT_SL_RAISED,2026-02-24T20:15:00,2026-02-24T20:42:34.307000,5135.6,5146.6,0.5,0,-690200.5,2026-02
SHORT,F2,EXIT_SL_RAISED,2026-02-24T20:15:00,2026-02-24T20:42:34.307000,5135.6,5146.6,0.5,0,-690200.5,2026-02
SHORT,F3,EXIT_SL_RAISED,2026-02-24T20:15:00,2026-02-24T20:42:34.307000,5135.6,5146.6,0.5,0,-690200.5,2026-02
LONG,F1,EXIT_SL_RAISED,2026-02-24T22:00:00,2026-02-24T23:51:02.493000,5152.65,5174.44,0.5,0,1367224.44,2026-02
LONG,F2,EXIT_SL_RAISED,2026-02-24T22:00:00,2026-02-24T23:51:02.493000,5152.65,5174.44,0.5,0,1367224.44,2026-02
LONG,F3,EXIT_SL_RAISED,2026-02-24T22:00:00,2026-02-24T23:51:02.493000,5152.65,5174.44,0.5,0,1367224.44,2026-02
LONG,F1,EXIT_SL_RAISED,2026-02-25T02:15:00,2026-02-25T03:03:12.437000,5188.74,5194.65,0.5,0,370825.9,2026-02
LONG,F2,EXIT_SL_RAISED,2026-02-25T02:15:00,2026-02-25T03:03:12.437000,5188.74,5194.65,0.5,0,370825.9,2026-02
LONG,F3,EXIT_SL_RAISED,2026-02-25T02:15:00,2026-02-25T03:03:12.437000,5188.74,5194.65,0.5,0,370825.9,2026-02
SHORT,F1,EXIT_SL_RAISED,2026-02-25T21:00:00,2026-02-25T21:18:23.239000,5162.97,5174.55,0.5,0,-726592.89,2026-02
SHORT,F2,EXIT_SL_RAISED,2026-02-25T21:00:00,2026-02-25T21:18:23.239000,5162.97,5174.55,0.5,0,-726592.89,2026-02
SHORT,F3,EXIT_SL_RAISED,2026-02-25T21:00:00,2026-02-25T21:18:23.239000,5162.97,5174.55,0.5,0,-726592.89,2026-02
LONG,F1,EXIT_SL_RAISED,2026-02-25T21:30:00,2026-02-25T22:28:55.693000,5185.62,5179.44,0.5,0,-387767.19,2026-02
LONG,F2,EXIT_SL_RAISED,2026-02-25T21:30:00,2026-02-25T22:28:55.693000,5185.62,5179.44,0.5,0,-387767.19,2026-02
LONG,F3,EXIT_SL_RAISED,2026-02-25T21:30:00,2026-02-25T22:28:55.693000,5185.62,5179.44,0.5,0,-387767.19,2026-02
SHORT,F1,reverse,2026-02-25T23:30:00,2026-02-26T00:15:00,5180.66,5187.58,0.5,0,-434198.86,2026-02
SHORT,F2,reverse,2026-02-25T23:30:00,2026-02-26T00:15:00,5180.66,5187.58,0.5,0,-434198.86,2026-02
SHORT,F3,reverse,2026-02-25T23:30:00,2026-02-26T00:15:00,5180.66,5187.58,0.5,0,-434198.86,2026-02
LONG,F1,EXIT_SL_RAISED,2026-02-26T00:15:00,2026-02-26T02:48:18.028000,5187.58,5191.79,0.5,0,264158.56,2026-02
LONG,F2,EXIT_SL_RAISED,2026-02-26T00:15:00,2026-02-26T02:48:18.028000,5187.58,5191.79,0.5,0,264158.56,2026-02
LONG,F3,EXIT_SL_RAISED,2026-02-26T00:15:00,2026-02-26T02:48:18.028000,5187.58,5191.79,0.5,0,264158.56,2026-02
LONG,F1,EXIT_SL_RAISED,2026-02-26T21:30:00,2026-02-26T21:45:00.470000,5188.44,5174.31,0.5,0,-886593.91,2026-02
LONG,F2,EXIT_SL_RAISED,2026-02-26T21:30:00,2026-02-26T21:45:00.470000,5188.44,5174.31,0.5,0,-886593.91,2026-02
LONG,F3,EXIT_SL_RAISED,2026-02-26T21:30:00,2026-02-26T21:45:00.470000,5188.44,5174.31,0.5,0,-886593.91,2026-02
LONG,F1,EXIT_SL_RAISED,2026-02-26T22:45:00,2026-02-26T23:23:27.571000,5188.77,5184.83,0.5,0,-247217.27,2026-02
LONG,F2,EXIT_SL_RAISED,2026-02-26T22:45:00,2026-02-26T23:23:27.571000,5188.77,5184.83,0.5,0,-247217.27,2026-02
LONG,F3,EXIT_SL_RAISED,2026-02-26T22:45:00,2026-02-26T23:23:27.571000,5188.77,5184.83,0.5,0,-247217.27,2026-02
LONG,F1,EXIT_SL_RAISED,2026-02-27T01:15:00,2026-02-27T03:53:51.034000,5186.95,5188.74,0.5,0,112314.44,2026-02
LONG,F2,EXIT_SL_RAISED,2026-02-27T01:15:00,2026-02-27T03:53:51.034000,5186.95,5188.74,0.5,0,112314.44,2026-02
LONG,F3,EXIT_SL_RAISED,2026-02-27T01:15:00,2026-02-27T03:53:51.034000,5186.95,5188.74,0.5,0,112314.44,2026-02
LONG,F1,EXIT_SL_RAISED,2026-03-03T20:15:00,2026-03-03T23:55:02.138000,5117.58,5161.23,0.5,0,2738841.07,2026-03
LONG,F2,EXIT_SL_RAISED,2026-03-03T20:15:00,2026-03-03T23:55:02.138000,5117.58,5161.23,0.5,0,2738841.07,2026-03
LONG,F3,EXIT_SL_RAISED,2026-03-03T20:15:00,2026-03-03T23:55:02.138000,5117.58,5161.23,0.5,0,2738841.07,2026-03
LONG,F1,EXIT_SL_RAISED,2026-03-04T01:00:00,2026-03-04T01:42:52.222000,5174.83,5153.82,0.5,0,-1318282.96,2026-03
LONG,F2,EXIT_SL_RAISED,2026-03-04T01:00:00,2026-03-04T01:42:52.222000,5174.83,5153.82,0.5,0,-1318282.96,2026-03
LONG,F3,EXIT_SL_RAISED,2026-03-04T01:00:00,2026-03-04T01:42:52.222000,5174.83,5153.82,0.5,0,-1318282.96,2026-03
LONG,F1,EXIT_SL_RAISED,2026-03-04T04:00:00,2026-03-04T05:09:25.568000,5161.24,5150.99,0.5,0,-643141.38,2026-03
LONG,F2,EXIT_SL_RAISED,2026-03-04T04:00:00,2026-03-04T05:09:25.568000,5161.24,5150.99,0.5,0,-643141.38,2026-03
LONG,F3,EXIT_SL_RAISED,2026-03-04T04:00:00,2026-03-04T05:09:25.568000,5161.24,5150.99,0.5,0,-643141.38,2026-03
LONG,F1,EXIT_SL_RAISED,2026-03-04T23:15:00,2026-03-05T01:00:25.495000,5179.07,5177.33,0.5,0,-109177.17,2026-03
LONG,F2,EXIT_SL_RAISED,2026-03-04T23:15:00,2026-03-05T01:00:25.495000,5179.07,5177.33,0.5,0,-109177.17,2026-03
LONG,F3,EXIT_SL_RAISED,2026-03-04T23:15:00,2026-03-05T01:00:25.495000,5179.07,5177.33,0.5,0,-109177.17,2026-03
SHORT,F1,EXIT_SL_RAISED,2026-03-05T19:00:00,2026-03-05T20:00:10.455000,5092.54,5095.74,0.5,1,-200785.6,2026-03
SHORT,F2,EXIT_SL_RAISED,2026-03-05T19:00:00,2026-03-05T20:00:10.455000,5092.54,5095.74,0.5,1,-200785.6,2026-03
SHORT,F3,EXIT_SL_RAISED,2026-03-05T19:00:00,2026-03-05T20:00:10.455000,5092.54,5095.74,0.5,1,-200785.6,2026-03
SHORT,F1,EXIT_SL_RAISED,2026-03-05T21:45:00,2026-03-05T22:30:54.322000,5083.48,5088.94,0.5,0,-342590.43,2026-03
SHORT,F2,EXIT_SL_RAISED,2026-03-05T21:45:00,2026-03-05T22:30:54.322000,5083.48,5088.94,0.5,0,-342590.43,2026-03
SHORT,F3,EXIT_SL_RAISED,2026-03-05T21:45:00,2026-03-05T22:30:54.322000,5083.48,5088.94,0.5,0,-342590.43,2026-03
LONG,F1,EXIT_SL_RAISED,2026-03-05T22:45:00,2026-03-06T02:00:19.183000,5118.77,5125.67,0.5,0,432943.95,2026-03
LONG,F2,EXIT_SL_RAISED,2026-03-05T22:45:00,2026-03-06T02:00:19.183000,5118.77,5125.67,0.5,0,432943.95,2026-03
LONG,F3,EXIT_SL_RAISED,2026-03-05T22:45:00,2026-03-06T02:00:19.183000,5118.77,5125.67,0.5,0,432943.95,2026-03
SHORT,F1,EXIT_SL_RAISED,2026-03-08T19:45:00,2026-03-08T22:12:21.228000,5125.79,5067.33,0.5,0,3668101.93,2026-03
SHORT,F2,EXIT_SL_RAISED,2026-03-08T19:45:00,2026-03-08T22:12:21.228000,5125.79,5067.33,0.5,0,3668101.93,2026-03
SHORT,F3,EXIT_SL_RAISED,2026-03-08T19:45:00,2026-03-08T22:12:21.228000,5125.79,5067.33,0.5,0,3668101.93,2026-03
LONG,F1,EXIT_SL_RAISED,2026-03-08T23:15:00,2026-03-09T03:43:26.367000,5094.82,5113.13,0.5,0,1148870.11,2026-03
LONG,F2,EXIT_SL_RAISED,2026-03-08T23:15:00,2026-03-09T03:43:26.367000,5094.82,5113.13,0.5,0,1148870.11,2026-03
LONG,F3,EXIT_SL_RAISED,2026-03-08T23:15:00,2026-03-09T03:43:26.367000,5094.82,5113.13,0.5,0,1148870.11,2026-03
SHORT,F1,EXIT_SL_RAISED,2026-03-09T04:00:00,2026-03-09T06:09:04.400000,5097.63,5110.05,0.5,0,-779299.11,2026-03
SHORT,F2,EXIT_SL_RAISED,2026-03-09T04:00:00,2026-03-09T06:09:04.400000,5097.63,5110.05,0.5,0,-779299.11,2026-03
SHORT,F3,EXIT_SL_RAISED,2026-03-09T04:00:00,2026-03-09T06:09:04.400000,5097.63,5110.05,0.5,0,-779299.11,2026-03
LONG,F1,EXIT_SL_RAISED,2026-03-09T20:00:00,2026-03-09T21:00:26.428000,5153.32,5135.94,0.5,0,-1090516.79,2026-03
LONG,F2,EXIT_SL_RAISED,2026-03-09T20:00:00,2026-03-09T21:00:26.428000,5153.32,5135.94,0.5,0,-1090516.79,2026-03
LONG,F3,EXIT_SL_RAISED,2026-03-09T20:00:00,2026-03-09T21:00:26.428000,5153.32,5135.94,0.5,0,-1090516.79,2026-03
LONG,F1,EXIT_SL_RAISED,2026-03-09T22:15:00,2026-03-09T23:59:05.838000,5143.68,5164.82,0.5,0,1326439.87,2026-03
LONG,F2,EXIT_SL_RAISED,2026-03-09T22:15:00,2026-03-09T23:59:05.838000,5143.68,5164.82,0.5,0,1326439.87,2026-03
LONG,F3,EXIT_SL_RAISED,2026-03-09T22:15:00,2026-03-09T23:59:05.838000,5143.68,5164.82,0.5,0,1326439.87,2026-03
LONG,F1,EXIT_SL_RAISED,2026-03-10T02:15:00,2026-03-10T04:20:40.837000,5173.23,5166.89,0.5,0,-397806.47,2026-03
LONG,F2,EXIT_SL_RAISED,2026-03-10T02:15:00,2026-03-10T04:20:40.837000,5173.23,5166.89,0.5,0,-397806.47,2026-03
LONG,F3,EXIT_SL_RAISED,2026-03-10T02:15:00,2026-03-10T04:20:40.837000,5173.23,5166.89,0.5,0,-397806.47,2026-03
SHORT,F1,EXIT_SL_RAISED,2026-03-10T19:30:00,2026-03-10T21:18:36.436000,5190.56,5201.75,0.5,0,-702122.14,2026-03
SHORT,F2,EXIT_SL_RAISED,2026-03-10T19:30:00,2026-03-10T21:18:36.436000,5190.56,5201.75,0.5,0,-702122.14,2026-03
SHORT,F3,EXIT_SL_RAISED,2026-03-10T19:30:00,2026-03-10T21:18:36.436000,5190.56,5201.75,0.5,0,-702122.14,2026-03
SHORT,F1,EXIT_SL_RAISED,2026-03-10T23:15:00,2026-03-10T23:50:52.230000,5201.36,5216.27,0.5,0,-935535.41,2026-03
SHORT,F2,EXIT_SL_RAISED,2026-03-10T23:15:00,2026-03-10T23:50:52.230000,5201.36,5216.27,0.5,0,-935535.41,2026-03
SHORT,F3,EXIT_SL_RAISED,2026-03-10T23:15:00,2026-03-10T23:50:52.230000,5201.36,5216.27,0.5,0,-935535.41,2026-03
SHORT,F1,EXIT_SL_RAISED,2026-03-11T01:00:00,2026-03-11T03:08:03.491000,5203.16,5203.22,0.5,0,-3764.73,2026-03
SHORT,F2,EXIT_SL_RAISED,2026-03-11T01:00:00,2026-03-11T03:08:03.491000,5203.16,5203.22,0.5,0,-3764.73,2026-03
SHORT,F3,EXIT_SL_RAISED,2026-03-11T01:00:00,2026-03-11T03:08:03.491000,5203.16,5203.22,0.5,0,-3764.73,2026-03
SHORT,F1,EXIT_SL_RAISED,2026-03-11T03:45:00,2026-03-11T05:14:06.423000,5194.72,5197.9,0.5,0,-199530.69,2026-03
SHORT,F2,EXIT_SL_RAISED,2026-03-11T03:45:00,2026-03-11T05:14:06.423000,5194.72,5197.9,0.5,0,-199530.69,2026-03
SHORT,F3,EXIT_SL_RAISED,2026-03-11T03:45:00,2026-03-11T05:14:06.423000,5194.72,5197.9,0.5,0,-199530.69,2026-03
SHORT,F1,EXIT_SL_RAISED,2026-03-11T19:15:00,2026-03-11T19:49:07.165000,5175.03,5166.97,0.5,0,505728.73,2026-03
SHORT,F2,EXIT_SL_RAISED,2026-03-11T19:15:00,2026-03-11T19:49:07.165000,5175.03,5166.97,0.5,0,505728.73,2026-03
SHORT,F3,EXIT_SL_RAISED,2026-03-11T19:15:00,2026-03-11T19:49:07.165000,5175.03,5166.97,0.5,0,505728.73,2026-03
SHORT,F1,EXIT_SL_RAISED,2026-03-11T20:00:00,2026-03-11T20:15:13.330000,5138.96,5153.41,0.5,0,-906672.47,2026-03
SHORT,F2,EXIT_SL_RAISED,2026-03-11T20:00:00,2026-03-11T20:15:13.330000,5138.96,5153.41,0.5,0,-906672.47,2026-03
SHORT,F3,EXIT_SL_RAISED,2026-03-11T20:00:00,2026-03-11T20:15:13.330000,5138.96,5153.41,0.5,0,-906672.47,2026-03
LONG,F1,EXIT_SL_RAISED,2026-03-11T22:45:00,2026-03-11T23:41:53.363000,5170.19,5157.98,0.5,0,-766122.56,2026-03
LONG,F2,EXIT_SL_RAISED,2026-03-11T22:45:00,2026-03-11T23:41:53.363000,5170.19,5157.98,0.5,0,-766122.56,2026-03
LONG,F3,EXIT_SL_RAISED,2026-03-11T22:45:00,2026-03-11T23:41:53.363000,5170.19,5157.98,0.5,0,-766122.56,2026-03
SHORT,F1,EXIT_SL_RAISED,2026-03-11T23:45:00,2026-03-12T02:37:24.639000,5157.37,5151.57,0.5,0,363923.9,2026-03
SHORT,F2,EXIT_SL_RAISED,2026-03-11T23:45:00,2026-03-12T02:37:24.639000,5157.37,5151.57,0.5,0,363923.9,2026-03
SHORT,F3,EXIT_SL_RAISED,2026-03-11T23:45:00,2026-03-12T02:37:24.639000,5157.37,5151.57,0.5,0,363923.9,2026-03
LONG,F1,EXIT_SL_RAISED,2026-03-12T23:00:00,2026-03-12T23:46:21.438000,5124.49,5114.71,0.5,0,-613650.99,2026-03
LONG,F2,EXIT_SL_RAISED,2026-03-12T23:00:00,2026-03-12T23:46:21.438000,5124.49,5114.71,0.5,0,-613650.99,2026-03
LONG,F3,EXIT_SL_RAISED,2026-03-12T23:00:00,2026-03-12T23:46:21.438000,5124.49,5114.71,0.5,0,-613650.99,2026-03
LONG,F1,EXIT_SL_RAISED,2026-03-13T01:00:00,2026-03-13T01:24:43.337000,5115.98,5105.13,0.5,0,-680788.67,2026-03
LONG,F2,EXIT_SL_RAISED,2026-03-13T01:00:00,2026-03-13T01:24:43.337000,5115.98,5105.13,0.5,0,-680788.67,2026-03
LONG,F3,EXIT_SL_RAISED,2026-03-13T01:00:00,2026-03-13T01:24:43.337000,5115.98,5105.13,0.5,0,-680788.67,2026-03
SHORT,F1,EXIT_SL_RAISED,2026-03-16T18:00:00,2026-03-16T20:32:30.263000,5007.48,5011.9,0.5,0,-277335.11,2026-03
SHORT,F2,EXIT_SL_RAISED,2026-03-16T18:00:00,2026-03-16T20:32:30.263000,5007.48,5011.9,0.5,0,-277335.11,2026-03
SHORT,F3,EXIT_SL_RAISED,2026-03-16T18:00:00,2026-03-16T20:32:30.263000,5007.48,5011.9,0.5,0,-277335.11,2026-03
SHORT,F1,EXIT_SL_RAISED,2026-03-16T21:15:00,2026-03-16T22:11:28.903000,5006.38,5011.45,0.5,0,-318119.68,2026-03
SHORT,F2,EXIT_SL_RAISED,2026-03-16T21:15:00,2026-03-16T22:11:28.903000,5006.38,5011.45,0.5,0,-318119.68,2026-03
SHORT,F3,EXIT_SL_RAISED,2026-03-16T21:15:00,2026-03-16T22:11:28.903000,5006.38,5011.45,0.5,0,-318119.68,2026-03
LONG,F1,EXIT_SL_RAISED,2026-03-17T01:30:00,2026-03-17T02:40:49.846000,5032.86,5032.23,0.5,0,-39529.67,2026-03
LONG,F2,EXIT_SL_RAISED,2026-03-17T01:30:00,2026-03-17T02:40:49.846000,5032.86,5032.23,0.5,0,-39529.67,2026-03
LONG,F3,EXIT_SL_RAISED,2026-03-17T01:30:00,2026-03-17T02:40:49.846000,5032.86,5032.23,0.5,0,-39529.67,2026-03
LONG,F1,EXIT_SL_RAISED,2026-03-17T19:15:00,2026-03-17T19:44:24.772000,5002.98,4995.73,0.5,1,-454904.88,2026-03
LONG,F2,EXIT_SL_RAISED,2026-03-17T19:15:00,2026-03-17T19:44:24.772000,5002.98,4995.73,0.5,1,-454904.88,2026-03
LONG,F3,EXIT_SL_RAISED,2026-03-17T19:15:00,2026-03-17T19:44:24.772000,5002.98,4995.73,0.5,1,-454904.88,2026-03
LONG,F1,EXIT_SL_RAISED,2026-03-17T20:45:00,2026-03-17T21:30:01.772000,5002.57,5002.25,0.5,0,-20078.56,2026-03
LONG,F2,EXIT_SL_RAISED,2026-03-17T20:45:00,2026-03-17T21:30:01.772000,5002.57,5002.25,0.5,0,-20078.56,2026-03
LONG,F3,EXIT_SL_RAISED,2026-03-17T20:45:00,2026-03-17T21:30:01.772000,5002.57,5002.25,0.5,0,-20078.56,2026-03
LONG,F1,EXIT_SL_RAISED,2026-03-17T22:15:00,2026-03-17T22:35:19.190000,5011.83,5004.29,0.5,0,-473101.07,2026-03
LONG,F2,EXIT_SL_RAISED,2026-03-17T22:15:00,2026-03-17T22:35:19.190000,5011.83,5004.29,0.5,0,-473101.07,2026-03
LONG,F3,EXIT_SL_RAISED,2026-03-17T22:15:00,2026-03-17T22:35:19.190000,5011.83,5004.29,0.5,0,-473101.07,2026-03
LONG,F1,EXIT_SL_RAISED,2026-03-18T21:15:00,2026-03-18T23:05:02.694000,4843.66,4845.39,0.5,0,108549.72,2026-03
LONG,F2,EXIT_SL_RAISED,2026-03-18T21:15:00,2026-03-18T23:05:02.694000,4843.66,4845.39,0.5,0,108549.72,2026-03
LONG,F3,EXIT_SL_RAISED,2026-03-18T21:15:00,2026-03-18T23:05:02.694000,4843.66,4845.39,0.5,0,108549.72,2026-03
LONG,F1,reverse,2026-03-19T00:15:00,2026-03-19T01:00:00,4864.64,4850.72,0.5,0,-873417.36,2026-03
LONG,F2,reverse,2026-03-19T00:15:00,2026-03-19T01:00:00,4864.64,4850.72,0.5,0,-873417.36,2026-03
LONG,F3,reverse,2026-03-19T00:15:00,2026-03-19T01:00:00,4864.64,4850.72,0.5,0,-873417.36,2026-03
SHORT,F1,EXIT_SL_RAISED,2026-03-19T01:00:00,2026-03-19T04:01:32.952000,4850.72,4770.44,0.5,0,5037208.74,2026-03
SHORT,F2,EXIT_SL_RAISED,2026-03-19T01:00:00,2026-03-19T04:01:32.952000,4850.72,4770.44,0.5,0,5037208.74,2026-03
SHORT,F3,EXIT_SL_RAISED,2026-03-19T01:00:00,2026-03-19T04:01:32.952000,4850.72,4770.44,0.5,0,5037208.74,2026-03
SHORT,F1,reverse,2026-03-19T20:00:00,2026-03-19T21:15:00,4636.16,4662.59,0.5,0,-1658363.57,2026-03
SHORT,F2,reverse,2026-03-19T20:00:00,2026-03-19T21:15:00,4636.16,4662.59,0.5,0,-1658363.57,2026-03
SHORT,F3,reverse,2026-03-19T20:00:00,2026-03-19T21:15:00,4636.16,4662.59,0.5,0,-1658363.57,2026-03
LONG,F1,EXIT_SL_RAISED,2026-03-19T21:15:00,2026-03-19T22:19:13.938000,4662.59,4649.33,0.5,0,-832005.33,2026-03
LONG,F2,EXIT_SL_RAISED,2026-03-19T21:15:00,2026-03-19T22:19:13.938000,4662.59,4649.33,0.5,0,-832005.33,2026-03
LONG,F3,EXIT_SL_RAISED,2026-03-19T21:15:00,2026-03-19T22:19:13.938000,4662.59,4649.33,0.5,0,-832005.33,2026-03
LONG,F1,EXIT_INITSL,2026-03-20T02:30:00,2026-03-20T02:47:55.933000,4720.02,4701.35,0.5,0,-1171458.49,2026-03
LONG,F2,EXIT_INITSL,2026-03-20T02:30:00,2026-03-20T02:47:55.933000,4720.02,4701.35,0.5,0,-1171458.49,2026-03
LONG,F3,EXIT_INITSL,2026-03-20T02:30:00,2026-03-20T02:47:55.933000,4720.02,4701.35,0.5,0,-1171458.49,2026-03
SHORT,F1,EXIT_SL_RAISED,2026-03-22T21:00:00,2026-03-22T22:04:14.253000,4464.69,4372.94,0.5,0,5756899.62,2026-03
SHORT,F2,EXIT_SL_RAISED,2026-03-22T21:00:00,2026-03-22T22:04:14.253000,4464.69,4372.94,0.5,0,5756899.62,2026-03
SHORT,F3,EXIT_SL_RAISED,2026-03-22T21:00:00,2026-03-22T22:04:14.253000,4464.69,4372.94,0.5,0,5756899.62,2026-03
LONG,F1,EXIT_SL_RAISED,2026-03-23T19:30:00,2026-03-23T21:17:14.149000,4414.94,4407.69,0.5,0,-454904.88,2026-03
LONG,F2,EXIT_SL_RAISED,2026-03-23T19:30:00,2026-03-23T21:17:14.149000,4414.94,4407.69,0.5,0,-454904.88,2026-03
LONG,F3,EXIT_SL_RAISED,2026-03-23T19:30:00,2026-03-23T21:17:14.149000,4414.94,4407.69,0.5,0,-454904.88,2026-03
SHORT,F1,EXIT_SL_RAISED,2026-03-23T21:30:00,2026-03-23T21:53:21.687000,4377.84,4377.66,0.5,0,11294.19,2026-03
SHORT,F2,EXIT_SL_RAISED,2026-03-23T21:30:00,2026-03-23T21:53:21.687000,4377.84,4377.66,0.5,0,11294.19,2026-03
SHORT,F3,EXIT_SL_RAISED,2026-03-23T21:30:00,2026-03-23T21:53:21.687000,4377.84,4377.66,0.5,0,11294.19,2026-03
SHORT,F1,EXIT_SL_RAISED,2026-03-23T22:45:00,2026-03-23T23:30:31.840000,4321.56,4355.53,0.5,0,-2131464.63,2026-03
SHORT,F2,EXIT_SL_RAISED,2026-03-23T22:45:00,2026-03-23T23:30:31.840000,4321.56,4355.53,0.5,0,-2131464.63,2026-03
SHORT,F3,EXIT_SL_RAISED,2026-03-23T22:45:00,2026-03-23T23:30:31.840000,4321.56,4355.53,0.5,0,-2131464.63,2026-03
SHORT,F1,EXIT_SL_RAISED,2026-03-24T00:45:00,2026-03-24T02:40:56.584000,4341.52,4357.02,0.5,0,-972555.25,2026-03
SHORT,F2,EXIT_SL_RAISED,2026-03-24T00:45:00,2026-03-24T02:40:56.584000,4341.52,4357.02,0.5,0,-972555.25,2026-03
SHORT,F3,EXIT_SL_RAISED,2026-03-24T00:45:00,2026-03-24T02:40:56.584000,4341.52,4357.02,0.5,0,-972555.25,2026-03
SHORT,F1,EXIT_SL_RAISED,2026-03-25T19:30:00,2026-03-25T21:06:07.165000,4511.58,4516.43,0.5,0,-304315.68,2026-03
SHORT,F2,EXIT_SL_RAISED,2026-03-25T19:30:00,2026-03-25T21:06:07.165000,4511.58,4516.43,0.5,0,-304315.68,2026-03
SHORT,F3,EXIT_SL_RAISED,2026-03-25T19:30:00,2026-03-25T21:06:07.165000,4511.58,4516.43,0.5,0,-304315.68,2026-03
LONG,F1,EXIT_SL_RAISED,2026-03-25T23:00:00,2026-03-25T23:37:53.738000,4535.89,4512.91,0.5,0,-1441891.59,2026-03
LONG,F2,EXIT_SL_RAISED,2026-03-25T23:00:00,2026-03-25T23:37:53.738000,4535.89,4512.91,0.5,0,-1441891.59,2026-03
LONG,F3,EXIT_SL_RAISED,2026-03-25T23:00:00,2026-03-25T23:37:53.738000,4535.89,4512.91,0.5,0,-1441891.59,2026-03
LONG,F1,EXIT_SL_RAISED,2026-03-26T01:30:00,2026-03-26T02:17:50.188000,4521.29,4505.86,0.5,0,-968163.07,2026-03
LONG,F2,EXIT_SL_RAISED,2026-03-26T01:30:00,2026-03-26T02:17:50.188000,4521.29,4505.86,0.5,0,-968163.07,2026-03
LONG,F3,EXIT_SL_RAISED,2026-03-26T01:30:00,2026-03-26T02:17:50.188000,4521.29,4505.86,0.5,0,-968163.07,2026-03
LONG,F1,reverse,2026-03-26T19:15:00,2026-03-26T20:15:00,4401.45,4392.52,0.5,0,-560317.31,2026-03
LONG,F2,reverse,2026-03-26T19:15:00,2026-03-26T20:15:00,4401.45,4392.52,0.5,0,-560317.31,2026-03
LONG,F3,reverse,2026-03-26T19:15:00,2026-03-26T20:15:00,4401.45,4392.52,0.5,0,-560317.31,2026-03
SHORT,F1,EXIT_SL_RAISED,2026-03-26T20:15:00,2026-03-26T22:24:51.886000,4392.52,4402.84,0.5,0,-647533.56,2026-03
SHORT,F2,EXIT_SL_RAISED,2026-03-26T20:15:00,2026-03-26T22:24:51.886000,4392.52,4402.84,0.5,0,-647533.56,2026-03
SHORT,F3,EXIT_SL_RAISED,2026-03-26T20:15:00,2026-03-26T22:24:51.886000,4392.52,4402.84,0.5,0,-647533.56,2026-03
LONG,F1,EXIT_SL_RAISED,2026-03-27T01:30:00,2026-03-27T02:58:05.786000,4434.49,4454.51,0.5,0,1256164.91,2026-03
LONG,F2,EXIT_SL_RAISED,2026-03-27T01:30:00,2026-03-27T02:58:05.786000,4434.49,4454.51,0.5,0,1256164.91,2026-03
LONG,F3,EXIT_SL_RAISED,2026-03-27T01:30:00,2026-03-27T02:58:05.786000,4434.49,4454.51,0.5,0,1256164.91,2026-03
LONG,F1,EXIT_SL_RAISED,2026-03-29T19:30:00,2026-03-29T19:59:04.736000,4509.61,4484.15,0.5,0,-1597500.43,2026-03
LONG,F2,EXIT_SL_RAISED,2026-03-29T19:30:00,2026-03-29T19:59:04.736000,4509.61,4484.15,0.5,0,-1597500.43,2026-03
LONG,F3,EXIT_SL_RAISED,2026-03-29T19:30:00,2026-03-29T19:59:04.736000,4509.61,4484.15,0.5,0,-1597500.43,2026-03
LONG,F1,EXIT_SL_RAISED,2026-03-29T22:45:00,2026-03-30T01:13:32.164000,4471.86,4487.78,0.5,0,998908.36,2026-03
LONG,F2,EXIT_SL_RAISED,2026-03-29T22:45:00,2026-03-30T01:13:32.164000,4471.86,4487.78,0.5,0,998908.36,2026-03
LONG,F3,EXIT_SL_RAISED,2026-03-29T22:45:00,2026-03-30T01:13:32.164000,4471.86,4487.78,0.5,0,998908.36,2026-03
SHORT,F1,EXIT_SL_RAISED,2026-03-30T20:15:00,2026-03-30T20:43:25.517000,4498.75,4516.94,0.5,0,-1141340.64,2026-03
SHORT,F2,EXIT_SL_RAISED,2026-03-30T20:15:00,2026-03-30T20:43:25.517000,4498.75,4516.94,0.5,0,-1141340.64,2026-03
SHORT,F3,EXIT_SL_RAISED,2026-03-30T20:15:00,2026-03-30T20:43:25.517000,4498.75,4516.94,0.5,0,-1141340.64,2026-03
LONG,F1,EXIT_SL_RAISED,2026-03-30T21:45:00,2026-03-30T23:02:19.122000,4536.43,4589.05,0.5,0,3301668.21,2026-03
LONG,F2,EXIT_SL_RAISED,2026-03-30T21:45:00,2026-03-30T23:02:19.122000,4536.43,4589.05,0.5,0,3301668.21,2026-03
LONG,F3,EXIT_SL_RAISED,2026-03-30T21:45:00,2026-03-30T23:02:19.122000,4536.43,4589.05,0.5,0,3301668.21,2026-03
LONG,F1,EXIT_SL_RAISED,2026-03-31T01:45:00,2026-03-31T03:00:34.520000,4564.45,4563.87,0.5,0,-36392.39,2026-03
LONG,F2,EXIT_SL_RAISED,2026-03-31T01:45:00,2026-03-31T03:00:34.520000,4564.45,4563.87,0.5,0,-36392.39,2026-03
LONG,F3,EXIT_SL_RAISED,2026-03-31T01:45:00,2026-03-31T03:00:34.520000,4564.45,4563.87,0.5,0,-36392.39,2026-03
LONG,F1,EXIT_SL_RAISED,2026-03-31T20:30:00,2026-03-31T22:05:50.276000,4682.79,4699.15,0.5,0,1026516.38,2026-03
LONG,F2,EXIT_SL_RAISED,2026-03-31T20:30:00,2026-03-31T22:05:50.276000,4682.79,4699.15,0.5,0,1026516.38,2026-03
LONG,F3,EXIT_SL_RAISED,2026-03-31T20:30:00,2026-03-31T22:05:50.276000,4682.79,4699.15,0.5,0,1026516.38,2026-03
SHORT,F1,EXIT_SL_RAISED,2026-03-31T22:45:00,2026-04-01T02:16:15.575000,4687.75,4685.62,0.5,0,133647.92,2026-03
SHORT,F2,EXIT_SL_RAISED,2026-03-31T22:45:00,2026-04-01T02:16:15.575000,4687.75,4685.62,0.5,0,133647.92,2026-03
SHORT,F3,EXIT_SL_RAISED,2026-03-31T22:45:00,2026-04-01T02:16:15.575000,4687.75,4685.62,0.5,0,133647.92,2026-03
SHORT,F1,EXIT_SL_RAISED,2026-04-01T18:00:00,2026-04-01T19:25:04.523000,4758.68,4770.48,0.5,0,-740396.9,2026-04
SHORT,F2,EXIT_SL_RAISED,2026-04-01T18:00:00,2026-04-01T19:25:04.523000,4758.68,4770.48,0.5,0,-740396.9,2026-04
SHORT,F3,EXIT_SL_RAISED,2026-04-01T18:00:00,2026-04-01T19:25:04.523000,4758.68,4770.48,0.5,0,-740396.9,2026-04
LONG,F1,EXIT_SL_RAISED,2026-04-01T20:15:00,2026-04-01T20:45:52.909000,4791.57,4781.2,0.5,0,-650670.83,2026-04
LONG,F2,EXIT_SL_RAISED,2026-04-01T20:15:00,2026-04-01T20:45:52.909000,4791.57,4781.2,0.5,0,-650670.83,2026-04
LONG,F3,EXIT_SL_RAISED,2026-04-01T20:15:00,2026-04-01T20:45:52.909000,4791.57,4781.2,0.5,0,-650670.83,2026-04
SHORT,F1,EXIT_TRAIL,2026-04-01T22:15:00,2026-04-01T22:45:00,4750.75,4690.2,0.5,0,3799240.03,2026-04
SHORT,F2,EXIT_TRAIL,2026-04-01T22:15:00,2026-04-01T22:45:00,4750.75,4690.2,0.5,0,3799240.03,2026-04
SHORT,F3,EXIT_TRAIL,2026-04-01T22:15:00,2026-04-01T22:45:00,4750.75,4690.2,0.5,0,3799240.03,2026-04
SHORT,F1,EXIT_TRAIL,2026-04-05T18:15:00,2026-04-05T19:00:00,4631.08,4646.76,0.5,0,-983849.44,2026-04
SHORT,F2,EXIT_TRAIL,2026-04-05T18:15:00,2026-04-05T19:00:00,4631.08,4646.76,0.5,0,-983849.44,2026-04
SHORT,F3,EXIT_TRAIL,2026-04-05T18:15:00,2026-04-05T19:00:00,4631.08,4646.76,0.5,0,-983849.44,2026-04
SHORT,F1,EXIT_SL_RAISED,2026-04-05T19:15:00,2026-04-05T21:01:21.246000,4632.37,4628.54,0.5,0,240315.26,2026-04
SHORT,F2,EXIT_SL_RAISED,2026-04-05T19:15:00,2026-04-05T21:01:21.246000,4632.37,4628.54,0.5,0,240315.26,2026-04
SHORT,F3,EXIT_SL_RAISED,2026-04-05T19:15:00,2026-04-05T21:01:21.246000,4632.37,4628.54,0.5,0,240315.26,2026-04
LONG,F1,EXIT_SL_RAISED,2026-04-05T21:15:00,2026-04-05T23:01:00.732000,4642.16,4643.76,0.5,0,100392.8,2026-04
LONG,F2,EXIT_SL_RAISED,2026-04-05T21:15:00,2026-04-05T23:01:00.732000,4642.16,4643.76,0.5,0,100392.8,2026-04
LONG,F3,EXIT_SL_RAISED,2026-04-05T21:15:00,2026-04-05T23:01:00.732000,4642.16,4643.76,0.5,0,100392.8,2026-04
SHORT,F1,EXIT_SL_RAISED,2026-04-05T23:15:00,2026-04-06T00:34:57.385000,4632.96,4648.81,0.5,0,-994516.18,2026-04
SHORT,F2,EXIT_SL_RAISED,2026-04-05T23:15:00,2026-04-06T00:34:57.385000,4632.96,4648.81,0.5,0,-994516.18,2026-04
SHORT,F3,EXIT_SL_RAISED,2026-04-05T23:15:00,2026-04-06T00:34:57.385000,4632.96,4648.81,0.5,0,-994516.18,2026-04
LONG,F1,EXIT_SL_RAISED,2026-04-06T02:15:00,2026-04-06T03:18:25.629000,4661.28,4646.5,0.5,0,-927378.49,2026-04
LONG,F2,EXIT_SL_RAISED,2026-04-06T02:15:00,2026-04-06T03:18:25.629000,4661.28,4646.5,0.5,0,-927378.49,2026-04
LONG,F3,EXIT_SL_RAISED,2026-04-06T02:15:00,2026-04-06T03:18:25.629000,4661.28,4646.5,0.5,0,-927378.49,2026-04
LONG,F1,EXIT_SL_RAISED,2026-04-06T03:45:00,2026-04-06T06:14:35.008000,4664.68,4688.17,0.5,0,1473891.79,2026-04
LONG,F2,EXIT_SL_RAISED,2026-04-06T03:45:00,2026-04-06T06:14:35.008000,4664.68,4688.17,0.5,0,1473891.79,2026-04
LONG,F3,EXIT_SL_RAISED,2026-04-06T03:45:00,2026-04-06T06:14:35.008000,4664.68,4688.17,0.5,0,1473891.79,2026-04
SHORT,F1,EXIT_SL_RAISED,2026-04-06T19:30:00,2026-04-06T20:45:00.168000,4654.41,4660.95,0.5,0,-410355.57,2026-04
SHORT,F2,EXIT_SL_RAISED,2026-04-06T19:30:00,2026-04-06T20:45:00.168000,4654.41,4660.95,0.5,0,-410355.57,2026-04
SHORT,F3,EXIT_SL_RAISED,2026-04-06T19:30:00,2026-04-06T20:45:00.168000,4654.41,4660.95,0.5,0,-410355.57,2026-04
SHORT,F1,EXIT_TRAIL,2026-04-06T21:15:00,2026-04-06T21:30:00,4640.56,4655.28,0.5,0,-923613.76,2026-04
SHORT,F2,EXIT_TRAIL,2026-04-06T21:15:00,2026-04-06T21:30:00,4640.56,4655.28,0.5,0,-923613.76,2026-04
SHORT,F3,EXIT_TRAIL,2026-04-06T21:15:00,2026-04-06T21:30:00,4640.56,4655.28,0.5,0,-923613.76,2026-04
SHORT,F1,EXIT_SL_RAISED,2026-04-06T21:45:00,2026-04-06T22:30:12.338000,4641.38,4636.67,0.5,0,295531.31,2026-04
SHORT,F2,EXIT_SL_RAISED,2026-04-06T21:45:00,2026-04-06T22:30:12.338000,4641.38,4636.67,0.5,0,295531.31,2026-04
SHORT,F3,EXIT_SL_RAISED,2026-04-06T21:45:00,2026-04-06T22:30:12.338000,4641.38,4636.67,0.5,0,295531.31,2026-04
LONG,F1,EXIT_SL_RAISED,2026-04-07T00:45:00,2026-04-07T01:24:17.999000,4662.7,4648.24,0.5,0,-907299.93,2026-04
LONG,F2,EXIT_SL_RAISED,2026-04-07T00:45:00,2026-04-07T01:24:17.999000,4662.7,4648.24,0.5,0,-907299.93,2026-04
LONG,F3,EXIT_SL_RAISED,2026-04-07T00:45:00,2026-04-07T01:24:17.999000,4662.7,4648.24,0.5,0,-907299.93,2026-04
LONG,F1,EXIT_SL_RAISED,2026-04-07T02:45:00,2026-04-07T03:26:47.550000,4652.75,4639.15,0.5,0,-853338.8,2026-04
LONG,F2,EXIT_SL_RAISED,2026-04-07T02:45:00,2026-04-07T03:26:47.550000,4652.75,4639.15,0.5,0,-853338.8,2026-04
LONG,F3,EXIT_SL_RAISED,2026-04-07T02:45:00,2026-04-07T03:26:47.550000,4652.75,4639.15,0.5,0,-853338.8,2026-04
LONG,F1,EXIT_SL_RAISED,2026-04-08T01:00:00,2026-04-08T02:08:52.746000,4804.11,4822.34,0.5,0,1143850.47,2026-04
LONG,F2,EXIT_SL_RAISED,2026-04-08T01:00:00,2026-04-08T02:08:52.746000,4804.11,4822.34,0.5,0,1143850.47,2026-04
LONG,F3,EXIT_SL_RAISED,2026-04-08T01:00:00,2026-04-08T02:08:52.746000,4804.11,4822.34,0.5,0,1143850.47,2026-04
SHORT,F1,EXIT_SL_RAISED,2026-04-08T18:45:00,2026-04-08T20:42:47.157000,4712.66,4717.79,0.5,0,-321884.42,2026-04
SHORT,F2,EXIT_SL_RAISED,2026-04-08T18:45:00,2026-04-08T20:42:47.157000,4712.66,4717.79,0.5,0,-321884.42,2026-04
SHORT,F3,EXIT_SL_RAISED,2026-04-08T18:45:00,2026-04-08T20:42:47.157000,4712.66,4717.79,0.5,0,-321884.42,2026-04
LONG,F1,EXIT_SL_RAISED,2026-04-08T21:15:00,2026-04-08T23:11:08.880000,4720.94,4713.89,0.5,0,-442355.77,2026-04
LONG,F2,EXIT_SL_RAISED,2026-04-08T21:15:00,2026-04-08T23:11:08.880000,4720.94,4713.89,0.5,0,-442355.77,2026-04
LONG,F3,EXIT_SL_RAISED,2026-04-08T21:15:00,2026-04-08T23:11:08.880000,4720.94,4713.89,0.5,0,-442355.77,2026-04
LONG,F1,EXIT_SL_RAISED,2026-04-09T00:45:00,2026-04-09T01:51:33.288000,4721.36,4709.91,0.5,0,-718435.97,2026-04
LONG,F2,EXIT_SL_RAISED,2026-04-09T00:45:00,2026-04-09T01:51:33.288000,4721.36,4709.91,0.5,0,-718435.97,2026-04
LONG,F3,EXIT_SL_RAISED,2026-04-09T00:45:00,2026-04-09T01:51:33.288000,4721.36,4709.91,0.5,0,-718435.97,2026-04
SHORT,F1,EXIT_SL_RAISED,2026-04-09T02:00:00,2026-04-09T03:06:48.884000,4713.1,4720.42,0.5,0,-459297.06,2026-04
SHORT,F2,EXIT_SL_RAISED,2026-04-09T02:00:00,2026-04-09T03:06:48.884000,4713.1,4720.42,0.5,0,-459297.06,2026-04
SHORT,F3,EXIT_SL_RAISED,2026-04-09T02:00:00,2026-04-09T03:06:48.884000,4713.1,4720.42,0.5,0,-459297.06,2026-04
SHORT,F1,EXIT_SL_RAISED,2026-04-09T18:30:00,2026-04-09T21:00:02.892000,4764.46,4763.72,0.5,0,46431.67,2026-04
SHORT,F2,EXIT_SL_RAISED,2026-04-09T18:30:00,2026-04-09T21:00:02.892000,4764.46,4763.72,0.5,0,46431.67,2026-04
SHORT,F3,EXIT_SL_RAISED,2026-04-09T18:30:00,2026-04-09T21:00:02.892000,4764.46,4763.72,0.5,0,46431.67,2026-04
LONG,F1,EXIT_SL_RAISED,2026-04-09T21:45:00,2026-04-09T22:03:54.187000,4772.17,4759.06,0.5,0,-822593.5,2026-04
LONG,F2,EXIT_SL_RAISED,2026-04-09T21:45:00,2026-04-09T22:03:54.187000,4772.17,4759.06,0.5,0,-822593.5,2026-04
LONG,F3,EXIT_SL_RAISED,2026-04-09T21:45:00,2026-04-09T22:03:54.187000,4772.17,4759.06,0.5,0,-822593.5,2026-04
SHORT,F1,EXIT_SL_RAISED,2026-04-09T22:15:00,2026-04-09T23:00:00.019000,4752.25,4753.41,0.5,0,-72784.78,2026-04
SHORT,F2,EXIT_SL_RAISED,2026-04-09T22:15:00,2026-04-09T23:00:00.019000,4752.25,4753.41,0.5,0,-72784.78,2026-04
SHORT,F3,EXIT_SL_RAISED,2026-04-09T22:15:00,2026-04-09T23:00:00.019000,4752.25,4753.41,0.5,0,-72784.78,2026-04
SHORT,F1,EXIT_SL_RAISED,2026-04-10T01:00:00,2026-04-10T03:20:04.633000,4758.41,4753.95,0.5,0,279844.93,2026-04
SHORT,F2,EXIT_SL_RAISED,2026-04-10T01:00:00,2026-04-10T03:20:04.633000,4758.41,4753.95,0.5,0,279844.93,2026-04
SHORT,F3,EXIT_SL_RAISED,2026-04-10T01:00:00,2026-04-10T03:20:04.633000,4758.41,4753.95,0.5,0,279844.93,2026-04
LONG,F1,EXIT_SL_RAISED,2026-04-13T00:45:00,2026-04-13T04:40:46.651000,4718.65,4726.62,0.5,0,500081.64,2026-04
LONG,F2,EXIT_SL_RAISED,2026-04-13T00:45:00,2026-04-13T04:40:46.651000,4718.65,4726.62,0.5,0,500081.64,2026-04
LONG,F3,EXIT_SL_RAISED,2026-04-13T00:45:00,2026-04-13T04:40:46.651000,4718.65,4726.62,0.5,0,500081.64,2026-04
LONG,F1,EXIT_SL_RAISED,2026-04-13T21:15:00,2026-04-13T21:57:31.256000,4776.46,4763.37,0.5,0,-821338.6,2026-04
LONG,F2,EXIT_SL_RAISED,2026-04-13T21:15:00,2026-04-13T21:57:31.256000,4776.46,4763.37,0.5,0,-821338.6,2026-04
LONG,F3,EXIT_SL_RAISED,2026-04-13T21:15:00,2026-04-13T21:57:31.256000,4776.46,4763.37,0.5,0,-821338.6,2026-04
LONG,F1,EXIT_SL_RAISED,2026-04-14T00:30:00,2026-04-14T01:11:53.122000,4776.28,4765.66,0.5,0,-666357.21,2026-04
LONG,F2,EXIT_SL_RAISED,2026-04-14T00:30:00,2026-04-14T01:11:53.122000,4776.28,4765.66,0.5,0,-666357.21,2026-04
LONG,F3,EXIT_SL_RAISED,2026-04-14T00:30:00,2026-04-14T01:11:53.122000,4776.28,4765.66,0.5,0,-666357.21,2026-04
SHORT,F1,EXIT_SL_RAISED,2026-04-14T02:00:00,2026-04-14T02:45:31.902000,4759.82,4771.49,0.5,0,-732239.99,2026-04
SHORT,F2,EXIT_SL_RAISED,2026-04-14T02:00:00,2026-04-14T02:45:31.902000,4759.82,4771.49,0.5,0,-732239.99,2026-04
SHORT,F3,EXIT_SL_RAISED,2026-04-14T02:00:00,2026-04-14T02:45:31.902000,4759.82,4771.49,0.5,0,-732239.99,2026-04
LONG,F1,EXIT_SL_RAISED,2026-04-14T03:00:00,2026-04-14T03:20:23.088000,4782.46,4783.66,0.5,0,75294.6,2026-04
LONG,F2,EXIT_SL_RAISED,2026-04-14T03:00:00,2026-04-14T03:20:23.088000,4782.46,4783.66,0.5,0,75294.6,2026-04
LONG,F3,EXIT_SL_RAISED,2026-04-14T03:00:00,2026-04-14T03:20:23.088000,4782.46,4783.66,0.5,0,75294.6,2026-04
LONG,F1,EXIT_SL_RAISED,2026-04-14T19:45:00,2026-04-14T20:13:10.558000,4842.71,4832.21,0.5,0,-658827.75,2026-04
LONG,F2,EXIT_SL_RAISED,2026-04-14T19:45:00,2026-04-14T20:13:10.558000,4842.71,4832.21,0.5,0,-658827.75,2026-04
LONG,F3,EXIT_SL_RAISED,2026-04-14T19:45:00,2026-04-14T20:13:10.558000,4842.71,4832.21,0.5,0,-658827.75,2026-04
LONG,F1,EXIT_TRAIL,2026-04-14T21:15:00,2026-04-14T21:30:00,4850.57,4850.71,0.5,0,8784.37,2026-04
LONG,F2,EXIT_TRAIL,2026-04-14T21:15:00,2026-04-14T21:30:00,4850.57,4850.71,0.5,0,8784.37,2026-04
LONG,F3,EXIT_TRAIL,2026-04-14T21:15:00,2026-04-14T21:30:00,4850.57,4850.71,0.5,0,8784.37,2026-04
SHORT,F1,EXIT_SL_RAISED,2026-04-14T22:30:00,2026-04-15T01:16:37.641000,4834.49,4829.14,0.5,0,335688.42,2026-04
SHORT,F2,EXIT_SL_RAISED,2026-04-14T22:30:00,2026-04-15T01:16:37.641000,4834.49,4829.14,0.5,0,335688.42,2026-04
SHORT,F3,EXIT_SL_RAISED,2026-04-14T22:30:00,2026-04-15T01:16:37.641000,4834.49,4829.14,0.5,0,335688.42,2026-04
SHORT,F1,EXIT_SL_RAISED,2026-04-15T01:45:00,2026-04-15T04:57:06.214000,4816.7,4816.66,0.5,0,2509.82,2026-04
SHORT,F2,EXIT_SL_RAISED,2026-04-15T01:45:00,2026-04-15T04:57:06.214000,4816.7,4816.66,0.5,0,2509.82,2026-04
SHORT,F3,EXIT_SL_RAISED,2026-04-15T01:45:00,2026-04-15T04:57:06.214000,4816.7,4816.66,0.5,0,2509.82,2026-04
LONG,F1,EXIT_SL_RAISED,2026-04-15T20:45:00,2026-04-15T21:18:40.977000,4833.02,4825.48,0.5,0,-473101.07,2026-04
LONG,F2,EXIT_SL_RAISED,2026-04-15T20:45:00,2026-04-15T21:18:40.977000,4833.02,4825.48,0.5,0,-473101.07,2026-04
LONG,F3,EXIT_SL_RAISED,2026-04-15T20:45:00,2026-04-15T21:18:40.977000,4833.02,4825.48,0.5,0,-473101.07,2026-04
LONG,F1,EXIT_SL_RAISED,2026-04-15T23:15:00,2026-04-16T01:32:24.546000,4826.87,4828.42,0.5,0,97255.53,2026-04
LONG,F2,EXIT_SL_RAISED,2026-04-15T23:15:00,2026-04-16T01:32:24.546000,4826.87,4828.42,0.5,0,97255.53,2026-04
LONG,F3,EXIT_SL_RAISED,2026-04-15T23:15:00,2026-04-16T01:32:24.546000,4826.87,4828.42,0.5,0,97255.53,2026-04
LONG,F1,EXIT_SL_RAISED,2026-04-16T03:00:00,2026-04-16T03:20:45.791000,4826.47,4819.62,0.5,0,-429806.68,2026-04
LONG,F2,EXIT_SL_RAISED,2026-04-16T03:00:00,2026-04-16T03:20:45.791000,4826.47,4819.62,0.5,0,-429806.68,2026-04
LONG,F3,EXIT_SL_RAISED,2026-04-16T03:00:00,2026-04-16T03:20:45.791000,4826.47,4819.62,0.5,0,-429806.68,2026-04
LONG,F1,EXIT_SL_RAISED,2026-04-16T18:30:00,2026-04-16T20:00:53.327000,4794.28,4788.83,0.5,1,-341962.97,2026-04
LONG,F2,EXIT_SL_RAISED,2026-04-16T18:30:00,2026-04-16T20:00:53.327000,4794.28,4788.83,0.5,1,-341962.97,2026-04
LONG,F3,EXIT_SL_RAISED,2026-04-16T18:30:00,2026-04-16T20:00:53.327000,4794.28,4788.83,0.5,1,-341962.97,2026-04
LONG,F1,EXIT_SL_RAISED,2026-04-16T20:45:00,2026-04-16T21:01:18.228000,4799.01,4792.16,0.5,0,-429806.68,2026-04
LONG,F2,EXIT_SL_RAISED,2026-04-16T20:45:00,2026-04-16T21:01:18.228000,4799.01,4792.16,0.5,0,-429806.68,2026-04
LONG,F3,EXIT_SL_RAISED,2026-04-16T20:45:00,2026-04-16T21:01:18.228000,4799.01,4792.16,0.5,0,-429806.68,2026-04
SHORT,F1,EXIT_SL_RAISED,2026-04-16T21:15:00,2026-04-16T21:49:12.894000,4778.73,4779.8,0.5,0,-67137.69,2026-04
SHORT,F2,EXIT_SL_RAISED,2026-04-16T21:15:00,2026-04-16T21:49:12.894000,4778.73,4779.8,0.5,0,-67137.69,2026-04
SHORT,F3,EXIT_SL_RAISED,2026-04-16T21:15:00,2026-04-16T21:49:12.894000,4778.73,4779.8,0.5,0,-67137.69,2026-04
LONG,F1,EXIT_SL_RAISED,2026-04-16T23:15:00,2026-04-17T01:44:13.654000,4796.3,4795.99,0.5,0,-19451.11,2026-04
LONG,F2,EXIT_SL_RAISED,2026-04-16T23:15:00,2026-04-17T01:44:13.654000,4796.3,4795.99,0.5,0,-19451.11,2026-04
LONG,F3,EXIT_SL_RAISED,2026-04-16T23:15:00,2026-04-17T01:44:13.654000,4796.3,4795.99,0.5,0,-19451.11,2026-04
LONG,F1,EXIT_SL_RAISED,2026-04-19T21:15:00,2026-04-19T22:43:38.205000,4794.04,4795.15,0.5,0,69647.5,2026-04
LONG,F2,EXIT_SL_RAISED,2026-04-19T21:15:00,2026-04-19T22:43:38.205000,4794.04,4795.15,0.5,0,69647.5,2026-04
LONG,F3,EXIT_SL_RAISED,2026-04-19T21:15:00,2026-04-19T22:43:38.205000,4794.04,4795.15,0.5,0,69647.5,2026-04
SHORT,F1,EXIT_SL_RAISED,2026-04-19T23:15:00,2026-04-20T02:02:30.229000,4791.49,4793.5,0.5,0,-126118.46,2026-04
SHORT,F2,EXIT_SL_RAISED,2026-04-19T23:15:00,2026-04-20T02:02:30.229000,4791.49,4793.5,0.5,0,-126118.46,2026-04
SHORT,F3,EXIT_SL_RAISED,2026-04-19T23:15:00,2026-04-20T02:02:30.229000,4791.49,4793.5,0.5,0,-126118.46,2026-04
LONG,F1,EXIT_SL_RAISED,2026-04-20T03:00:00,2026-04-20T03:30:35.033000,4795.75,4791.66,0.5,0,-256629.1,2026-04
LONG,F2,EXIT_SL_RAISED,2026-04-20T03:00:00,2026-04-20T03:30:35.033000,4795.75,4791.66,0.5,0,-256629.1,2026-04
LONG,F3,EXIT_SL_RAISED,2026-04-20T03:00:00,2026-04-20T03:30:35.033000,4795.75,4791.66,0.5,0,-256629.1,2026-04
SHORT,F1,EXIT_SL_RAISED,2026-04-20T20:30:00,2026-04-21T01:36:41.202000,4819.63,4794.96,0.5,0,1547931.49,2026-04
SHORT,F2,EXIT_SL_RAISED,2026-04-20T20:30:00,2026-04-21T01:36:41.202000,4819.63,4794.96,0.5,0,1547931.49,2026-04
SHORT,F3,EXIT_SL_RAISED,2026-04-20T20:30:00,2026-04-21T01:36:41.202000,4819.63,4794.96,0.5,0,1547931.49,2026-04
LONG,F1,EXIT_SL_RAISED,2026-04-22T01:30:00,2026-04-22T02:02:01.117000,4766.5,4760.3,0.5,0,-389022.1,2026-04
LONG,F2,EXIT_SL_RAISED,2026-04-22T01:30:00,2026-04-22T02:02:01.117000,4766.5,4760.3,0.5,0,-389022.1,2026-04
LONG,F3,EXIT_SL_RAISED,2026-04-22T01:30:00,2026-04-22T02:02:01.117000,4766.5,4760.3,0.5,0,-389022.1,2026-04
LONG,F1,EXIT_SL_RAISED,2026-04-22T02:30:00,2026-04-22T03:45:47.871000,4767.15,4761.56,0.5,0,-350747.34,2026-04
LONG,F2,EXIT_SL_RAISED,2026-04-22T02:30:00,2026-04-22T03:45:47.871000,4767.15,4761.56,0.5,0,-350747.34,2026-04
LONG,F3,EXIT_SL_RAISED,2026-04-22T02:30:00,2026-04-22T03:45:47.871000,4767.15,4761.56,0.5,0,-350747.34,2026-04
LONG,F1,EXIT_SL_RAISED,2026-04-22T05:15:00,2026-04-22T05:55:33.876000,4760.94,4752.8,0.5,0,-510748.37,2026-04
LONG,F2,EXIT_SL_RAISED,2026-04-22T05:15:00,2026-04-22T05:55:33.876000,4760.94,4752.8,0.5,0,-510748.37,2026-04
LONG,F3,EXIT_SL_RAISED,2026-04-22T05:15:00,2026-04-22T05:55:33.876000,4760.94,4752.8,0.5,0,-510748.37,2026-04
SHORT,F1,EXIT_SL_RAISED,2026-04-22T06:00:00,2026-04-22T06:21:15.788000,4755.18,4755.67,0.5,0,-30745.29,2026-04
SHORT,F2,EXIT_SL_RAISED,2026-04-22T06:00:00,2026-04-22T06:21:15.788000,4755.18,4755.67,0.5,0,-30745.29,2026-04
SHORT,F3,EXIT_SL_RAISED,2026-04-22T06:00:00,2026-04-22T06:21:15.788000,4755.18,4755.67,0.5,0,-30745.29,2026-04
SHORT,F1,EXIT_TRAIL,2026-04-22T08:45:00,2026-04-22T09:30:00,4746.65,4750.4,0.5,0,-235295.62,2026-04
SHORT,F2,EXIT_TRAIL,2026-04-22T08:45:00,2026-04-22T09:30:00,4746.65,4750.4,0.5,0,-235295.62,2026-04
SHORT,F3,EXIT_TRAIL,2026-04-22T08:45:00,2026-04-22T09:30:00,4746.65,4750.4,0.5,0,-235295.62,2026-04
LONG,F1,EXIT_SL_RAISED,2026-04-22T09:45:00,2026-04-22T10:03:34.337000,4755.72,4747.99,0.5,0,-485022.72,2026-04
LONG,F2,EXIT_SL_RAISED,2026-04-22T09:45:00,2026-04-22T10:03:34.337000,4755.72,4747.99,0.5,0,-485022.72,2026-04
LONG,F3,EXIT_SL_RAISED,2026-04-22T09:45:00,2026-04-22T10:03:34.337000,4755.72,4747.99,0.5,0,-485022.72,2026-04
SHORT,F1,EXIT_SL_RAISED,2026-04-22T14:30:00,2026-04-22T14:45:41.557000,4730.13,4741.38,0.5,0,-705886.88,2026-04
SHORT,F2,EXIT_SL_RAISED,2026-04-22T14:30:00,2026-04-22T14:45:41.557000,4730.13,4741.38,0.5,0,-705886.88,2026-04
SHORT,F3,EXIT_SL_RAISED,2026-04-22T14:30:00,2026-04-22T14:45:41.557000,4730.13,4741.38,0.5,0,-705886.88,2026-04
LONG,F1,EXIT_SL_RAISED,2026-04-22T15:30:00,2026-04-22T18:19:29.147000,4744.86,4735.21,0.5,0,-605494.07,2026-04
LONG,F2,EXIT_SL_RAISED,2026-04-22T15:30:00,2026-04-22T18:19:29.147000,4744.86,4735.21,0.5,0,-605494.07,2026-04
LONG,F3,EXIT_SL_RAISED,2026-04-22T15:30:00,2026-04-22T18:19:29.147000,4744.86,4735.21,0.5,0,-605494.07,2026-04
SHORT,F1,EXIT_TRAIL,2026-04-22T20:15:00,2026-04-22T20:30:00,4699.22,4741.84,0.5,0,-2674213.21,2026-04
SHORT,F2,EXIT_TRAIL,2026-04-22T20:15:00,2026-04-22T20:30:00,4699.22,4741.84,0.5,0,-2674213.21,2026-04
SHORT,F3,EXIT_TRAIL,2026-04-22T20:15:00,2026-04-22T20:30:00,4699.22,4741.84,0.5,0,-2674213.21,2026-04
LONG,F1,EXIT_SL_RAISED,2026-04-22T20:30:00,2026-04-22T21:11:10.675000,4741.84,4737.73,0.5,0,-257884.01,2026-04
LONG,F2,EXIT_SL_RAISED,2026-04-22T20:30:00,2026-04-22T21:11:10.675000,4741.84,4737.73,0.5,0,-257884.01,2026-04
LONG,F3,EXIT_SL_RAISED,2026-04-22T20:30:00,2026-04-22T21:11:10.675000,4741.84,4737.73,0.5,0,-257884.01,2026-04
SHORT,F1,EXIT_SL_RAISED,2026-04-22T22:00:00,2026-04-23T01:45:55.798000,4723.11,4706.13,0.5,0,1065418.59,2026-04
SHORT,F2,EXIT_SL_RAISED,2026-04-22T22:00:00,2026-04-23T01:45:55.798000,4723.11,4706.13,0.5,0,1065418.59,2026-04
SHORT,F3,EXIT_SL_RAISED,2026-04-22T22:00:00,2026-04-23T01:45:55.798000,4723.11,4706.13,0.5,0,1065418.59,2026-04
LONG,F1,EXIT_SL_RAISED,2026-04-23T02:00:00,2026-04-23T03:01:04.757000,4713.93,4707.74,0.5,0,-388394.65,2026-04
LONG,F2,EXIT_SL_RAISED,2026-04-23T02:00:00,2026-04-23T03:01:04.757000,4713.93,4707.74,0.5,0,-388394.65,2026-04
LONG,F3,EXIT_SL_RAISED,2026-04-23T02:00:00,2026-04-23T03:01:04.757000,4713.93,4707.74,0.5,0,-388394.65,2026-04
LONG,F1,EXIT_SL_RAISED,2026-04-23T20:30:00,2026-04-23T21:31:58.950000,4705.8,4696.18,0.5,0,-603611.71,2026-04
LONG,F2,EXIT_SL_RAISED,2026-04-23T20:30:00,2026-04-23T21:31:58.950000,4705.8,4696.18,0.5,0,-603611.71,2026-04
LONG,F3,EXIT_SL_RAISED,2026-04-23T20:30:00,2026-04-23T21:31:58.950000,4705.8,4696.18,0.5,0,-603611.71,2026-04
SHORT,F1,EXIT_SL_RAISED,2026-04-23T21:45:00,2026-04-24T00:46:50.768000,4690.7,4672.22,0.5,0,1159536.84,2026-04
SHORT,F2,EXIT_SL_RAISED,2026-04-23T21:45:00,2026-04-24T00:46:50.768000,4690.7,4672.22,0.5,0,1159536.84,2026-04
SHORT,F3,EXIT_SL_RAISED,2026-04-23T21:45:00,2026-04-24T00:46:50.768000,4690.7,4672.22,0.5,0,1159536.84,2026-04
SHORT,F1,EXIT_SL_RAISED,2026-04-24T02:30:00,2026-04-24T03:11:19.349000,4671.31,4680.11,0.5,0,-552160.4,2026-04
SHORT,F2,EXIT_SL_RAISED,2026-04-24T02:30:00,2026-04-24T03:11:19.349000,4671.31,4680.11,0.5,0,-552160.4,2026-04
SHORT,F3,EXIT_SL_RAISED,2026-04-24T02:30:00,2026-04-24T03:11:19.349000,4671.31,4680.11,0.5,0,-552160.4,2026-04
SHORT,F1,EXIT_SL_RAISED,2026-04-26T18:30:00,2026-04-26T20:47:31.032000,4686.44,4682.65,0.5,1,237805.44,2026-04
SHORT,F2,EXIT_SL_RAISED,2026-04-26T18:30:00,2026-04-26T20:47:31.032000,4686.44,4682.65,0.5,1,237805.44,2026-04
SHORT,F3,EXIT_SL_RAISED,2026-04-26T18:30:00,2026-04-26T20:47:31.032000,4686.44,4682.65,0.5,1,237805.44,2026-04
SHORT,F1,EXIT_TRAIL,2026-04-27T22:00:00,2026-04-27T22:15:00,4670.52,4677.6,0.5,0,-444238.14,2026-04
SHORT,F2,EXIT_TRAIL,2026-04-27T22:00:00,2026-04-27T22:15:00,4670.52,4677.6,0.5,0,-444238.14,2026-04
SHORT,F3,EXIT_TRAIL,2026-04-27T22:00:00,2026-04-27T22:15:00,4670.52,4677.6,0.5,0,-444238.14,2026-04
SHORT,F1,EXIT_SL_RAISED,2026-04-27T23:45:00,2026-04-28T01:20:13.426000,4671.75,4657.39,0.5,0,901025.38,2026-04
SHORT,F2,EXIT_SL_RAISED,2026-04-27T23:45:00,2026-04-28T01:20:13.426000,4671.75,4657.39,0.5,0,901025.38,2026-04
SHORT,F3,EXIT_SL_RAISED,2026-04-27T23:45:00,2026-04-28T01:20:13.426000,4671.75,4657.39,0.5,0,901025.38,2026-04
SHORT,F1,EXIT_SL_RAISED,2026-04-28T01:45:00,2026-04-28T02:05:27.366000,4624.78,4636.37,0.5,0,-727220.35,2026-04
SHORT,F2,EXIT_SL_RAISED,2026-04-28T01:45:00,2026-04-28T02:05:27.366000,4624.78,4636.37,0.5,0,-727220.35,2026-04
SHORT,F3,EXIT_SL_RAISED,2026-04-28T01:45:00,2026-04-28T02:05:27.366000,4624.78,4636.37,0.5,0,-727220.35,2026-04
LONG,F1,EXIT_SL_RAISED,2026-04-28T20:15:00,2026-04-28T20:50:44.705000,4607.76,4597.17,0.5,0,-664474.85,2026-04
LONG,F2,EXIT_SL_RAISED,2026-04-28T20:15:00,2026-04-28T20:50:44.705000,4607.76,4597.17,0.5,0,-664474.85,2026-04
LONG,F3,EXIT_SL_RAISED,2026-04-28T20:15:00,2026-04-28T20:50:44.705000,4607.76,4597.17,0.5,0,-664474.85,2026-04
SHORT,F1,EXIT_SL_RAISED,2026-04-28T21:15:00,2026-04-28T21:42:20.936000,4582.21,4591.38,0.5,0,-575376.24,2026-04
SHORT,F2,EXIT_SL_RAISED,2026-04-28T21:15:00,2026-04-28T21:42:20.936000,4582.21,4591.38,0.5,0,-575376.24,2026-04
SHORT,F3,EXIT_SL_RAISED,2026-04-28T21:15:00,2026-04-28T21:42:20.936000,4582.21,4591.38,0.5,0,-575376.24,2026-04
SHORT,F1,EXIT_TRAIL,2026-04-28T22:00:00,2026-04-28T22:15:00,4584.61,4601.27,0.5,0,-1045340.03,2026-04
SHORT,F2,EXIT_TRAIL,2026-04-28T22:00:00,2026-04-28T22:15:00,4584.61,4601.27,0.5,0,-1045340.03,2026-04
SHORT,F3,EXIT_TRAIL,2026-04-28T22:00:00,2026-04-28T22:15:00,4584.61,4601.27,0.5,0,-1045340.03,2026-04
LONG,F1,reverse,2026-04-28T22:15:00,2026-04-28T23:45:00,4601.27,4593.61,0.5,0,-480630.53,2026-04
LONG,F2,reverse,2026-04-28T22:15:00,2026-04-28T23:45:00,4601.27,4593.61,0.5,0,-480630.53,2026-04
LONG,F3,reverse,2026-04-28T22:15:00,2026-04-28T23:45:00,4601.27,4593.61,0.5,0,-480630.53,2026-04
SHORT,F1,reverse,2026-04-28T23:45:00,2026-04-29T00:15:00,4593.61,4601.24,0.5,0,-478748.17,2026-04
SHORT,F2,reverse,2026-04-28T23:45:00,2026-04-29T00:15:00,4593.61,4601.24,0.5,0,-478748.17,2026-04
SHORT,F3,reverse,2026-04-28T23:45:00,2026-04-29T00:15:00,4593.61,4601.24,0.5,0,-478748.17,2026-04
LONG,F1,EXIT_SL_RAISED,2026-04-29T00:15:00,2026-04-29T01:32:10.600000,4601.24,4596.71,0.5,0,-284237.11,2026-04
LONG,F2,EXIT_SL_RAISED,2026-04-29T00:15:00,2026-04-29T01:32:10.600000,4601.24,4596.71,0.5,0,-284237.11,2026-04
LONG,F3,EXIT_SL_RAISED,2026-04-29T00:15:00,2026-04-29T01:32:10.600000,4601.24,4596.71,0.5,0,-284237.11,2026-04
SHORT,F1,EXIT_SL_RAISED,2026-04-29T02:15:00,2026-04-29T04:45:02.052000,4588.42,4569.61,0.5,0,1180242.86,2026-04
SHORT,F2,EXIT_SL_RAISED,2026-04-29T02:15:00,2026-04-29T04:45:02.052000,4588.42,4569.61,0.5,0,1180242.86,2026-04
SHORT,F3,EXIT_SL_RAISED,2026-04-29T02:15:00,2026-04-29T04:45:02.052000,4588.42,4569.61,0.5,0,1180242.86,2026-04
SHORT,F1,EXIT_SL_RAISED,2026-04-29T22:45:00,2026-04-30T01:08:03.915000,4562.13,4552.68,0.5,0,592944.97,2026-04
SHORT,F2,EXIT_SL_RAISED,2026-04-29T22:45:00,2026-04-30T01:08:03.915000,4562.13,4552.68,0.5,0,592944.97,2026-04
SHORT,F3,EXIT_SL_RAISED,2026-04-29T22:45:00,2026-04-30T01:08:03.915000,4562.13,4552.68,0.5,0,592944.97,2026-04
LONG,F1,EXIT_SL_RAISED,2026-04-30T01:45:00,2026-04-30T04:20:17.258000,4564.24,4612.89,0.5,0,3052568.58,2026-04
LONG,F2,EXIT_SL_RAISED,2026-04-30T01:45:00,2026-04-30T04:20:17.258000,4564.24,4612.89,0.5,0,3052568.58,2026-04
LONG,F3,EXIT_SL_RAISED,2026-04-30T01:45:00,2026-04-30T04:20:17.258000,4564.24,4612.89,0.5,0,3052568.58,2026-04
LONG,F1,EXIT_SL_RAISED,2026-04-30T22:15:00,2026-04-30T22:42:31.630000,4631.28,4625.7,0.5,0,-350119.89,2026-04
LONG,F2,EXIT_SL_RAISED,2026-04-30T22:15:00,2026-04-30T22:42:31.630000,4631.28,4625.7,0.5,0,-350119.89,2026-04
LONG,F3,EXIT_SL_RAISED,2026-04-30T22:15:00,2026-04-30T22:42:31.630000,4631.28,4625.7,0.5,0,-350119.89,2026-04
SHORT,F1,EXIT_SL_RAISED,2026-05-01T01:45:00,2026-05-01T06:22:29.050000,4609.69,4571.22,0.5,0,2413819.38,2026-05
SHORT,F2,EXIT_SL_RAISED,2026-05-01T01:45:00,2026-05-01T06:22:29.050000,4609.69,4571.22,0.5,0,2413819.38,2026-05
SHORT,F3,EXIT_SL_RAISED,2026-05-01T01:45:00,2026-05-01T06:22:29.050000,4609.69,4571.22,0.5,0,2413819.38,2026-05
LONG,F1,EXIT_SL_RAISED,2026-05-03T18:45:00,2026-05-03T19:08:24.706000,4628.51,4615.01,0.5,0,-847064.25,2026-05
LONG,F2,EXIT_SL_RAISED,2026-05-03T18:45:00,2026-05-03T19:08:24.706000,4628.51,4615.01,0.5,0,-847064.25,2026-05
LONG,F3,EXIT_SL_RAISED,2026-05-03T18:45:00,2026-05-03T19:08:24.706000,4628.51,4615.01,0.5,0,-847064.25,2026-05
SHORT,F1,EXIT_SL_RAISED,2026-05-03T19:15:00,2026-05-03T21:51:32.571000,4614.89,4606.78,0.5,0,508866.01,2026-05
SHORT,F2,EXIT_SL_RAISED,2026-05-03T19:15:00,2026-05-03T21:51:32.571000,4614.89,4606.78,0.5,0,508866.01,2026-05
SHORT,F3,EXIT_SL_RAISED,2026-05-03T19:15:00,2026-05-03T21:51:32.571000,4614.89,4606.78,0.5,0,508866.01,2026-05
LONG,F1,EXIT_SL_RAISED,2026-05-03T22:00:00,2026-05-03T22:16:06.208000,4613.37,4603.16,0.5,0,-640631.56,2026-05
LONG,F2,EXIT_SL_RAISED,2026-05-03T22:00:00,2026-05-03T22:16:06.208000,4613.37,4603.16,0.5,0,-640631.56,2026-05
LONG,F3,EXIT_SL_RAISED,2026-05-03T22:00:00,2026-05-03T22:16:06.208000,4613.37,4603.16,0.5,0,-640631.56,2026-05
LONG,F1,EXIT_SL_RAISED,2026-05-03T23:15:00,2026-05-04T01:03:44.083000,4610.4,4603.26,0.5,0,-448002.87,2026-05
LONG,F2,EXIT_SL_RAISED,2026-05-03T23:15:00,2026-05-04T01:03:44.083000,4610.4,4603.26,0.5,0,-448002.87,2026-05
LONG,F3,EXIT_SL_RAISED,2026-05-03T23:15:00,2026-05-04T01:03:44.083000,4610.4,4603.26,0.5,0,-448002.87,2026-05
LONG,F1,reverse,2026-05-04T17:00:00,2026-05-04T19:45:00,4525.14,4518.35,0.5,0,-426041.94,2026-05
LONG,F2,reverse,2026-05-04T17:00:00,2026-05-04T19:45:00,4525.14,4518.35,0.5,0,-426041.94,2026-05
LONG,F3,reverse,2026-05-04T17:00:00,2026-05-04T19:45:00,4525.14,4518.35,0.5,0,-426041.94,2026-05
SHORT,F1,EXIT_SL_RAISED,2026-05-04T19:45:00,2026-05-04T20:13:31.540000,4518.35,4527.42,0.5,0,-569101.68,2026-05
SHORT,F2,EXIT_SL_RAISED,2026-05-04T19:45:00,2026-05-04T20:13:31.540000,4518.35,4527.42,0.5,0,-569101.68,2026-05
SHORT,F3,EXIT_SL_RAISED,2026-05-04T19:45:00,2026-05-04T20:13:31.540000,4518.35,4527.42,0.5,0,-569101.68,2026-05
LONG,F1,EXIT_SL_RAISED,2026-05-05T01:15:00,2026-05-05T02:17:40.004000,4540.66,4541.23,0.5,0,35764.93,2026-05
LONG,F2,EXIT_SL_RAISED,2026-05-05T01:15:00,2026-05-05T02:17:40.004000,4540.66,4541.23,0.5,0,35764.93,2026-05
LONG,F3,EXIT_SL_RAISED,2026-05-05T01:15:00,2026-05-05T02:17:40.004000,4540.66,4541.23,0.5,0,35764.93,2026-05
LONG,F1,EXIT_SL_RAISED,2026-05-05T02:45:00,2026-05-05T03:47:05.457000,4546.65,4546.46,0.5,0,-11921.64,2026-05
LONG,F2,EXIT_SL_RAISED,2026-05-05T02:45:00,2026-05-05T03:47:05.457000,4546.65,4546.46,0.5,0,-11921.64,2026-05
LONG,F3,EXIT_SL_RAISED,2026-05-05T02:45:00,2026-05-05T03:47:05.457000,4546.65,4546.46,0.5,0,-11921.64,2026-05
LONG,F1,EXIT_SL_RAISED,2026-05-05T19:00:00,2026-05-06T03:15:40.673000,4573.8,4657.29,0.5,0,5238621.79,2026-05
LONG,F2,EXIT_SL_RAISED,2026-05-05T19:00:00,2026-05-06T03:15:40.673000,4573.8,4657.29,0.5,0,5238621.79,2026-05
LONG,F3,EXIT_SL_RAISED,2026-05-05T19:00:00,2026-05-06T03:15:40.673000,4573.8,4657.29,0.5,0,5238621.79,2026-05
SHORT,F1,EXIT_SL_RAISED,2026-05-06T17:00:00,2026-05-06T18:00:31.178000,4692.61,4696.66,0.5,1,-254119.28,2026-05
SHORT,F2,EXIT_SL_RAISED,2026-05-06T17:00:00,2026-05-06T18:00:31.178000,4692.61,4696.66,0.5,1,-254119.28,2026-05
SHORT,F3,EXIT_SL_RAISED,2026-05-06T17:00:00,2026-05-06T18:00:31.178000,4692.61,4696.66,0.5,1,-254119.28,2026-05
LONG,F1,EXIT_SL_RAISED,2026-05-06T21:15:00,2026-05-06T21:30:01.733000,4710.1,4703.21,0.5,0,-432316.5,2026-05
LONG,F2,EXIT_SL_RAISED,2026-05-06T21:15:00,2026-05-06T21:30:01.733000,4710.1,4703.21,0.5,0,-432316.5,2026-05
LONG,F3,EXIT_SL_RAISED,2026-05-06T21:15:00,2026-05-06T21:30:01.733000,4710.1,4703.21,0.5,0,-432316.5,2026-05
LONG,F1,EXIT_SL_RAISED,2026-05-07T01:45:00,2026-05-07T02:55:04.524000,4703.82,4735.91,0.5,0,2013503.1,2026-05
LONG,F2,EXIT_SL_RAISED,2026-05-07T01:45:00,2026-05-07T02:55:04.524000,4703.82,4735.91,0.5,0,2013503.1,2026-05
LONG,F3,EXIT_SL_RAISED,2026-05-07T01:45:00,2026-05-07T02:55:04.524000,4703.82,4735.91,0.5,0,2013503.1,2026-05
LONG,F1,EXIT_SL_RAISED,2026-05-07T21:15:00,2026-05-07T22:35:17.473000,4714.15,4716.31,0.5,0,135530.28,2026-05
LONG,F2,EXIT_SL_RAISED,2026-05-07T21:15:00,2026-05-07T22:35:17.473000,4714.15,4716.31,0.5,0,135530.28,2026-05
LONG,F3,EXIT_SL_RAISED,2026-05-07T21:15:00,2026-05-07T22:35:17.473000,4714.15,4716.31,0.5,0,135530.28,2026-05
LONG,F1,EXIT_SL_RAISED,2026-05-08T02:30:00,2026-05-08T03:11:41.858000,4733.98,4719.23,0.5,0,-925496.12,2026-05
LONG,F2,EXIT_SL_RAISED,2026-05-08T02:30:00,2026-05-08T03:11:41.858000,4733.98,4719.23,0.5,0,-925496.12,2026-05
LONG,F3,EXIT_SL_RAISED,2026-05-08T02:30:00,2026-05-08T03:11:41.858000,4733.98,4719.23,0.5,0,-925496.12,2026-05
SHORT,F1,EXIT_TRAIL,2026-05-10T21:00:00,2026-05-10T21:15:00,4683.27,4692.47,0.5,0,-577258.6,2026-05
SHORT,F2,EXIT_TRAIL,2026-05-10T21:00:00,2026-05-10T21:15:00,4683.27,4692.47,0.5,0,-577258.6,2026-05
SHORT,F3,EXIT_TRAIL,2026-05-10T21:00:00,2026-05-10T21:15:00,4683.27,4692.47,0.5,0,-577258.6,2026-05
LONG,F1,EXIT_SL_RAISED,2026-05-10T21:30:00,2026-05-10T21:55:22.373000,4699.29,4685.01,0.5,0,-896005.74,2026-05
LONG,F2,EXIT_SL_RAISED,2026-05-10T21:30:00,2026-05-10T21:55:22.373000,4699.29,4685.01,0.5,0,-896005.74,2026-05
LONG,F3,EXIT_SL_RAISED,2026-05-10T21:30:00,2026-05-10T21:55:22.373000,4699.29,4685.01,0.5,0,-896005.74,2026-05
SHORT,F1,EXIT_SL_RAISED,2026-05-10T22:00:00,2026-05-10T22:31:58.953000,4685.48,4694.99,0.5,0,-596709.71,2026-05
SHORT,F2,EXIT_SL_RAISED,2026-05-10T22:00:00,2026-05-10T22:31:58.953000,4685.48,4694.99,0.5,0,-596709.71,2026-05
SHORT,F3,EXIT_SL_RAISED,2026-05-10T22:00:00,2026-05-10T22:31:58.953000,4685.48,4694.99,0.5,0,-596709.71,2026-05
SHORT,F1,EXIT_SL_RAISED,2026-05-10T23:00:00,2026-05-11T02:08:33.243000,4681.37,4663.61,0.5,0,1114360.08,2026-05
SHORT,F2,EXIT_SL_RAISED,2026-05-10T23:00:00,2026-05-11T02:08:33.243000,4681.37,4663.61,0.5,0,1114360.08,2026-05
SHORT,F3,EXIT_SL_RAISED,2026-05-10T23:00:00,2026-05-11T02:08:33.243000,4681.37,4663.61,0.5,0,1114360.08,2026-05
SHORT,F1,EXIT_SL_RAISED,2026-05-11T21:30:00,2026-05-12T01:31:01.334000,4734.95,4721.11,0.5,0,868397.72,2026-05
SHORT,F2,EXIT_SL_RAISED,2026-05-11T21:30:00,2026-05-12T01:31:01.334000,4734.95,4721.11,0.5,0,868397.72,2026-05
SHORT,F3,EXIT_SL_RAISED,2026-05-11T21:30:00,2026-05-12T01:31:01.334000,4734.95,4721.11,0.5,0,868397.72,2026-05
SHORT,F1,EXIT_SL_RAISED,2026-05-12T02:00:00,2026-05-12T03:37:58.495000,4713.98,4700.55,0.5,0,842672.06,2026-05
SHORT,F2,EXIT_SL_RAISED,2026-05-12T02:00:00,2026-05-12T03:37:58.495000,4713.98,4700.55,0.5,0,842672.06,2026-05
SHORT,F3,EXIT_SL_RAISED,2026-05-12T02:00:00,2026-05-12T03:37:58.495000,4713.98,4700.55,0.5,0,842672.06,2026-05
SHORT,F1,EXIT_SL_RAISED,2026-05-13T01:45:00,2026-05-13T02:04:29.558000,4696.77,4707.61,0.5,0,-680161.22,2026-05
SHORT,F2,EXIT_SL_RAISED,2026-05-13T01:45:00,2026-05-13T02:04:29.558000,4696.77,4707.61,0.5,0,-680161.22,2026-05
SHORT,F3,EXIT_SL_RAISED,2026-05-13T01:45:00,2026-05-13T02:04:29.558000,4696.77,4707.61,0.5,0,-680161.22,2026-05
LONG,F1,EXIT_TRAIL,2026-05-13T21:00:00,2026-05-13T21:15:00,4705.31,4688.8,0.5,0,-1035928.21,2026-05
LONG,F2,EXIT_TRAIL,2026-05-13T21:00:00,2026-05-13T21:15:00,4705.31,4688.8,0.5,0,-1035928.21,2026-05
LONG,F3,EXIT_TRAIL,2026-05-13T21:00:00,2026-05-13T21:15:00,4705.31,4688.8,0.5,0,-1035928.21,2026-05
SHORT,F1,EXIT_SL_RAISED,2026-05-13T21:45:00,2026-05-13T22:32:56.254000,4688.63,4695.43,0.5,0,-426669.4,2026-05
SHORT,F2,EXIT_SL_RAISED,2026-05-13T21:45:00,2026-05-13T22:32:56.254000,4688.63,4695.43,0.5,0,-426669.4,2026-05
SHORT,F3,EXIT_SL_RAISED,2026-05-13T21:45:00,2026-05-13T22:32:56.254000,4688.63,4695.43,0.5,0,-426669.4,2026-05
SHORT,F1,EXIT_SL_RAISED,2026-05-13T23:00:00,2026-05-14T00:15:00.204000,4686.19,4682.55,0.5,0,228393.62,2026-05
SHORT,F2,EXIT_SL_RAISED,2026-05-13T23:00:00,2026-05-14T00:15:00.204000,4686.19,4682.55,0.5,0,228393.62,2026-05
SHORT,F3,EXIT_SL_RAISED,2026-05-13T23:00:00,2026-05-14T00:15:00.204000,4686.19,4682.55,0.5,0,228393.62,2026-05
LONG,F1,EXIT_SL_RAISED,2026-05-14T00:30:00,2026-05-14T01:18:34.158000,4702.63,4698.09,0.5,0,-284864.57,2026-05
LONG,F2,EXIT_SL_RAISED,2026-05-14T00:30:00,2026-05-14T01:18:34.158000,4702.63,4698.09,0.5,0,-284864.57,2026-05
LONG,F3,EXIT_SL_RAISED,2026-05-14T00:30:00,2026-05-14T01:18:34.158000,4702.63,4698.09,0.5,0,-284864.57,2026-05
SHORT,F1,reverse,2026-05-14T02:15:00,2026-05-14T02:45:00,4687.6,4699.21,0.5,0,-728475.25,2026-05
SHORT,F2,reverse,2026-05-14T02:15:00,2026-05-14T02:45:00,4687.6,4699.21,0.5,0,-728475.25,2026-05
SHORT,F3,reverse,2026-05-14T02:15:00,2026-05-14T02:45:00,4687.6,4699.21,0.5,0,-728475.25,2026-05
LONG,F1,EXIT_SL_RAISED,2026-05-14T02:45:00,2026-05-14T03:47:55.079000,4699.21,4703.79,0.5,0,287374.39,2026-05
LONG,F2,EXIT_SL_RAISED,2026-05-14T02:45:00,2026-05-14T03:47:55.079000,4699.21,4703.79,0.5,0,287374.39,2026-05
LONG,F3,EXIT_SL_RAISED,2026-05-14T02:45:00,2026-05-14T03:47:55.079000,4699.21,4703.79,0.5,0,287374.39,2026-05
SHORT,F1,EXIT_SL_RAISED,2026-05-14T19:45:00,2026-05-14T20:15:02.824000,4657.23,4654.57,0.5,0,166903.03,2026-05
SHORT,F2,EXIT_SL_RAISED,2026-05-14T19:45:00,2026-05-14T20:15:02.824000,4657.23,4654.57,0.5,0,166903.03,2026-05
SHORT,F3,EXIT_SL_RAISED,2026-05-14T19:45:00,2026-05-14T20:15:02.824000,4657.23,4654.57,0.5,0,166903.03,2026-05
SHORT,F1,EXIT_SL_RAISED,2026-05-14T20:30:00,2026-05-14T20:59:05.018000,4629.8,4628.45,0.5,0,84706.43,2026-05
SHORT,F2,EXIT_SL_RAISED,2026-05-14T20:30:00,2026-05-14T20:59:05.018000,4629.8,4628.45,0.5,0,84706.43,2026-05
SHORT,F3,EXIT_SL_RAISED,2026-05-14T20:30:00,2026-05-14T20:59:05.018000,4629.8,4628.45,0.5,0,84706.43,2026-05
SHORT,F1,EXIT_SL_RAISED,2026-05-15T00:30:00,2026-05-15T02:16:44.088000,4610.75,4575.56,0.5,0,2208014.14,2026-05
SHORT,F2,EXIT_SL_RAISED,2026-05-15T00:30:00,2026-05-15T02:16:44.088000,4610.75,4575.56,0.5,0,2208014.14,2026-05
SHORT,F3,EXIT_SL_RAISED,2026-05-15T00:30:00,2026-05-15T02:16:44.088000,4610.75,4575.56,0.5,0,2208014.14,2026-05
SHORT,F1,EXIT_SL_RAISED,2026-05-17T19:15:00,2026-05-17T20:56:34.511000,4541.45,4500.7,0.5,0,2556879.12,2026-05
SHORT,F2,EXIT_SL_RAISED,2026-05-17T19:15:00,2026-05-17T20:56:34.511000,4541.45,4500.7,0.5,0,2556879.12,2026-05
SHORT,F3,EXIT_SL_RAISED,2026-05-17T19:15:00,2026-05-17T20:56:34.511000,4541.45,4500.7,0.5,0,2556879.12,2026-05
SHORT,F1,EXIT_SL_RAISED,2026-05-17T21:15:00,2026-05-17T21:46:48.216000,4495.67,4516.52,0.5,0,-1308243.68,2026-05
SHORT,F2,EXIT_SL_RAISED,2026-05-17T21:15:00,2026-05-17T21:46:48.216000,4495.67,4516.52,0.5,0,-1308243.68,2026-05
SHORT,F3,EXIT_SL_RAISED,2026-05-17T21:15:00,2026-05-17T21:46:48.216000,4495.67,4516.52,0.5,0,-1308243.68,2026-05
LONG,F1,EXIT_SL_RAISED,2026-05-17T23:45:00,2026-05-18T01:58:58.344000,4545.93,4530.96,0.5,0,-939300.14,2026-05
LONG,F2,EXIT_SL_RAISED,2026-05-17T23:45:00,2026-05-18T01:58:58.344000,4545.93,4530.96,0.5,0,-939300.14,2026-05
LONG,F3,EXIT_SL_RAISED,2026-05-17T23:45:00,2026-05-18T01:58:58.344000,4545.93,4530.96,0.5,0,-939300.14,2026-05
SHORT,F1,EXIT_SL_RAISED,2026-05-18T02:00:00,2026-05-18T03:26:25.220000,4530.51,4549.11,0.5,0,-1167066.3,2026-05
SHORT,F2,EXIT_SL_RAISED,2026-05-18T02:00:00,2026-05-18T03:26:25.220000,4530.51,4549.11,0.5,0,-1167066.3,2026-05
SHORT,F3,EXIT_SL_RAISED,2026-05-18T02:00:00,2026-05-18T03:26:25.220000,4530.51,4549.11,0.5,0,-1167066.3,2026-05
LONG,F1,EXIT_SL_RAISED,2026-05-18T21:45:00,2026-05-18T22:05:57.279000,4571.15,4556.32,0.5,0,-930515.76,2026-05
LONG,F2,EXIT_SL_RAISED,2026-05-18T21:45:00,2026-05-18T22:05:57.279000,4571.15,4556.32,0.5,0,-930515.76,2026-05
LONG,F3,EXIT_SL_RAISED,2026-05-18T21:45:00,2026-05-18T22:05:57.279000,4571.15,4556.32,0.5,0,-930515.76,2026-05
SHORT,F1,EXIT_SL_RAISED,2026-05-19T21:30:00,2026-05-19T21:49:45.416000,4473.57,4472.9,0.5,0,42039.49,2026-05
SHORT,F2,EXIT_SL_RAISED,2026-05-19T21:30:00,2026-05-19T21:49:45.416000,4473.57,4472.9,0.5,0,42039.49,2026-05
SHORT,F3,EXIT_SL_RAISED,2026-05-19T21:30:00,2026-05-19T21:49:45.416000,4473.57,4472.9,0.5,0,42039.49,2026-05
SHORT,F1,EXIT_SL_RAISED,2026-05-19T22:15:00,2026-05-20T00:16:07.709000,4481.1,4470.13,0.5,0,688318.14,2026-05
SHORT,F2,EXIT_SL_RAISED,2026-05-19T22:15:00,2026-05-20T00:16:07.709000,4481.1,4470.13,0.5,0,688318.14,2026-05
SHORT,F3,EXIT_SL_RAISED,2026-05-19T22:15:00,2026-05-20T00:16:07.709000,4481.1,4470.13,0.5,0,688318.14,2026-05
SHORT,F1,EXIT_SL_RAISED,2026-05-20T02:45:00,2026-05-20T03:09:38.093000,4466.92,4481.23,0.5,0,-897888.1,2026-05
SHORT,F2,EXIT_SL_RAISED,2026-05-20T02:45:00,2026-05-20T03:09:38.093000,4466.92,4481.23,0.5,0,-897888.1,2026-05
SHORT,F3,EXIT_SL_RAISED,2026-05-20T02:45:00,2026-05-20T03:09:38.093000,4466.92,4481.23,0.5,0,-897888.1,2026-05
LONG,F1,EXIT_SL_RAISED,2026-05-20T18:45:00,2026-05-20T20:26:00.965000,4542.58,4538.45,0.5,0,-259138.92,2026-05
LONG,F2,EXIT_SL_RAISED,2026-05-20T18:45:00,2026-05-20T20:26:00.965000,4542.58,4538.45,0.5,0,-259138.92,2026-05
LONG,F3,EXIT_SL_RAISED,2026-05-20T18:45:00,2026-05-20T20:26:00.965000,4542.58,4538.45,0.5,0,-259138.92,2026-05
LONG,F1,EXIT_SL_RAISED,2026-05-20T21:00:00,2026-05-20T22:03:05.806000,4545.62,4557.84,0.5,0,766750.01,2026-05
LONG,F2,EXIT_SL_RAISED,2026-05-20T21:00:00,2026-05-20T22:03:05.806000,4545.62,4557.84,0.5,0,766750.01,2026-05
LONG,F3,EXIT_SL_RAISED,2026-05-20T21:00:00,2026-05-20T22:03:05.806000,4545.62,4557.84,0.5,0,766750.01,2026-05
SHORT,F1,EXIT_SL_RAISED,2026-05-20T22:30:00,2026-05-21T00:28:22.862000,4540.13,4539.9,0.5,0,14431.47,2026-05
SHORT,F2,EXIT_SL_RAISED,2026-05-20T22:30:00,2026-05-21T00:28:22.862000,4540.13,4539.9,0.5,0,14431.47,2026-05
SHORT,F3,EXIT_SL_RAISED,2026-05-20T22:30:00,2026-05-21T00:28:22.862000,4540.13,4539.9,0.5,0,14431.47,2026-05
LONG,F1,EXIT_TRAIL,2026-05-21T20:45:00,2026-05-21T21:00:00,4538.38,4526.38,0.5,0,-752946.0,2026-05
LONG,F2,EXIT_TRAIL,2026-05-21T20:45:00,2026-05-21T21:00:00,4538.38,4526.38,0.5,0,-752946.0,2026-05
LONG,F3,EXIT_TRAIL,2026-05-21T20:45:00,2026-05-21T21:00:00,4538.38,4526.38,0.5,0,-752946.0,2026-05
SHORT,F1,EXIT_SL_RAISED,2026-05-21T22:30:00,2026-05-21T23:45:50.630000,4524.49,4528.71,0.5,0,-264786.01,2026-05
SHORT,F2,EXIT_SL_RAISED,2026-05-21T22:30:00,2026-05-21T23:45:50.630000,4524.49,4528.71,0.5,0,-264786.01,2026-05
SHORT,F3,EXIT_SL_RAISED,2026-05-21T22:30:00,2026-05-21T23:45:50.630000,4524.49,4528.71,0.5,0,-264786.01,2026-05
SHORT,F1,EXIT_SL_RAISED,2026-05-22T01:00:00,2026-05-22T01:37:21.752000,4526.98,4532.51,0.5,0,-346982.62,2026-05
SHORT,F2,EXIT_SL_RAISED,2026-05-22T01:00:00,2026-05-22T01:37:21.752000,4526.98,4532.51,0.5,0,-346982.62,2026-05
SHORT,F3,EXIT_SL_RAISED,2026-05-22T01:00:00,2026-05-22T01:37:21.752000,4526.98,4532.51,0.5,0,-346982.62,2026-05
SHORT,F1,EXIT_SL_RAISED,2026-05-22T02:00:00,2026-05-22T02:15:14.857000,4511.12,4522.39,0.5,0,-707141.79,2026-05
SHORT,F2,EXIT_SL_RAISED,2026-05-22T02:00:00,2026-05-22T02:15:14.857000,4511.12,4522.39,0.5,0,-707141.79,2026-05
SHORT,F3,EXIT_SL_RAISED,2026-05-22T02:00:00,2026-05-22T02:15:14.857000,4511.12,4522.39,0.5,0,-707141.79,2026-05
LONG,F1,EXIT_SL_RAISED,2026-05-25T00:30:00,2026-05-25T01:25:21.844000,4565.55,4555.57,0.5,0,-626200.09,2026-05
LONG,F2,EXIT_SL_RAISED,2026-05-25T00:30:00,2026-05-25T01:25:21.844000,4565.55,4555.57,0.5,0,-626200.09,2026-05
LONG,F3,EXIT_SL_RAISED,2026-05-25T00:30:00,2026-05-25T01:25:21.844000,4565.55,4555.57,0.5,0,-626200.09,2026-05
LONG,F1,EXIT_SL_RAISED,2026-05-25T18:45:00,2026-05-25T19:26:43.246000,4574.37,4571.47,0.5,0,-181961.95,2026-05
LONG,F2,EXIT_SL_RAISED,2026-05-25T18:45:00,2026-05-25T19:26:43.246000,4574.37,4571.47,0.5,0,-181961.95,2026-05
LONG,F3,EXIT_SL_RAISED,2026-05-25T18:45:00,2026-05-25T19:26:43.246000,4574.37,4571.47,0.5,0,-181961.95,2026-05
SHORT,F1,EXIT_SL_RAISED,2026-05-26T00:30:00,2026-05-26T01:30:01.826000,4532.42,4532.45,0.5,0,-1882.36,2026-05
SHORT,F2,EXIT_SL_RAISED,2026-05-26T00:30:00,2026-05-26T01:30:01.826000,4532.42,4532.45,0.5,0,-1882.36,2026-05
SHORT,F3,EXIT_SL_RAISED,2026-05-26T00:30:00,2026-05-26T01:30:01.826000,4532.42,4532.45,0.5,0,-1882.36,2026-05
SHORT,F1,EXIT_SL_RAISED,2026-05-26T03:00:00,2026-05-26T03:48:18.963000,4530.88,4531.71,0.5,0,-52078.76,2026-05
SHORT,F2,EXIT_SL_RAISED,2026-05-26T03:00:00,2026-05-26T03:48:18.963000,4530.88,4531.71,0.5,0,-52078.76,2026-05
SHORT,F3,EXIT_SL_RAISED,2026-05-26T03:00:00,2026-05-26T03:48:18.963000,4530.88,4531.71,0.5,0,-52078.76,2026-05
LONG,F1,EXIT_SL_RAISED,2026-05-26T19:00:00,2026-05-26T21:01:33.854000,4511.36,4514.65,0.5,0,206432.69,2026-05
LONG,F2,EXIT_SL_RAISED,2026-05-26T19:00:00,2026-05-26T21:01:33.854000,4511.36,4514.65,0.5,0,206432.69,2026-05
LONG,F3,EXIT_SL_RAISED,2026-05-26T19:00:00,2026-05-26T21:01:33.854000,4511.36,4514.65,0.5,0,206432.69,2026-05
SHORT,F1,EXIT_SL_RAISED,2026-05-26T21:45:00,2026-05-26T23:03:40.377000,4509.9,4509.96,0.5,0,-3764.73,2026-05
SHORT,F2,EXIT_SL_RAISED,2026-05-26T21:45:00,2026-05-26T23:03:40.377000,4509.9,4509.96,0.5,0,-3764.73,2026-05
SHORT,F3,EXIT_SL_RAISED,2026-05-26T21:45:00,2026-05-26T23:03:40.377000,4509.9,4509.96,0.5,0,-3764.73,2026-05
SHORT,F1,EXIT_SL_RAISED,2026-05-26T23:45:00,2026-05-27T00:42:54.166000,4504.18,4506.84,0.5,0,-166903.03,2026-05
SHORT,F2,EXIT_SL_RAISED,2026-05-26T23:45:00,2026-05-27T00:42:54.166000,4504.18,4506.84,0.5,0,-166903.03,2026-05
SHORT,F3,EXIT_SL_RAISED,2026-05-26T23:45:00,2026-05-27T00:42:54.166000,4504.18,4506.84,0.5,0,-166903.03,2026-05
SHORT,F1,EXIT_SL_RAISED,2026-05-27T01:45:00,2026-05-27T04:01:39.603000,4493.27,4487.95,0.5,0,333806.06,2026-05
SHORT,F2,EXIT_SL_RAISED,2026-05-27T01:45:00,2026-05-27T04:01:39.603000,4493.27,4487.95,0.5,0,333806.06,2026-05
SHORT,F3,EXIT_SL_RAISED,2026-05-27T01:45:00,2026-05-27T04:01:39.603000,4493.27,4487.95,0.5,0,333806.06,2026-05
LONG,F1,EXIT_SL_RAISED,2026-05-27T20:45:00,2026-05-27T21:03:01.851000,4452.35,4447.0,0.5,0,-335688.43,2026-05
LONG,F2,EXIT_SL_RAISED,2026-05-27T20:45:00,2026-05-27T21:03:01.851000,4452.35,4447.0,0.5,0,-335688.43,2026-05
LONG,F3,EXIT_SL_RAISED,2026-05-27T20:45:00,2026-05-27T21:03:01.851000,4452.35,4447.0,0.5,0,-335688.43,2026-05
SHORT,F1,EXIT_SL_RAISED,2026-05-27T21:15:00,2026-05-28T01:30:24.204000,4437.91,4381.33,0.5,0,3550140.39,2026-05
SHORT,F2,EXIT_SL_RAISED,2026-05-27T21:15:00,2026-05-28T01:30:24.204000,4437.91,4381.33,0.5,0,3550140.39,2026-05
SHORT,F3,EXIT_SL_RAISED,2026-05-27T21:15:00,2026-05-28T01:30:24.204000,4437.91,4381.33,0.5,0,3550140.39,2026-05
LONG,F1,EXIT_TRAIL,2026-05-28T20:00:00,2026-05-28T21:30:00,4495.61,4505.31,0.5,0,608631.35,2026-05
LONG,F2,EXIT_TRAIL,2026-05-28T20:00:00,2026-05-28T21:30:00,4495.61,4505.31,0.5,0,608631.35,2026-05
LONG,F3,EXIT_TRAIL,2026-05-28T20:00:00,2026-05-28T21:30:00,4495.61,4505.31,0.5,0,608631.35,2026-05
LONG,F1,EXIT_SL_RAISED,2026-05-28T21:45:00,2026-05-28T22:30:45.260000,4506.83,4499.46,0.5,0,-462434.33,2026-05
LONG,F2,EXIT_SL_RAISED,2026-05-28T21:45:00,2026-05-28T22:30:45.260000,4506.83,4499.46,0.5,0,-462434.33,2026-05
LONG,F3,EXIT_SL_RAISED,2026-05-28T21:45:00,2026-05-28T22:30:45.260000,4506.83,4499.46,0.5,0,-462434.33,2026-05
LONG,F1,EXIT_SL_RAISED,2026-05-29T00:00:00,2026-05-29T01:36:02.831000,4501.51,4505.57,0.5,0,254746.73,2026-05
LONG,F2,EXIT_SL_RAISED,2026-05-29T00:00:00,2026-05-29T01:36:02.831000,4501.51,4505.57,0.5,0,254746.73,2026-05
LONG,F3,EXIT_SL_RAISED,2026-05-29T00:00:00,2026-05-29T01:36:02.831000,4501.51,4505.57,0.5,0,254746.73,2026-05
LONG,F1,EXIT_SL_RAISED,2026-05-29T02:30:00,2026-05-29T03:24:55.647000,4516.92,4512.03,0.5,0,-306825.5,2026-05
LONG,F2,EXIT_SL_RAISED,2026-05-29T02:30:00,2026-05-29T03:24:55.647000,4516.92,4512.03,0.5,0,-306825.5,2026-05
LONG,F3,EXIT_SL_RAISED,2026-05-29T02:30:00,2026-05-29T03:24:55.647000,4516.92,4512.03,0.5,0,-306825.5,2026-05
SHORT,F1,EXIT_SL_RAISED,2026-05-31T19:00:00,2026-06-01T01:17:37.932000,4535.2,4519.64,0.5,0,976319.98,2026-05
SHORT,F2,EXIT_SL_RAISED,2026-05-31T19:00:00,2026-06-01T01:17:37.932000,4535.2,4519.64,0.5,0,976319.98,2026-05
SHORT,F3,EXIT_SL_RAISED,2026-05-31T19:00:00,2026-06-01T01:17:37.932000,4535.2,4519.64,0.5,0,976319.98,2026-05
SHORT,F1,EXIT_SL_RAISED,2026-06-01T02:45:00,2026-06-01T05:17:15.168000,4504.42,4501.92,0.5,0,156863.75,2026-06
SHORT,F2,EXIT_SL_RAISED,2026-06-01T02:45:00,2026-06-01T05:17:15.168000,4504.42,4501.92,0.5,0,156863.75,2026-06
SHORT,F3,EXIT_SL_RAISED,2026-06-01T02:45:00,2026-06-01T05:17:15.168000,4504.42,4501.92,0.5,0,156863.75,2026-06
LONG,F1,EXIT_SL_RAISED,2026-06-01T18:15:00,2026-06-01T19:49:28.789000,4484.92,4479.22,0.5,1,-357649.35,2026-06
LONG,F2,EXIT_SL_RAISED,2026-06-01T18:15:00,2026-06-01T19:49:28.789000,4484.92,4479.22,0.5,1,-357649.35,2026-06
LONG,F3,EXIT_SL_RAISED,2026-06-01T18:15:00,2026-06-01T19:49:28.789000,4484.92,4479.22,0.5,1,-357649.35,2026-06
LONG,F1,EXIT_SL_RAISED,2026-06-01T20:30:00,2026-06-01T20:45:00.424000,4494.11,4486.44,0.5,0,-481257.99,2026-06
LONG,F2,EXIT_SL_RAISED,2026-06-01T20:30:00,2026-06-01T20:45:00.424000,4494.11,4486.44,0.5,0,-481257.99,2026-06
LONG,F3,EXIT_SL_RAISED,2026-06-01T20:30:00,2026-06-01T20:45:00.424000,4494.11,4486.44,0.5,0,-481257.99,2026-06
LONG,F1,EXIT_SL_RAISED,2026-06-01T21:15:00,2026-06-01T21:41:41.222000,4490.37,4480.27,0.5,0,-633729.55,2026-06
LONG,F2,EXIT_SL_RAISED,2026-06-01T21:15:00,2026-06-01T21:41:41.222000,4490.37,4480.27,0.5,0,-633729.55,2026-06
LONG,F3,EXIT_SL_RAISED,2026-06-01T21:15:00,2026-06-01T21:41:41.222000,4490.37,4480.27,0.5,0,-633729.55,2026-06
LONG,F1,EXIT_SL_RAISED,2026-06-01T23:30:00,2026-06-02T01:55:37.046000,4495.54,4516.28,0.5,0,1301341.67,2026-06
LONG,F2,EXIT_SL_RAISED,2026-06-01T23:30:00,2026-06-02T01:55:37.046000,4495.54,4516.28,0.5,0,1301341.67,2026-06
LONG,F3,EXIT_SL_RAISED,2026-06-01T23:30:00,2026-06-02T01:55:37.046000,4495.54,4516.28,0.5,0,1301341.67,2026-06
LONG,F1,EXIT_SL_RAISED,2026-06-02T02:30:00,2026-06-02T03:53:09.998000,4533.51,4529.45,0.5,0,-254746.73,2026-06
LONG,F2,EXIT_SL_RAISED,2026-06-02T02:30:00,2026-06-02T03:53:09.998000,4533.51,4529.45,0.5,0,-254746.73,2026-06
LONG,F3,EXIT_SL_RAISED,2026-06-02T02:30:00,2026-06-02T03:53:09.998000,4533.51,4529.45,0.5,0,-254746.73,2026-06
LONG,F1,EXIT_SL_RAISED,2026-06-02T20:45:00,2026-06-02T21:00:07.203000,4496.23,4483.56,0.5,0,-794985.48,2026-06
LONG,F2,EXIT_SL_RAISED,2026-06-02T20:45:00,2026-06-02T21:00:07.203000,4496.23,4483.56,0.5,0,-794985.48,2026-06
LONG,F3,EXIT_SL_RAISED,2026-06-02T20:45:00,2026-06-02T21:00:07.203000,4496.23,4483.56,0.5,0,-794985.48,2026-06
SHORT,F1,EXIT_SL_RAISED,2026-06-02T21:15:00,2026-06-02T21:50:12.669000,4471.12,4476.53,0.5,0,-339453.15,2026-06
SHORT,F2,EXIT_SL_RAISED,2026-06-02T21:15:00,2026-06-02T21:50:12.669000,4471.12,4476.53,0.5,0,-339453.15,2026-06
SHORT,F3,EXIT_SL_RAISED,2026-06-02T21:15:00,2026-06-02T21:50:12.669000,4471.12,4476.53,0.5,0,-339453.15,2026-06
LONG,F1,EXIT_SL_RAISED,2026-06-03T19:00:00,2026-06-03T20:14:22.409000,4449.33,4452.97,0.5,0,228393.62,2026-06
LONG,F2,EXIT_SL_RAISED,2026-06-03T19:00:00,2026-06-03T20:14:22.409000,4449.33,4452.97,0.5,0,228393.62,2026-06
LONG,F3,EXIT_SL_RAISED,2026-06-03T19:00:00,2026-06-03T20:14:22.409000,4449.33,4452.97,0.5,0,228393.62,2026-06
LONG,F1,EXIT_SL_RAISED,2026-06-03T22:00:00,2026-06-03T23:40:33.721000,4466.13,4462.83,0.5,0,-207060.15,2026-06
LONG,F2,EXIT_SL_RAISED,2026-06-03T22:00:00,2026-06-03T23:40:33.721000,4466.13,4462.83,0.5,0,-207060.15,2026-06
LONG,F3,EXIT_SL_RAISED,2026-06-03T22:00:00,2026-06-03T23:40:33.721000,4466.13,4462.83,0.5,0,-207060.15,2026-06
SHORT,F1,EXIT_SL_RAISED,2026-06-04T19:00:00,2026-06-04T19:25:38.668000,4469.52,4473.06,0.5,0,-222119.07,2026-06
SHORT,F2,EXIT_SL_RAISED,2026-06-04T19:00:00,2026-06-04T19:25:38.668000,4469.52,4473.06,0.5,0,-222119.07,2026-06
SHORT,F3,EXIT_SL_RAISED,2026-06-04T19:00:00,2026-06-04T19:25:38.668000,4469.52,4473.06,0.5,0,-222119.07,2026-06
SHORT,F1,EXIT_SL_RAISED,2026-06-04T19:30:00,2026-06-04T20:30:47.596000,4469.08,4460.27,0.5,0,552787.85,2026-06
SHORT,F2,EXIT_SL_RAISED,2026-06-04T19:30:00,2026-06-04T20:30:47.596000,4469.08,4460.27,0.5,0,552787.85,2026-06
SHORT,F3,EXIT_SL_RAISED,2026-06-04T19:30:00,2026-06-04T20:30:47.596000,4469.08,4460.27,0.5,0,552787.85,2026-06
SHORT,F1,EXIT_SL_RAISED,2026-06-04T21:00:00,2026-06-04T21:16:14.754000,4459.07,4464.09,0.5,0,-314982.41,2026-06
SHORT,F2,EXIT_SL_RAISED,2026-06-04T21:00:00,2026-06-04T21:16:14.754000,4459.07,4464.09,0.5,0,-314982.41,2026-06
SHORT,F3,EXIT_SL_RAISED,2026-06-04T21:00:00,2026-06-04T21:16:14.754000,4459.07,4464.09,0.5,0,-314982.41,2026-06
SHORT,F1,EXIT_SL_RAISED,2026-06-04T22:45:00,2026-06-05T01:02:16.683000,4442.72,4446.59,0.5,0,-242825.08,2026-06
SHORT,F2,EXIT_SL_RAISED,2026-06-04T22:45:00,2026-06-05T01:02:16.683000,4442.72,4446.59,0.5,0,-242825.08,2026-06
SHORT,F3,EXIT_SL_RAISED,2026-06-04T22:45:00,2026-06-05T01:02:16.683000,4442.72,4446.59,0.5,0,-242825.08,2026-06
SHORT,F1,EXIT_TRAIL,2026-06-05T01:45:00,2026-06-05T02:30:00,4443.57,4442.94,0.5,0,39529.67,2026-06
SHORT,F2,EXIT_TRAIL,2026-06-05T01:45:00,2026-06-05T02:30:00,4443.57,4442.94,0.5,0,39529.67,2026-06
SHORT,F3,EXIT_TRAIL,2026-06-05T01:45:00,2026-06-05T02:30:00,4443.57,4442.94,0.5,0,39529.67,2026-06
SHORT,F1,EXIT_SL_RAISED,2026-06-07T18:30:00,2026-06-07T19:13:20.884000,4316.56,4332.85,0.5,0,-1022124.19,2026-06
SHORT,F2,EXIT_SL_RAISED,2026-06-07T18:30:00,2026-06-07T19:13:20.884000,4316.56,4332.85,0.5,0,-1022124.19,2026-06
SHORT,F3,EXIT_SL_RAISED,2026-06-07T18:30:00,2026-06-07T19:13:20.884000,4316.56,4332.85,0.5,0,-1022124.19,2026-06
LONG,F1,EXIT_SL_RAISED,2026-06-07T19:15:00,2026-06-07T21:00:33.502000,4331.08,4336.95,0.5,0,368316.08,2026-06
LONG,F2,EXIT_SL_RAISED,2026-06-07T19:15:00,2026-06-07T21:00:33.502000,4331.08,4336.95,0.5,0,368316.08,2026-06
LONG,F3,EXIT_SL_RAISED,2026-06-07T19:15:00,2026-06-07T21:00:33.502000,4331.08,4336.95,0.5,0,368316.08,2026-06
SHORT,F1,EXIT_TRAIL,2026-06-07T21:15:00,2026-06-07T21:45:00,4326.89,4326.59,0.5,0,18823.65,2026-06
SHORT,F2,EXIT_TRAIL,2026-06-07T21:15:00,2026-06-07T21:45:00,4326.89,4326.59,0.5,0,18823.65,2026-06
SHORT,F3,EXIT_TRAIL,2026-06-07T21:15:00,2026-06-07T21:45:00,4326.89,4326.59,0.5,0,18823.65,2026-06
SHORT,F1,EXIT_TRAIL,2026-06-08T01:15:00,2026-06-08T01:45:00,4304.46,4288.33,0.5,0,1012084.92,2026-06
SHORT,F2,EXIT_TRAIL,2026-06-08T01:15:00,2026-06-08T01:45:00,4304.46,4288.33,0.5,0,1012084.92,2026-06
SHORT,F3,EXIT_TRAIL,2026-06-08T01:15:00,2026-06-08T01:45:00,4304.46,4288.33,0.5,0,1012084.92,2026-06
SHORT,F1,EXIT_SL_RAISED,2026-06-08T01:45:00,2026-06-08T02:01:37.699000,4287.83,4304.11,0.5,0,-1021496.74,2026-06
SHORT,F2,EXIT_SL_RAISED,2026-06-08T01:45:00,2026-06-08T02:01:37.699000,4287.83,4304.11,0.5,0,-1021496.74,2026-06
SHORT,F3,EXIT_SL_RAISED,2026-06-08T01:45:00,2026-06-08T02:01:37.699000,4287.83,4304.11,0.5,0,-1021496.74,2026-06
SHORT,F1,EXIT_SL_RAISED,2026-06-08T20:30:00,2026-06-08T21:05:23.584000,4316.64,4324.93,0.5,0,-520160.19,2026-06
SHORT,F2,EXIT_SL_RAISED,2026-06-08T20:30:00,2026-06-08T21:05:23.584000,4316.64,4324.93,0.5,0,-520160.19,2026-06
SHORT,F3,EXIT_SL_RAISED,2026-06-08T20:30:00,2026-06-08T21:05:23.584000,4316.64,4324.93,0.5,0,-520160.19,2026-06
LONG,F1,EXIT_SL_RAISED,2026-06-08T23:45:00,2026-06-09T00:16:35.916000,4338.01,4330.78,0.5,0,-453649.97,2026-06
LONG,F2,EXIT_SL_RAISED,2026-06-08T23:45:00,2026-06-09T00:16:35.916000,4338.01,4330.78,0.5,0,-453649.97,2026-06
LONG,F3,EXIT_SL_RAISED,2026-06-08T23:45:00,2026-06-09T00:16:35.916000,4338.01,4330.78,0.5,0,-453649.97,2026-06
LONG,F1,EXIT_SL_RAISED,2026-06-09T01:30:00,2026-06-09T02:28:48.759000,4332.87,4339.67,0.5,0,426669.4,2026-06
LONG,F2,EXIT_SL_RAISED,2026-06-09T01:30:00,2026-06-09T02:28:48.759000,4332.87,4339.67,0.5,0,426669.4,2026-06
LONG,F3,EXIT_SL_RAISED,2026-06-09T01:30:00,2026-06-09T02:28:48.759000,4332.87,4339.67,0.5,0,426669.4,2026-06
SHORT,F1,EXIT_SL_RAISED,2026-06-09T21:15:00,2026-06-10T01:30:00.233000,4203.19,4187.94,0.5,0,956868.88,2026-06
SHORT,F2,EXIT_SL_RAISED,2026-06-09T21:15:00,2026-06-10T01:30:00.233000,4203.19,4187.94,0.5,0,956868.88,2026-06
SHORT,F3,EXIT_SL_RAISED,2026-06-09T21:15:00,2026-06-10T01:30:00.233000,4203.19,4187.94,0.5,0,956868.88,2026-06
LONG,F1,EXIT_SL_RAISED,2026-06-10T01:45:00,2026-06-10T02:49:23.570000,4198.46,4205.06,0.5,0,414120.3,2026-06
LONG,F2,EXIT_SL_RAISED,2026-06-10T01:45:00,2026-06-10T02:49:23.570000,4198.46,4205.06,0.5,0,414120.3,2026-06
LONG,F3,EXIT_SL_RAISED,2026-06-10T01:45:00,2026-06-10T02:49:23.570000,4198.46,4205.06,0.5,0,414120.3,2026-06
SHORT,F1,EXIT_SL_RAISED,2026-06-10T19:00:00,2026-06-10T19:20:32.854000,4046.34,4047.04,0.5,0,-43921.85,2026-06
SHORT,F2,EXIT_SL_RAISED,2026-06-10T19:00:00,2026-06-10T19:20:32.854000,4046.34,4047.04,0.5,0,-43921.85,2026-06
SHORT,F3,EXIT_SL_RAISED,2026-06-10T19:00:00,2026-06-10T19:20:32.854000,4046.34,4047.04,0.5,0,-43921.85,2026-06
LONG,F1,EXIT_SL_RAISED,2026-06-10T21:15:00,2026-06-10T22:11:15.144000,4087.08,4091.18,0.5,0,257256.55,2026-06
LONG,F2,EXIT_SL_RAISED,2026-06-10T21:15:00,2026-06-10T22:11:15.144000,4087.08,4091.18,0.5,0,257256.55,2026-06
LONG,F3,EXIT_SL_RAISED,2026-06-10T21:15:00,2026-06-10T22:11:15.144000,4087.08,4091.18,0.5,0,257256.55,2026-06
SHORT,F1,EXIT_SL_RAISED,2026-06-10T22:45:00,2026-06-11T00:08:49.580000,4059.39,4077.45,0.5,0,-1133183.73,2026-06
SHORT,F2,EXIT_SL_RAISED,2026-06-10T22:45:00,2026-06-11T00:08:49.580000,4059.39,4077.45,0.5,0,-1133183.73,2026-06
SHORT,F3,EXIT_SL_RAISED,2026-06-10T22:45:00,2026-06-11T00:08:49.580000,4059.39,4077.45,0.5,0,-1133183.73,2026-06
LONG,F1,EXIT_SL_RAISED,2026-06-11T00:15:00,2026-06-11T02:05:01.887000,4083.08,4083.93,0.5,0,53333.67,2026-06
LONG,F2,EXIT_SL_RAISED,2026-06-11T00:15:00,2026-06-11T02:05:01.887000,4083.08,4083.93,0.5,0,53333.67,2026-06
LONG,F3,EXIT_SL_RAISED,2026-06-11T00:15:00,2026-06-11T02:05:01.887000,4083.08,4083.93,0.5,0,53333.67,2026-06
LONG,F1,EXIT_SL_RAISED,2026-06-11T02:45:00,2026-06-11T04:33:14.400000,4093.15,4093.87,0.5,0,45176.76,2026-06
LONG,F2,EXIT_SL_RAISED,2026-06-11T02:45:00,2026-06-11T04:33:14.400000,4093.15,4093.87,0.5,0,45176.76,2026-06
LONG,F3,EXIT_SL_RAISED,2026-06-11T02:45:00,2026-06-11T04:33:14.400000,4093.15,4093.87,0.5,0,45176.76,2026-06
SHORT,F1,EXIT_SL_RAISED,2026-06-11T21:15:00,2026-06-11T22:08:00.816000,4186.94,4195.26,0.5,0,-522042.56,2026-06
SHORT,F2,EXIT_SL_RAISED,2026-06-11T21:15:00,2026-06-11T22:08:00.816000,4186.94,4195.26,0.5,0,-522042.56,2026-06
SHORT,F3,EXIT_SL_RAISED,2026-06-11T21:15:00,2026-06-11T22:08:00.816000,4186.94,4195.26,0.5,0,-522042.56,2026-06
LONG,F1,reverse,2026-06-11T23:30:00,2026-06-12T00:30:00,4203.82,4192.61,0.5,0,-703377.06,2026-06
LONG,F2,reverse,2026-06-11T23:30:00,2026-06-12T00:30:00,4203.82,4192.61,0.5,0,-703377.06,2026-06
LONG,F3,reverse,2026-06-11T23:30:00,2026-06-12T00:30:00,4203.82,4192.61,0.5,0,-703377.06,2026-06
SHORT,F1,EXIT_SL_RAISED,2026-06-12T00:30:00,2026-06-12T03:56:53.624000,4192.61,4185.9,0.5,0,421022.31,2026-06
SHORT,F2,EXIT_SL_RAISED,2026-06-12T00:30:00,2026-06-12T03:56:53.624000,4192.61,4185.9,0.5,0,421022.31,2026-06
SHORT,F3,EXIT_SL_RAISED,2026-06-12T00:30:00,2026-06-12T03:56:53.624000,4192.61,4185.9,0.5,0,421022.31,2026-06
LONG,F1,EXIT_SL_RAISED,2026-06-15T00:30:00,2026-06-15T01:37:17.211000,4327.54,4319.96,0.5,0,-475610.89,2026-06
LONG,F2,EXIT_SL_RAISED,2026-06-15T00:30:00,2026-06-15T01:37:17.211000,4327.54,4319.96,0.5,0,-475610.89,2026-06
LONG,F3,EXIT_SL_RAISED,2026-06-15T00:30:00,2026-06-15T01:37:17.211000,4327.54,4319.96,0.5,0,-475610.89,2026-06
SHORT,F1,EXIT_SL_RAISED,2026-06-15T20:30:00,2026-06-15T20:55:55.634000,4308.21,4317.1,0.5,0,-557807.5,2026-06
SHORT,F2,EXIT_SL_RAISED,2026-06-15T20:30:00,2026-06-15T20:55:55.634000,4308.21,4317.1,0.5,0,-557807.5,2026-06
SHORT,F3,EXIT_SL_RAISED,2026-06-15T20:30:00,2026-06-15T20:55:55.634000,4308.21,4317.1,0.5,0,-557807.5,2026-06
SHORT,F1,EXIT_SL_RAISED,2026-06-15T22:45:00,2026-06-15T23:25:46.093000,4312.01,4321.28,0.5,0,-581650.78,2026-06
SHORT,F2,EXIT_SL_RAISED,2026-06-15T22:45:00,2026-06-15T23:25:46.093000,4312.01,4321.28,0.5,0,-581650.78,2026-06
SHORT,F3,EXIT_SL_RAISED,2026-06-15T22:45:00,2026-06-15T23:25:46.093000,4312.01,4321.28,0.5,0,-581650.78,2026-06
LONG,F1,EXIT_SL_RAISED,2026-06-15T23:30:00,2026-06-16T00:27:18.931000,4321.56,4322.33,0.5,0,48314.03,2026-06
LONG,F2,EXIT_SL_RAISED,2026-06-15T23:30:00,2026-06-16T00:27:18.931000,4321.56,4322.33,0.5,0,48314.03,2026-06
LONG,F3,EXIT_SL_RAISED,2026-06-15T23:30:00,2026-06-16T00:27:18.931000,4321.56,4322.33,0.5,0,48314.03,2026-06
LONG,F1,EXIT_SL_RAISED,2026-06-16T03:00:00,2026-06-16T05:29:50.865000,4324.26,4338.16,0.5,0,872162.45,2026-06
LONG,F2,EXIT_SL_RAISED,2026-06-16T03:00:00,2026-06-16T05:29:50.865000,4324.26,4338.16,0.5,0,872162.45,2026-06
LONG,F3,EXIT_SL_RAISED,2026-06-16T03:00:00,2026-06-16T05:29:50.865000,4324.26,4338.16,0.5,0,872162.45,2026-06
LONG,F1,EXIT_SL_RAISED,2026-06-16T19:00:00,2026-06-16T19:50:38.752000,4335.78,4330.87,0.5,0,-308080.4,2026-06
LONG,F2,EXIT_SL_RAISED,2026-06-16T19:00:00,2026-06-16T19:50:38.752000,4335.78,4330.87,0.5,0,-308080.4,2026-06
LONG,F3,EXIT_SL_RAISED,2026-06-16T19:00:00,2026-06-16T19:50:38.752000,4335.78,4330.87,0.5,0,-308080.4,2026-06
LONG,F1,EXIT_SL_RAISED,2026-06-16T21:15:00,2026-06-16T21:32:28.217000,4348.13,4338.36,0.5,0,-613023.54,2026-06
LONG,F2,EXIT_SL_RAISED,2026-06-16T21:15:00,2026-06-16T21:32:28.217000,4348.13,4338.36,0.5,0,-613023.54,2026-06
LONG,F3,EXIT_SL_RAISED,2026-06-16T21:15:00,2026-06-16T21:32:28.217000,4348.13,4338.36,0.5,0,-613023.54,2026-06
LONG,F1,EXIT_SL_RAISED,2026-06-16T22:00:00,2026-06-16T22:45:49.257000,4341.23,4335.3,0.5,0,-372080.81,2026-06
LONG,F2,EXIT_SL_RAISED,2026-06-16T22:00:00,2026-06-16T22:45:49.257000,4341.23,4335.3,0.5,0,-372080.81,2026-06
LONG,F3,EXIT_SL_RAISED,2026-06-16T22:00:00,2026-06-16T22:45:49.257000,4341.23,4335.3,0.5,0,-372080.81,2026-06
SHORT,F1,EXIT_SL_RAISED,2026-06-17T00:30:00,2026-06-17T00:59:58.032000,4324.35,4326.55,0.5,0,-138040.1,2026-06
SHORT,F2,EXIT_SL_RAISED,2026-06-17T00:30:00,2026-06-17T00:59:58.032000,4324.35,4326.55,0.5,0,-138040.1,2026-06
SHORT,F3,EXIT_SL_RAISED,2026-06-17T00:30:00,2026-06-17T00:59:58.032000,4324.35,4326.55,0.5,0,-138040.1,2026-06
SHORT,F1,EXIT_SL_RAISED,2026-06-17T01:15:00,2026-06-17T01:30:01.755000,4322.37,4329.95,0.5,0,-475610.89,2026-06
SHORT,F2,EXIT_SL_RAISED,2026-06-17T01:15:00,2026-06-17T01:30:01.755000,4322.37,4329.95,0.5,0,-475610.89,2026-06
SHORT,F3,EXIT_SL_RAISED,2026-06-17T01:15:00,2026-06-17T01:30:01.755000,4322.37,4329.95,0.5,0,-475610.89,2026-06
LONG,F1,EXIT_SL_RAISED,2026-06-17T19:15:00,2026-06-17T23:00:12.205000,4282.2,4310.57,0.5,0,1780089.83,2026-06
LONG,F2,EXIT_SL_RAISED,2026-06-17T19:15:00,2026-06-17T23:00:12.205000,4282.2,4310.57,0.5,0,1780089.83,2026-06
LONG,F3,EXIT_SL_RAISED,2026-06-17T19:15:00,2026-06-17T23:00:12.205000,4282.2,4310.57,0.5,0,1780089.83,2026-06
SHORT,F1,EXIT_SL_RAISED,2026-06-18T00:45:00,2026-06-18T01:30:01.439000,4309.84,4324.6,0.5,0,-926123.58,2026-06
SHORT,F2,EXIT_SL_RAISED,2026-06-18T00:45:00,2026-06-18T01:30:01.439000,4309.84,4324.6,0.5,0,-926123.58,2026-06
SHORT,F3,EXIT_SL_RAISED,2026-06-18T00:45:00,2026-06-18T01:30:01.439000,4309.84,4324.6,0.5,0,-926123.58,2026-06
SHORT,F1,EXIT_SL_RAISED,2026-06-18T01:45:00,2026-06-18T08:12:52.554000,4310.43,4253.36,0.5,0,3580885.69,2026-06
SHORT,F2,EXIT_SL_RAISED,2026-06-18T01:45:00,2026-06-18T08:12:52.554000,4310.43,4253.36,0.5,0,3580885.69,2026-06
SHORT,F3,EXIT_SL_RAISED,2026-06-18T01:45:00,2026-06-18T08:12:52.554000,4310.43,4253.36,0.5,0,3580885.69,2026-06
SHORT,F1,EXIT_SL_RAISED,2026-06-18T18:15:00,2026-06-19T01:30:33.977000,4208.49,4135.26,0.5,0,4594852.96,2026-06
SHORT,F2,EXIT_SL_RAISED,2026-06-18T18:15:00,2026-06-19T01:30:33.977000,4208.49,4135.26,0.5,0,4594852.96,2026-06
SHORT,F3,EXIT_SL_RAISED,2026-06-18T18:15:00,2026-06-19T01:30:33.977000,4208.49,4135.26,0.5,0,4594852.96,2026-06
SHORT,F1,EXIT_SL_RAISED,2026-06-21T19:45:00,2026-06-21T20:01:23.029000,4145.47,4149.75,0.5,0,-268550.74,2026-06
SHORT,F2,EXIT_SL_RAISED,2026-06-21T19:45:00,2026-06-21T20:01:23.029000,4145.47,4149.75,0.5,0,-268550.74,2026-06
SHORT,F3,EXIT_SL_RAISED,2026-06-21T19:45:00,2026-06-21T20:01:23.029000,4145.47,4149.75,0.5,0,-268550.74,2026-06
LONG,F1,EXIT_SL_RAISED,2026-06-22T01:00:00,2026-06-22T03:30:40.259000,4181.94,4195.04,0.5,0,821966.05,2026-06
LONG,F2,EXIT_SL_RAISED,2026-06-22T01:00:00,2026-06-22T03:30:40.259000,4181.94,4195.04,0.5,0,821966.05,2026-06
LONG,F3,EXIT_SL_RAISED,2026-06-22T01:00:00,2026-06-22T03:30:40.259000,4181.94,4195.04,0.5,0,821966.05,2026-06
SHORT,F1,reverse,2026-06-22T18:45:00,2026-06-22T19:45:00,4189.86,4195.14,0.5,0,-331296.24,2026-06
SHORT,F2,reverse,2026-06-22T18:45:00,2026-06-22T19:45:00,4189.86,4195.14,0.5,0,-331296.24,2026-06
SHORT,F3,reverse,2026-06-22T18:45:00,2026-06-22T19:45:00,4189.86,4195.14,0.5,0,-331296.24,2026-06
LONG,F1,EXIT_SL_RAISED,2026-06-22T19:45:00,2026-06-22T20:00:00.845000,4195.14,4186.97,0.5,0,-512630.74,2026-06
LONG,F2,EXIT_SL_RAISED,2026-06-22T19:45:00,2026-06-22T20:00:00.845000,4195.14,4186.97,0.5,0,-512630.74,2026-06
LONG,F3,EXIT_SL_RAISED,2026-06-22T19:45:00,2026-06-22T20:00:00.845000,4195.14,4186.97,0.5,0,-512630.74,2026-06
LONG,F1,EXIT_SL_RAISED,2026-06-22T20:45:00,2026-06-22T21:06:35.796000,4193.11,4185.0,0.5,0,-508866.0,2026-06
LONG,F2,EXIT_SL_RAISED,2026-06-22T20:45:00,2026-06-22T21:06:35.796000,4193.11,4185.0,0.5,0,-508866.0,2026-06
LONG,F3,EXIT_SL_RAISED,2026-06-22T20:45:00,2026-06-22T21:06:35.796000,4193.11,4185.0,0.5,0,-508866.0,2026-06
SHORT,F1,EXIT_SL_RAISED,2026-06-23T01:00:00,2026-06-23T01:34:59.389000,4118.3,4131.31,0.5,0,-816318.96,2026-06
SHORT,F2,EXIT_SL_RAISED,2026-06-23T01:00:00,2026-06-23T01:34:59.389000,4118.3,4131.31,0.5,0,-816318.96,2026-06
SHORT,F3,EXIT_SL_RAISED,2026-06-23T01:00:00,2026-06-23T01:34:59.389000,4118.3,4131.31,0.5,0,-816318.96,2026-06
SHORT,F1,EXIT_SL_RAISED,2026-06-23T21:15:00,2026-06-23T21:30:03.699000,4089.59,4099.82,0.5,0,-641886.46,2026-06
SHORT,F2,EXIT_SL_RAISED,2026-06-23T21:15:00,2026-06-23T21:30:03.699000,4089.59,4099.82,0.5,0,-641886.46,2026-06
SHORT,F3,EXIT_SL_RAISED,2026-06-23T21:15:00,2026-06-23T21:30:03.699000,4089.59,4099.82,0.5,0,-641886.46,2026-06
SHORT,F1,EXIT_SL_RAISED,2026-06-23T22:15:00,2026-06-23T23:42:41.751000,4079.86,4068.35,0.5,0,722200.71,2026-06
SHORT,F2,EXIT_SL_RAISED,2026-06-23T22:15:00,2026-06-23T23:42:41.751000,4079.86,4068.35,0.5,0,722200.71,2026-06
SHORT,F3,EXIT_SL_RAISED,2026-06-23T22:15:00,2026-06-23T23:42:41.751000,4079.86,4068.35,0.5,0,722200.71,2026-06
LONG,F1,EXIT_SL_RAISED,2026-06-24T02:15:00,2026-06-24T03:31:46.589000,4096.65,4081.78,0.5,0,-933025.58,2026-06
LONG,F2,EXIT_SL_RAISED,2026-06-24T02:15:00,2026-06-24T03:31:46.589000,4096.65,4081.78,0.5,0,-933025.58,2026-06
LONG,F3,EXIT_SL_RAISED,2026-06-24T02:15:00,2026-06-24T03:31:46.589000,4096.65,4081.78,0.5,0,-933025.58,2026-06
SHORT,F1,EXIT_SL_RAISED,2026-06-24T19:00:00,2026-06-24T19:33:49.566000,3996.26,4006.54,0.5,0,-645023.74,2026-06
SHORT,F2,EXIT_SL_RAISED,2026-06-24T19:00:00,2026-06-24T19:33:49.566000,3996.26,4006.54,0.5,0,-645023.74,2026-06
SHORT,F3,EXIT_SL_RAISED,2026-06-24T19:00:00,2026-06-24T19:33:49.566000,3996.26,4006.54,0.5,0,-645023.74,2026-06
LONG,F1,EXIT_SL_RAISED,2026-06-24T19:45:00,2026-06-24T20:18:38.933000,4014.81,4000.64,0.5,0,-889103.74,2026-06
LONG,F2,EXIT_SL_RAISED,2026-06-24T19:45:00,2026-06-24T20:18:38.933000,4014.81,4000.64,0.5,0,-889103.74,2026-06
LONG,F3,EXIT_SL_RAISED,2026-06-24T19:45:00,2026-06-24T20:18:38.933000,4014.81,4000.64,0.5,0,-889103.74,2026-06
SHORT,F1,EXIT_SL_RAISED,2026-06-24T20:30:00,2026-06-24T20:53:52.127000,3996.25,3998.34,0.5,0,-131138.1,2026-06
SHORT,F2,EXIT_SL_RAISED,2026-06-24T20:30:00,2026-06-24T20:53:52.127000,3996.25,3998.34,0.5,0,-131138.1,2026-06
SHORT,F3,EXIT_SL_RAISED,2026-06-24T20:30:00,2026-06-24T20:53:52.127000,3996.25,3998.34,0.5,0,-131138.1,2026-06
SHORT,F1,EXIT_SL_RAISED,2026-06-24T21:45:00,2026-06-24T22:21:18.569000,3981.64,3984.25,0.5,0,-163765.76,2026-06
SHORT,F2,EXIT_SL_RAISED,2026-06-24T21:45:00,2026-06-24T22:21:18.569000,3981.64,3984.25,0.5,0,-163765.76,2026-06
SHORT,F3,EXIT_SL_RAISED,2026-06-24T21:45:00,2026-06-24T22:21:18.569000,3981.64,3984.25,0.5,0,-163765.76,2026-06
SHORT,F1,EXIT_SL_RAISED,2026-06-24T23:15:00,2026-06-24T23:50:28.440000,3970.49,3989.27,0.5,0,-1178360.49,2026-06
SHORT,F2,EXIT_SL_RAISED,2026-06-24T23:15:00,2026-06-24T23:50:28.440000,3970.49,3989.27,0.5,0,-1178360.49,2026-06
SHORT,F3,EXIT_SL_RAISED,2026-06-24T23:15:00,2026-06-24T23:50:28.440000,3970.49,3989.27,0.5,0,-1178360.49,2026-06
LONG,F1,reverse,2026-06-25T00:00:00,2026-06-25T01:45:00,3995.9,3982.91,0.5,0,-815064.05,2026-06
LONG,F2,reverse,2026-06-25T00:00:00,2026-06-25T01:45:00,3995.9,3982.91,0.5,0,-815064.05,2026-06
LONG,F3,reverse,2026-06-25T00:00:00,2026-06-25T01:45:00,3995.9,3982.91,0.5,0,-815064.05,2026-06
SHORT,F1,EXIT_SL_RAISED,2026-06-25T01:45:00,2026-06-25T04:00:25.869000,3982.91,3990.66,0.5,0,-486277.62,2026-06
SHORT,F2,EXIT_SL_RAISED,2026-06-25T01:45:00,2026-06-25T04:00:25.869000,3982.91,3990.66,0.5,0,-486277.62,2026-06
SHORT,F3,EXIT_SL_RAISED,2026-06-25T01:45:00,2026-06-25T04:00:25.869000,3982.91,3990.66,0.5,0,-486277.62,2026-06
LONG,F1,EXIT_SL_RAISED,2026-06-25T18:45:00,2026-06-25T19:49:14.148000,4028.95,4016.92,0.5,0,-754828.36,2026-06
LONG,F2,EXIT_SL_RAISED,2026-06-25T18:45:00,2026-06-25T19:49:14.148000,4028.95,4016.92,0.5,0,-754828.36,2026-06
LONG,F3,EXIT_SL_RAISED,2026-06-25T18:45:00,2026-06-25T19:49:14.148000,4028.95,4016.92,0.5,0,-754828.36,2026-06
SHORT,F1,EXIT_SL_RAISED,2026-06-25T20:00:00,2026-06-25T21:00:05.717000,4014.33,4024.96,0.5,0,-666984.67,2026-06
SHORT,F2,EXIT_SL_RAISED,2026-06-25T20:00:00,2026-06-25T21:00:05.717000,4014.33,4024.96,0.5,0,-666984.67,2026-06
SHORT,F3,EXIT_SL_RAISED,2026-06-25T20:00:00,2026-06-25T21:00:05.717000,4014.33,4024.96,0.5,0,-666984.67,2026-06
SHORT,F1,EXIT_SL_RAISED,2026-06-25T22:15:00,2026-06-25T23:13:53.131000,4014.98,3998.81,0.5,0,1014594.74,2026-06
SHORT,F2,EXIT_SL_RAISED,2026-06-25T22:15:00,2026-06-25T23:13:53.131000,4014.98,3998.81,0.5,0,1014594.74,2026-06
SHORT,F3,EXIT_SL_RAISED,2026-06-25T22:15:00,2026-06-25T23:13:53.131000,4014.98,3998.81,0.5,0,1014594.74,2026-06
LONG,F1,EXIT_SL_RAISED,2026-06-26T02:30:00,2026-06-26T04:02:07.354000,4024.56,4025.71,0.5,0,72157.33,2026-06
LONG,F2,EXIT_SL_RAISED,2026-06-26T02:30:00,2026-06-26T04:02:07.354000,4024.56,4025.71,0.5,0,72157.33,2026-06
LONG,F3,EXIT_SL_RAISED,2026-06-26T02:30:00,2026-06-26T04:02:07.354000,4024.56,4025.71,0.5,0,72157.33,2026-06
SHORT,F1,EXIT_SL_RAISED,2026-06-28T20:15:00,2026-06-28T20:39:02.469000,4058.78,4061.97,0.5,0,-200158.14,2026-06
SHORT,F2,EXIT_SL_RAISED,2026-06-28T20:15:00,2026-06-28T20:39:02.469000,4058.78,4061.97,0.5,0,-200158.14,2026-06
SHORT,F3,EXIT_SL_RAISED,2026-06-28T20:15:00,2026-06-28T20:39:02.469000,4058.78,4061.97,0.5,0,-200158.14,2026-06
LONG,F1,reverse,2026-06-28T22:30:00,2026-06-29T00:15:00,4069.3,4065.49,0.5,0,-239060.36,2026-06
LONG,F2,reverse,2026-06-28T22:30:00,2026-06-29T00:15:00,4069.3,4065.49,0.5,0,-239060.36,2026-06
LONG,F3,reverse,2026-06-28T22:30:00,2026-06-29T00:15:00,4069.3,4065.49,0.5,0,-239060.36,2026-06
SHORT,F1,EXIT_SL_RAISED,2026-06-29T00:15:00,2026-06-29T01:48:51.313000,4065.49,4053.68,0.5,0,741024.35,2026-06
SHORT,F2,EXIT_SL_RAISED,2026-06-29T00:15:00,2026-06-29T01:48:51.313000,4065.49,4053.68,0.5,0,741024.35,2026-06
SHORT,F3,EXIT_SL_RAISED,2026-06-29T00:15:00,2026-06-29T01:48:51.313000,4065.49,4053.68,0.5,0,741024.35,2026-06
SHORT,F1,EXIT_SL_RAISED,2026-06-29T18:45:00,2026-06-29T19:05:58.251000,4010.28,4019.12,0.5,0,-554670.22,2026-06
SHORT,F2,EXIT_SL_RAISED,2026-06-29T18:45:00,2026-06-29T19:05:58.251000,4010.28,4019.12,0.5,0,-554670.22,2026-06
SHORT,F3,EXIT_SL_RAISED,2026-06-29T18:45:00,2026-06-29T19:05:58.251000,4010.28,4019.12,0.5,0,-554670.22,2026-06
SHORT,F1,EXIT_SL_RAISED,2026-06-29T20:15:00,2026-06-29T21:15:00.080000,4010.09,3958.37,0.5,0,3245197.26,2026-06
SHORT,F2,EXIT_SL_RAISED,2026-06-29T20:15:00,2026-06-29T21:15:00.080000,4010.09,3958.37,0.5,0,3245197.26,2026-06
SHORT,F3,EXIT_SL_RAISED,2026-06-29T20:15:00,2026-06-29T21:15:00.080000,4010.09,3958.37,0.5,0,3245197.26,2026-06
SHORT,F1,reverse,2026-06-30T02:00:00,2026-06-30T02:15:00,3977.79,3988.32,0.5,0,-660710.12,2026-06
SHORT,F2,reverse,2026-06-30T02:00:00,2026-06-30T02:15:00,3977.79,3988.32,0.5,0,-660710.12,2026-06
SHORT,F3,reverse,2026-06-30T02:00:00,2026-06-30T02:15:00,3977.79,3988.32,0.5,0,-660710.12,2026-06
LONG,F1,EXIT_SL_RAISED,2026-06-30T02:15:00,2026-06-30T04:18:48.131000,3988.32,4020.49,0.5,0,2018522.73,2026-06
LONG,F2,EXIT_SL_RAISED,2026-06-30T02:15:00,2026-06-30T04:18:48.131000,3988.32,4020.49,0.5,0,2018522.73,2026-06
LONG,F3,EXIT_SL_RAISED,2026-06-30T02:15:00,2026-06-30T04:18:48.131000,3988.32,4020.49,0.5,0,2018522.73,2026-06
SHORT,F1,EXIT_SL_RAISED,2026-06-30T18:30:00,2026-06-30T21:30:09.532000,4013.67,3986.94,0.5,0,1677187.22,2026-06
SHORT,F2,EXIT_SL_RAISED,2026-06-30T18:30:00,2026-06-30T21:30:09.532000,4013.67,3986.94,0.5,0,1677187.22,2026-06
SHORT,F3,EXIT_SL_RAISED,2026-06-30T18:30:00,2026-06-30T21:30:09.532000,4013.67,3986.94,0.5,0,1677187.22,2026-06
SHORT,F1,EXIT_SL_RAISED,2026-06-30T23:45:00,2026-07-01T03:20:27.806000,3977.46,3972.04,0.5,0,340080.61,2026-06
SHORT,F2,EXIT_SL_RAISED,2026-06-30T23:45:00,2026-07-01T03:20:27.806000,3977.46,3972.04,0.5,0,340080.61,2026-06
SHORT,F3,EXIT_SL_RAISED,2026-06-30T23:45:00,2026-07-01T03:20:27.806000,3977.46,3972.04,0.5,0,340080.61,2026-06
LONG,F1,EXIT_SL_RAISED,2026-07-02T02:00:00,2026-07-02T02:43:01.507000,4066.51,4066.61,0.5,0,6274.55,2026-07
LONG,F2,EXIT_SL_RAISED,2026-07-02T02:00:00,2026-07-02T02:43:01.507000,4066.51,4066.61,0.5,0,6274.55,2026-07
LONG,F3,EXIT_SL_RAISED,2026-07-02T02:00:00,2026-07-02T02:43:01.507000,4066.51,4066.61,0.5,0,6274.55,2026-07
LONG,F1,EXIT_SL_RAISED,2026-07-02T03:00:00,2026-07-02T03:25:09.792000,4073.58,4060.74,0.5,0,-805652.22,2026-07
LONG,F2,EXIT_SL_RAISED,2026-07-02T03:00:00,2026-07-02T03:25:09.792000,4073.58,4060.74,0.5,0,-805652.22,2026-07
LONG,F3,EXIT_SL_RAISED,2026-07-02T03:00:00,2026-07-02T03:25:09.792000,4073.58,4060.74,0.5,0,-805652.22,2026-07
LONG,F1,EXIT_SL_RAISED,2026-07-02T04:30:00,2026-07-02T05:25:14.277000,4075.42,4066.47,0.5,0,-561572.23,2026-07
LONG,F2,EXIT_SL_RAISED,2026-07-02T04:30:00,2026-07-02T05:25:14.277000,4075.42,4066.47,0.5,0,-561572.23,2026-07
LONG,F3,EXIT_SL_RAISED,2026-07-02T04:30:00,2026-07-02T05:25:14.277000,4075.42,4066.47,0.5,0,-561572.23,2026-07
SHORT,F1,EXIT_SL_RAISED,2026-07-02T05:30:00,2026-07-02T07:43:05.661000,4067.57,4068.98,0.5,0,-88471.15,2026-07
SHORT,F2,EXIT_SL_RAISED,2026-07-02T05:30:00,2026-07-02T07:43:05.661000,4067.57,4068.98,0.5,0,-88471.15,2026-07
SHORT,F3,EXIT_SL_RAISED,2026-07-02T05:30:00,2026-07-02T07:43:05.661000,4067.57,4068.98,0.5,0,-88471.15,2026-07
LONG,F1,EXIT_SL_RAISED,2026-07-02T07:45:00,2026-07-02T08:49:30.354000,4071.62,4120.98,0.5,0,3097117.88,2026-07
LONG,F2,EXIT_SL_RAISED,2026-07-02T07:45:00,2026-07-02T08:49:30.354000,4071.62,4120.98,0.5,0,3097117.88,2026-07
LONG,F3,EXIT_SL_RAISED,2026-07-02T07:45:00,2026-07-02T08:49:30.354000,4071.62,4120.98,0.5,0,3097117.88,2026-07
LONG,F1,EXIT_SL_RAISED,2026-07-02T11:45:00,2026-07-02T12:30:22.207000,4125.65,4110.69,0.5,0,-938672.68,2026-07
LONG,F2,EXIT_SL_RAISED,2026-07-02T11:45:00,2026-07-02T12:30:22.207000,4125.65,4110.69,0.5,0,-938672.68,2026-07
LONG,F3,EXIT_SL_RAISED,2026-07-02T11:45:00,2026-07-02T12:30:22.207000,4125.65,4110.69,0.5,0,-938672.68,2026-07
SHORT,F1,EXIT_SL_RAISED,2026-07-02T13:30:00,2026-07-02T14:09:35.548000,4112.38,4122.45,0.5,0,-631847.18,2026-07
SHORT,F2,EXIT_SL_RAISED,2026-07-02T13:30:00,2026-07-02T14:09:35.548000,4112.38,4122.45,0.5,0,-631847.18,2026-07
SHORT,F3,EXIT_SL_RAISED,2026-07-02T13:30:00,2026-07-02T14:09:35.548000,4112.38,4122.45,0.5,0,-631847.18,2026-07
LONG,F1,EXIT_SL_RAISED,2026-07-02T14:15:00,2026-07-02T15:21:02.771000,4119.51,4111.12,0.5,0,-526434.75,2026-07
LONG,F2,EXIT_SL_RAISED,2026-07-02T14:15:00,2026-07-02T15:21:02.771000,4119.51,4111.12,0.5,0,-526434.75,2026-07
LONG,F3,EXIT_SL_RAISED,2026-07-02T14:15:00,2026-07-02T15:21:02.771000,4119.51,4111.12,0.5,0,-526434.75,2026-07
LONG,F1,EXIT_SL_RAISED,2026-07-03T02:45:00,2026-07-03T03:22:29.113000,4171.93,4169.55,0.5,0,-149334.29,2026-07
LONG,F2,EXIT_SL_RAISED,2026-07-03T02:45:00,2026-07-03T03:22:29.113000,4171.93,4169.55,0.5,0,-149334.29,2026-07
LONG,F3,EXIT_SL_RAISED,2026-07-03T02:45:00,2026-07-03T03:22:29.113000,4171.93,4169.55,0.5,0,-149334.29,2026-07
SHORT,F1,EXIT_SL_RAISED,2026-07-05T20:15:00,2026-07-05T20:38:04.665000,4174.74,4184.16,0.5,0,-591062.61,2026-07
SHORT,F2,EXIT_SL_RAISED,2026-07-05T20:15:00,2026-07-05T20:38:04.665000,4174.74,4184.16,0.5,0,-591062.61,2026-07
SHORT,F3,EXIT_SL_RAISED,2026-07-05T20:15:00,2026-07-05T20:38:04.665000,4174.74,4184.16,0.5,0,-591062.61,2026-07
LONG,F1,EXIT_TRAIL,2026-07-05T21:30:00,2026-07-05T22:00:00,4189.88,4185.84,0.5,0,-253491.82,2026-07
LONG,F2,EXIT_TRAIL,2026-07-05T21:30:00,2026-07-05T22:00:00,4189.88,4185.84,0.5,0,-253491.82,2026-07
LONG,F3,EXIT_TRAIL,2026-07-05T21:30:00,2026-07-05T22:00:00,4189.88,4185.84,0.5,0,-253491.82,2026-07
SHORT,F1,EXIT_SL_RAISED,2026-07-05T22:15:00,2026-07-06T02:30:29.150000,4180.79,4157.52,0.5,0,1460087.78,2026-07
SHORT,F2,EXIT_SL_RAISED,2026-07-05T22:15:00,2026-07-06T02:30:29.150000,4180.79,4157.52,0.5,0,1460087.78,2026-07
SHORT,F3,EXIT_SL_RAISED,2026-07-05T22:15:00,2026-07-06T02:30:29.150000,4180.79,4157.52,0.5,0,1460087.78,2026-07
SHORT,F1,EXIT_SL_RAISED,2026-07-06T20:45:00,2026-07-06T21:30:24.990000,4149.52,4136.07,0.5,0,843926.98,2026-07
SHORT,F2,EXIT_SL_RAISED,2026-07-06T20:45:00,2026-07-06T21:30:24.990000,4149.52,4136.07,0.5,0,843926.98,2026-07
SHORT,F3,EXIT_SL_RAISED,2026-07-06T20:45:00,2026-07-06T21:30:24.990000,4149.52,4136.07,0.5,0,843926.98,2026-07
SHORT,F1,EXIT_SL_RAISED,2026-07-06T22:00:00,2026-07-07T00:07:37.097000,4141.69,4135.11,0.5,0,412865.39,2026-07
SHORT,F2,EXIT_SL_RAISED,2026-07-06T22:00:00,2026-07-07T00:07:37.097000,4141.69,4135.11,0.5,0,412865.39,2026-07
SHORT,F3,EXIT_SL_RAISED,2026-07-06T22:00:00,2026-07-07T00:07:37.097000,4141.69,4135.11,0.5,0,412865.39,2026-07
SHORT,F1,EXIT_SL_RAISED,2026-07-07T01:45:00,2026-07-07T02:40:26.189000,4122.42,4131.52,0.5,0,-570984.05,2026-07
SHORT,F2,EXIT_SL_RAISED,2026-07-07T01:45:00,2026-07-07T02:40:26.189000,4122.42,4131.52,0.5,0,-570984.05,2026-07
SHORT,F3,EXIT_SL_RAISED,2026-07-07T01:45:00,2026-07-07T02:40:26.189000,4122.42,4131.52,0.5,0,-570984.05,2026-07
LONG,F1,reverse,2026-07-07T02:45:00,2026-07-07T03:30:00,4132.75,4126.44,0.5,0,-395924.11,2026-07
LONG,F2,reverse,2026-07-07T02:45:00,2026-07-07T03:30:00,4132.75,4126.44,0.5,0,-395924.11,2026-07
LONG,F3,reverse,2026-07-07T02:45:00,2026-07-07T03:30:00,4132.75,4126.44,0.5,0,-395924.11,2026-07
SHORT,F1,EXIT_SL_RAISED,2026-07-07T03:30:00,2026-07-07T04:11:48.261000,4126.44,4135.29,0.5,0,-555297.68,2026-07
SHORT,F2,EXIT_SL_RAISED,2026-07-07T03:30:00,2026-07-07T04:11:48.261000,4126.44,4135.29,0.5,0,-555297.68,2026-07
SHORT,F3,EXIT_SL_RAISED,2026-07-07T03:30:00,2026-07-07T04:11:48.261000,4126.44,4135.29,0.5,0,-555297.68,2026-07
LONG,F1,EXIT_SL_RAISED,2026-07-07T23:15:00,2026-07-08T01:30:01.332000,4128.46,4120.97,0.5,0,-469963.79,2026-07
LONG,F2,EXIT_SL_RAISED,2026-07-07T23:15:00,2026-07-08T01:30:01.332000,4128.46,4120.97,0.5,0,-469963.79,2026-07
LONG,F3,EXIT_SL_RAISED,2026-07-07T23:15:00,2026-07-08T01:30:01.332000,4128.46,4120.97,0.5,0,-469963.79,2026-07
LONG,F1,EXIT_SL_RAISED,2026-07-08T19:30:00,2026-07-08T20:23:13.568000,4077.95,4077.15,0.5,0,-50196.4,2026-07
LONG,F2,EXIT_SL_RAISED,2026-07-08T19:30:00,2026-07-08T20:23:13.568000,4077.95,4077.15,0.5,0,-50196.4,2026-07
LONG,F3,EXIT_SL_RAISED,2026-07-08T19:30:00,2026-07-08T20:23:13.568000,4077.95,4077.15,0.5,0,-50196.4,2026-07
LONG,F1,EXIT_SL_RAISED,2026-07-08T22:15:00,2026-07-08T22:44:07.756000,4078.85,4069.73,0.5,0,-572238.96,2026-07
LONG,F2,EXIT_SL_RAISED,2026-07-08T22:15:00,2026-07-08T22:44:07.756000,4078.85,4069.73,0.5,0,-572238.96,2026-07
LONG,F3,EXIT_SL_RAISED,2026-07-08T22:15:00,2026-07-08T22:44:07.756000,4078.85,4069.73,0.5,0,-572238.96,2026-07
SHORT,F1,EXIT_SL_RAISED,2026-07-09T00:15:00,2026-07-09T01:01:11.348000,4060.37,4067.87,0.5,0,-470591.25,2026-07
SHORT,F2,EXIT_SL_RAISED,2026-07-09T00:15:00,2026-07-09T01:01:11.348000,4060.37,4067.87,0.5,0,-470591.25,2026-07
SHORT,F3,EXIT_SL_RAISED,2026-07-09T00:15:00,2026-07-09T01:01:11.348000,4060.37,4067.87,0.5,0,-470591.25,2026-07
SHORT,F1,EXIT_SL_RAISED,2026-07-09T18:30:00,2026-07-09T20:43:58.864000,4123.07,4123.62,0.5,0,-34510.03,2026-07
SHORT,F2,EXIT_SL_RAISED,2026-07-09T18:30:00,2026-07-09T20:43:58.864000,4123.07,4123.62,0.5,0,-34510.03,2026-07
SHORT,F3,EXIT_SL_RAISED,2026-07-09T18:30:00,2026-07-09T20:43:58.864000,4123.07,4123.62,0.5,0,-34510.03,2026-07
SHORT,F1,EXIT_SL_RAISED,2026-07-09T21:45:00,2026-07-09T22:04:18.517000,4111.57,4118.83,0.5,0,-455532.33,2026-07
SHORT,F2,EXIT_SL_RAISED,2026-07-09T21:45:00,2026-07-09T22:04:18.517000,4111.57,4118.83,0.5,0,-455532.33,2026-07
SHORT,F3,EXIT_SL_RAISED,2026-07-09T21:45:00,2026-07-09T22:04:18.517000,4111.57,4118.83,0.5,0,-455532.33,2026-07
LONG,F1,EXIT_SL_RAISED,2026-07-09T23:00:00,2026-07-09T23:20:38.115000,4128.02,4123.98,0.5,0,-253491.82,2026-07
LONG,F2,EXIT_SL_RAISED,2026-07-09T23:00:00,2026-07-09T23:20:38.115000,4128.02,4123.98,0.5,0,-253491.82,2026-07
LONG,F3,EXIT_SL_RAISED,2026-07-09T23:00:00,2026-07-09T23:20:38.115000,4128.02,4123.98,0.5,0,-253491.82,2026-07
LONG,F1,EXIT_SL_RAISED,2026-07-13T01:15:00,2026-07-13T01:30:06.289000,4069.92,4055.26,0.5,0,-919849.03,2026-07
LONG,F2,EXIT_SL_RAISED,2026-07-13T01:15:00,2026-07-13T01:30:06.289000,4069.92,4055.26,0.5,0,-919849.03,2026-07
LONG,F3,EXIT_SL_RAISED,2026-07-13T01:15:00,2026-07-13T01:30:06.289000,4069.92,4055.26,0.5,0,-919849.03,2026-07
SHORT,F1,EXIT_SL_RAISED,2026-07-13T19:15:00,2026-07-13T20:00:00.158000,4000.11,4001.92,0.5,0,-113569.35,2026-07
SHORT,F2,EXIT_SL_RAISED,2026-07-13T19:15:00,2026-07-13T20:00:00.158000,4000.11,4001.92,0.5,0,-113569.35,2026-07
SHORT,F3,EXIT_SL_RAISED,2026-07-13T19:15:00,2026-07-13T20:00:00.158000,4000.11,4001.92,0.5,0,-113569.35,2026-07
SHORT,F1,EXIT_SL_RAISED,2026-07-13T20:15:00,2026-07-13T20:30:02.760000,3995.31,3997.2,0.5,0,-118588.99,2026-07
SHORT,F2,EXIT_SL_RAISED,2026-07-13T20:15:00,2026-07-13T20:30:02.760000,3995.31,3997.2,0.5,0,-118588.99,2026-07
SHORT,F3,EXIT_SL_RAISED,2026-07-13T20:15:00,2026-07-13T20:30:02.760000,3995.31,3997.2,0.5,0,-118588.99,2026-07
LONG,F1,EXIT_SL_RAISED,2026-07-13T22:00:00,2026-07-14T02:29:11.845000,4010.81,4024.03,0.5,0,829495.51,2026-07
LONG,F2,EXIT_SL_RAISED,2026-07-13T22:00:00,2026-07-14T02:29:11.845000,4010.81,4024.03,0.5,0,829495.51,2026-07
LONG,F3,EXIT_SL_RAISED,2026-07-13T22:00:00,2026-07-14T02:29:11.845000,4010.81,4024.03,0.5,0,829495.51,2026-07
SHORT,F1,EXIT_SL_RAISED,2026-07-14T21:30:00,2026-07-14T22:42:29.744000,4054.28,4039.64,0.5,0,918594.12,2026-07
SHORT,F2,EXIT_SL_RAISED,2026-07-14T21:30:00,2026-07-14T22:42:29.744000,4054.28,4039.64,0.5,0,918594.12,2026-07
SHORT,F3,EXIT_SL_RAISED,2026-07-14T21:30:00,2026-07-14T22:42:29.744000,4054.28,4039.64,0.5,0,918594.12,2026-07
SHORT,F1,EXIT_SL_RAISED,2026-07-14T23:00:00,2026-07-15T01:42:06.789000,4035.02,4034.94,0.5,0,5019.64,2026-07
SHORT,F2,EXIT_SL_RAISED,2026-07-14T23:00:00,2026-07-15T01:42:06.789000,4035.02,4034.94,0.5,0,5019.64,2026-07
SHORT,F3,EXIT_SL_RAISED,2026-07-14T23:00:00,2026-07-15T01:42:06.789000,4035.02,4034.94,0.5,0,5019.64,2026-07
SHORT,F1,EXIT_SL_RAISED,2026-07-16T00:45:00,2026-07-16T02:05:17.205000,4032.48,4034.46,0.5,0,-124236.09,2026-07
SHORT,F2,EXIT_SL_RAISED,2026-07-16T00:45:00,2026-07-16T02:05:17.205000,4032.48,4034.46,0.5,0,-124236.09,2026-07
SHORT,F3,EXIT_SL_RAISED,2026-07-16T00:45:00,2026-07-16T02:05:17.205000,4032.48,4034.46,0.5,0,-124236.09,2026-07
SHORT,F1,EXIT_SL_RAISED,2026-07-16T18:45:00,2026-07-16T19:57:36.648000,3973.3,3982.76,0.5,0,-593572.43,2026-07
SHORT,F2,EXIT_SL_RAISED,2026-07-16T18:45:00,2026-07-16T19:57:36.648000,3973.3,3982.76,0.5,0,-593572.43,2026-07
SHORT,F3,EXIT_SL_RAISED,2026-07-16T18:45:00,2026-07-16T19:57:36.648000,3973.3,3982.76,0.5,0,-593572.43,2026-07
SHORT,F1,EXIT_SL_RAISED,2026-07-16T22:00:00,2026-07-16T23:02:03.178000,3983.03,3982.1,0.5,0,58353.32,2026-07
SHORT,F2,EXIT_SL_RAISED,2026-07-16T22:00:00,2026-07-16T23:02:03.178000,3983.03,3982.1,0.5,0,58353.32,2026-07
SHORT,F3,EXIT_SL_RAISED,2026-07-16T22:00:00,2026-07-16T23:02:03.178000,3983.03,3982.1,0.5,0,58353.32,2026-07
LONG,F1,EXIT_SL_RAISED,2026-07-16T23:15:00,2026-07-16T23:48:45.958000,3989.01,3995.63,0.5,0,415375.21,2026-07
LONG,F2,EXIT_SL_RAISED,2026-07-16T23:15:00,2026-07-16T23:48:45.958000,3989.01,3995.63,0.5,0,415375.21,2026-07
LONG,F3,EXIT_SL_RAISED,2026-07-16T23:15:00,2026-07-16T23:48:45.958000,3989.01,3995.63,0.5,0,415375.21,2026-07
SHORT,F1,EXIT_SL_RAISED,2026-07-17T00:30:00,2026-07-17T01:30:34.247000,3986.08,3986.44,0.5,0,-22588.38,2026-07
SHORT,F2,EXIT_SL_RAISED,2026-07-17T00:30:00,2026-07-17T01:30:34.247000,3986.08,3986.44,0.5,0,-22588.38,2026-07
SHORT,F3,EXIT_SL_RAISED,2026-07-17T00:30:00,2026-07-17T01:30:34.247000,3986.08,3986.44,0.5,0,-22588.38,2026-07
LONG,F1,EXIT_SL_RAISED,2026-07-17T01:45:00,2026-07-17T03:10:58.347000,3987.21,3994.28,0.5,0,443610.69,2026-07
LONG,F2,EXIT_SL_RAISED,2026-07-17T01:45:00,2026-07-17T03:10:58.347000,3987.21,3994.28,0.5,0,443610.69,2026-07
LONG,F3,EXIT_SL_RAISED,2026-07-17T01:45:00,2026-07-17T03:10:58.347000,3987.21,3994.28,0.5,0,443610.69,2026-07
LONG,F1,EXIT_SL_RAISED,2026-07-19T20:30:00,2026-07-19T21:15:32.232000,4004.2,4007.91,0.5,0,232785.81,2026-07
LONG,F2,EXIT_SL_RAISED,2026-07-19T20:30:00,2026-07-19T21:15:32.232000,4004.2,4007.91,0.5,0,232785.81,2026-07
LONG,F3,EXIT_SL_RAISED,2026-07-19T20:30:00,2026-07-19T21:15:32.232000,4004.2,4007.91,0.5,0,232785.81,2026-07
LONG,F1,EXIT_SL_RAISED,2026-07-19T22:15:00,2026-07-20T01:04:40.810000,4006.57,4017.61,0.5,0,692710.32,2026-07
LONG,F2,EXIT_SL_RAISED,2026-07-19T22:15:00,2026-07-20T01:04:40.810000,4006.57,4017.61,0.5,0,692710.32,2026-07
LONG,F3,EXIT_SL_RAISED,2026-07-19T22:15:00,2026-07-20T01:04:40.810000,4006.57,4017.61,0.5,0,692710.32,2026-07
SHORT,F1,EXIT_SL_RAISED,2026-07-20T17:00:00,2026-07-20T19:06:47.842000,4009.11,4007.39,0.5,0,107922.26,2026-07
SHORT,F2,EXIT_SL_RAISED,2026-07-20T17:00:00,2026-07-20T19:06:47.842000,4009.11,4007.39,0.5,0,107922.26,2026-07
SHORT,F3,EXIT_SL_RAISED,2026-07-20T17:00:00,2026-07-20T19:06:47.842000,4009.11,4007.39,0.5,0,107922.26,2026-07
LONG,F1,EXIT_SL_RAISED,2026-07-21T20:15:00,2026-07-21T20:34:07.147000,4092.51,4090.51,0.5,0,-125491.0,2026-07
LONG,F2,EXIT_SL_RAISED,2026-07-21T20:15:00,2026-07-21T20:34:07.147000,4092.51,4090.51,0.5,0,-125491.0,2026-07
LONG,F3,EXIT_SL_RAISED,2026-07-21T20:15:00,2026-07-21T20:34:07.147000,4092.51,4090.51,0.5,0,-125491.0,2026-07
LONG,F1,EXIT_SL_RAISED,2026-07-21T21:15:00,2026-07-21T23:53:46.222000,4121.56,4130.7,0.5,0,573493.87,2026-07
LONG,F2,EXIT_SL_RAISED,2026-07-21T21:15:00,2026-07-21T23:53:46.222000,4121.56,4130.7,0.5,0,573493.87,2026-07
LONG,F3,EXIT_SL_RAISED,2026-07-21T21:15:00,2026-07-21T23:53:46.222000,4121.56,4130.7,0.5,0,573493.87,2026-07
LONG,F1,EXIT_SL_RAISED,2026-07-22T01:45:00,2026-07-22T02:23:58.269000,4132.82,4125.83,0.5,0,-438591.04,2026-07
LONG,F2,EXIT_SL_RAISED,2026-07-22T01:45:00,2026-07-22T02:23:58.269000,4132.82,4125.83,0.5,0,-438591.04,2026-07
LONG,F3,EXIT_SL_RAISED,2026-07-22T01:45:00,2026-07-22T02:23:58.269000,4132.82,4125.83,0.5,0,-438591.04,2026-07
SHORT,F1,EXIT_SL_RAISED,2026-07-22T02:30:00,2026-07-22T03:21:16.987000,4117.35,4122.0,0.5,0,-291766.57,2026-07
SHORT,F2,EXIT_SL_RAISED,2026-07-22T02:30:00,2026-07-22T03:21:16.987000,4117.35,4122.0,0.5,0,-291766.57,2026-07
SHORT,F3,EXIT_SL_RAISED,2026-07-22T02:30:00,2026-07-22T03:21:16.987000,4117.35,4122.0,0.5,0,-291766.57,2026-07
LONG,F1,EXIT_SL_RAISED,2026-07-22T20:00:00,2026-07-22T21:30:57.200000,4133.99,4129.51,0.5,0,-281099.84,2026-07
LONG,F2,EXIT_SL_RAISED,2026-07-22T20:00:00,2026-07-22T21:30:57.200000,4133.99,4129.51,0.5,0,-281099.84,2026-07
LONG,F3,EXIT_SL_RAISED,2026-07-22T20:00:00,2026-07-22T21:30:57.200000,4133.99,4129.51,0.5,0,-281099.84,2026-07
SHORT,F1,EXIT_SL_RAISED,2026-07-22T21:45:00,2026-07-22T22:45:34.823000,4121.71,4124.0,0.5,0,-143687.19,2026-07
SHORT,F2,EXIT_SL_RAISED,2026-07-22T21:45:00,2026-07-22T22:45:34.823000,4121.71,4124.0,0.5,0,-143687.19,2026-07
SHORT,F3,EXIT_SL_RAISED,2026-07-22T21:45:00,2026-07-22T22:45:34.823000,4121.71,4124.0,0.5,0,-143687.19,2026-07
LONG,F1,EXIT_SL_RAISED,2026-07-22T23:00:00,2026-07-23T00:45:09.092000,4128.37,4122.48,0.5,0,-369571.0,2026-07
LONG,F2,EXIT_SL_RAISED,2026-07-22T23:00:00,2026-07-23T00:45:09.092000,4128.37,4122.48,0.5,0,-369571.0,2026-07
LONG,F3,EXIT_SL_RAISED,2026-07-22T23:00:00,2026-07-23T00:45:09.092000,4128.37,4122.48,0.5,0,-369571.0,2026-07
SHORT,F1,EXIT_SL_RAISED,2026-07-23T02:45:00,2026-07-23T05:03:18.894000,4119.83,4098.19,0.5,0,1357812.62,2026-07
SHORT,F2,EXIT_SL_RAISED,2026-07-23T02:45:00,2026-07-23T05:03:18.894000,4119.83,4098.19,0.5,0,1357812.62,2026-07
SHORT,F3,EXIT_SL_RAISED,2026-07-23T02:45:00,2026-07-23T05:03:18.894000,4119.83,4098.19,0.5,0,1357812.62,2026-07
LONG,F1,EXIT_SL_RAISED,2026-07-23T20:45:00,2026-07-23T21:01:38.385000,4049.79,4043.84,0.5,0,-373335.72,2026-07
LONG,F2,EXIT_SL_RAISED,2026-07-23T20:45:00,2026-07-23T21:01:38.385000,4049.79,4043.84,0.5,0,-373335.72,2026-07
LONG,F3,EXIT_SL_RAISED,2026-07-23T20:45:00,2026-07-23T21:01:38.385000,4049.79,4043.84,0.5,0,-373335.72,2026-07
SHORT,F1,EXIT_SL_RAISED,2026-07-23T21:15:00,2026-07-23T21:44:04.431000,4042.37,4048.92,0.5,0,-410983.03,2026-07
SHORT,F2,EXIT_SL_RAISED,2026-07-23T21:15:00,2026-07-23T21:44:04.431000,4042.37,4048.92,0.5,0,-410983.03,2026-07
SHORT,F3,EXIT_SL_RAISED,2026-07-23T21:15:00,2026-07-23T21:44:04.431000,4042.37,4048.92,0.5,0,-410983.03,2026-07
SHORT,F1,EXIT_SL_RAISED,2026-07-23T22:00:00,2026-07-23T23:15:35.361000,4043.47,4032.69,0.5,0,676396.49,2026-07
SHORT,F2,EXIT_SL_RAISED,2026-07-23T22:00:00,2026-07-23T23:15:35.361000,4043.47,4032.69,0.5,0,676396.49,2026-07
SHORT,F3,EXIT_SL_RAISED,2026-07-23T22:00:00,2026-07-23T23:15:35.361000,4043.47,4032.69,0.5,0,676396.49,2026-07
