side,ficha,reason,t_in,t_out,entry_fill,exit_fill,spread,entry_delay_bars,net_067lot_clp,month
LONG,F1,EXIT_SL_RAISED,2026-01-05T23:00:00,2026-01-06T02:47:08.615000,4450.98,4458.94,0.5,0,499454.18,2026-01
LONG,F2,EXIT_SL_RAISED,2026-01-05T23:00:00,2026-01-06T02:47:08.615000,4450.98,4458.94,0.5,0,499454.18,2026-01
LONG,F3,EXIT_SL_RAISED,2026-01-05T23:00:00,2026-01-06T02:47:08.615000,4450.98,4458.94,0.5,0,499454.18,2026-01
SHORT,F1,EXIT_SL_RAISED,2026-01-06T22:15:00,2026-01-06T23:31:30.856000,4470.81,4475.93,0.5,0,-321256.96,2026-01
SHORT,F2,EXIT_SL_RAISED,2026-01-06T22:15:00,2026-01-06T23:31:30.856000,4470.81,4475.93,0.5,0,-321256.96,2026-01
SHORT,F3,EXIT_SL_RAISED,2026-01-06T22:15:00,2026-01-06T23:31:30.856000,4470.81,4475.93,0.5,0,-321256.96,2026-01
SHORT,F1,EXIT_SL_RAISED,2026-01-07T01:00:00,2026-01-07T03:09:02.790000,4474.48,4458.6,0.5,0,996398.54,2026-01
SHORT,F2,EXIT_SL_RAISED,2026-01-07T01:00:00,2026-01-07T03:09:02.790000,4474.48,4458.6,0.5,0,996398.54,2026-01
SHORT,F3,EXIT_SL_RAISED,2026-01-07T01:00:00,2026-01-07T03:09:02.790000,4474.48,4458.6,0.5,0,996398.54,2026-01
SHORT,F1,EXIT_SL_RAISED,2026-01-07T03:30:00,2026-01-07T04:36:31.353000,4454.87,4457.25,0.5,0,-149334.29,2026-01
SHORT,F2,EXIT_SL_RAISED,2026-01-07T03:30:00,2026-01-07T04:36:31.353000,4454.87,4457.25,0.5,0,-149334.29,2026-01
SHORT,F3,EXIT_SL_RAISED,2026-01-07T03:30:00,2026-01-07T04:36:31.353000,4454.87,4457.25,0.5,0,-149334.29,2026-01
LONG,F1,reverse,2026-01-08T03:45:00,2026-01-08T05:15:00,4435.97,4425.63,0.5,0,-648788.47,2026-01
LONG,F2,reverse,2026-01-08T03:45:00,2026-01-08T05:15:00,4435.97,4425.63,0.5,0,-648788.47,2026-01
LONG,F3,reverse,2026-01-08T03:45:00,2026-01-08T05:15:00,4435.97,4425.63,0.5,0,-648788.47,2026-01
SHORT,F1,EXIT_SL_RAISED,2026-01-09T00:15:00,2026-01-09T02:32:17.276000,4464.05,4469.74,0.5,0,-357021.89,2026-01
SHORT,F2,EXIT_SL_RAISED,2026-01-09T00:15:00,2026-01-09T02:32:17.276000,4464.05,4469.74,0.5,0,-357021.89,2026-01
SHORT,F3,EXIT_SL_RAISED,2026-01-09T00:15:00,2026-01-09T02:32:17.276000,4464.05,4469.74,0.5,0,-357021.89,2026-01
LONG,F1,EXIT_SL_RAISED,2026-01-12T02:30:00,2026-01-12T08:25:50.922000,4572.6,4585.31,0.5,0,797495.31,2026-01
LONG,F2,EXIT_SL_RAISED,2026-01-12T02:30:00,2026-01-12T08:25:50.922000,4572.6,4585.31,0.5,0,797495.31,2026-01
LONG,F3,EXIT_SL_RAISED,2026-01-12T02:30:00,2026-01-12T08:25:50.922000,4572.6,4585.31,0.5,0,797495.31,2026-01
LONG,F1,EXIT_SL_RAISED,2026-01-12T21:00:00,2026-01-12T22:04:38.209000,4599.68,4581.49,0.5,0,-1141340.65,2026-01
LONG,F2,EXIT_SL_RAISED,2026-01-12T21:00:00,2026-01-12T22:04:38.209000,4599.68,4581.49,0.5,0,-1141340.65,2026-01
LONG,F3,EXIT_SL_RAISED,2026-01-12T21:00:00,2026-01-12T22:04:38.209000,4599.68,4581.49,0.5,0,-1141340.65,2026-01
SHORT,F1,EXIT_SL_RAISED,2026-01-12T22:30:00,2026-01-12T23:46:53.248000,4581.59,4594.39,0.5,0,-803142.4,2026-01
SHORT,F2,EXIT_SL_RAISED,2026-01-12T22:30:00,2026-01-12T23:46:53.248000,4581.59,4594.39,0.5,0,-803142.4,2026-01
SHORT,F3,EXIT_SL_RAISED,2026-01-12T22:30:00,2026-01-12T23:46:53.248000,4581.59,4594.39,0.5,0,-803142.4,2026-01
LONG,F1,EXIT_SL_RAISED,2026-01-13T02:30:00,2026-01-13T03:16:01.686000,4601.68,4587.45,0.5,0,-892868.47,2026-01
LONG,F2,EXIT_SL_RAISED,2026-01-13T02:30:00,2026-01-13T03:16:01.686000,4601.68,4587.45,0.5,0,-892868.47,2026-01
LONG,F3,EXIT_SL_RAISED,2026-01-13T02:30:00,2026-01-13T03:16:01.686000,4601.68,4587.45,0.5,0,-892868.47,2026-01
LONG,F1,EXIT_SL_RAISED,2026-01-13T20:15:00,2026-01-14T02:56:14.798000,4596.26,4626.02,0.5,0,1867306.08,2026-01
LONG,F2,EXIT_SL_RAISED,2026-01-13T20:15:00,2026-01-14T02:56:14.798000,4596.26,4626.02,0.5,0,1867306.08,2026-01
LONG,F3,EXIT_SL_RAISED,2026-01-13T20:15:00,2026-01-14T02:56:14.798000,4596.26,4626.02,0.5,0,1867306.08,2026-01
SHORT,F1,EXIT_SL_RAISED,2026-01-15T00:15:00,2026-01-15T03:01:59.284000,4591.28,4600.02,0.5,0,-548395.67,2026-01
SHORT,F2,EXIT_SL_RAISED,2026-01-15T00:15:00,2026-01-15T03:01:59.284000,4591.28,4600.02,0.5,0,-548395.67,2026-01
SHORT,F3,EXIT_SL_RAISED,2026-01-15T00:15:00,2026-01-15T03:01:59.284000,4591.28,4600.02,0.5,0,-548395.67,2026-01
LONG,F1,reverse,2026-01-15T03:15:00,2026-01-15T05:00:00,4605.76,4601.56,0.5,0,-263531.1,2026-01
LONG,F2,reverse,2026-01-15T03:15:00,2026-01-15T05:00:00,4605.76,4601.56,0.5,0,-263531.1,2026-01
LONG,F3,reverse,2026-01-15T03:15:00,2026-01-15T05:00:00,4605.76,4601.56,0.5,0,-263531.1,2026-01
SHORT,F1,EXIT_SL_RAISED,2026-01-15T23:45:00,2026-01-16T02:30:47.638000,4595.75,4602.33,0.5,0,-412865.39,2026-01
SHORT,F2,EXIT_SL_RAISED,2026-01-15T23:45:00,2026-01-16T02:30:47.638000,4595.75,4602.33,0.5,0,-412865.39,2026-01
SHORT,F3,EXIT_SL_RAISED,2026-01-15T23:45:00,2026-01-16T02:30:47.638000,4595.75,4602.33,0.5,0,-412865.39,2026-01
SHORT,F1,EXIT_SL_RAISED,2026-01-16T03:45:00,2026-01-16T04:10:09.792000,4595.79,4607.01,0.5,0,-704004.51,2026-01
SHORT,F2,EXIT_SL_RAISED,2026-01-16T03:45:00,2026-01-16T04:10:09.792000,4595.79,4607.01,0.5,0,-704004.51,2026-01
SHORT,F3,EXIT_SL_RAISED,2026-01-16T03:45:00,2026-01-16T04:10:09.792000,4595.79,4607.01,0.5,0,-704004.51,2026-01
SHORT,F1,EXIT_SL_RAISED,2026-01-16T18:00:00,2026-01-18T20:00:03.232000,4627.84,4628.34,0.5,1,-31372.75,2026-01
SHORT,F2,EXIT_SL_RAISED,2026-01-16T18:00:00,2026-01-18T20:00:03.232000,4627.84,4628.34,0.5,1,-31372.75,2026-01
SHORT,F3,EXIT_SL_RAISED,2026-01-16T18:00:00,2026-01-18T20:00:03.232000,4627.84,4628.34,0.5,1,-31372.75,2026-01
LONG,F1,EXIT_SL_RAISED,2026-01-19T00:15:00,2026-01-19T04:45:20.634000,4669.26,4663.53,0.5,0,-359531.72,2026-01
LONG,F2,EXIT_SL_RAISED,2026-01-19T00:15:00,2026-01-19T04:45:20.634000,4669.26,4663.53,0.5,0,-359531.72,2026-01
LONG,F3,EXIT_SL_RAISED,2026-01-19T00:15:00,2026-01-19T04:45:20.634000,4669.26,4663.53,0.5,0,-359531.72,2026-01
LONG,F1,EXIT_SL_RAISED,2026-01-19T22:15:00,2026-01-20T07:33:06.235000,4670.54,4723.23,0.5,0,3306060.39,2026-01
LONG,F2,EXIT_SL_RAISED,2026-01-19T22:15:00,2026-01-20T07:33:06.235000,4670.54,4723.23,0.5,0,3306060.39,2026-01
LONG,F3,EXIT_SL_RAISED,2026-01-19T22:15:00,2026-01-20T07:33:06.235000,4670.54,4723.23,0.5,0,3306060.39,2026-01
SHORT,F1,reverse,2026-01-21T04:00:00,2026-01-21T05:00:00,4847.32,4855.63,0.5,0,-521415.11,2026-01
SHORT,F2,reverse,2026-01-21T04:00:00,2026-01-21T05:00:00,4847.32,4855.63,0.5,0,-521415.11,2026-01
SHORT,F3,reverse,2026-01-21T04:00:00,2026-01-21T05:00:00,4847.32,4855.63,0.5,0,-521415.11,2026-01
SHORT,F1,EXIT_SL_RAISED,2026-01-21T20:15:00,2026-01-21T22:24:15.715000,4814.73,4809.82,0.5,0,308080.4,2026-01
SHORT,F2,EXIT_SL_RAISED,2026-01-21T20:15:00,2026-01-21T22:24:15.715000,4814.73,4809.82,0.5,0,308080.4,2026-01
SHORT,F3,EXIT_SL_RAISED,2026-01-21T20:15:00,2026-01-21T22:24:15.715000,4814.73,4809.82,0.5,0,308080.4,2026-01
SHORT,F1,reverse,2026-01-21T23:15:00,2026-01-22T01:00:00,4793.39,4797.0,0.5,0,-226511.25,2026-01
SHORT,F2,reverse,2026-01-21T23:15:00,2026-01-22T01:00:00,4793.39,4797.0,0.5,0,-226511.25,2026-01
SHORT,F3,reverse,2026-01-21T23:15:00,2026-01-22T01:00:00,4793.39,4797.0,0.5,0,-226511.25,2026-01
LONG,F1,reverse,2026-01-22T01:00:00,2026-01-22T02:30:00,4797.0,4795.23,0.5,0,-111059.54,2026-01
LONG,F2,reverse,2026-01-22T01:00:00,2026-01-22T02:30:00,4797.0,4795.23,0.5,0,-111059.54,2026-01
LONG,F3,reverse,2026-01-22T01:00:00,2026-01-22T02:30:00,4797.0,4795.23,0.5,0,-111059.54,2026-01
SHORT,F1,EXIT_INITSL,2026-01-22T02:30:00,2026-01-22T02:51:24.646000,4795.23,4813.8,0.5,0,-1165183.94,2026-01
SHORT,F2,EXIT_INITSL,2026-01-22T02:30:00,2026-01-22T02:51:24.646000,4795.23,4813.8,0.5,0,-1165183.94,2026-01
SHORT,F3,EXIT_INITSL,2026-01-22T02:30:00,2026-01-22T02:51:24.646000,4795.23,4813.8,0.5,0,-1165183.94,2026-01
LONG,F1,EXIT_SL_RAISED,2026-01-22T03:00:00,2026-01-22T06:32:26.448000,4821.67,4820.82,0.5,0,-53333.68,2026-01
LONG,F2,EXIT_SL_RAISED,2026-01-22T03:00:00,2026-01-22T06:32:26.448000,4821.67,4820.82,0.5,0,-53333.68,2026-01
LONG,F3,EXIT_SL_RAISED,2026-01-22T03:00:00,2026-01-22T06:32:26.448000,4821.67,4820.82,0.5,0,-53333.68,2026-01
LONG,F1,EXIT_SL_RAISED,2026-01-22T22:00:00,2026-01-23T00:18:40.283000,4965.48,4945.48,0.5,0,-1254910.0,2026-01
LONG,F2,EXIT_SL_RAISED,2026-01-22T22:00:00,2026-01-23T00:18:40.283000,4965.48,4945.48,0.5,0,-1254910.0,2026-01
LONG,F3,EXIT_SL_RAISED,2026-01-22T22:00:00,2026-01-23T00:18:40.283000,4965.48,4945.48,0.5,0,-1254910.0,2026-01
LONG,F1,EXIT_SL_RAISED,2026-01-23T01:45:00,2026-01-23T03:11:34.666000,4957.2,4951.18,0.5,0,-377727.91,2026-01
LONG,F2,EXIT_SL_RAISED,2026-01-23T01:45:00,2026-01-23T03:11:34.666000,4957.2,4951.18,0.5,0,-377727.91,2026-01
LONG,F3,EXIT_SL_RAISED,2026-01-23T01:45:00,2026-01-23T03:11:34.666000,4957.2,4951.18,0.5,0,-377727.91,2026-01
SHORT,F1,reverse,2026-01-26T02:15:00,2026-01-26T03:00:00,5059.75,5074.64,0.5,0,-934280.5,2026-01
SHORT,F2,reverse,2026-01-26T02:15:00,2026-01-26T03:00:00,5059.75,5074.64,0.5,0,-934280.5,2026-01
SHORT,F3,reverse,2026-01-26T02:15:00,2026-01-26T03:00:00,5059.75,5074.64,0.5,0,-934280.5,2026-01
LONG,F1,EXIT_TRAIL,2026-01-26T03:00:00,2026-01-26T04:00:00,5074.64,5077.88,0.5,0,203295.42,2026-01
LONG,F2,EXIT_TRAIL,2026-01-26T03:00:00,2026-01-26T04:00:00,5074.64,5077.88,0.5,0,203295.42,2026-01
LONG,F3,EXIT_TRAIL,2026-01-26T03:00:00,2026-01-26T04:00:00,5074.64,5077.88,0.5,0,203295.42,2026-01
LONG,F1,reverse,2026-01-26T21:15:00,2026-01-26T21:45:00,5052.68,5031.71,0.5,0,-1315773.14,2026-01
LONG,F2,reverse,2026-01-26T21:15:00,2026-01-26T21:45:00,5052.68,5031.71,0.5,0,-1315773.14,2026-01
LONG,F3,reverse,2026-01-26T21:15:00,2026-01-26T21:45:00,5052.68,5031.71,0.5,0,-1315773.14,2026-01
SHORT,F1,EXIT_SL_RAISED,2026-01-26T21:45:00,2026-01-26T22:10:06.353000,5031.71,5053.15,0.5,0,-1345263.52,2026-01
SHORT,F2,EXIT_SL_RAISED,2026-01-26T21:45:00,2026-01-26T22:10:06.353000,5031.71,5053.15,0.5,0,-1345263.52,2026-01
SHORT,F3,EXIT_SL_RAISED,2026-01-26T21:45:00,2026-01-26T22:10:06.353000,5031.71,5053.15,0.5,0,-1345263.52,2026-01
LONG,F1,reverse,2026-01-26T23:15:00,2026-01-27T02:15:00,5064.28,5063.58,0.5,0,-43921.85,2026-01
LONG,F2,reverse,2026-01-26T23:15:00,2026-01-27T02:15:00,5064.28,5063.58,0.5,0,-43921.85,2026-01
LONG,F3,reverse,2026-01-26T23:15:00,2026-01-27T02:15:00,5064.28,5063.58,0.5,0,-43921.85,2026-01
SHORT,F1,reverse,2026-01-27T02:15:00,2026-01-27T02:45:00,5063.58,5074.96,0.5,0,-714043.79,2026-01
SHORT,F2,reverse,2026-01-27T02:15:00,2026-01-27T02:45:00,5063.58,5074.96,0.5,0,-714043.79,2026-01
SHORT,F3,reverse,2026-01-27T02:15:00,2026-01-27T02:45:00,5063.58,5074.96,0.5,0,-714043.79,2026-01
LONG,F1,EXIT_SL_RAISED,2026-01-27T02:45:00,2026-01-27T05:29:28.394000,5074.96,5076.33,0.5,0,85961.33,2026-01
LONG,F2,EXIT_SL_RAISED,2026-01-27T02:45:00,2026-01-27T05:29:28.394000,5074.96,5076.33,0.5,0,85961.33,2026-01
LONG,F3,EXIT_SL_RAISED,2026-01-27T02:45:00,2026-01-27T05:29:28.394000,5074.96,5076.33,0.5,0,85961.33,2026-01
LONG,F1,EXIT_SL_RAISED,2026-01-27T22:15:00,2026-01-28T05:45:54.850000,5190.07,5283.96,0.5,0,5891175.0,2026-01
LONG,F2,EXIT_SL_RAISED,2026-01-27T22:15:00,2026-01-28T05:45:54.850000,5190.07,5283.96,0.5,0,5891175.0,2026-01
LONG,F3,EXIT_SL_RAISED,2026-01-27T22:15:00,2026-01-28T05:45:54.850000,5190.07,5283.96,0.5,0,5891175.0,2026-01
LONG,F1,EXIT_SL_RAISED,2026-01-28T23:45:00,2026-01-29T04:28:32.588000,5526.06,5546.63,0.5,0,1290674.93,2026-01
LONG,F2,EXIT_SL_RAISED,2026-01-28T23:45:00,2026-01-29T04:28:32.588000,5526.06,5546.63,0.5,0,1290674.93,2026-01
LONG,F3,EXIT_SL_RAISED,2026-01-28T23:45:00,2026-01-29T04:28:32.588000,5526.06,5546.63,0.5,0,1290674.93,2026-01
SHORT,F1,EXIT_SL_RAISED,2026-01-29T22:15:00,2026-01-29T23:39:17.356000,5309.65,5218.43,0.5,0,5723644.51,2026-01
SHORT,F2,EXIT_SL_RAISED,2026-01-29T22:15:00,2026-01-29T23:39:17.356000,5309.65,5218.43,0.5,0,5723644.51,2026-01
SHORT,F3,EXIT_SL_RAISED,2026-01-29T22:15:00,2026-01-29T23:39:17.356000,5309.65,5218.43,0.5,0,5723644.51,2026-01
SHORT,F1,EXIT_SL_RAISED,2026-01-30T03:00:00,2026-01-30T07:19:46.308000,5184.51,5053.3,0.5,0,8232837.06,2026-01
SHORT,F2,EXIT_SL_RAISED,2026-01-30T03:00:00,2026-01-30T07:19:46.308000,5184.51,5053.3,0.5,0,8232837.06,2026-01
SHORT,F3,EXIT_SL_RAISED,2026-01-30T03:00:00,2026-01-30T07:19:46.308000,5184.51,5053.3,0.5,0,8232837.06,2026-01
SHORT,F1,EXIT_SL_RAISED,2026-02-01T20:15:00,2026-02-01T21:11:46.427000,4741.16,4830.93,0.5,1,-5632663.54,2026-02
SHORT,F2,EXIT_SL_RAISED,2026-02-01T20:15:00,2026-02-01T21:11:46.427000,4741.16,4830.93,0.5,1,-5632663.54,2026-02
SHORT,F3,EXIT_SL_RAISED,2026-02-01T20:15:00,2026-02-01T21:11:46.427000,4741.16,4830.93,0.5,1,-5632663.54,2026-02
SHORT,F1,EXIT_SL_RAISED,2026-02-01T22:15:00,2026-02-02T04:03:44.658000,4643.27,4533.65,0.5,0,6878161.71,2026-02
SHORT,F2,EXIT_SL_RAISED,2026-02-01T22:15:00,2026-02-02T04:03:44.658000,4643.27,4533.65,0.5,0,6878161.71,2026-02
SHORT,F3,EXIT_SL_RAISED,2026-02-01T22:15:00,2026-02-02T04:03:44.658000,4643.27,4533.65,0.5,0,6878161.71,2026-02
LONG,F1,EXIT_SL_RAISED,2026-02-02T22:15:00,2026-02-02T23:18:14.568000,4829.84,4777.87,0.5,0,-3260883.64,2026-02
LONG,F2,EXIT_SL_RAISED,2026-02-02T22:15:00,2026-02-02T23:18:14.568000,4829.84,4777.87,0.5,0,-3260883.64,2026-02
LONG,F3,EXIT_SL_RAISED,2026-02-02T22:15:00,2026-02-02T23:18:14.568000,4829.84,4777.87,0.5,0,-3260883.64,2026-02
LONG,F1,EXIT_SL_RAISED,2026-02-03T00:45:00,2026-02-03T06:27:16.480000,4805.78,4898.41,0.5,0,5812115.67,2026-02
LONG,F2,EXIT_SL_RAISED,2026-02-03T00:45:00,2026-02-03T06:27:16.480000,4805.78,4898.41,0.5,0,5812115.67,2026-02
LONG,F3,EXIT_SL_RAISED,2026-02-03T00:45:00,2026-02-03T06:27:16.480000,4805.78,4898.41,0.5,0,5812115.67,2026-02
SHORT,F1,EXIT_SL_RAISED,2026-02-03T20:15:00,2026-02-03T21:13:16.803000,4932.69,4975.96,0.5,0,-2714997.79,2026-02
SHORT,F2,EXIT_SL_RAISED,2026-02-03T20:15:00,2026-02-03T21:13:16.803000,4932.69,4975.96,0.5,0,-2714997.79,2026-02
SHORT,F3,EXIT_SL_RAISED,2026-02-03T20:15:00,2026-02-03T21:13:16.803000,4932.69,4975.96,0.5,0,-2714997.79,2026-02
LONG,F1,EXIT_SL_RAISED,2026-02-03T21:15:00,2026-02-04T03:15:21.256000,4987.15,5052.12,0.5,0,4076575.14,2026-02
LONG,F2,EXIT_SL_RAISED,2026-02-03T21:15:00,2026-02-04T03:15:21.256000,4987.15,5052.12,0.5,0,4076575.14,2026-02
LONG,F3,EXIT_SL_RAISED,2026-02-03T21:15:00,2026-02-04T03:15:21.256000,4987.15,5052.12,0.5,0,4076575.14,2026-02
LONG,F1,EXIT_SL_RAISED,2026-02-04T04:00:00,2026-02-04T06:23:11.038000,5076.93,5056.25,0.5,0,-1297576.94,2026-02
LONG,F2,EXIT_SL_RAISED,2026-02-04T04:00:00,2026-02-04T06:23:11.038000,5076.93,5056.25,0.5,0,-1297576.94,2026-02
LONG,F3,EXIT_SL_RAISED,2026-02-04T04:00:00,2026-02-04T06:23:11.038000,5076.93,5056.25,0.5,0,-1297576.94,2026-02
SHORT,F1,EXIT_SL_RAISED,2026-02-05T02:15:00,2026-02-05T02:45:18.313000,4852.82,4897.1,0.5,0,-2778370.74,2026-02
SHORT,F2,EXIT_SL_RAISED,2026-02-05T02:15:00,2026-02-05T02:45:18.313000,4852.82,4897.1,0.5,0,-2778370.74,2026-02
SHORT,F3,EXIT_SL_RAISED,2026-02-05T02:15:00,2026-02-05T02:45:18.313000,4852.82,4897.1,0.5,0,-2778370.74,2026-02
LONG,F1,reverse,2026-02-05T03:15:00,2026-02-05T06:00:00,4910.75,4912.26,0.5,0,94745.71,2026-02
LONG,F2,reverse,2026-02-05T03:15:00,2026-02-05T06:00:00,4910.75,4912.26,0.5,0,94745.71,2026-02
LONG,F3,reverse,2026-02-05T03:15:00,2026-02-05T06:00:00,4910.75,4912.26,0.5,0,94745.71,2026-02
LONG,F1,EXIT_SL_RAISED,2026-02-05T23:00:00,2026-02-06T03:34:33.376000,4774.52,4843.79,0.5,0,4346380.78,2026-02
LONG,F2,EXIT_SL_RAISED,2026-02-05T23:00:00,2026-02-06T03:34:33.376000,4774.52,4843.79,0.5,0,4346380.78,2026-02
LONG,F3,EXIT_SL_RAISED,2026-02-05T23:00:00,2026-02-06T03:34:33.376000,4774.52,4843.79,0.5,0,4346380.78,2026-02
SHORT,F1,EXIT_SL_RAISED,2026-02-08T23:00:00,2026-02-08T23:54:36.870000,4982.43,5013.68,0.5,0,-1960796.88,2026-02
SHORT,F2,EXIT_SL_RAISED,2026-02-08T23:00:00,2026-02-08T23:54:36.870000,4982.43,5013.68,0.5,0,-1960796.88,2026-02
SHORT,F3,EXIT_SL_RAISED,2026-02-08T23:00:00,2026-02-08T23:54:36.870000,4982.43,5013.68,0.5,0,-1960796.88,2026-02
LONG,F1,EXIT_SL_RAISED,2026-02-09T03:00:00,2026-02-09T04:14:04.227000,5037.01,5011.27,0.5,0,-1615069.17,2026-02
LONG,F2,EXIT_SL_RAISED,2026-02-09T03:00:00,2026-02-09T04:14:04.227000,5037.01,5011.27,0.5,0,-1615069.17,2026-02
LONG,F3,EXIT_SL_RAISED,2026-02-09T03:00:00,2026-02-09T04:14:04.227000,5037.01,5011.27,0.5,0,-1615069.17,2026-02
SHORT,F1,EXIT_SL_RAISED,2026-02-09T20:15:00,2026-02-09T20:43:45.977000,5013.21,5038.57,0.5,0,-1591225.88,2026-02
SHORT,F2,EXIT_SL_RAISED,2026-02-09T20:15:00,2026-02-09T20:43:45.977000,5013.21,5038.57,0.5,0,-1591225.88,2026-02
SHORT,F3,EXIT_SL_RAISED,2026-02-09T20:15:00,2026-02-09T20:43:45.977000,5013.21,5038.57,0.5,0,-1591225.88,2026-02
SHORT,F1,EXIT_SL_RAISED,2026-02-09T22:30:00,2026-02-09T23:22:37.236000,5017.1,5051.02,0.5,0,-2128327.36,2026-02
SHORT,F2,EXIT_SL_RAISED,2026-02-09T22:30:00,2026-02-09T23:22:37.236000,5017.1,5051.02,0.5,0,-2128327.36,2026-02
SHORT,F3,EXIT_SL_RAISED,2026-02-09T22:30:00,2026-02-09T23:22:37.236000,5017.1,5051.02,0.5,0,-2128327.36,2026-02
SHORT,F1,EXIT_SL_RAISED,2026-02-10T00:15:00,2026-02-10T02:53:01.921000,5026.77,5040.37,0.5,0,-853338.8,2026-02
SHORT,F2,EXIT_SL_RAISED,2026-02-10T00:15:00,2026-02-10T02:53:01.921000,5026.77,5040.37,0.5,0,-853338.8,2026-02
SHORT,F3,EXIT_SL_RAISED,2026-02-10T00:15:00,2026-02-10T02:53:01.921000,5026.77,5040.37,0.5,0,-853338.8,2026-02
SHORT,F1,EXIT_SL_RAISED,2026-02-10T04:30:00,2026-02-10T05:45:52.957000,5025.1,5051.02,0.5,0,-1626363.36,2026-02
SHORT,F2,EXIT_SL_RAISED,2026-02-10T04:30:00,2026-02-10T05:45:52.957000,5025.1,5051.02,0.5,0,-1626363.36,2026-02
SHORT,F3,EXIT_SL_RAISED,2026-02-10T04:30:00,2026-02-10T05:45:52.957000,5025.1,5051.02,0.5,0,-1626363.36,2026-02
LONG,F1,EXIT_SL_RAISED,2026-02-10T21:30:00,2026-02-11T04:48:07.640000,5040.54,5048.88,0.5,0,523297.47,2026-02
LONG,F2,EXIT_SL_RAISED,2026-02-10T21:30:00,2026-02-11T04:48:07.640000,5040.54,5048.88,0.5,0,523297.47,2026-02
LONG,F3,EXIT_SL_RAISED,2026-02-10T21:30:00,2026-02-11T04:48:07.640000,5040.54,5048.88,0.5,0,523297.47,2026-02
SHORT,F1,EXIT_SL_RAISED,2026-02-11T21:45:00,2026-02-11T23:01:00.487000,5059.05,5071.22,0.5,0,-763612.74,2026-02
SHORT,F2,EXIT_SL_RAISED,2026-02-11T21:45:00,2026-02-11T23:01:00.487000,5059.05,5071.22,0.5,0,-763612.74,2026-02
SHORT,F3,EXIT_SL_RAISED,2026-02-11T21:45:00,2026-02-11T23:01:00.487000,5059.05,5071.22,0.5,0,-763612.74,2026-02
SHORT,F1,EXIT_SL_RAISED,2026-02-12T00:30:00,2026-02-12T02:06:01.142000,5059.9,5073.5,0.5,0,-853338.8,2026-02
SHORT,F2,EXIT_SL_RAISED,2026-02-12T00:30:00,2026-02-12T02:06:01.142000,5059.9,5073.5,0.5,0,-853338.8,2026-02
SHORT,F3,EXIT_SL_RAISED,2026-02-12T00:30:00,2026-02-12T02:06:01.142000,5059.9,5073.5,0.5,0,-853338.8,2026-02
SHORT,F1,EXIT_SL_RAISED,2026-02-12T03:30:00,2026-02-12T05:04:42.461000,5055.37,5068.33,0.5,0,-813181.68,2026-02
SHORT,F2,EXIT_SL_RAISED,2026-02-12T03:30:00,2026-02-12T05:04:42.461000,5055.37,5068.33,0.5,0,-813181.68,2026-02
SHORT,F3,EXIT_SL_RAISED,2026-02-12T03:30:00,2026-02-12T05:04:42.461000,5055.37,5068.33,0.5,0,-813181.68,2026-02
LONG,F1,EXIT_SL_RAISED,2026-02-12T21:15:00,2026-02-13T02:19:14.466000,4942.37,4968.96,0.5,0,1668402.85,2026-02
LONG,F2,EXIT_SL_RAISED,2026-02-12T21:15:00,2026-02-13T02:19:14.466000,4942.37,4968.96,0.5,0,1668402.85,2026-02
LONG,F3,EXIT_SL_RAISED,2026-02-12T21:15:00,2026-02-13T02:19:14.466000,4942.37,4968.96,0.5,0,1668402.85,2026-02
SHORT,F1,reverse,2026-02-13T02:45:00,2026-02-13T04:00:00,4963.96,4967.52,0.5,0,-223373.98,2026-02
SHORT,F2,reverse,2026-02-13T02:45:00,2026-02-13T04:00:00,4963.96,4967.52,0.5,0,-223373.98,2026-02
SHORT,F3,reverse,2026-02-13T02:45:00,2026-02-13T04:00:00,4963.96,4967.52,0.5,0,-223373.98,2026-02
LONG,F1,reverse,2026-02-13T04:00:00,2026-02-13T06:30:00,4967.52,4964.6,0.5,0,-183216.86,2026-02
LONG,F2,reverse,2026-02-13T04:00:00,2026-02-13T06:30:00,4967.52,4964.6,0.5,0,-183216.86,2026-02
LONG,F3,reverse,2026-02-13T04:00:00,2026-02-13T06:30:00,4967.52,4964.6,0.5,0,-183216.86,2026-02
LONG,F1,EXIT_SL_RAISED,2026-02-15T20:30:00,2026-02-15T21:03:32.165000,5029.66,5002.96,0.5,0,-1675304.85,2026-02
LONG,F2,EXIT_SL_RAISED,2026-02-15T20:30:00,2026-02-15T21:03:32.165000,5029.66,5002.96,0.5,0,-1675304.85,2026-02
LONG,F3,EXIT_SL_RAISED,2026-02-15T20:30:00,2026-02-15T21:03:32.165000,5029.66,5002.96,0.5,0,-1675304.85,2026-02
SHORT,F1,EXIT_SL_RAISED,2026-02-15T21:30:00,2026-02-16T02:30:08.880000,5012.34,4987.65,0.5,0,1549186.4,2026-02
SHORT,F2,EXIT_SL_RAISED,2026-02-15T21:30:00,2026-02-16T02:30:08.880000,5012.34,4987.65,0.5,0,1549186.4,2026-02
SHORT,F3,EXIT_SL_RAISED,2026-02-15T21:30:00,2026-02-16T02:30:08.880000,5012.34,4987.65,0.5,0,1549186.4,2026-02
SHORT,F1,EXIT_TRAIL,2026-02-16T20:45:00,2026-02-16T22:15:00,4989.75,4950.46,0.5,0,2465270.69,2026-02
SHORT,F2,EXIT_TRAIL,2026-02-16T20:45:00,2026-02-16T22:15:00,4989.75,4950.46,0.5,0,2465270.69,2026-02
SHORT,F3,EXIT_TRAIL,2026-02-16T20:45:00,2026-02-16T22:15:00,4989.75,4950.46,0.5,0,2465270.69,2026-02
SHORT,F1,EXIT_SL_RAISED,2026-02-16T23:00:00,2026-02-17T02:52:42.638000,4957.55,4895.63,0.5,0,3885201.36,2026-02
SHORT,F2,EXIT_SL_RAISED,2026-02-16T23:00:00,2026-02-17T02:52:42.638000,4957.55,4895.63,0.5,0,3885201.36,2026-02
SHORT,F3,EXIT_SL_RAISED,2026-02-16T23:00:00,2026-02-17T02:52:42.638000,4957.55,4895.63,0.5,0,3885201.36,2026-02
LONG,F1,EXIT_SL_RAISED,2026-02-17T21:45:00,2026-02-18T05:18:23.547000,4878.71,4925.47,0.5,0,2933979.58,2026-02
LONG,F2,EXIT_SL_RAISED,2026-02-17T21:45:00,2026-02-18T05:18:23.547000,4878.71,4925.47,0.5,0,2933979.58,2026-02
LONG,F3,EXIT_SL_RAISED,2026-02-17T21:45:00,2026-02-18T05:18:23.547000,4878.71,4925.47,0.5,0,2933979.58,2026-02
SHORT,F1,EXIT_SL_RAISED,2026-02-18T21:45:00,2026-02-19T00:31:02.793000,4965.11,4975.91,0.5,0,-677651.4,2026-02
SHORT,F2,EXIT_SL_RAISED,2026-02-18T21:45:00,2026-02-19T00:31:02.793000,4965.11,4975.91,0.5,0,-677651.4,2026-02
SHORT,F3,EXIT_SL_RAISED,2026-02-18T21:45:00,2026-02-19T00:31:02.793000,4965.11,4975.91,0.5,0,-677651.4,2026-02
SHORT,F1,EXIT_SL_RAISED,2026-02-19T21:00:00,2026-02-19T21:56:03.079000,4987.46,5004.21,0.5,0,-1050987.12,2026-02
SHORT,F2,EXIT_SL_RAISED,2026-02-19T21:00:00,2026-02-19T21:56:03.079000,4987.46,5004.21,0.5,0,-1050987.12,2026-02
SHORT,F3,EXIT_SL_RAISED,2026-02-19T21:00:00,2026-02-19T21:56:03.079000,4987.46,5004.21,0.5,0,-1050987.12,2026-02
LONG,F1,EXIT_SL_RAISED,2026-02-19T22:00:00,2026-02-19T22:37:58.728000,5006.9,4995.42,0.5,0,-720318.34,2026-02
LONG,F2,EXIT_SL_RAISED,2026-02-19T22:00:00,2026-02-19T22:37:58.728000,5006.9,4995.42,0.5,0,-720318.34,2026-02
LONG,F3,EXIT_SL_RAISED,2026-02-19T22:00:00,2026-02-19T22:37:58.728000,5006.9,4995.42,0.5,0,-720318.34,2026-02
SHORT,F1,EXIT_SL_RAISED,2026-02-19T23:15:00,2026-02-20T01:40:49.508000,4996.6,4999.75,0.5,0,-197648.32,2026-02
SHORT,F2,EXIT_SL_RAISED,2026-02-19T23:15:00,2026-02-20T01:40:49.508000,4996.6,4999.75,0.5,0,-197648.32,2026-02
SHORT,F3,EXIT_SL_RAISED,2026-02-19T23:15:00,2026-02-20T01:40:49.508000,4996.6,4999.75,0.5,0,-197648.32,2026-02
LONG,F1,reverse,2026-02-20T04:15:00,2026-02-20T05:00:00,5023.04,5006.24,0.5,0,-1054124.4,2026-02
LONG,F2,reverse,2026-02-20T04:15:00,2026-02-20T05:00:00,5023.04,5006.24,0.5,0,-1054124.4,2026-02
LONG,F3,reverse,2026-02-20T04:15:00,2026-02-20T05:00:00,5023.04,5006.24,0.5,0,-1054124.4,2026-02
SHORT,F1,EXIT_SL_RAISED,2026-02-23T03:30:00,2026-02-23T06:05:25.574000,5152.6,5144.39,0.5,0,515140.56,2026-02
SHORT,F2,EXIT_SL_RAISED,2026-02-23T03:30:00,2026-02-23T06:05:25.574000,5152.6,5144.39,0.5,0,515140.56,2026-02
SHORT,F3,EXIT_SL_RAISED,2026-02-23T03:30:00,2026-02-23T06:05:25.574000,5152.6,5144.39,0.5,0,515140.56,2026-02
SHORT,F1,EXIT_SL_RAISED,2026-02-23T22:00:00,2026-02-23T22:37:35.708000,5223.86,5175.96,0.5,0,3005509.45,2026-02
SHORT,F2,EXIT_SL_RAISED,2026-02-23T22:00:00,2026-02-23T22:37:35.708000,5223.86,5175.96,0.5,0,3005509.45,2026-02
SHORT,F3,EXIT_SL_RAISED,2026-02-23T22:00:00,2026-02-23T22:37:35.708000,5223.86,5175.96,0.5,0,3005509.45,2026-02
LONG,F1,EXIT_SL_RAISED,2026-02-24T03:00:00,2026-02-24T03:35:06.341000,5182.96,5161.42,0.5,0,-1351538.07,2026-02
LONG,F2,EXIT_SL_RAISED,2026-02-24T03:00:00,2026-02-24T03:35:06.341000,5182.96,5161.42,0.5,0,-1351538.07,2026-02
LONG,F3,EXIT_SL_RAISED,2026-02-24T03:00:00,2026-02-24T03:35:06.341000,5182.96,5161.42,0.5,0,-1351538.07,2026-02
SHORT,F1,EXIT_SL_RAISED,2026-02-24T20:15:00,2026-02-24T21:38:07.484000,5135.6,5153.39,0.5,0,-1116242.44,2026-02
SHORT,F2,EXIT_SL_RAISED,2026-02-24T20:15:00,2026-02-24T21:38:07.484000,5135.6,5153.39,0.5,0,-1116242.44,2026-02
SHORT,F3,EXIT_SL_RAISED,2026-02-24T20:15:00,2026-02-24T21:38:07.484000,5135.6,5153.39,0.5,0,-1116242.44,2026-02
LONG,F1,EXIT_SL_RAISED,2026-02-24T22:00:00,2026-02-24T23:51:13.021000,5152.65,5168.1,0.5,0,969417.98,2026-02
LONG,F2,EXIT_SL_RAISED,2026-02-24T22:00:00,2026-02-24T23:51:13.021000,5152.65,5168.1,0.5,0,969417.98,2026-02
LONG,F3,EXIT_SL_RAISED,2026-02-24T22:00:00,2026-02-24T23:51:13.021000,5152.65,5168.1,0.5,0,969417.98,2026-02
LONG,F1,EXIT_SL_RAISED,2026-02-25T02:15:00,2026-02-25T03:07:45.193000,5188.74,5189.76,0.5,0,64000.41,2026-02
LONG,F2,EXIT_SL_RAISED,2026-02-25T02:15:00,2026-02-25T03:07:45.193000,5188.74,5189.76,0.5,0,64000.41,2026-02
LONG,F3,EXIT_SL_RAISED,2026-02-25T02:15:00,2026-02-25T03:07:45.193000,5188.74,5189.76,0.5,0,64000.41,2026-02
SHORT,F1,EXIT_SL_RAISED,2026-02-25T21:00:00,2026-02-25T21:24:23.694000,5162.97,5180.65,0.5,0,-1109340.44,2026-02
SHORT,F2,EXIT_SL_RAISED,2026-02-25T21:00:00,2026-02-25T21:24:23.694000,5162.97,5180.65,0.5,0,-1109340.44,2026-02
SHORT,F3,EXIT_SL_RAISED,2026-02-25T21:00:00,2026-02-25T21:24:23.694000,5162.97,5180.65,0.5,0,-1109340.44,2026-02
LONG,F1,reverse,2026-02-25T21:30:00,2026-02-25T23:30:00,5185.62,5180.66,0.5,0,-311217.68,2026-02
LONG,F2,reverse,2026-02-25T21:30:00,2026-02-25T23:30:00,5185.62,5180.66,0.5,0,-311217.68,2026-02
LONG,F3,reverse,2026-02-25T21:30:00,2026-02-25T23:30:00,5185.62,5180.66,0.5,0,-311217.68,2026-02
SHORT,F1,reverse,2026-02-25T23:30:00,2026-02-26T00:15:00,5180.66,5187.58,0.5,0,-434198.86,2026-02
SHORT,F2,reverse,2026-02-25T23:30:00,2026-02-26T00:15:00,5180.66,5187.58,0.5,0,-434198.86,2026-02
SHORT,F3,reverse,2026-02-25T23:30:00,2026-02-26T00:15:00,5180.66,5187.58,0.5,0,-434198.86,2026-02
LONG,F1,EXIT_SL_RAISED,2026-02-26T00:15:00,2026-02-26T04:02:40.127000,5187.58,5189.03,0.5,0,90980.97,2026-02
LONG,F2,EXIT_SL_RAISED,2026-02-26T00:15:00,2026-02-26T04:02:40.127000,5187.58,5189.03,0.5,0,90980.97,2026-02
LONG,F3,EXIT_SL_RAISED,2026-02-26T00:15:00,2026-02-26T04:02:40.127000,5187.58,5189.03,0.5,0,90980.97,2026-02
LONG,F1,EXIT_SL_RAISED,2026-02-26T21:30:00,2026-02-26T22:02:03.905000,5188.44,5169.87,0.5,0,-1165183.93,2026-02
LONG,F2,EXIT_SL_RAISED,2026-02-26T21:30:00,2026-02-26T22:02:03.905000,5188.44,5169.87,0.5,0,-1165183.93,2026-02
LONG,F3,EXIT_SL_RAISED,2026-02-26T21:30:00,2026-02-26T22:02:03.905000,5188.44,5169.87,0.5,0,-1165183.93,2026-02
LONG,F1,EXIT_SL_RAISED,2026-02-26T22:45:00,2026-02-26T23:36:47.445000,5188.77,5178.37,0.5,0,-652553.2,2026-02
LONG,F2,EXIT_SL_RAISED,2026-02-26T22:45:00,2026-02-26T23:36:47.445000,5188.77,5178.37,0.5,0,-652553.2,2026-02
LONG,F3,EXIT_SL_RAISED,2026-02-26T22:45:00,2026-02-26T23:36:47.445000,5188.77,5178.37,0.5,0,-652553.2,2026-02
LONG,F1,EXIT_SL_RAISED,2026-02-27T01:15:00,2026-02-27T03:57:14.898000,5186.95,5185.04,0.5,0,-119843.9,2026-02
LONG,F2,EXIT_SL_RAISED,2026-02-27T01:15:00,2026-02-27T03:57:14.898000,5186.95,5185.04,0.5,0,-119843.9,2026-02
LONG,F3,EXIT_SL_RAISED,2026-02-27T01:15:00,2026-02-27T03:57:14.898000,5186.95,5185.04,0.5,0,-119843.9,2026-02
LONG,F1,EXIT_SL_RAISED,2026-03-03T20:15:00,2026-03-04T00:02:50.266000,5117.58,5151.57,0.5,0,2132719.54,2026-03
LONG,F2,EXIT_SL_RAISED,2026-03-03T20:15:00,2026-03-04T00:02:50.266000,5117.58,5151.57,0.5,0,2132719.54,2026-03
LONG,F3,EXIT_SL_RAISED,2026-03-03T20:15:00,2026-03-04T00:02:50.266000,5117.58,5151.57,0.5,0,2132719.54,2026-03
LONG,F1,EXIT_SL_RAISED,2026-03-04T01:00:00,2026-03-04T03:01:25.982000,5174.83,5146.19,0.5,0,-1797031.12,2026-03
LONG,F2,EXIT_SL_RAISED,2026-03-04T01:00:00,2026-03-04T03:01:25.982000,5174.83,5146.19,0.5,0,-1797031.12,2026-03
LONG,F3,EXIT_SL_RAISED,2026-03-04T01:00:00,2026-03-04T03:01:25.982000,5174.83,5146.19,0.5,0,-1797031.12,2026-03
LONG,F1,EXIT_SL_RAISED,2026-03-04T04:00:00,2026-03-04T09:19:07.722000,5161.24,5178.5,0.5,0,1082987.33,2026-03
LONG,F2,EXIT_SL_RAISED,2026-03-04T04:00:00,2026-03-04T09:19:07.722000,5161.24,5178.5,0.5,0,1082987.33,2026-03
LONG,F3,EXIT_SL_RAISED,2026-03-04T04:00:00,2026-03-04T09:19:07.722000,5161.24,5178.5,0.5,0,1082987.33,2026-03
LONG,F1,EXIT_SL_RAISED,2026-03-04T23:15:00,2026-03-05T01:47:42.016000,5179.07,5172.37,0.5,0,-420394.85,2026-03
LONG,F2,EXIT_SL_RAISED,2026-03-04T23:15:00,2026-03-05T01:47:42.016000,5179.07,5172.37,0.5,0,-420394.85,2026-03
LONG,F3,EXIT_SL_RAISED,2026-03-04T23:15:00,2026-03-05T01:47:42.016000,5179.07,5172.37,0.5,0,-420394.85,2026-03
SHORT,F1,EXIT_SL_RAISED,2026-03-05T19:00:00,2026-03-05T22:33:33.579000,5092.54,5096.38,0.5,1,-240942.72,2026-03
SHORT,F2,EXIT_SL_RAISED,2026-03-05T19:00:00,2026-03-05T22:33:33.579000,5092.54,5096.38,0.5,1,-240942.72,2026-03
SHORT,F3,EXIT_SL_RAISED,2026-03-05T19:00:00,2026-03-05T22:33:33.579000,5092.54,5096.38,0.5,1,-240942.72,2026-03
LONG,F1,EXIT_SL_RAISED,2026-03-05T22:45:00,2026-03-06T02:38:19.392000,5118.77,5121.02,0.5,0,141177.38,2026-03
LONG,F2,EXIT_SL_RAISED,2026-03-05T22:45:00,2026-03-06T02:38:19.392000,5118.77,5121.02,0.5,0,141177.38,2026-03
LONG,F3,EXIT_SL_RAISED,2026-03-05T22:45:00,2026-03-06T02:38:19.392000,5118.77,5121.02,0.5,0,141177.38,2026-03
SHORT,F1,EXIT_TRAIL,2026-03-08T19:45:00,2026-03-08T22:15:00,5125.79,5072.82,0.5,0,3323629.14,2026-03
SHORT,F2,EXIT_TRAIL,2026-03-08T19:45:00,2026-03-08T22:15:00,5125.79,5072.82,0.5,0,3323629.14,2026-03
SHORT,F3,EXIT_TRAIL,2026-03-08T19:45:00,2026-03-08T22:15:00,5125.79,5072.82,0.5,0,3323629.14,2026-03
LONG,F1,EXIT_SL_RAISED,2026-03-08T23:15:00,2026-03-09T03:48:43.798000,5094.82,5104.01,0.5,0,576631.15,2026-03
LONG,F2,EXIT_SL_RAISED,2026-03-08T23:15:00,2026-03-09T03:48:43.798000,5094.82,5104.01,0.5,0,576631.15,2026-03
LONG,F3,EXIT_SL_RAISED,2026-03-08T23:15:00,2026-03-09T03:48:43.798000,5094.82,5104.01,0.5,0,576631.15,2026-03
SHORT,F1,reverse,2026-03-09T04:00:00,2026-03-09T06:15:00,5097.63,5113.09,0.5,0,-970045.43,2026-03
SHORT,F2,reverse,2026-03-09T04:00:00,2026-03-09T06:15:00,5097.63,5113.09,0.5,0,-970045.43,2026-03
SHORT,F3,reverse,2026-03-09T04:00:00,2026-03-09T06:15:00,5097.63,5113.09,0.5,0,-970045.43,2026-03
LONG,F1,EXIT_SL_RAISED,2026-03-09T20:00:00,2026-03-09T21:23:02.639000,5153.32,5129.53,0.5,0,-1492715.44,2026-03
LONG,F2,EXIT_SL_RAISED,2026-03-09T20:00:00,2026-03-09T21:23:02.639000,5153.32,5129.53,0.5,0,-1492715.44,2026-03
LONG,F3,EXIT_SL_RAISED,2026-03-09T20:00:00,2026-03-09T21:23:02.639000,5153.32,5129.53,0.5,0,-1492715.44,2026-03
LONG,F1,EXIT_SL_RAISED,2026-03-09T22:15:00,2026-03-10T00:45:59.900000,5143.68,5159.1,0.5,0,967535.61,2026-03
LONG,F2,EXIT_SL_RAISED,2026-03-09T22:15:00,2026-03-10T00:45:59.900000,5143.68,5159.1,0.5,0,967535.61,2026-03
LONG,F3,EXIT_SL_RAISED,2026-03-09T22:15:00,2026-03-10T00:45:59.900000,5143.68,5159.1,0.5,0,967535.61,2026-03
LONG,F1,EXIT_SL_RAISED,2026-03-10T02:15:00,2026-03-10T04:22:23.224000,5173.23,5162.07,0.5,0,-700239.78,2026-03
LONG,F2,EXIT_SL_RAISED,2026-03-10T02:15:00,2026-03-10T04:22:23.224000,5173.23,5162.07,0.5,0,-700239.78,2026-03
LONG,F3,EXIT_SL_RAISED,2026-03-10T02:15:00,2026-03-10T04:22:23.224000,5173.23,5162.07,0.5,0,-700239.78,2026-03
SHORT,F1,EXIT_SL_RAISED,2026-03-10T19:30:00,2026-03-10T21:21:05.294000,5190.56,5207.07,0.5,0,-1035928.2,2026-03
SHORT,F2,EXIT_SL_RAISED,2026-03-10T19:30:00,2026-03-10T21:21:05.294000,5190.56,5207.07,0.5,0,-1035928.2,2026-03
SHORT,F3,EXIT_SL_RAISED,2026-03-10T19:30:00,2026-03-10T21:21:05.294000,5190.56,5207.07,0.5,0,-1035928.2,2026-03
SHORT,F1,EXIT_SL_RAISED,2026-03-10T23:15:00,2026-03-11T03:13:20.346000,5201.36,5207.71,0.5,0,-398433.93,2026-03
SHORT,F2,EXIT_SL_RAISED,2026-03-10T23:15:00,2026-03-11T03:13:20.346000,5201.36,5207.71,0.5,0,-398433.93,2026-03
SHORT,F3,EXIT_SL_RAISED,2026-03-10T23:15:00,2026-03-11T03:13:20.346000,5201.36,5207.71,0.5,0,-398433.93,2026-03
SHORT,F1,EXIT_SL_RAISED,2026-03-11T03:45:00,2026-03-11T06:33:02.632000,5194.72,5194.41,0.5,0,19451.11,2026-03
SHORT,F2,EXIT_SL_RAISED,2026-03-11T03:45:00,2026-03-11T06:33:02.632000,5194.72,5194.41,0.5,0,19451.11,2026-03
SHORT,F3,EXIT_SL_RAISED,2026-03-11T03:45:00,2026-03-11T06:33:02.632000,5194.72,5194.41,0.5,0,19451.11,2026-03
SHORT,F1,EXIT_SL_RAISED,2026-03-11T19:15:00,2026-03-11T20:12:27.705000,5175.03,5152.75,0.5,0,1397969.74,2026-03
SHORT,F2,EXIT_SL_RAISED,2026-03-11T19:15:00,2026-03-11T20:12:27.705000,5175.03,5152.75,0.5,0,1397969.74,2026-03
SHORT,F3,EXIT_SL_RAISED,2026-03-11T19:15:00,2026-03-11T20:12:27.705000,5175.03,5152.75,0.5,0,1397969.74,2026-03
LONG,F1,reverse,2026-03-11T22:45:00,2026-03-11T23:45:00,5170.19,5157.37,0.5,0,-804397.31,2026-03
LONG,F2,reverse,2026-03-11T22:45:00,2026-03-11T23:45:00,5170.19,5157.37,0.5,0,-804397.31,2026-03
LONG,F3,reverse,2026-03-11T22:45:00,2026-03-11T23:45:00,5170.19,5157.37,0.5,0,-804397.31,2026-03
SHORT,F1,EXIT_SL_RAISED,2026-03-11T23:45:00,2026-03-12T02:45:31.451000,5157.37,5155.94,0.5,0,89726.07,2026-03
SHORT,F2,EXIT_SL_RAISED,2026-03-11T23:45:00,2026-03-12T02:45:31.451000,5157.37,5155.94,0.5,0,89726.07,2026-03
SHORT,F3,EXIT_SL_RAISED,2026-03-11T23:45:00,2026-03-12T02:45:31.451000,5157.37,5155.94,0.5,0,89726.07,2026-03
LONG,F1,EXIT_SL_RAISED,2026-03-12T23:00:00,2026-03-13T00:00:30.647000,5124.49,5110.01,0.5,0,-908554.84,2026-03
LONG,F2,EXIT_SL_RAISED,2026-03-12T23:00:00,2026-03-13T00:00:30.647000,5124.49,5110.01,0.5,0,-908554.84,2026-03
LONG,F3,EXIT_SL_RAISED,2026-03-12T23:00:00,2026-03-13T00:00:30.647000,5124.49,5110.01,0.5,0,-908554.84,2026-03
LONG,F1,EXIT_SL_RAISED,2026-03-13T01:00:00,2026-03-13T02:05:40.536000,5115.98,5102.5,0.5,0,-845809.34,2026-03
LONG,F2,EXIT_SL_RAISED,2026-03-13T01:00:00,2026-03-13T02:05:40.536000,5115.98,5102.5,0.5,0,-845809.34,2026-03
LONG,F3,EXIT_SL_RAISED,2026-03-13T01:00:00,2026-03-13T02:05:40.536000,5115.98,5102.5,0.5,0,-845809.34,2026-03
SHORT,F1,EXIT_SL_RAISED,2026-03-16T18:00:00,2026-03-16T22:16:36.157000,5007.48,5013.93,0.5,0,-404708.48,2026-03
SHORT,F2,EXIT_SL_RAISED,2026-03-16T18:00:00,2026-03-16T22:16:36.157000,5007.48,5013.93,0.5,0,-404708.48,2026-03
SHORT,F3,EXIT_SL_RAISED,2026-03-16T18:00:00,2026-03-16T22:16:36.157000,5007.48,5013.93,0.5,0,-404708.48,2026-03
LONG,F1,EXIT_SL_RAISED,2026-03-17T01:30:00,2026-03-17T02:46:46.086000,5032.86,5028.07,0.5,0,-300550.94,2026-03
LONG,F2,EXIT_SL_RAISED,2026-03-17T01:30:00,2026-03-17T02:46:46.086000,5032.86,5028.07,0.5,0,-300550.94,2026-03
LONG,F3,EXIT_SL_RAISED,2026-03-17T01:30:00,2026-03-17T02:46:46.086000,5032.86,5028.07,0.5,0,-300550.94,2026-03
LONG,F1,EXIT_SL_RAISED,2026-03-17T19:15:00,2026-03-17T22:01:52.374000,5002.98,4999.05,0.5,1,-246589.81,2026-03
LONG,F2,EXIT_SL_RAISED,2026-03-17T19:15:00,2026-03-17T22:01:52.374000,5002.98,4999.05,0.5,1,-246589.81,2026-03
LONG,F3,EXIT_SL_RAISED,2026-03-17T19:15:00,2026-03-17T22:01:52.374000,5002.98,4999.05,0.5,1,-246589.81,2026-03
LONG,F1,EXIT_SL_RAISED,2026-03-17T22:15:00,2026-03-17T22:45:05.889000,5011.83,5000.73,0.5,0,-696475.05,2026-03
LONG,F2,EXIT_SL_RAISED,2026-03-17T22:15:00,2026-03-17T22:45:05.889000,5011.83,5000.73,0.5,0,-696475.05,2026-03
LONG,F3,EXIT_SL_RAISED,2026-03-17T22:15:00,2026-03-17T22:45:05.889000,5011.83,5000.73,0.5,0,-696475.05,2026-03
LONG,F1,reverse,2026-03-18T21:15:00,2026-03-19T01:00:00,4843.66,4850.72,0.5,0,442983.23,2026-03
LONG,F2,reverse,2026-03-18T21:15:00,2026-03-19T01:00:00,4843.66,4850.72,0.5,0,442983.23,2026-03
LONG,F3,reverse,2026-03-18T21:15:00,2026-03-19T01:00:00,4843.66,4850.72,0.5,0,442983.23,2026-03
SHORT,F1,EXIT_SL_RAISED,2026-03-19T01:00:00,2026-03-19T04:08:05.038000,4850.72,4777.89,0.5,0,4569754.76,2026-03
SHORT,F2,EXIT_SL_RAISED,2026-03-19T01:00:00,2026-03-19T04:08:05.038000,4850.72,4777.89,0.5,0,4569754.76,2026-03
SHORT,F3,EXIT_SL_RAISED,2026-03-19T01:00:00,2026-03-19T04:08:05.038000,4850.72,4777.89,0.5,0,4569754.76,2026-03
SHORT,F1,reverse,2026-03-19T20:00:00,2026-03-19T21:15:00,4636.16,4662.59,0.5,0,-1658363.57,2026-03
SHORT,F2,reverse,2026-03-19T20:00:00,2026-03-19T21:15:00,4636.16,4662.59,0.5,0,-1658363.57,2026-03
SHORT,F3,reverse,2026-03-19T20:00:00,2026-03-19T21:15:00,4636.16,4662.59,0.5,0,-1658363.57,2026-03
LONG,F1,EXIT_SL_RAISED,2026-03-19T21:15:00,2026-03-20T02:31:24.556000,4662.59,4705.97,0.5,0,2721899.79,2026-03
LONG,F2,EXIT_SL_RAISED,2026-03-19T21:15:00,2026-03-20T02:31:24.556000,4662.59,4705.97,0.5,0,2721899.79,2026-03
LONG,F3,EXIT_SL_RAISED,2026-03-19T21:15:00,2026-03-20T02:31:24.556000,4662.59,4705.97,0.5,0,2721899.79,2026-03
SHORT,F1,EXIT_SL_RAISED,2026-03-22T21:00:00,2026-03-22T22:05:17.016000,4464.69,4389.87,0.5,0,4694618.31,2026-03
SHORT,F2,EXIT_SL_RAISED,2026-03-22T21:00:00,2026-03-22T22:05:17.016000,4464.69,4389.87,0.5,0,4694618.31,2026-03
SHORT,F3,EXIT_SL_RAISED,2026-03-22T21:00:00,2026-03-22T22:05:17.016000,4464.69,4389.87,0.5,0,4694618.31,2026-03
LONG,F1,EXIT_SL_RAISED,2026-03-23T19:30:00,2026-03-23T21:27:20.221000,4414.94,4394.04,0.5,0,-1311380.95,2026-03
LONG,F2,EXIT_SL_RAISED,2026-03-23T19:30:00,2026-03-23T21:27:20.221000,4414.94,4394.04,0.5,0,-1311380.95,2026-03
LONG,F3,EXIT_SL_RAISED,2026-03-23T19:30:00,2026-03-23T21:27:20.221000,4414.94,4394.04,0.5,0,-1311380.95,2026-03
SHORT,F1,EXIT_SL_RAISED,2026-03-23T21:30:00,2026-03-23T23:36:10.587000,4377.84,4372.34,0.5,0,345100.25,2026-03
SHORT,F2,EXIT_SL_RAISED,2026-03-23T21:30:00,2026-03-23T23:36:10.587000,4377.84,4372.34,0.5,0,345100.25,2026-03
SHORT,F3,EXIT_SL_RAISED,2026-03-23T21:30:00,2026-03-23T23:36:10.587000,4377.84,4372.34,0.5,0,345100.25,2026-03
SHORT,F1,EXIT_SL_RAISED,2026-03-24T00:45:00,2026-03-24T02:41:16.323000,4341.52,4369.77,0.5,0,-1772560.38,2026-03
SHORT,F2,EXIT_SL_RAISED,2026-03-24T00:45:00,2026-03-24T02:41:16.323000,4341.52,4369.77,0.5,0,-1772560.38,2026-03
SHORT,F3,EXIT_SL_RAISED,2026-03-24T00:45:00,2026-03-24T02:41:16.323000,4341.52,4369.77,0.5,0,-1772560.38,2026-03
SHORT,F1,EXIT_SL_RAISED,2026-03-25T19:30:00,2026-03-25T21:14:02.842000,4511.58,4525.85,0.5,0,-895378.29,2026-03
SHORT,F2,EXIT_SL_RAISED,2026-03-25T19:30:00,2026-03-25T21:14:02.842000,4511.58,4525.85,0.5,0,-895378.29,2026-03
SHORT,F3,EXIT_SL_RAISED,2026-03-25T19:30:00,2026-03-25T21:14:02.842000,4511.58,4525.85,0.5,0,-895378.29,2026-03
LONG,F1,EXIT_SL_RAISED,2026-03-25T23:00:00,2026-03-25T23:58:04.715000,4535.89,4505.49,0.5,0,-1907463.2,2026-03
LONG,F2,EXIT_SL_RAISED,2026-03-25T23:00:00,2026-03-25T23:58:04.715000,4535.89,4505.49,0.5,0,-1907463.2,2026-03
LONG,F3,EXIT_SL_RAISED,2026-03-25T23:00:00,2026-03-25T23:58:04.715000,4535.89,4505.49,0.5,0,-1907463.2,2026-03
LONG,F1,EXIT_INITSL,2026-03-26T01:30:00,2026-03-26T02:22:57.132000,4521.29,4501.84,0.5,0,-1220399.97,2026-03
LONG,F2,EXIT_INITSL,2026-03-26T01:30:00,2026-03-26T02:22:57.132000,4521.29,4501.84,0.5,0,-1220399.97,2026-03
LONG,F3,EXIT_INITSL,2026-03-26T01:30:00,2026-03-26T02:22:57.132000,4521.29,4501.84,0.5,0,-1220399.97,2026-03
LONG,F1,reverse,2026-03-26T19:15:00,2026-03-26T20:15:00,4401.45,4392.52,0.5,0,-560317.31,2026-03
LONG,F2,reverse,2026-03-26T19:15:00,2026-03-26T20:15:00,4401.45,4392.52,0.5,0,-560317.31,2026-03
LONG,F3,reverse,2026-03-26T19:15:00,2026-03-26T20:15:00,4401.45,4392.52,0.5,0,-560317.31,2026-03
SHORT,F1,EXIT_SL_RAISED,2026-03-26T20:15:00,2026-03-26T22:31:32.542000,4392.52,4412.08,0.5,0,-1227301.98,2026-03
SHORT,F2,EXIT_SL_RAISED,2026-03-26T20:15:00,2026-03-26T22:31:32.542000,4392.52,4412.08,0.5,0,-1227301.98,2026-03
SHORT,F3,EXIT_SL_RAISED,2026-03-26T20:15:00,2026-03-26T22:31:32.542000,4392.52,4412.08,0.5,0,-1227301.98,2026-03
LONG,F1,EXIT_SL_RAISED,2026-03-27T01:30:00,2026-03-27T04:08:35.571000,4434.49,4447.61,0.5,0,823220.96,2026-03
LONG,F2,EXIT_SL_RAISED,2026-03-27T01:30:00,2026-03-27T04:08:35.571000,4434.49,4447.61,0.5,0,823220.96,2026-03
LONG,F3,EXIT_SL_RAISED,2026-03-27T01:30:00,2026-03-27T04:08:35.571000,4434.49,4447.61,0.5,0,823220.96,2026-03
LONG,F1,EXIT_SL_RAISED,2026-03-29T19:30:00,2026-03-29T20:06:26.068000,4509.61,4474.99,0.5,0,-2172249.21,2026-03
LONG,F2,EXIT_SL_RAISED,2026-03-29T19:30:00,2026-03-29T20:06:26.068000,4509.61,4474.99,0.5,0,-2172249.21,2026-03
LONG,F3,EXIT_SL_RAISED,2026-03-29T19:30:00,2026-03-29T20:06:26.068000,4509.61,4474.99,0.5,0,-2172249.21,2026-03
LONG,F1,EXIT_SL_RAISED,2026-03-29T22:45:00,2026-03-30T04:33:57.399000,4471.86,4519.59,0.5,0,2994842.72,2026-03
LONG,F2,EXIT_SL_RAISED,2026-03-29T22:45:00,2026-03-30T04:33:57.399000,4471.86,4519.59,0.5,0,2994842.72,2026-03
LONG,F3,EXIT_SL_RAISED,2026-03-29T22:45:00,2026-03-30T04:33:57.399000,4471.86,4519.59,0.5,0,2994842.72,2026-03
SHORT,F1,EXIT_SL_RAISED,2026-03-30T20:15:00,2026-03-30T21:02:33.946000,4498.75,4523.43,0.5,0,-1548558.94,2026-03
SHORT,F2,EXIT_SL_RAISED,2026-03-30T20:15:00,2026-03-30T21:02:33.946000,4498.75,4523.43,0.5,0,-1548558.94,2026-03
SHORT,F3,EXIT_SL_RAISED,2026-03-30T20:15:00,2026-03-30T21:02:33.946000,4498.75,4523.43,0.5,0,-1548558.94,2026-03
LONG,F1,EXIT_SL_RAISED,2026-03-30T21:45:00,2026-03-30T23:26:08.304000,4536.43,4579.37,0.5,0,2694291.77,2026-03
LONG,F2,EXIT_SL_RAISED,2026-03-30T21:45:00,2026-03-30T23:26:08.304000,4536.43,4579.37,0.5,0,2694291.77,2026-03
LONG,F3,EXIT_SL_RAISED,2026-03-30T21:45:00,2026-03-30T23:26:08.304000,4536.43,4579.37,0.5,0,2694291.77,2026-03
LONG,F1,reverse,2026-03-31T01:45:00,2026-03-31T03:15:00,4564.45,4559.45,0.5,0,-313727.5,2026-03
LONG,F2,reverse,2026-03-31T01:45:00,2026-03-31T03:15:00,4564.45,4559.45,0.5,0,-313727.5,2026-03
LONG,F3,reverse,2026-03-31T01:45:00,2026-03-31T03:15:00,4564.45,4559.45,0.5,0,-313727.5,2026-03
LONG,F1,EXIT_SL_RAISED,2026-03-31T20:30:00,2026-03-31T22:06:18.765000,4682.79,4691.76,0.5,0,562827.14,2026-03
LONG,F2,EXIT_SL_RAISED,2026-03-31T20:30:00,2026-03-31T22:06:18.765000,4682.79,4691.76,0.5,0,562827.14,2026-03
LONG,F3,EXIT_SL_RAISED,2026-03-31T20:30:00,2026-03-31T22:06:18.765000,4682.79,4691.76,0.5,0,562827.14,2026-03
SHORT,F1,EXIT_SL_RAISED,2026-03-31T22:45:00,2026-04-01T02:30:35.773000,4687.75,4691.41,0.5,0,-229648.53,2026-03
SHORT,F2,EXIT_SL_RAISED,2026-03-31T22:45:00,2026-04-01T02:30:35.773000,4687.75,4691.41,0.5,0,-229648.53,2026-03
SHORT,F3,EXIT_SL_RAISED,2026-03-31T22:45:00,2026-04-01T02:30:35.773000,4687.75,4691.41,0.5,0,-229648.53,2026-03
SHORT,F1,EXIT_SL_RAISED,2026-04-01T18:00:00,2026-04-01T19:34:46.929000,4758.68,4776.51,0.5,0,-1118752.26,2026-04
SHORT,F2,EXIT_SL_RAISED,2026-04-01T18:00:00,2026-04-01T19:34:46.929000,4758.68,4776.51,0.5,0,-1118752.26,2026-04
SHORT,F3,EXIT_SL_RAISED,2026-04-01T18:00:00,2026-04-01T19:34:46.929000,4758.68,4776.51,0.5,0,-1118752.26,2026-04
LONG,F1,EXIT_SL_RAISED,2026-04-01T20:15:00,2026-04-01T21:03:27.858000,4791.57,4775.28,0.5,0,-1022124.19,2026-04
LONG,F2,EXIT_SL_RAISED,2026-04-01T20:15:00,2026-04-01T21:03:27.858000,4791.57,4775.28,0.5,0,-1022124.19,2026-04
LONG,F3,EXIT_SL_RAISED,2026-04-01T20:15:00,2026-04-01T21:03:27.858000,4791.57,4775.28,0.5,0,-1022124.19,2026-04
SHORT,F1,EXIT_SL_RAISED,2026-04-01T22:15:00,2026-04-01T22:45:46.976000,4750.75,4694.68,0.5,0,3518140.18,2026-04
SHORT,F2,EXIT_SL_RAISED,2026-04-01T22:15:00,2026-04-01T22:45:46.976000,4750.75,4694.68,0.5,0,3518140.18,2026-04
SHORT,F3,EXIT_SL_RAISED,2026-04-01T22:15:00,2026-04-01T22:45:46.976000,4750.75,4694.68,0.5,0,3518140.18,2026-04
SHORT,F1,EXIT_TRAIL,2026-04-05T18:15:00,2026-04-05T19:00:00,4631.08,4646.76,0.5,0,-983849.44,2026-04
SHORT,F2,EXIT_TRAIL,2026-04-05T18:15:00,2026-04-05T19:00:00,4631.08,4646.76,0.5,0,-983849.44,2026-04
SHORT,F3,EXIT_TRAIL,2026-04-05T18:15:00,2026-04-05T19:00:00,4631.08,4646.76,0.5,0,-983849.44,2026-04
SHORT,F1,EXIT_SL_RAISED,2026-04-05T19:15:00,2026-04-05T21:06:17.679000,4632.37,4637.7,0.5,0,-334433.51,2026-04
SHORT,F2,EXIT_SL_RAISED,2026-04-05T19:15:00,2026-04-05T21:06:17.679000,4632.37,4637.7,0.5,0,-334433.51,2026-04
SHORT,F3,EXIT_SL_RAISED,2026-04-05T19:15:00,2026-04-05T21:06:17.679000,4632.37,4637.7,0.5,0,-334433.51,2026-04
LONG,F1,EXIT_SL_RAISED,2026-04-05T21:15:00,2026-04-05T23:03:17.747000,4642.16,4634.45,0.5,0,-483767.81,2026-04
LONG,F2,EXIT_SL_RAISED,2026-04-05T21:15:00,2026-04-05T23:03:17.747000,4642.16,4634.45,0.5,0,-483767.81,2026-04
LONG,F3,EXIT_SL_RAISED,2026-04-05T21:15:00,2026-04-05T23:03:17.747000,4642.16,4634.45,0.5,0,-483767.81,2026-04
SHORT,F1,EXIT_SL_RAISED,2026-04-05T23:15:00,2026-04-06T00:54:47.799000,4632.96,4655.56,0.5,0,-1418048.3,2026-04
SHORT,F2,EXIT_SL_RAISED,2026-04-05T23:15:00,2026-04-06T00:54:47.799000,4632.96,4655.56,0.5,0,-1418048.3,2026-04
SHORT,F3,EXIT_SL_RAISED,2026-04-05T23:15:00,2026-04-06T00:54:47.799000,4632.96,4655.56,0.5,0,-1418048.3,2026-04
LONG,F1,EXIT_SL_RAISED,2026-04-06T02:15:00,2026-04-06T07:45:00.325000,4661.28,4684.28,0.5,0,1443146.5,2026-04
LONG,F2,EXIT_SL_RAISED,2026-04-06T02:15:00,2026-04-06T07:45:00.325000,4661.28,4684.28,0.5,0,1443146.5,2026-04
LONG,F3,EXIT_SL_RAISED,2026-04-06T02:15:00,2026-04-06T07:45:00.325000,4661.28,4684.28,0.5,0,1443146.5,2026-04
SHORT,F1,EXIT_SL_RAISED,2026-04-06T19:30:00,2026-04-06T21:07:42.211000,4654.41,4664.65,0.5,0,-642513.92,2026-04
SHORT,F2,EXIT_SL_RAISED,2026-04-06T19:30:00,2026-04-06T21:07:42.211000,4654.41,4664.65,0.5,0,-642513.92,2026-04
SHORT,F3,EXIT_SL_RAISED,2026-04-06T19:30:00,2026-04-06T21:07:42.211000,4654.41,4664.65,0.5,0,-642513.92,2026-04
SHORT,F1,EXIT_SL_RAISED,2026-04-06T21:15:00,2026-04-06T21:32:28.706000,4640.56,4658.48,0.5,0,-1124399.36,2026-04
SHORT,F2,EXIT_SL_RAISED,2026-04-06T21:15:00,2026-04-06T21:32:28.706000,4640.56,4658.48,0.5,0,-1124399.36,2026-04
SHORT,F3,EXIT_SL_RAISED,2026-04-06T21:15:00,2026-04-06T21:32:28.706000,4640.56,4658.48,0.5,0,-1124399.36,2026-04
SHORT,F1,EXIT_SL_RAISED,2026-04-06T21:45:00,2026-04-06T22:39:54.814000,4641.38,4643.15,0.5,0,-111059.53,2026-04
SHORT,F2,EXIT_SL_RAISED,2026-04-06T21:45:00,2026-04-06T22:39:54.814000,4641.38,4643.15,0.5,0,-111059.53,2026-04
SHORT,F3,EXIT_SL_RAISED,2026-04-06T21:45:00,2026-04-06T22:39:54.814000,4641.38,4643.15,0.5,0,-111059.53,2026-04
LONG,F1,EXIT_SL_RAISED,2026-04-07T00:45:00,2026-04-07T01:26:07.865000,4662.7,4641.09,0.5,0,-1355930.25,2026-04
LONG,F2,EXIT_SL_RAISED,2026-04-07T00:45:00,2026-04-07T01:26:07.865000,4662.7,4641.09,0.5,0,-1355930.25,2026-04
LONG,F3,EXIT_SL_RAISED,2026-04-07T00:45:00,2026-04-07T01:26:07.865000,4662.7,4641.09,0.5,0,-1355930.25,2026-04
LONG,F1,EXIT_SL_RAISED,2026-04-07T02:45:00,2026-04-07T05:43:33.371000,4652.75,4666.17,0.5,0,842044.61,2026-04
LONG,F2,EXIT_SL_RAISED,2026-04-07T02:45:00,2026-04-07T05:43:33.371000,4652.75,4666.17,0.5,0,842044.61,2026-04
LONG,F3,EXIT_SL_RAISED,2026-04-07T02:45:00,2026-04-07T05:43:33.371000,4652.75,4666.17,0.5,0,842044.61,2026-04
LONG,F1,EXIT_SL_RAISED,2026-04-08T01:00:00,2026-04-08T03:00:29.450000,4804.11,4816.14,0.5,0,754828.37,2026-04
LONG,F2,EXIT_SL_RAISED,2026-04-08T01:00:00,2026-04-08T03:00:29.450000,4804.11,4816.14,0.5,0,754828.37,2026-04
LONG,F3,EXIT_SL_RAISED,2026-04-08T01:00:00,2026-04-08T03:00:29.450000,4804.11,4816.14,0.5,0,754828.37,2026-04
SHORT,F1,reverse,2026-04-08T18:45:00,2026-04-08T21:15:00,4712.66,4720.94,0.5,0,-519532.74,2026-04
SHORT,F2,reverse,2026-04-08T18:45:00,2026-04-08T21:15:00,4712.66,4720.94,0.5,0,-519532.74,2026-04
SHORT,F3,reverse,2026-04-08T18:45:00,2026-04-08T21:15:00,4712.66,4720.94,0.5,0,-519532.74,2026-04
LONG,F1,EXIT_SL_RAISED,2026-04-08T21:15:00,2026-04-08T23:19:02.445000,4720.94,4707.93,0.5,0,-816318.95,2026-04
LONG,F2,EXIT_SL_RAISED,2026-04-08T21:15:00,2026-04-08T23:19:02.445000,4720.94,4707.93,0.5,0,-816318.95,2026-04
LONG,F3,EXIT_SL_RAISED,2026-04-08T21:15:00,2026-04-08T23:19:02.445000,4720.94,4707.93,0.5,0,-816318.95,2026-04
LONG,F1,reverse,2026-04-09T00:45:00,2026-04-09T02:00:00,4721.36,4713.1,0.5,0,-518277.83,2026-04
LONG,F2,reverse,2026-04-09T00:45:00,2026-04-09T02:00:00,4721.36,4713.1,0.5,0,-518277.83,2026-04
LONG,F3,reverse,2026-04-09T00:45:00,2026-04-09T02:00:00,4721.36,4713.1,0.5,0,-518277.83,2026-04
SHORT,F1,EXIT_SL_RAISED,2026-04-09T02:00:00,2026-04-09T03:08:01.683000,4713.1,4726.22,0.5,0,-823220.96,2026-04
SHORT,F2,EXIT_SL_RAISED,2026-04-09T02:00:00,2026-04-09T03:08:01.683000,4713.1,4726.22,0.5,0,-823220.96,2026-04
SHORT,F3,EXIT_SL_RAISED,2026-04-09T02:00:00,2026-04-09T03:08:01.683000,4713.1,4726.22,0.5,0,-823220.96,2026-04
SHORT,F1,EXIT_SL_RAISED,2026-04-09T18:30:00,2026-04-09T21:33:53.219000,4764.46,4768.1,0.5,0,-228393.62,2026-04
SHORT,F2,EXIT_SL_RAISED,2026-04-09T18:30:00,2026-04-09T21:33:53.219000,4764.46,4768.1,0.5,0,-228393.62,2026-04
SHORT,F3,EXIT_SL_RAISED,2026-04-09T18:30:00,2026-04-09T21:33:53.219000,4764.46,4768.1,0.5,0,-228393.62,2026-04
LONG,F1,EXIT_SL_RAISED,2026-04-09T21:45:00,2026-04-09T22:11:34.030000,4772.17,4754.2,0.5,0,-1127536.64,2026-04
LONG,F2,EXIT_SL_RAISED,2026-04-09T21:45:00,2026-04-09T22:11:34.030000,4772.17,4754.2,0.5,0,-1127536.64,2026-04
LONG,F3,EXIT_SL_RAISED,2026-04-09T21:45:00,2026-04-09T22:11:34.030000,4772.17,4754.2,0.5,0,-1127536.64,2026-04
SHORT,F1,EXIT_SL_RAISED,2026-04-09T22:15:00,2026-04-09T23:09:44.819000,4752.25,4758.12,0.5,0,-368316.08,2026-04
SHORT,F2,EXIT_SL_RAISED,2026-04-09T22:15:00,2026-04-09T23:09:44.819000,4752.25,4758.12,0.5,0,-368316.08,2026-04
SHORT,F3,EXIT_SL_RAISED,2026-04-09T22:15:00,2026-04-09T23:09:44.819000,4752.25,4758.12,0.5,0,-368316.08,2026-04
SHORT,F1,EXIT_SL_RAISED,2026-04-10T01:00:00,2026-04-10T05:18:43.088000,4758.41,4747.94,0.5,0,656945.39,2026-04
SHORT,F2,EXIT_SL_RAISED,2026-04-10T01:00:00,2026-04-10T05:18:43.088000,4758.41,4747.94,0.5,0,656945.39,2026-04
SHORT,F3,EXIT_SL_RAISED,2026-04-10T01:00:00,2026-04-10T05:18:43.088000,4758.41,4747.94,0.5,0,656945.39,2026-04
LONG,F1,EXIT_SL_RAISED,2026-04-13T00:45:00,2026-04-13T04:43:42.935000,4718.65,4722.27,0.5,0,227138.71,2026-04
LONG,F2,EXIT_SL_RAISED,2026-04-13T00:45:00,2026-04-13T04:43:42.935000,4718.65,4722.27,0.5,0,227138.71,2026-04
LONG,F3,EXIT_SL_RAISED,2026-04-13T00:45:00,2026-04-13T04:43:42.935000,4718.65,4722.27,0.5,0,227138.71,2026-04
SHORT,F1,EXIT_SL_RAISED,2026-04-14T02:00:00,2026-04-14T02:46:50.849000,4759.82,4774.4,0.5,0,-914829.39,2026-04
SHORT,F2,EXIT_SL_RAISED,2026-04-14T02:00:00,2026-04-14T02:46:50.849000,4759.82,4774.4,0.5,0,-914829.39,2026-04
SHORT,F3,EXIT_SL_RAISED,2026-04-14T02:00:00,2026-04-14T02:46:50.849000,4759.82,4774.4,0.5,0,-914829.39,2026-04
LONG,F1,EXIT_SL_RAISED,2026-04-14T03:00:00,2026-04-14T03:23:30.791000,4782.46,4779.64,0.5,0,-176942.31,2026-04
LONG,F2,EXIT_SL_RAISED,2026-04-14T03:00:00,2026-04-14T03:23:30.791000,4782.46,4779.64,0.5,0,-176942.31,2026-04
LONG,F3,EXIT_SL_RAISED,2026-04-14T03:00:00,2026-04-14T03:23:30.791000,4782.46,4779.64,0.5,0,-176942.31,2026-04
LONG,F1,EXIT_SL_RAISED,2026-04-14T19:45:00,2026-04-14T20:33:38.759000,4842.71,4828.23,0.5,0,-908554.84,2026-04
LONG,F2,EXIT_SL_RAISED,2026-04-14T19:45:00,2026-04-14T20:33:38.759000,4842.71,4828.23,0.5,0,-908554.84,2026-04
LONG,F3,EXIT_SL_RAISED,2026-04-14T19:45:00,2026-04-14T20:33:38.759000,4842.71,4828.23,0.5,0,-908554.84,2026-04
LONG,F1,EXIT_SL_RAISED,2026-04-14T21:15:00,2026-04-14T21:30:00.219000,4850.57,4850.48,0.5,0,-5647.1,2026-04
LONG,F2,EXIT_SL_RAISED,2026-04-14T21:15:00,2026-04-14T21:30:00.219000,4850.57,4850.48,0.5,0,-5647.1,2026-04
LONG,F3,EXIT_SL_RAISED,2026-04-14T21:15:00,2026-04-14T21:30:00.219000,4850.57,4850.48,0.5,0,-5647.1,2026-04
SHORT,F1,EXIT_SL_RAISED,2026-04-14T22:30:00,2026-04-15T04:59:42.385000,4834.49,4822.07,0.5,0,779299.11,2026-04
SHORT,F2,EXIT_SL_RAISED,2026-04-14T22:30:00,2026-04-15T04:59:42.385000,4834.49,4822.07,0.5,0,779299.11,2026-04
SHORT,F3,EXIT_SL_RAISED,2026-04-14T22:30:00,2026-04-15T04:59:42.385000,4834.49,4822.07,0.5,0,779299.11,2026-04
LONG,F1,EXIT_SL_RAISED,2026-04-15T20:45:00,2026-04-15T21:33:16.727000,4833.02,4821.41,0.5,0,-728475.26,2026-04
LONG,F2,EXIT_SL_RAISED,2026-04-15T20:45:00,2026-04-15T21:33:16.727000,4833.02,4821.41,0.5,0,-728475.26,2026-04
LONG,F3,EXIT_SL_RAISED,2026-04-15T20:45:00,2026-04-15T21:33:16.727000,4833.02,4821.41,0.5,0,-728475.26,2026-04
LONG,F1,EXIT_SL_RAISED,2026-04-15T23:15:00,2026-04-16T01:38:51.947000,4826.87,4825.14,0.5,0,-108549.71,2026-04
LONG,F2,EXIT_SL_RAISED,2026-04-15T23:15:00,2026-04-16T01:38:51.947000,4826.87,4825.14,0.5,0,-108549.71,2026-04
LONG,F3,EXIT_SL_RAISED,2026-04-15T23:15:00,2026-04-16T01:38:51.947000,4826.87,4825.14,0.5,0,-108549.71,2026-04
LONG,F1,EXIT_SL_RAISED,2026-04-16T03:00:00,2026-04-16T04:02:18.408000,4826.47,4815.83,0.5,0,-667612.12,2026-04
LONG,F2,EXIT_SL_RAISED,2026-04-16T03:00:00,2026-04-16T04:02:18.408000,4826.47,4815.83,0.5,0,-667612.12,2026-04
LONG,F3,EXIT_SL_RAISED,2026-04-16T03:00:00,2026-04-16T04:02:18.408000,4826.47,4815.83,0.5,0,-667612.12,2026-04
LONG,F1,EXIT_SL_RAISED,2026-04-16T18:30:00,2026-04-16T20:05:24.158000,4794.28,4785.92,0.5,1,-524552.38,2026-04
LONG,F2,EXIT_SL_RAISED,2026-04-16T18:30:00,2026-04-16T20:05:24.158000,4794.28,4785.92,0.5,1,-524552.38,2026-04
LONG,F3,EXIT_SL_RAISED,2026-04-16T18:30:00,2026-04-16T20:05:24.158000,4794.28,4785.92,0.5,1,-524552.38,2026-04
LONG,F1,EXIT_SL_RAISED,2026-04-16T20:45:00,2026-04-16T21:03:43.494000,4799.01,4788.66,0.5,0,-649415.93,2026-04
LONG,F2,EXIT_SL_RAISED,2026-04-16T20:45:00,2026-04-16T21:03:43.494000,4799.01,4788.66,0.5,0,-649415.93,2026-04
LONG,F3,EXIT_SL_RAISED,2026-04-16T20:45:00,2026-04-16T21:03:43.494000,4799.01,4788.66,0.5,0,-649415.93,2026-04
SHORT,F1,EXIT_SL_RAISED,2026-04-16T21:15:00,2026-04-16T21:51:47.624000,4778.73,4783.81,0.5,0,-318747.14,2026-04
SHORT,F2,EXIT_SL_RAISED,2026-04-16T21:15:00,2026-04-16T21:51:47.624000,4778.73,4783.81,0.5,0,-318747.14,2026-04
SHORT,F3,EXIT_SL_RAISED,2026-04-16T21:15:00,2026-04-16T21:51:47.624000,4778.73,4783.81,0.5,0,-318747.14,2026-04
LONG,F1,EXIT_SL_RAISED,2026-04-16T23:15:00,2026-04-17T02:00:03.855000,4796.3,4792.88,0.5,0,-214589.61,2026-04
LONG,F2,EXIT_SL_RAISED,2026-04-16T23:15:00,2026-04-17T02:00:03.855000,4796.3,4792.88,0.5,0,-214589.61,2026-04
LONG,F3,EXIT_SL_RAISED,2026-04-16T23:15:00,2026-04-17T02:00:03.855000,4796.3,4792.88,0.5,0,-214589.61,2026-04
LONG,F1,EXIT_SL_RAISED,2026-04-19T21:15:00,2026-04-19T23:10:20.622000,4794.04,4790.74,0.5,0,-207060.15,2026-04
LONG,F2,EXIT_SL_RAISED,2026-04-19T21:15:00,2026-04-19T23:10:20.622000,4794.04,4790.74,0.5,0,-207060.15,2026-04
LONG,F3,EXIT_SL_RAISED,2026-04-19T21:15:00,2026-04-19T23:10:20.622000,4794.04,4790.74,0.5,0,-207060.15,2026-04
SHORT,F1,reverse,2026-04-19T23:15:00,2026-04-20T03:00:00,4791.49,4795.75,0.5,0,-267295.83,2026-04
SHORT,F2,reverse,2026-04-19T23:15:00,2026-04-20T03:00:00,4791.49,4795.75,0.5,0,-267295.83,2026-04
SHORT,F3,reverse,2026-04-19T23:15:00,2026-04-20T03:00:00,4791.49,4795.75,0.5,0,-267295.83,2026-04
LONG,F1,EXIT_SL_RAISED,2026-04-20T03:00:00,2026-04-20T03:58:35.922000,4795.75,4787.11,0.5,0,-542121.12,2026-04
LONG,F2,EXIT_SL_RAISED,2026-04-20T03:00:00,2026-04-20T03:58:35.922000,4795.75,4787.11,0.5,0,-542121.12,2026-04
LONG,F3,EXIT_SL_RAISED,2026-04-20T03:00:00,2026-04-20T03:58:35.922000,4795.75,4787.11,0.5,0,-542121.12,2026-04
SHORT,F1,EXIT_SL_RAISED,2026-04-20T20:30:00,2026-04-21T03:45:36.433000,4819.63,4788.36,0.5,0,1962051.79,2026-04
SHORT,F2,EXIT_SL_RAISED,2026-04-20T20:30:00,2026-04-21T03:45:36.433000,4819.63,4788.36,0.5,0,1962051.79,2026-04
SHORT,F3,EXIT_SL_RAISED,2026-04-20T20:30:00,2026-04-21T03:45:36.433000,4819.63,4788.36,0.5,0,1962051.79,2026-04
LONG,F1,EXIT_SL_RAISED,2026-04-22T01:30:00,2026-04-22T04:14:37.794000,4766.5,4758.39,0.5,0,-508866.0,2026-04
LONG,F2,EXIT_SL_RAISED,2026-04-22T01:30:00,2026-04-22T04:14:37.794000,4766.5,4758.39,0.5,0,-508866.0,2026-04
LONG,F3,EXIT_SL_RAISED,2026-04-22T01:30:00,2026-04-22T04:14:37.794000,4766.5,4758.39,0.5,0,-508866.0,2026-04
LONG,F1,reverse,2026-04-22T05:15:00,2026-04-22T06:00:00,4760.94,4755.18,0.5,0,-361414.08,2026-04
LONG,F2,reverse,2026-04-22T05:15:00,2026-04-22T06:00:00,4760.94,4755.18,0.5,0,-361414.08,2026-04
LONG,F3,reverse,2026-04-22T05:15:00,2026-04-22T06:00:00,4760.94,4755.18,0.5,0,-361414.08,2026-04
SHORT,F1,EXIT_SL_RAISED,2026-04-22T06:00:00,2026-04-22T06:35:21.624000,4755.18,4759.09,0.5,0,-245334.9,2026-04
SHORT,F2,EXIT_SL_RAISED,2026-04-22T06:00:00,2026-04-22T06:35:21.624000,4755.18,4759.09,0.5,0,-245334.9,2026-04
SHORT,F3,EXIT_SL_RAISED,2026-04-22T06:00:00,2026-04-22T06:35:21.624000,4755.18,4759.09,0.5,0,-245334.9,2026-04
SHORT,F1,EXIT_SL_RAISED,2026-04-22T08:45:00,2026-04-22T09:37:42.621000,4746.65,4752.14,0.5,0,-344472.8,2026-04
SHORT,F2,EXIT_SL_RAISED,2026-04-22T08:45:00,2026-04-22T09:37:42.621000,4746.65,4752.14,0.5,0,-344472.8,2026-04
SHORT,F3,EXIT_SL_RAISED,2026-04-22T08:45:00,2026-04-22T09:37:42.621000,4746.65,4752.14,0.5,0,-344472.8,2026-04
LONG,F1,EXIT_SL_RAISED,2026-04-22T09:45:00,2026-04-22T10:05:25.031000,4755.72,4743.29,0.5,0,-779926.57,2026-04
LONG,F2,EXIT_SL_RAISED,2026-04-22T09:45:00,2026-04-22T10:05:25.031000,4755.72,4743.29,0.5,0,-779926.57,2026-04
LONG,F3,EXIT_SL_RAISED,2026-04-22T09:45:00,2026-04-22T10:05:25.031000,4755.72,4743.29,0.5,0,-779926.57,2026-04
SHORT,F1,EXIT_SL_RAISED,2026-04-22T14:30:00,2026-04-22T14:48:23.714000,4730.13,4745.67,0.5,0,-975065.07,2026-04
SHORT,F2,EXIT_SL_RAISED,2026-04-22T14:30:00,2026-04-22T14:48:23.714000,4730.13,4745.67,0.5,0,-975065.07,2026-04
SHORT,F3,EXIT_SL_RAISED,2026-04-22T14:30:00,2026-04-22T14:48:23.714000,4730.13,4745.67,0.5,0,-975065.07,2026-04
LONG,F1,EXIT_SL_RAISED,2026-04-22T15:30:00,2026-04-22T18:29:15.260000,4744.86,4732.5,0.5,0,-775534.38,2026-04
LONG,F2,EXIT_SL_RAISED,2026-04-22T15:30:00,2026-04-22T18:29:15.260000,4744.86,4732.5,0.5,0,-775534.38,2026-04
LONG,F3,EXIT_SL_RAISED,2026-04-22T15:30:00,2026-04-22T18:29:15.260000,4744.86,4732.5,0.5,0,-775534.38,2026-04
SHORT,F1,EXIT_TRAIL,2026-04-22T20:15:00,2026-04-22T20:30:00,4699.22,4741.84,0.5,0,-2674213.21,2026-04
SHORT,F2,EXIT_TRAIL,2026-04-22T20:15:00,2026-04-22T20:30:00,4699.22,4741.84,0.5,0,-2674213.21,2026-04
SHORT,F3,EXIT_TRAIL,2026-04-22T20:15:00,2026-04-22T20:30:00,4699.22,4741.84,0.5,0,-2674213.21,2026-04
LONG,F1,EXIT_SL_RAISED,2026-04-22T20:30:00,2026-04-22T21:21:39.250000,4741.84,4732.53,0.5,0,-584160.61,2026-04
LONG,F2,EXIT_SL_RAISED,2026-04-22T20:30:00,2026-04-22T21:21:39.250000,4741.84,4732.53,0.5,0,-584160.61,2026-04
LONG,F3,EXIT_SL_RAISED,2026-04-22T20:30:00,2026-04-22T21:21:39.250000,4741.84,4732.53,0.5,0,-584160.61,2026-04
SHORT,F1,EXIT_SL_RAISED,2026-04-22T22:00:00,2026-04-23T01:49:46.854000,4723.11,4710.6,0.5,0,784946.2,2026-04
SHORT,F2,EXIT_SL_RAISED,2026-04-22T22:00:00,2026-04-23T01:49:46.854000,4723.11,4710.6,0.5,0,784946.2,2026-04
SHORT,F3,EXIT_SL_RAISED,2026-04-22T22:00:00,2026-04-23T01:49:46.854000,4723.11,4710.6,0.5,0,784946.2,2026-04
LONG,F1,EXIT_SL_RAISED,2026-04-23T02:00:00,2026-04-23T03:24:26.576000,4713.93,4703.23,0.5,0,-671376.85,2026-04
LONG,F2,EXIT_SL_RAISED,2026-04-23T02:00:00,2026-04-23T03:24:26.576000,4713.93,4703.23,0.5,0,-671376.85,2026-04
LONG,F3,EXIT_SL_RAISED,2026-04-23T02:00:00,2026-04-23T03:24:26.576000,4713.93,4703.23,0.5,0,-671376.85,2026-04
LONG,F1,EXIT_SL_RAISED,2026-04-23T20:30:00,2026-04-23T21:32:10.941000,4705.8,4691.63,0.5,0,-889103.74,2026-04
LONG,F2,EXIT_SL_RAISED,2026-04-23T20:30:00,2026-04-23T21:32:10.941000,4705.8,4691.63,0.5,0,-889103.74,2026-04
LONG,F3,EXIT_SL_RAISED,2026-04-23T20:30:00,2026-04-23T21:32:10.941000,4705.8,4691.63,0.5,0,-889103.74,2026-04
SHORT,F1,EXIT_SL_RAISED,2026-04-23T21:45:00,2026-04-24T00:49:22.939000,4690.7,4676.91,0.5,0,865260.44,2026-04
SHORT,F2,EXIT_SL_RAISED,2026-04-23T21:45:00,2026-04-24T00:49:22.939000,4690.7,4676.91,0.5,0,865260.44,2026-04
SHORT,F3,EXIT_SL_RAISED,2026-04-23T21:45:00,2026-04-24T00:49:22.939000,4690.7,4676.91,0.5,0,865260.44,2026-04
SHORT,F1,EXIT_SL_RAISED,2026-04-24T02:30:00,2026-04-24T03:23:27.079000,4671.31,4684.65,0.5,0,-837024.97,2026-04
SHORT,F2,EXIT_SL_RAISED,2026-04-24T02:30:00,2026-04-24T03:23:27.079000,4671.31,4684.65,0.5,0,-837024.97,2026-04
SHORT,F3,EXIT_SL_RAISED,2026-04-24T02:30:00,2026-04-24T03:23:27.079000,4671.31,4684.65,0.5,0,-837024.97,2026-04
SHORT,F1,EXIT_SL_RAISED,2026-04-26T18:30:00,2026-04-26T20:51:55.524000,4686.44,4686.21,0.5,1,14431.46,2026-04
SHORT,F2,EXIT_SL_RAISED,2026-04-26T18:30:00,2026-04-26T20:51:55.524000,4686.44,4686.21,0.5,1,14431.46,2026-04
SHORT,F3,EXIT_SL_RAISED,2026-04-26T18:30:00,2026-04-26T20:51:55.524000,4686.44,4686.21,0.5,1,14431.46,2026-04
SHORT,F1,EXIT_SL_RAISED,2026-04-27T22:00:00,2026-04-27T22:16:45.476000,4670.52,4679.5,0.5,0,-563454.59,2026-04
SHORT,F2,EXIT_SL_RAISED,2026-04-27T22:00:00,2026-04-27T22:16:45.476000,4670.52,4679.5,0.5,0,-563454.59,2026-04
SHORT,F3,EXIT_SL_RAISED,2026-04-27T22:00:00,2026-04-27T22:16:45.476000,4670.52,4679.5,0.5,0,-563454.59,2026-04
SHORT,F1,EXIT_SL_RAISED,2026-04-27T23:45:00,2026-04-28T02:07:32.523000,4671.75,4640.6,0.5,0,1954522.32,2026-04
SHORT,F2,EXIT_SL_RAISED,2026-04-27T23:45:00,2026-04-28T02:07:32.523000,4671.75,4640.6,0.5,0,1954522.32,2026-04
SHORT,F3,EXIT_SL_RAISED,2026-04-27T23:45:00,2026-04-28T02:07:32.523000,4671.75,4640.6,0.5,0,1954522.32,2026-04
LONG,F1,EXIT_SL_RAISED,2026-04-28T20:15:00,2026-04-28T21:01:02.223000,4607.76,4593.53,0.5,0,-892868.47,2026-04
LONG,F2,EXIT_SL_RAISED,2026-04-28T20:15:00,2026-04-28T21:01:02.223000,4607.76,4593.53,0.5,0,-892868.47,2026-04
LONG,F3,EXIT_SL_RAISED,2026-04-28T20:15:00,2026-04-28T21:01:02.223000,4607.76,4593.53,0.5,0,-892868.47,2026-04
SHORT,F1,EXIT_SL_RAISED,2026-04-28T21:15:00,2026-04-28T22:01:32.248000,4582.21,4595.68,0.5,0,-845181.89,2026-04
SHORT,F2,EXIT_SL_RAISED,2026-04-28T21:15:00,2026-04-28T22:01:32.248000,4582.21,4595.68,0.5,0,-845181.89,2026-04
SHORT,F3,EXIT_SL_RAISED,2026-04-28T21:15:00,2026-04-28T22:01:32.248000,4582.21,4595.68,0.5,0,-845181.89,2026-04
LONG,F1,reverse,2026-04-28T22:15:00,2026-04-28T23:45:00,4601.27,4593.61,0.5,0,-480630.53,2026-04
LONG,F2,reverse,2026-04-28T22:15:00,2026-04-28T23:45:00,4601.27,4593.61,0.5,0,-480630.53,2026-04
LONG,F3,reverse,2026-04-28T22:15:00,2026-04-28T23:45:00,4601.27,4593.61,0.5,0,-480630.53,2026-04
SHORT,F1,reverse,2026-04-28T23:45:00,2026-04-29T00:15:00,4593.61,4601.24,0.5,0,-478748.17,2026-04
SHORT,F2,reverse,2026-04-28T23:45:00,2026-04-29T00:15:00,4593.61,4601.24,0.5,0,-478748.17,2026-04
SHORT,F3,reverse,2026-04-28T23:45:00,2026-04-29T00:15:00,4593.61,4601.24,0.5,0,-478748.17,2026-04
LONG,F1,EXIT_SL_RAISED,2026-04-29T00:15:00,2026-04-29T01:57:51.943000,4601.24,4592.84,0.5,0,-527062.2,2026-04
LONG,F2,EXIT_SL_RAISED,2026-04-29T00:15:00,2026-04-29T01:57:51.943000,4601.24,4592.84,0.5,0,-527062.2,2026-04
LONG,F3,EXIT_SL_RAISED,2026-04-29T00:15:00,2026-04-29T01:57:51.943000,4601.24,4592.84,0.5,0,-527062.2,2026-04
SHORT,F1,EXIT_SL_RAISED,2026-04-29T02:15:00,2026-04-29T04:51:35.602000,4588.42,4573.71,0.5,0,922986.31,2026-04
SHORT,F2,EXIT_SL_RAISED,2026-04-29T02:15:00,2026-04-29T04:51:35.602000,4588.42,4573.71,0.5,0,922986.31,2026-04
SHORT,F3,EXIT_SL_RAISED,2026-04-29T02:15:00,2026-04-29T04:51:35.602000,4588.42,4573.71,0.5,0,922986.31,2026-04
SHORT,F1,EXIT_SL_RAISED,2026-04-29T22:45:00,2026-04-30T01:23:43.705000,4562.13,4556.66,0.5,0,343217.89,2026-04
SHORT,F2,EXIT_SL_RAISED,2026-04-29T22:45:00,2026-04-30T01:23:43.705000,4562.13,4556.66,0.5,0,343217.89,2026-04
SHORT,F3,EXIT_SL_RAISED,2026-04-29T22:45:00,2026-04-30T01:23:43.705000,4562.13,4556.66,0.5,0,343217.89,2026-04
LONG,F1,EXIT_SL_RAISED,2026-04-30T01:45:00,2026-04-30T08:30:02.144000,4564.24,4625.5,0.5,0,3843789.33,2026-04
LONG,F2,EXIT_SL_RAISED,2026-04-30T01:45:00,2026-04-30T08:30:02.144000,4564.24,4625.5,0.5,0,3843789.33,2026-04
LONG,F3,EXIT_SL_RAISED,2026-04-30T01:45:00,2026-04-30T08:30:02.144000,4564.24,4625.5,0.5,0,3843789.33,2026-04
LONG,F1,EXIT_SL_RAISED,2026-04-30T22:15:00,2026-04-30T22:45:53.309000,4631.28,4622.35,0.5,0,-560317.31,2026-04
LONG,F2,EXIT_SL_RAISED,2026-04-30T22:15:00,2026-04-30T22:45:53.309000,4631.28,4622.35,0.5,0,-560317.31,2026-04
LONG,F3,EXIT_SL_RAISED,2026-04-30T22:15:00,2026-04-30T22:45:53.309000,4631.28,4622.35,0.5,0,-560317.31,2026-04
SHORT,F1,EXIT_SL_RAISED,2026-05-01T01:45:00,2026-05-01T06:31:07.532000,4609.69,4574.95,0.5,0,2179778.67,2026-05
SHORT,F2,EXIT_SL_RAISED,2026-05-01T01:45:00,2026-05-01T06:31:07.532000,4609.69,4574.95,0.5,0,2179778.67,2026-05
SHORT,F3,EXIT_SL_RAISED,2026-05-01T01:45:00,2026-05-01T06:31:07.532000,4609.69,4574.95,0.5,0,2179778.67,2026-05
LONG,F1,reverse,2026-05-03T18:45:00,2026-05-03T19:15:00,4628.51,4614.89,0.5,0,-854593.71,2026-05
LONG,F2,reverse,2026-05-03T18:45:00,2026-05-03T19:15:00,4628.51,4614.89,0.5,0,-854593.71,2026-05
LONG,F3,reverse,2026-05-03T18:45:00,2026-05-03T19:15:00,4628.51,4614.89,0.5,0,-854593.71,2026-05
SHORT,F1,EXIT_SL_RAISED,2026-05-03T19:15:00,2026-05-03T21:58:57.642000,4614.89,4611.37,0.5,0,220864.16,2026-05
SHORT,F2,EXIT_SL_RAISED,2026-05-03T19:15:00,2026-05-03T21:58:57.642000,4614.89,4611.37,0.5,0,220864.16,2026-05
SHORT,F3,EXIT_SL_RAISED,2026-05-03T19:15:00,2026-05-03T21:58:57.642000,4614.89,4611.37,0.5,0,220864.16,2026-05
LONG,F1,EXIT_SL_RAISED,2026-05-03T22:00:00,2026-05-03T22:23:47.766000,4613.37,4598.27,0.5,0,-947457.05,2026-05
LONG,F2,EXIT_SL_RAISED,2026-05-03T22:00:00,2026-05-03T22:23:47.766000,4613.37,4598.27,0.5,0,-947457.05,2026-05
LONG,F3,EXIT_SL_RAISED,2026-05-03T22:00:00,2026-05-03T22:23:47.766000,4613.37,4598.27,0.5,0,-947457.05,2026-05
LONG,F1,EXIT_SL_RAISED,2026-05-03T23:15:00,2026-05-04T01:27:19.926000,4610.4,4599.01,0.5,0,-714671.24,2026-05
LONG,F2,EXIT_SL_RAISED,2026-05-03T23:15:00,2026-05-04T01:27:19.926000,4610.4,4599.01,0.5,0,-714671.24,2026-05
LONG,F3,EXIT_SL_RAISED,2026-05-03T23:15:00,2026-05-04T01:27:19.926000,4610.4,4599.01,0.5,0,-714671.24,2026-05
LONG,F1,reverse,2026-05-04T17:00:00,2026-05-04T19:45:00,4525.14,4518.35,0.5,0,-426041.94,2026-05
LONG,F2,reverse,2026-05-04T17:00:00,2026-05-04T19:45:00,4525.14,4518.35,0.5,0,-426041.94,2026-05
LONG,F3,reverse,2026-05-04T17:00:00,2026-05-04T19:45:00,4525.14,4518.35,0.5,0,-426041.94,2026-05
SHORT,F1,EXIT_INITSL,2026-05-04T19:45:00,2026-05-04T20:54:09.113000,4518.35,4528.55,0.5,0,-640004.1,2026-05
SHORT,F2,EXIT_INITSL,2026-05-04T19:45:00,2026-05-04T20:54:09.113000,4518.35,4528.55,0.5,0,-640004.1,2026-05
SHORT,F3,EXIT_INITSL,2026-05-04T19:45:00,2026-05-04T20:54:09.113000,4518.35,4528.55,0.5,0,-640004.1,2026-05
LONG,F1,EXIT_SL_RAISED,2026-05-05T01:15:00,2026-05-05T02:20:08.803000,4540.66,4537.81,0.5,0,-178824.67,2026-05
LONG,F2,EXIT_SL_RAISED,2026-05-05T01:15:00,2026-05-05T02:20:08.803000,4540.66,4537.81,0.5,0,-178824.67,2026-05
LONG,F3,EXIT_SL_RAISED,2026-05-05T01:15:00,2026-05-05T02:20:08.803000,4540.66,4537.81,0.5,0,-178824.67,2026-05
LONG,F1,EXIT_SL_RAISED,2026-05-05T02:45:00,2026-05-05T06:43:50.714000,4546.65,4545.79,0.5,0,-53961.13,2026-05
LONG,F2,EXIT_SL_RAISED,2026-05-05T02:45:00,2026-05-05T06:43:50.714000,4546.65,4545.79,0.5,0,-53961.13,2026-05
LONG,F3,EXIT_SL_RAISED,2026-05-05T02:45:00,2026-05-05T06:43:50.714000,4546.65,4545.79,0.5,0,-53961.13,2026-05
LONG,F1,EXIT_SL_RAISED,2026-05-05T19:00:00,2026-05-06T07:43:03.912000,4573.8,4701.51,0.5,0,8013227.81,2026-05
LONG,F2,EXIT_SL_RAISED,2026-05-05T19:00:00,2026-05-06T07:43:03.912000,4573.8,4701.51,0.5,0,8013227.81,2026-05
LONG,F3,EXIT_SL_RAISED,2026-05-05T19:00:00,2026-05-06T07:43:03.912000,4573.8,4701.51,0.5,0,8013227.81,2026-05
SHORT,F1,EXIT_SL_RAISED,2026-05-06T17:00:00,2026-05-06T19:45:51.466000,4692.61,4698.32,0.5,1,-358276.81,2026-05
SHORT,F2,EXIT_SL_RAISED,2026-05-06T17:00:00,2026-05-06T19:45:51.466000,4692.61,4698.32,0.5,1,-358276.81,2026-05
SHORT,F3,EXIT_SL_RAISED,2026-05-06T17:00:00,2026-05-06T19:45:51.466000,4692.61,4698.32,0.5,1,-358276.81,2026-05
LONG,F1,EXIT_SL_RAISED,2026-05-06T21:15:00,2026-05-06T22:15:30.761000,4710.1,4702.8,0.5,0,-458042.15,2026-05
LONG,F2,EXIT_SL_RAISED,2026-05-06T21:15:00,2026-05-06T22:15:30.761000,4710.1,4702.8,0.5,0,-458042.15,2026-05
LONG,F3,EXIT_SL_RAISED,2026-05-06T21:15:00,2026-05-06T22:15:30.761000,4710.1,4702.8,0.5,0,-458042.15,2026-05
LONG,F1,EXIT_SL_RAISED,2026-05-07T01:45:00,2026-05-07T04:48:59.275000,4703.82,4733.2,0.5,0,1843462.79,2026-05
LONG,F2,EXIT_SL_RAISED,2026-05-07T01:45:00,2026-05-07T04:48:59.275000,4703.82,4733.2,0.5,0,1843462.79,2026-05
LONG,F3,EXIT_SL_RAISED,2026-05-07T01:45:00,2026-05-07T04:48:59.275000,4703.82,4733.2,0.5,0,1843462.79,2026-05
LONG,F1,EXIT_SL_RAISED,2026-05-07T21:15:00,2026-05-07T22:36:43.974000,4714.15,4710.85,0.5,0,-207060.15,2026-05
LONG,F2,EXIT_SL_RAISED,2026-05-07T21:15:00,2026-05-07T22:36:43.974000,4714.15,4710.85,0.5,0,-207060.15,2026-05
LONG,F3,EXIT_SL_RAISED,2026-05-07T21:15:00,2026-05-07T22:36:43.974000,4714.15,4710.85,0.5,0,-207060.15,2026-05
LONG,F1,reverse,2026-05-08T02:30:00,2026-05-08T03:15:00,4733.98,4714.97,0.5,0,-1192791.95,2026-05
LONG,F2,reverse,2026-05-08T02:30:00,2026-05-08T03:15:00,4733.98,4714.97,0.5,0,-1192791.95,2026-05
LONG,F3,reverse,2026-05-08T02:30:00,2026-05-08T03:15:00,4733.98,4714.97,0.5,0,-1192791.95,2026-05
SHORT,F1,EXIT_SL_RAISED,2026-05-10T21:00:00,2026-05-10T21:17:23.728000,4683.27,4695.8,0.5,0,-786201.11,2026-05
SHORT,F2,EXIT_SL_RAISED,2026-05-10T21:00:00,2026-05-10T21:17:23.728000,4683.27,4695.8,0.5,0,-786201.11,2026-05
SHORT,F3,EXIT_SL_RAISED,2026-05-10T21:00:00,2026-05-10T21:17:23.728000,4683.27,4695.8,0.5,0,-786201.11,2026-05
LONG,F1,reverse,2026-05-10T21:30:00,2026-05-10T22:00:00,4699.29,4685.48,0.5,0,-866515.36,2026-05
LONG,F2,reverse,2026-05-10T21:30:00,2026-05-10T22:00:00,4699.29,4685.48,0.5,0,-866515.36,2026-05
LONG,F3,reverse,2026-05-10T21:30:00,2026-05-10T22:00:00,4699.29,4685.48,0.5,0,-866515.36,2026-05
SHORT,F1,EXIT_SL_RAISED,2026-05-10T22:00:00,2026-05-11T02:17:32.504000,4685.48,4668.72,0.5,0,1051614.58,2026-05
SHORT,F2,EXIT_SL_RAISED,2026-05-10T22:00:00,2026-05-11T02:17:32.504000,4685.48,4668.72,0.5,0,1051614.58,2026-05
SHORT,F3,EXIT_SL_RAISED,2026-05-10T22:00:00,2026-05-11T02:17:32.504000,4685.48,4668.72,0.5,0,1051614.58,2026-05
SHORT,F1,EXIT_SL_RAISED,2026-05-11T21:30:00,2026-05-12T04:01:31.036000,4734.95,4704.4,0.5,0,1916875.03,2026-05
SHORT,F2,EXIT_SL_RAISED,2026-05-11T21:30:00,2026-05-12T04:01:31.036000,4734.95,4704.4,0.5,0,1916875.03,2026-05
SHORT,F3,EXIT_SL_RAISED,2026-05-11T21:30:00,2026-05-12T04:01:31.036000,4734.95,4704.4,0.5,0,1916875.03,2026-05
SHORT,F1,EXIT_SL_RAISED,2026-05-13T01:45:00,2026-05-13T02:08:08.104000,4696.77,4711.23,0.5,0,-907299.93,2026-05
SHORT,F2,EXIT_SL_RAISED,2026-05-13T01:45:00,2026-05-13T02:08:08.104000,4696.77,4711.23,0.5,0,-907299.93,2026-05
SHORT,F3,EXIT_SL_RAISED,2026-05-13T01:45:00,2026-05-13T02:08:08.104000,4696.77,4711.23,0.5,0,-907299.93,2026-05
LONG,F1,EXIT_TRAIL,2026-05-13T21:00:00,2026-05-13T21:15:00,4705.31,4688.8,0.5,0,-1035928.21,2026-05
LONG,F2,EXIT_TRAIL,2026-05-13T21:00:00,2026-05-13T21:15:00,4705.31,4688.8,0.5,0,-1035928.21,2026-05
LONG,F3,EXIT_TRAIL,2026-05-13T21:00:00,2026-05-13T21:15:00,4705.31,4688.8,0.5,0,-1035928.21,2026-05
SHORT,F1,EXIT_SL_RAISED,2026-05-13T21:45:00,2026-05-13T22:35:23.776000,4688.63,4699.39,0.5,0,-675141.58,2026-05
SHORT,F2,EXIT_SL_RAISED,2026-05-13T21:45:00,2026-05-13T22:35:23.776000,4688.63,4699.39,0.5,0,-675141.58,2026-05
SHORT,F3,EXIT_SL_RAISED,2026-05-13T21:45:00,2026-05-13T22:35:23.776000,4688.63,4699.39,0.5,0,-675141.58,2026-05
SHORT,F1,EXIT_SL_RAISED,2026-05-13T23:00:00,2026-05-14T00:21:29.028000,4686.19,4687.09,0.5,0,-56470.95,2026-05
SHORT,F2,EXIT_SL_RAISED,2026-05-13T23:00:00,2026-05-14T00:21:29.028000,4686.19,4687.09,0.5,0,-56470.95,2026-05
SHORT,F3,EXIT_SL_RAISED,2026-05-13T23:00:00,2026-05-14T00:21:29.028000,4686.19,4687.09,0.5,0,-56470.95,2026-05
LONG,F1,EXIT_SL_RAISED,2026-05-14T00:30:00,2026-05-14T01:27:13.611000,4702.63,4693.29,0.5,0,-586042.97,2026-05
LONG,F2,EXIT_SL_RAISED,2026-05-14T00:30:00,2026-05-14T01:27:13.611000,4702.63,4693.29,0.5,0,-586042.97,2026-05
LONG,F3,EXIT_SL_RAISED,2026-05-14T00:30:00,2026-05-14T01:27:13.611000,4702.63,4693.29,0.5,0,-586042.97,2026-05
SHORT,F1,reverse,2026-05-14T02:15:00,2026-05-14T02:45:00,4687.6,4699.21,0.5,0,-728475.25,2026-05
SHORT,F2,reverse,2026-05-14T02:15:00,2026-05-14T02:45:00,4687.6,4699.21,0.5,0,-728475.25,2026-05
SHORT,F3,reverse,2026-05-14T02:15:00,2026-05-14T02:45:00,4687.6,4699.21,0.5,0,-728475.25,2026-05
LONG,F1,EXIT_SL_RAISED,2026-05-14T02:45:00,2026-05-14T03:50:41.047000,4699.21,4698.88,0.5,0,-20706.01,2026-05
LONG,F2,EXIT_SL_RAISED,2026-05-14T02:45:00,2026-05-14T03:50:41.047000,4699.21,4698.88,0.5,0,-20706.01,2026-05
LONG,F3,EXIT_SL_RAISED,2026-05-14T02:45:00,2026-05-14T03:50:41.047000,4699.21,4698.88,0.5,0,-20706.01,2026-05
SHORT,F1,EXIT_SL_RAISED,2026-05-14T19:45:00,2026-05-15T03:11:06.709000,4657.23,4581.04,0.5,0,4780579.64,2026-05
SHORT,F2,EXIT_SL_RAISED,2026-05-14T19:45:00,2026-05-15T03:11:06.709000,4657.23,4581.04,0.5,0,4780579.64,2026-05
SHORT,F3,EXIT_SL_RAISED,2026-05-14T19:45:00,2026-05-15T03:11:06.709000,4657.23,4581.04,0.5,0,4780579.64,2026-05
SHORT,F1,EXIT_SL_RAISED,2026-05-17T19:15:00,2026-05-17T20:57:22.179000,4541.45,4507.34,0.5,0,2140249.0,2026-05
SHORT,F2,EXIT_SL_RAISED,2026-05-17T19:15:00,2026-05-17T20:57:22.179000,4541.45,4507.34,0.5,0,2140249.0,2026-05
SHORT,F3,EXIT_SL_RAISED,2026-05-17T19:15:00,2026-05-17T20:57:22.179000,4541.45,4507.34,0.5,0,2140249.0,2026-05
SHORT,F1,EXIT_SL_RAISED,2026-05-17T21:15:00,2026-05-17T21:48:10.585000,4495.67,4524.64,0.5,0,-1817737.14,2026-05
SHORT,F2,EXIT_SL_RAISED,2026-05-17T21:15:00,2026-05-17T21:48:10.585000,4495.67,4524.64,0.5,0,-1817737.14,2026-05
SHORT,F3,EXIT_SL_RAISED,2026-05-17T21:15:00,2026-05-17T21:48:10.585000,4495.67,4524.64,0.5,0,-1817737.14,2026-05
LONG,F1,reverse,2026-05-17T23:45:00,2026-05-18T02:00:00,4545.93,4530.51,0.5,0,-967535.61,2026-05
LONG,F2,reverse,2026-05-17T23:45:00,2026-05-18T02:00:00,4545.93,4530.51,0.5,0,-967535.61,2026-05
LONG,F3,reverse,2026-05-17T23:45:00,2026-05-18T02:00:00,4545.93,4530.51,0.5,0,-967535.61,2026-05
SHORT,F1,EXIT_SL_RAISED,2026-05-18T02:00:00,2026-05-18T03:30:13.148000,4530.51,4555.22,0.5,0,-1550441.31,2026-05
SHORT,F2,EXIT_SL_RAISED,2026-05-18T02:00:00,2026-05-18T03:30:13.148000,4530.51,4555.22,0.5,0,-1550441.31,2026-05
SHORT,F3,EXIT_SL_RAISED,2026-05-18T02:00:00,2026-05-18T03:30:13.148000,4530.51,4555.22,0.5,0,-1550441.31,2026-05
LONG,F1,EXIT_SL_RAISED,2026-05-18T21:45:00,2026-05-18T22:40:35.701000,4571.15,4551.29,0.5,0,-1246125.63,2026-05
LONG,F2,EXIT_SL_RAISED,2026-05-18T21:45:00,2026-05-18T22:40:35.701000,4571.15,4551.29,0.5,0,-1246125.63,2026-05
LONG,F3,EXIT_SL_RAISED,2026-05-18T21:45:00,2026-05-18T22:40:35.701000,4571.15,4551.29,0.5,0,-1246125.63,2026-05
SHORT,F1,EXIT_SL_RAISED,2026-05-19T21:30:00,2026-05-19T21:50:18.973000,4473.57,4478.31,0.5,0,-297413.67,2026-05
SHORT,F2,EXIT_SL_RAISED,2026-05-19T21:30:00,2026-05-19T21:50:18.973000,4473.57,4478.31,0.5,0,-297413.67,2026-05
SHORT,F3,EXIT_SL_RAISED,2026-05-19T21:30:00,2026-05-19T21:50:18.973000,4473.57,4478.31,0.5,0,-297413.67,2026-05
SHORT,F1,EXIT_SL_RAISED,2026-05-19T22:15:00,2026-05-20T01:21:39.618000,4481.1,4474.48,0.5,0,415375.21,2026-05
SHORT,F2,EXIT_SL_RAISED,2026-05-19T22:15:00,2026-05-20T01:21:39.618000,4481.1,4474.48,0.5,0,415375.21,2026-05
SHORT,F3,EXIT_SL_RAISED,2026-05-19T22:15:00,2026-05-20T01:21:39.618000,4481.1,4474.48,0.5,0,415375.21,2026-05
SHORT,F1,reverse,2026-05-20T02:45:00,2026-05-20T03:15:00,4466.92,4481.61,0.5,0,-921731.39,2026-05
SHORT,F2,reverse,2026-05-20T02:45:00,2026-05-20T03:15:00,4466.92,4481.61,0.5,0,-921731.39,2026-05
SHORT,F3,reverse,2026-05-20T02:45:00,2026-05-20T03:15:00,4466.92,4481.61,0.5,0,-921731.39,2026-05
LONG,F1,EXIT_SL_RAISED,2026-05-20T18:45:00,2026-05-20T22:12:51.186000,4542.58,4553.27,0.5,0,670749.4,2026-05
LONG,F2,EXIT_SL_RAISED,2026-05-20T18:45:00,2026-05-20T22:12:51.186000,4542.58,4553.27,0.5,0,670749.4,2026-05
LONG,F3,EXIT_SL_RAISED,2026-05-20T18:45:00,2026-05-20T22:12:51.186000,4542.58,4553.27,0.5,0,670749.4,2026-05
SHORT,F1,EXIT_SL_RAISED,2026-05-20T22:30:00,2026-05-21T02:03:49.132000,4540.13,4534.77,0.5,0,336315.88,2026-05
SHORT,F2,EXIT_SL_RAISED,2026-05-20T22:30:00,2026-05-21T02:03:49.132000,4540.13,4534.77,0.5,0,336315.88,2026-05
SHORT,F3,EXIT_SL_RAISED,2026-05-20T22:30:00,2026-05-21T02:03:49.132000,4540.13,4534.77,0.5,0,336315.88,2026-05
LONG,F1,EXIT_SL_RAISED,2026-05-21T20:45:00,2026-05-21T21:05:27.205000,4538.38,4524.52,0.5,0,-869652.63,2026-05
LONG,F2,EXIT_SL_RAISED,2026-05-21T20:45:00,2026-05-21T21:05:27.205000,4538.38,4524.52,0.5,0,-869652.63,2026-05
LONG,F3,EXIT_SL_RAISED,2026-05-21T20:45:00,2026-05-21T21:05:27.205000,4538.38,4524.52,0.5,0,-869652.63,2026-05
SHORT,F1,EXIT_SL_RAISED,2026-05-21T22:30:00,2026-05-22T00:28:38.876000,4524.49,4531.12,0.5,0,-416002.67,2026-05
SHORT,F2,EXIT_SL_RAISED,2026-05-21T22:30:00,2026-05-22T00:28:38.876000,4524.49,4531.12,0.5,0,-416002.67,2026-05
SHORT,F3,EXIT_SL_RAISED,2026-05-21T22:30:00,2026-05-22T00:28:38.876000,4524.49,4531.12,0.5,0,-416002.67,2026-05
SHORT,F1,EXIT_SL_RAISED,2026-05-22T01:00:00,2026-05-22T02:09:45.638000,4526.98,4522.83,0.5,0,260393.82,2026-05
SHORT,F2,EXIT_SL_RAISED,2026-05-22T01:00:00,2026-05-22T02:09:45.638000,4526.98,4522.83,0.5,0,260393.82,2026-05
SHORT,F3,EXIT_SL_RAISED,2026-05-22T01:00:00,2026-05-22T02:09:45.638000,4526.98,4522.83,0.5,0,260393.82,2026-05
LONG,F1,EXIT_SL_RAISED,2026-05-25T00:30:00,2026-05-25T01:50:59.622000,4565.55,4552.13,0.5,0,-842044.61,2026-05
LONG,F2,EXIT_SL_RAISED,2026-05-25T00:30:00,2026-05-25T01:50:59.622000,4565.55,4552.13,0.5,0,-842044.61,2026-05
LONG,F3,EXIT_SL_RAISED,2026-05-25T00:30:00,2026-05-25T01:50:59.622000,4565.55,4552.13,0.5,0,-842044.61,2026-05
LONG,F1,EXIT_SL_RAISED,2026-05-25T18:45:00,2026-05-25T19:27:23.375000,4574.37,4569.46,0.5,0,-308080.4,2026-05
LONG,F2,EXIT_SL_RAISED,2026-05-25T18:45:00,2026-05-25T19:27:23.375000,4574.37,4569.46,0.5,0,-308080.4,2026-05
LONG,F3,EXIT_SL_RAISED,2026-05-25T18:45:00,2026-05-25T19:27:23.375000,4574.37,4569.46,0.5,0,-308080.4,2026-05
SHORT,F1,EXIT_SL_RAISED,2026-05-26T00:30:00,2026-05-26T02:25:23.328000,4532.42,4535.6,0.5,0,-199530.69,2026-05
SHORT,F2,EXIT_SL_RAISED,2026-05-26T00:30:00,2026-05-26T02:25:23.328000,4532.42,4535.6,0.5,0,-199530.69,2026-05
SHORT,F3,EXIT_SL_RAISED,2026-05-26T00:30:00,2026-05-26T02:25:23.328000,4532.42,4535.6,0.5,0,-199530.69,2026-05
SHORT,F1,EXIT_SL_RAISED,2026-05-26T03:00:00,2026-05-26T03:50:14.554000,4530.88,4535.15,0.5,0,-267923.28,2026-05
SHORT,F2,EXIT_SL_RAISED,2026-05-26T03:00:00,2026-05-26T03:50:14.554000,4530.88,4535.15,0.5,0,-267923.28,2026-05
SHORT,F3,EXIT_SL_RAISED,2026-05-26T03:00:00,2026-05-26T03:50:14.554000,4530.88,4535.15,0.5,0,-267923.28,2026-05
LONG,F1,EXIT_SL_RAISED,2026-05-26T19:00:00,2026-05-26T21:43:20.980000,4511.36,4510.6,0.5,0,-47686.58,2026-05
LONG,F2,EXIT_SL_RAISED,2026-05-26T19:00:00,2026-05-26T21:43:20.980000,4511.36,4510.6,0.5,0,-47686.58,2026-05
LONG,F3,EXIT_SL_RAISED,2026-05-26T19:00:00,2026-05-26T21:43:20.980000,4511.36,4510.6,0.5,0,-47686.58,2026-05
SHORT,F1,EXIT_SL_RAISED,2026-05-26T21:45:00,2026-05-27T00:46:08.119000,4509.9,4510.64,0.5,0,-46431.67,2026-05
SHORT,F2,EXIT_SL_RAISED,2026-05-26T21:45:00,2026-05-27T00:46:08.119000,4509.9,4510.64,0.5,0,-46431.67,2026-05
SHORT,F3,EXIT_SL_RAISED,2026-05-26T21:45:00,2026-05-27T00:46:08.119000,4509.9,4510.64,0.5,0,-46431.67,2026-05
SHORT,F1,EXIT_SL_RAISED,2026-05-27T01:45:00,2026-05-27T04:22:56.227000,4493.27,4492.15,0.5,0,70274.96,2026-05
SHORT,F2,EXIT_SL_RAISED,2026-05-27T01:45:00,2026-05-27T04:22:56.227000,4493.27,4492.15,0.5,0,70274.96,2026-05
SHORT,F3,EXIT_SL_RAISED,2026-05-27T01:45:00,2026-05-27T04:22:56.227000,4493.27,4492.15,0.5,0,70274.96,2026-05
LONG,F1,EXIT_SL_RAISED,2026-05-27T20:45:00,2026-05-27T21:09:22.565000,4452.35,4443.41,0.5,0,-560944.77,2026-05
LONG,F2,EXIT_SL_RAISED,2026-05-27T20:45:00,2026-05-27T21:09:22.565000,4452.35,4443.41,0.5,0,-560944.77,2026-05
LONG,F3,EXIT_SL_RAISED,2026-05-27T20:45:00,2026-05-27T21:09:22.565000,4452.35,4443.41,0.5,0,-560944.77,2026-05
SHORT,F1,EXIT_SL_RAISED,2026-05-27T21:15:00,2026-05-28T01:33:07.612000,4437.91,4387.12,0.5,0,3186843.94,2026-05
SHORT,F2,EXIT_SL_RAISED,2026-05-27T21:15:00,2026-05-28T01:33:07.612000,4437.91,4387.12,0.5,0,3186843.94,2026-05
SHORT,F3,EXIT_SL_RAISED,2026-05-27T21:15:00,2026-05-28T01:33:07.612000,4437.91,4387.12,0.5,0,3186843.94,2026-05
LONG,F1,EXIT_SL_RAISED,2026-05-28T20:00:00,2026-05-28T21:30:04.884000,4495.61,4504.47,0.5,0,555925.13,2026-05
LONG,F2,EXIT_SL_RAISED,2026-05-28T20:00:00,2026-05-28T21:30:04.884000,4495.61,4504.47,0.5,0,555925.13,2026-05
LONG,F3,EXIT_SL_RAISED,2026-05-28T20:00:00,2026-05-28T21:30:04.884000,4495.61,4504.47,0.5,0,555925.13,2026-05
LONG,F1,EXIT_SL_RAISED,2026-05-28T21:45:00,2026-05-28T23:13:15.243000,4506.83,4495.62,0.5,0,-703377.06,2026-05
LONG,F2,EXIT_SL_RAISED,2026-05-28T21:45:00,2026-05-28T23:13:15.243000,4506.83,4495.62,0.5,0,-703377.06,2026-05
LONG,F3,EXIT_SL_RAISED,2026-05-28T21:45:00,2026-05-28T23:13:15.243000,4506.83,4495.62,0.5,0,-703377.06,2026-05
LONG,F1,EXIT_SL_RAISED,2026-05-29T00:00:00,2026-05-29T04:50:31.344000,4501.51,4510.38,0.5,0,556552.58,2026-05
LONG,F2,EXIT_SL_RAISED,2026-05-29T00:00:00,2026-05-29T04:50:31.344000,4501.51,4510.38,0.5,0,556552.58,2026-05
LONG,F3,EXIT_SL_RAISED,2026-05-29T00:00:00,2026-05-29T04:50:31.344000,4501.51,4510.38,0.5,0,556552.58,2026-05
SHORT,F1,EXIT_SL_RAISED,2026-05-31T19:00:00,2026-06-01T01:23:10.700000,4535.2,4523.29,0.5,0,747298.9,2026-05
SHORT,F2,EXIT_SL_RAISED,2026-05-31T19:00:00,2026-06-01T01:23:10.700000,4535.2,4523.29,0.5,0,747298.9,2026-05
SHORT,F3,EXIT_SL_RAISED,2026-05-31T19:00:00,2026-06-01T01:23:10.700000,4535.2,4523.29,0.5,0,747298.9,2026-05
SHORT,F1,EXIT_SL_RAISED,2026-06-01T02:45:00,2026-06-01T05:18:43.611000,4504.42,4505.76,0.5,0,-84078.97,2026-06
SHORT,F2,EXIT_SL_RAISED,2026-06-01T02:45:00,2026-06-01T05:18:43.611000,4504.42,4505.76,0.5,0,-84078.97,2026-06
SHORT,F3,EXIT_SL_RAISED,2026-06-01T02:45:00,2026-06-01T05:18:43.611000,4504.42,4505.76,0.5,0,-84078.97,2026-06
LONG,F1,EXIT_SL_RAISED,2026-06-01T18:15:00,2026-06-01T20:08:54.692000,4484.92,4476.96,0.5,1,-499454.18,2026-06
LONG,F2,EXIT_SL_RAISED,2026-06-01T18:15:00,2026-06-01T20:08:54.692000,4484.92,4476.96,0.5,1,-499454.18,2026-06
LONG,F3,EXIT_SL_RAISED,2026-06-01T18:15:00,2026-06-01T20:08:54.692000,4484.92,4476.96,0.5,1,-499454.18,2026-06
LONG,F1,EXIT_SL_RAISED,2026-06-01T20:30:00,2026-06-01T20:49:31.960000,4494.11,4482.85,0.5,0,-706514.33,2026-06
LONG,F2,EXIT_SL_RAISED,2026-06-01T20:30:00,2026-06-01T20:49:31.960000,4494.11,4482.85,0.5,0,-706514.33,2026-06
LONG,F3,EXIT_SL_RAISED,2026-06-01T20:30:00,2026-06-01T20:49:31.960000,4494.11,4482.85,0.5,0,-706514.33,2026-06
LONG,F1,EXIT_SL_RAISED,2026-06-01T21:15:00,2026-06-01T21:47:09.682000,4490.37,4475.69,0.5,0,-921103.94,2026-06
LONG,F2,EXIT_SL_RAISED,2026-06-01T21:15:00,2026-06-01T21:47:09.682000,4490.37,4475.69,0.5,0,-921103.94,2026-06
LONG,F3,EXIT_SL_RAISED,2026-06-01T21:15:00,2026-06-01T21:47:09.682000,4490.37,4475.69,0.5,0,-921103.94,2026-06
LONG,F1,EXIT_SL_RAISED,2026-06-01T23:30:00,2026-06-02T04:56:55.221000,4495.54,4526.49,0.5,0,1941973.22,2026-06
LONG,F2,EXIT_SL_RAISED,2026-06-01T23:30:00,2026-06-02T04:56:55.221000,4495.54,4526.49,0.5,0,1941973.22,2026-06
LONG,F3,EXIT_SL_RAISED,2026-06-01T23:30:00,2026-06-02T04:56:55.221000,4495.54,4526.49,0.5,0,1941973.22,2026-06
LONG,F1,EXIT_SL_RAISED,2026-06-02T20:45:00,2026-06-02T21:01:09.248000,4496.23,4479.92,0.5,0,-1023379.1,2026-06
LONG,F2,EXIT_SL_RAISED,2026-06-02T20:45:00,2026-06-02T21:01:09.248000,4496.23,4479.92,0.5,0,-1023379.1,2026-06
LONG,F3,EXIT_SL_RAISED,2026-06-02T20:45:00,2026-06-02T21:01:09.248000,4496.23,4479.92,0.5,0,-1023379.1,2026-06
SHORT,F1,EXIT_SL_RAISED,2026-06-02T21:15:00,2026-06-02T22:13:19.708000,4471.12,4480.48,0.5,0,-587297.88,2026-06
SHORT,F2,EXIT_SL_RAISED,2026-06-02T21:15:00,2026-06-02T22:13:19.708000,4471.12,4480.48,0.5,0,-587297.88,2026-06
SHORT,F3,EXIT_SL_RAISED,2026-06-02T21:15:00,2026-06-02T22:13:19.708000,4471.12,4480.48,0.5,0,-587297.88,2026-06
LONG,F1,EXIT_SL_RAISED,2026-06-03T19:00:00,2026-06-03T20:22:11.201000,4449.33,4448.98,0.5,0,-21960.93,2026-06
LONG,F2,EXIT_SL_RAISED,2026-06-03T19:00:00,2026-06-03T20:22:11.201000,4449.33,4448.98,0.5,0,-21960.93,2026-06
LONG,F3,EXIT_SL_RAISED,2026-06-03T19:00:00,2026-06-03T20:22:11.201000,4449.33,4448.98,0.5,0,-21960.93,2026-06
LONG,F1,EXIT_SL_RAISED,2026-06-03T22:00:00,2026-06-03T23:47:33.771000,4466.13,4458.14,0.5,0,-501336.54,2026-06
LONG,F2,EXIT_SL_RAISED,2026-06-03T22:00:00,2026-06-03T23:47:33.771000,4466.13,4458.14,0.5,0,-501336.54,2026-06
LONG,F3,EXIT_SL_RAISED,2026-06-03T22:00:00,2026-06-03T23:47:33.771000,4466.13,4458.14,0.5,0,-501336.54,2026-06
SHORT,F1,EXIT_SL_RAISED,2026-06-04T21:00:00,2026-06-05T02:30:48.663000,4459.07,4445.58,0.5,0,846436.79,2026-06
SHORT,F2,EXIT_SL_RAISED,2026-06-04T21:00:00,2026-06-05T02:30:48.663000,4459.07,4445.58,0.5,0,846436.79,2026-06
SHORT,F3,EXIT_SL_RAISED,2026-06-04T21:00:00,2026-06-05T02:30:48.663000,4459.07,4445.58,0.5,0,846436.79,2026-06
SHORT,F1,reverse,2026-06-07T18:30:00,2026-06-07T19:15:00,4316.56,4331.08,0.5,0,-911064.66,2026-06
SHORT,F2,reverse,2026-06-07T18:30:00,2026-06-07T19:15:00,4316.56,4331.08,0.5,0,-911064.66,2026-06
SHORT,F3,reverse,2026-06-07T18:30:00,2026-06-07T19:15:00,4316.56,4331.08,0.5,0,-911064.66,2026-06
LONG,F1,EXIT_SL_RAISED,2026-06-07T19:15:00,2026-06-07T21:07:08.697000,4331.08,4331.6,0.5,0,32627.66,2026-06
LONG,F2,EXIT_SL_RAISED,2026-06-07T19:15:00,2026-06-07T21:07:08.697000,4331.08,4331.6,0.5,0,32627.66,2026-06
LONG,F3,EXIT_SL_RAISED,2026-06-07T19:15:00,2026-06-07T21:07:08.697000,4331.08,4331.6,0.5,0,32627.66,2026-06
SHORT,F1,EXIT_TRAIL,2026-06-07T21:15:00,2026-06-07T21:45:00,4326.89,4326.59,0.5,0,18823.65,2026-06
SHORT,F2,EXIT_TRAIL,2026-06-07T21:15:00,2026-06-07T21:45:00,4326.89,4326.59,0.5,0,18823.65,2026-06
SHORT,F3,EXIT_TRAIL,2026-06-07T21:15:00,2026-06-07T21:45:00,4326.89,4326.59,0.5,0,18823.65,2026-06
SHORT,F1,EXIT_SL_RAISED,2026-06-08T01:15:00,2026-06-08T01:52:21.770000,4304.46,4294.08,0.5,0,651298.29,2026-06
SHORT,F2,EXIT_SL_RAISED,2026-06-08T01:15:00,2026-06-08T01:52:21.770000,4304.46,4294.08,0.5,0,651298.29,2026-06
SHORT,F3,EXIT_SL_RAISED,2026-06-08T01:15:00,2026-06-08T01:52:21.770000,4304.46,4294.08,0.5,0,651298.29,2026-06
SHORT,F1,EXIT_SL_RAISED,2026-06-08T20:30:00,2026-06-08T21:16:13.856000,4316.64,4328.22,0.5,0,-726592.89,2026-06
SHORT,F2,EXIT_SL_RAISED,2026-06-08T20:30:00,2026-06-08T21:16:13.856000,4316.64,4328.22,0.5,0,-726592.89,2026-06
SHORT,F3,EXIT_SL_RAISED,2026-06-08T20:30:00,2026-06-08T21:16:13.856000,4316.64,4328.22,0.5,0,-726592.89,2026-06
LONG,F1,EXIT_SL_RAISED,2026-06-08T23:45:00,2026-06-09T00:30:49.465000,4338.01,4327.58,0.5,0,-654435.57,2026-06
LONG,F2,EXIT_SL_RAISED,2026-06-08T23:45:00,2026-06-09T00:30:49.465000,4338.01,4327.58,0.5,0,-654435.57,2026-06
LONG,F3,EXIT_SL_RAISED,2026-06-08T23:45:00,2026-06-09T00:30:49.465000,4338.01,4327.58,0.5,0,-654435.57,2026-06
LONG,F1,EXIT_SL_RAISED,2026-06-09T01:30:00,2026-06-09T02:30:37.845000,4332.87,4335.88,0.5,0,188863.96,2026-06
LONG,F2,EXIT_SL_RAISED,2026-06-09T01:30:00,2026-06-09T02:30:37.845000,4332.87,4335.88,0.5,0,188863.96,2026-06
LONG,F3,EXIT_SL_RAISED,2026-06-09T01:30:00,2026-06-09T02:30:37.845000,4332.87,4335.88,0.5,0,188863.96,2026-06
LONG,F1,EXIT_SL_RAISED,2026-06-10T01:45:00,2026-06-10T03:12:45.191000,4198.46,4199.96,0.5,0,94118.25,2026-06
LONG,F2,EXIT_SL_RAISED,2026-06-10T01:45:00,2026-06-10T03:12:45.191000,4198.46,4199.96,0.5,0,94118.25,2026-06
LONG,F3,EXIT_SL_RAISED,2026-06-10T01:45:00,2026-06-10T03:12:45.191000,4198.46,4199.96,0.5,0,94118.25,2026-06
SHORT,F1,EXIT_SL_RAISED,2026-06-10T19:00:00,2026-06-10T19:26:36.026000,4046.34,4054.86,0.5,0,-534591.66,2026-06
SHORT,F2,EXIT_SL_RAISED,2026-06-10T19:00:00,2026-06-10T19:26:36.026000,4046.34,4054.86,0.5,0,-534591.66,2026-06
SHORT,F3,EXIT_SL_RAISED,2026-06-10T19:00:00,2026-06-10T19:26:36.026000,4046.34,4054.86,0.5,0,-534591.66,2026-06
LONG,F1,EXIT_SL_RAISED,2026-06-10T21:15:00,2026-06-10T22:29:47.478000,4087.08,4082.62,0.5,0,-279844.93,2026-06
LONG,F2,EXIT_SL_RAISED,2026-06-10T21:15:00,2026-06-10T22:29:47.478000,4087.08,4082.62,0.5,0,-279844.93,2026-06
LONG,F3,EXIT_SL_RAISED,2026-06-10T21:15:00,2026-06-10T22:29:47.478000,4087.08,4082.62,0.5,0,-279844.93,2026-06
SHORT,F1,reverse,2026-06-10T22:45:00,2026-06-11T00:15:00,4059.39,4083.08,0.5,0,-1486440.9,2026-06
SHORT,F2,reverse,2026-06-10T22:45:00,2026-06-11T00:15:00,4059.39,4083.08,0.5,0,-1486440.9,2026-06
SHORT,F3,reverse,2026-06-10T22:45:00,2026-06-11T00:15:00,4059.39,4083.08,0.5,0,-1486440.9,2026-06
LONG,F1,EXIT_SL_RAISED,2026-06-11T00:15:00,2026-06-11T02:11:05.725000,4083.08,4076.89,0.5,0,-388394.65,2026-06
LONG,F2,EXIT_SL_RAISED,2026-06-11T00:15:00,2026-06-11T02:11:05.725000,4083.08,4076.89,0.5,0,-388394.65,2026-06
LONG,F3,EXIT_SL_RAISED,2026-06-11T00:15:00,2026-06-11T02:11:05.725000,4083.08,4076.89,0.5,0,-388394.65,2026-06
LONG,F1,EXIT_SL_RAISED,2026-06-11T02:45:00,2026-06-11T04:53:33.697000,4093.15,4088.05,0.5,0,-320002.05,2026-06
LONG,F2,EXIT_SL_RAISED,2026-06-11T02:45:00,2026-06-11T04:53:33.697000,4093.15,4088.05,0.5,0,-320002.05,2026-06
LONG,F3,EXIT_SL_RAISED,2026-06-11T02:45:00,2026-06-11T04:53:33.697000,4093.15,4088.05,0.5,0,-320002.05,2026-06
SHORT,F1,EXIT_SL_RAISED,2026-06-11T21:15:00,2026-06-11T23:17:04.057000,4186.94,4199.46,0.5,0,-785573.66,2026-06
SHORT,F2,EXIT_SL_RAISED,2026-06-11T21:15:00,2026-06-11T23:17:04.057000,4186.94,4199.46,0.5,0,-785573.66,2026-06
SHORT,F3,EXIT_SL_RAISED,2026-06-11T21:15:00,2026-06-11T23:17:04.057000,4186.94,4199.46,0.5,0,-785573.66,2026-06
LONG,F1,reverse,2026-06-11T23:30:00,2026-06-12T00:30:00,4203.82,4192.61,0.5,0,-703377.06,2026-06
LONG,F2,reverse,2026-06-11T23:30:00,2026-06-12T00:30:00,4203.82,4192.61,0.5,0,-703377.06,2026-06
LONG,F3,reverse,2026-06-11T23:30:00,2026-06-12T00:30:00,4203.82,4192.61,0.5,0,-703377.06,2026-06
SHORT,F1,EXIT_SL_RAISED,2026-06-12T00:30:00,2026-06-12T03:59:39.703000,4192.61,4191.02,0.5,0,99765.34,2026-06
SHORT,F2,EXIT_SL_RAISED,2026-06-12T00:30:00,2026-06-12T03:59:39.703000,4192.61,4191.02,0.5,0,99765.34,2026-06
SHORT,F3,EXIT_SL_RAISED,2026-06-12T00:30:00,2026-06-12T03:59:39.703000,4192.61,4191.02,0.5,0,99765.34,2026-06
LONG,F1,EXIT_SL_RAISED,2026-06-15T00:30:00,2026-06-15T01:43:50.202000,4327.54,4316.03,0.5,0,-722200.71,2026-06
LONG,F2,EXIT_SL_RAISED,2026-06-15T00:30:00,2026-06-15T01:43:50.202000,4327.54,4316.03,0.5,0,-722200.71,2026-06
LONG,F3,EXIT_SL_RAISED,2026-06-15T00:30:00,2026-06-15T01:43:50.202000,4327.54,4316.03,0.5,0,-722200.71,2026-06
SHORT,F1,EXIT_SL_RAISED,2026-06-15T20:30:00,2026-06-15T20:58:57.727000,4308.21,4320.17,0.5,0,-750436.18,2026-06
SHORT,F2,EXIT_SL_RAISED,2026-06-15T20:30:00,2026-06-15T20:58:57.727000,4308.21,4320.17,0.5,0,-750436.18,2026-06
SHORT,F3,EXIT_SL_RAISED,2026-06-15T20:30:00,2026-06-15T20:58:57.727000,4308.21,4320.17,0.5,0,-750436.18,2026-06
SHORT,F1,reverse,2026-06-15T22:45:00,2026-06-15T23:30:00,4312.01,4321.56,0.5,0,-599219.53,2026-06
SHORT,F2,reverse,2026-06-15T22:45:00,2026-06-15T23:30:00,4312.01,4321.56,0.5,0,-599219.53,2026-06
SHORT,F3,reverse,2026-06-15T22:45:00,2026-06-15T23:30:00,4312.01,4321.56,0.5,0,-599219.53,2026-06
LONG,F1,EXIT_SL_RAISED,2026-06-15T23:30:00,2026-06-16T01:37:05.220000,4321.56,4320.49,0.5,0,-67137.69,2026-06
LONG,F2,EXIT_SL_RAISED,2026-06-15T23:30:00,2026-06-16T01:37:05.220000,4321.56,4320.49,0.5,0,-67137.69,2026-06
LONG,F3,EXIT_SL_RAISED,2026-06-15T23:30:00,2026-06-16T01:37:05.220000,4321.56,4320.49,0.5,0,-67137.69,2026-06
LONG,F1,EXIT_SL_RAISED,2026-06-16T03:00:00,2026-06-16T07:36:26.606000,4324.26,4336.95,0.5,0,796240.39,2026-06
LONG,F2,EXIT_SL_RAISED,2026-06-16T03:00:00,2026-06-16T07:36:26.606000,4324.26,4336.95,0.5,0,796240.39,2026-06
LONG,F3,EXIT_SL_RAISED,2026-06-16T03:00:00,2026-06-16T07:36:26.606000,4324.26,4336.95,0.5,0,796240.39,2026-06
LONG,F1,EXIT_SL_RAISED,2026-06-16T19:00:00,2026-06-16T20:00:51.528000,4335.78,4328.35,0.5,0,-466199.06,2026-06
LONG,F2,EXIT_SL_RAISED,2026-06-16T19:00:00,2026-06-16T20:00:51.528000,4335.78,4328.35,0.5,0,-466199.06,2026-06
LONG,F3,EXIT_SL_RAISED,2026-06-16T19:00:00,2026-06-16T20:00:51.528000,4335.78,4328.35,0.5,0,-466199.06,2026-06
LONG,F1,EXIT_SL_RAISED,2026-06-16T21:15:00,2026-06-16T22:45:27.655000,4348.13,4335.6,0.5,0,-786201.11,2026-06
LONG,F2,EXIT_SL_RAISED,2026-06-16T21:15:00,2026-06-16T22:45:27.655000,4348.13,4335.6,0.5,0,-786201.11,2026-06
LONG,F3,EXIT_SL_RAISED,2026-06-16T21:15:00,2026-06-16T22:45:27.655000,4348.13,4335.6,0.5,0,-786201.11,2026-06
SHORT,F1,EXIT_SL_RAISED,2026-06-17T00:30:00,2026-06-17T01:30:00.980000,4324.35,4329.19,0.5,0,-303688.22,2026-06
SHORT,F2,EXIT_SL_RAISED,2026-06-17T00:30:00,2026-06-17T01:30:00.980000,4324.35,4329.19,0.5,0,-303688.22,2026-06
SHORT,F3,EXIT_SL_RAISED,2026-06-17T00:30:00,2026-06-17T01:30:00.980000,4324.35,4329.19,0.5,0,-303688.22,2026-06
LONG,F1,reverse,2026-06-17T19:15:00,2026-06-18T00:45:00,4282.2,4309.84,0.5,0,1734285.62,2026-06
LONG,F2,reverse,2026-06-17T19:15:00,2026-06-18T00:45:00,4282.2,4309.84,0.5,0,1734285.62,2026-06
LONG,F3,reverse,2026-06-17T19:15:00,2026-06-18T00:45:00,4282.2,4309.84,0.5,0,1734285.62,2026-06
SHORT,F1,EXIT_SL_RAISED,2026-06-18T00:45:00,2026-06-18T08:13:56.497000,4309.84,4258.03,0.5,0,3250844.36,2026-06
SHORT,F2,EXIT_SL_RAISED,2026-06-18T00:45:00,2026-06-18T08:13:56.497000,4309.84,4258.03,0.5,0,3250844.36,2026-06
SHORT,F3,EXIT_SL_RAISED,2026-06-18T00:45:00,2026-06-18T08:13:56.497000,4309.84,4258.03,0.5,0,3250844.36,2026-06
SHORT,F1,EXIT_SL_RAISED,2026-06-18T18:15:00,2026-06-19T01:55:16.500000,4208.49,4139.95,0.5,0,4300576.57,2026-06
SHORT,F2,EXIT_SL_RAISED,2026-06-18T18:15:00,2026-06-19T01:55:16.500000,4208.49,4139.95,0.5,0,4300576.57,2026-06
SHORT,F3,EXIT_SL_RAISED,2026-06-18T18:15:00,2026-06-19T01:55:16.500000,4208.49,4139.95,0.5,0,4300576.57,2026-06
SHORT,F1,EXIT_SL_RAISED,2026-06-21T19:45:00,2026-06-21T20:11:53.958000,4145.47,4154.33,0.5,0,-555925.13,2026-06
SHORT,F2,EXIT_SL_RAISED,2026-06-21T19:45:00,2026-06-21T20:11:53.958000,4145.47,4154.33,0.5,0,-555925.13,2026-06
SHORT,F3,EXIT_SL_RAISED,2026-06-21T19:45:00,2026-06-21T20:11:53.958000,4145.47,4154.33,0.5,0,-555925.13,2026-06
LONG,F1,EXIT_SL_RAISED,2026-06-22T01:00:00,2026-06-22T03:53:52.860000,4181.94,4191.15,0.5,0,577886.06,2026-06
LONG,F2,EXIT_SL_RAISED,2026-06-22T01:00:00,2026-06-22T03:53:52.860000,4181.94,4191.15,0.5,0,577886.06,2026-06
LONG,F3,EXIT_SL_RAISED,2026-06-22T01:00:00,2026-06-22T03:53:52.860000,4181.94,4191.15,0.5,0,577886.06,2026-06
LONG,F1,EXIT_SL_RAISED,2026-06-22T19:45:00,2026-06-22T20:08:04.062000,4195.14,4184.43,0.5,0,-672004.31,2026-06
LONG,F2,EXIT_SL_RAISED,2026-06-22T19:45:00,2026-06-22T20:08:04.062000,4195.14,4184.43,0.5,0,-672004.31,2026-06
LONG,F3,EXIT_SL_RAISED,2026-06-22T19:45:00,2026-06-22T20:08:04.062000,4195.14,4184.43,0.5,0,-672004.31,2026-06
LONG,F1,EXIT_SL_RAISED,2026-06-22T20:45:00,2026-06-22T21:15:01.281000,4193.11,4184.94,0.5,0,-512630.74,2026-06
LONG,F2,EXIT_SL_RAISED,2026-06-22T20:45:00,2026-06-22T21:15:01.281000,4193.11,4184.94,0.5,0,-512630.74,2026-06
LONG,F3,EXIT_SL_RAISED,2026-06-22T20:45:00,2026-06-22T21:15:01.281000,4193.11,4184.94,0.5,0,-512630.74,2026-06
SHORT,F1,EXIT_SL_RAISED,2026-06-23T01:00:00,2026-06-23T05:07:27.740000,4118.3,4113.1,0.5,0,326276.6,2026-06
SHORT,F2,EXIT_SL_RAISED,2026-06-23T01:00:00,2026-06-23T05:07:27.740000,4118.3,4113.1,0.5,0,326276.6,2026-06
SHORT,F3,EXIT_SL_RAISED,2026-06-23T01:00:00,2026-06-23T05:07:27.740000,4118.3,4113.1,0.5,0,326276.6,2026-06
SHORT,F1,EXIT_SL_RAISED,2026-06-23T21:15:00,2026-06-24T01:21:52.147000,4089.59,4071.49,0.5,0,1135693.55,2026-06
SHORT,F2,EXIT_SL_RAISED,2026-06-23T21:15:00,2026-06-24T01:21:52.147000,4089.59,4071.49,0.5,0,1135693.55,2026-06
SHORT,F3,EXIT_SL_RAISED,2026-06-23T21:15:00,2026-06-24T01:21:52.147000,4089.59,4071.49,0.5,0,1135693.55,2026-06
LONG,F1,EXIT_SL_RAISED,2026-06-24T02:15:00,2026-06-24T03:37:04.055000,4096.65,4076.57,0.5,0,-1259929.64,2026-06
LONG,F2,EXIT_SL_RAISED,2026-06-24T02:15:00,2026-06-24T03:37:04.055000,4096.65,4076.57,0.5,0,-1259929.64,2026-06
LONG,F3,EXIT_SL_RAISED,2026-06-24T02:15:00,2026-06-24T03:37:04.055000,4096.65,4076.57,0.5,0,-1259929.64,2026-06
SHORT,F1,EXIT_SL_RAISED,2026-06-24T19:00:00,2026-06-24T19:35:27.038000,3996.26,4012.71,0.5,0,-1032163.47,2026-06
SHORT,F2,EXIT_SL_RAISED,2026-06-24T19:00:00,2026-06-24T19:35:27.038000,3996.26,4012.71,0.5,0,-1032163.47,2026-06
SHORT,F3,EXIT_SL_RAISED,2026-06-24T19:00:00,2026-06-24T19:35:27.038000,3996.26,4012.71,0.5,0,-1032163.47,2026-06
LONG,F1,EXIT_SL_RAISED,2026-06-24T19:45:00,2026-06-24T20:27:15.696000,4014.81,3995.26,0.5,0,-1226674.52,2026-06
LONG,F2,EXIT_SL_RAISED,2026-06-24T19:45:00,2026-06-24T20:27:15.696000,4014.81,3995.26,0.5,0,-1226674.52,2026-06
LONG,F3,EXIT_SL_RAISED,2026-06-24T19:45:00,2026-06-24T20:27:15.696000,4014.81,3995.26,0.5,0,-1226674.52,2026-06
SHORT,F1,EXIT_SL_RAISED,2026-06-24T20:30:00,2026-06-24T21:02:26.208000,3996.25,4003.18,0.5,0,-434826.31,2026-06
SHORT,F2,EXIT_SL_RAISED,2026-06-24T20:30:00,2026-06-24T21:02:26.208000,3996.25,4003.18,0.5,0,-434826.31,2026-06
SHORT,F3,EXIT_SL_RAISED,2026-06-24T20:30:00,2026-06-24T21:02:26.208000,3996.25,4003.18,0.5,0,-434826.31,2026-06
SHORT,F1,EXIT_SL_RAISED,2026-06-24T21:45:00,2026-06-24T23:51:41.531000,3981.64,3991.36,0.5,0,-609886.26,2026-06
SHORT,F2,EXIT_SL_RAISED,2026-06-24T21:45:00,2026-06-24T23:51:41.531000,3981.64,3991.36,0.5,0,-609886.26,2026-06
SHORT,F3,EXIT_SL_RAISED,2026-06-24T21:45:00,2026-06-24T23:51:41.531000,3981.64,3991.36,0.5,0,-609886.26,2026-06
LONG,F1,reverse,2026-06-25T00:00:00,2026-06-25T01:45:00,3995.9,3982.91,0.5,0,-815064.05,2026-06
LONG,F2,reverse,2026-06-25T00:00:00,2026-06-25T01:45:00,3995.9,3982.91,0.5,0,-815064.05,2026-06
LONG,F3,reverse,2026-06-25T00:00:00,2026-06-25T01:45:00,3995.9,3982.91,0.5,0,-815064.05,2026-06
SHORT,F1,EXIT_SL_RAISED,2026-06-25T01:45:00,2026-06-25T04:20:05.054000,3982.91,3996.81,0.5,0,-872162.45,2026-06
SHORT,F2,EXIT_SL_RAISED,2026-06-25T01:45:00,2026-06-25T04:20:05.054000,3982.91,3996.81,0.5,0,-872162.45,2026-06
SHORT,F3,EXIT_SL_RAISED,2026-06-25T01:45:00,2026-06-25T04:20:05.054000,3982.91,3996.81,0.5,0,-872162.45,2026-06
LONG,F1,EXIT_SL_RAISED,2026-06-25T18:45:00,2026-06-25T19:58:57.128000,4028.95,4012.51,0.5,0,-1031536.02,2026-06
LONG,F2,EXIT_SL_RAISED,2026-06-25T18:45:00,2026-06-25T19:58:57.128000,4028.95,4012.51,0.5,0,-1031536.02,2026-06
LONG,F3,EXIT_SL_RAISED,2026-06-25T18:45:00,2026-06-25T19:58:57.128000,4028.95,4012.51,0.5,0,-1031536.02,2026-06
SHORT,F1,EXIT_SL_RAISED,2026-06-25T20:00:00,2026-06-25T21:01:18.714000,4014.33,4029.72,0.5,0,-965653.24,2026-06
SHORT,F2,EXIT_SL_RAISED,2026-06-25T20:00:00,2026-06-25T21:01:18.714000,4014.33,4029.72,0.5,0,-965653.24,2026-06
SHORT,F3,EXIT_SL_RAISED,2026-06-25T20:00:00,2026-06-25T21:01:18.714000,4014.33,4029.72,0.5,0,-965653.24,2026-06
SHORT,F1,EXIT_SL_RAISED,2026-06-25T22:15:00,2026-06-25T23:55:13.421000,4014.98,4003.37,0.5,0,728475.26,2026-06
SHORT,F2,EXIT_SL_RAISED,2026-06-25T22:15:00,2026-06-25T23:55:13.421000,4014.98,4003.37,0.5,0,728475.26,2026-06
SHORT,F3,EXIT_SL_RAISED,2026-06-25T22:15:00,2026-06-25T23:55:13.421000,4014.98,4003.37,0.5,0,728475.26,2026-06
LONG,F1,EXIT_SL_RAISED,2026-06-26T02:30:00,2026-06-26T08:42:48.172000,4024.56,4038.24,0.5,0,858358.44,2026-06
LONG,F2,EXIT_SL_RAISED,2026-06-26T02:30:00,2026-06-26T08:42:48.172000,4024.56,4038.24,0.5,0,858358.44,2026-06
LONG,F3,EXIT_SL_RAISED,2026-06-26T02:30:00,2026-06-26T08:42:48.172000,4024.56,4038.24,0.5,0,858358.44,2026-06
LONG,F1,reverse,2026-06-28T22:30:00,2026-06-29T00:15:00,4069.3,4065.49,0.5,0,-239060.36,2026-06
LONG,F2,reverse,2026-06-28T22:30:00,2026-06-29T00:15:00,4069.3,4065.49,0.5,0,-239060.36,2026-06
LONG,F3,reverse,2026-06-28T22:30:00,2026-06-29T00:15:00,4069.3,4065.49,0.5,0,-239060.36,2026-06
SHORT,F1,EXIT_SL_RAISED,2026-06-29T00:15:00,2026-06-29T02:02:24.639000,4065.49,4058.51,0.5,0,437963.59,2026-06
SHORT,F2,EXIT_SL_RAISED,2026-06-29T00:15:00,2026-06-29T02:02:24.639000,4065.49,4058.51,0.5,0,437963.59,2026-06
SHORT,F3,EXIT_SL_RAISED,2026-06-29T00:15:00,2026-06-29T02:02:24.639000,4065.49,4058.51,0.5,0,437963.59,2026-06
SHORT,F1,EXIT_SL_RAISED,2026-06-29T18:45:00,2026-06-29T19:19:10.208000,4010.28,4022.26,0.5,0,-751691.09,2026-06
SHORT,F2,EXIT_SL_RAISED,2026-06-29T18:45:00,2026-06-29T19:19:10.208000,4010.28,4022.26,0.5,0,-751691.09,2026-06
SHORT,F3,EXIT_SL_RAISED,2026-06-29T18:45:00,2026-06-29T19:19:10.208000,4010.28,4022.26,0.5,0,-751691.09,2026-06
SHORT,F1,EXIT_SL_RAISED,2026-06-29T20:15:00,2026-06-29T21:17:49.367000,4010.09,3963.37,0.5,0,2931469.76,2026-06
SHORT,F2,EXIT_SL_RAISED,2026-06-29T20:15:00,2026-06-29T21:17:49.367000,4010.09,3963.37,0.5,0,2931469.76,2026-06
SHORT,F3,EXIT_SL_RAISED,2026-06-29T20:15:00,2026-06-29T21:17:49.367000,4010.09,3963.37,0.5,0,2931469.76,2026-06
SHORT,F1,reverse,2026-06-30T02:00:00,2026-06-30T02:15:00,3977.79,3988.32,0.5,0,-660710.12,2026-06
SHORT,F2,reverse,2026-06-30T02:00:00,2026-06-30T02:15:00,3977.79,3988.32,0.5,0,-660710.12,2026-06
SHORT,F3,reverse,2026-06-30T02:00:00,2026-06-30T02:15:00,3977.79,3988.32,0.5,0,-660710.12,2026-06
LONG,F1,EXIT_SL_RAISED,2026-06-30T02:15:00,2026-06-30T04:41:09.064000,3988.32,4015.4,0.5,0,1699148.14,2026-06
LONG,F2,EXIT_SL_RAISED,2026-06-30T02:15:00,2026-06-30T04:41:09.064000,3988.32,4015.4,0.5,0,1699148.14,2026-06
LONG,F3,EXIT_SL_RAISED,2026-06-30T02:15:00,2026-06-30T04:41:09.064000,3988.32,4015.4,0.5,0,1699148.14,2026-06
SHORT,F1,EXIT_SL_RAISED,2026-06-30T23:45:00,2026-07-01T03:57:03.071000,3977.46,3975.96,0.5,0,94118.25,2026-06
SHORT,F2,EXIT_SL_RAISED,2026-06-30T23:45:00,2026-07-01T03:57:03.071000,3977.46,3975.96,0.5,0,94118.25,2026-06
SHORT,F3,EXIT_SL_RAISED,2026-06-30T23:45:00,2026-07-01T03:57:03.071000,3977.46,3975.96,0.5,0,94118.25,2026-06
LONG,F1,EXIT_SL_RAISED,2026-07-02T02:00:00,2026-07-02T03:23:23.512000,4066.51,4062.35,0.5,0,-261021.28,2026-07
LONG,F2,EXIT_SL_RAISED,2026-07-02T02:00:00,2026-07-02T03:23:23.512000,4066.51,4062.35,0.5,0,-261021.28,2026-07
LONG,F3,EXIT_SL_RAISED,2026-07-02T02:00:00,2026-07-02T03:23:23.512000,4066.51,4062.35,0.5,0,-261021.28,2026-07
LONG,F1,reverse,2026-07-02T04:30:00,2026-07-02T05:30:00,4075.42,4067.57,0.5,0,-492552.17,2026-07
LONG,F2,reverse,2026-07-02T04:30:00,2026-07-02T05:30:00,4075.42,4067.57,0.5,0,-492552.17,2026-07
LONG,F3,reverse,2026-07-02T04:30:00,2026-07-02T05:30:00,4075.42,4067.57,0.5,0,-492552.17,2026-07
SHORT,F1,reverse,2026-07-02T05:30:00,2026-07-02T07:45:00,4067.57,4071.62,0.5,0,-254119.27,2026-07
SHORT,F2,reverse,2026-07-02T05:30:00,2026-07-02T07:45:00,4067.57,4071.62,0.5,0,-254119.27,2026-07
SHORT,F3,reverse,2026-07-02T05:30:00,2026-07-02T07:45:00,4067.57,4071.62,0.5,0,-254119.27,2026-07
LONG,F1,EXIT_SL_RAISED,2026-07-02T07:45:00,2026-07-02T08:56:11.105000,4071.62,4114.48,0.5,0,2689272.13,2026-07
LONG,F2,EXIT_SL_RAISED,2026-07-02T07:45:00,2026-07-02T08:56:11.105000,4071.62,4114.48,0.5,0,2689272.13,2026-07
LONG,F3,EXIT_SL_RAISED,2026-07-02T07:45:00,2026-07-02T08:56:11.105000,4071.62,4114.48,0.5,0,2689272.13,2026-07
LONG,F1,EXIT_SL_RAISED,2026-07-02T11:45:00,2026-07-02T12:31:45.305000,4125.65,4104.09,0.5,0,-1352792.98,2026-07
LONG,F2,EXIT_SL_RAISED,2026-07-02T11:45:00,2026-07-02T12:31:45.305000,4125.65,4104.09,0.5,0,-1352792.98,2026-07
LONG,F3,EXIT_SL_RAISED,2026-07-02T11:45:00,2026-07-02T12:31:45.305000,4125.65,4104.09,0.5,0,-1352792.98,2026-07
SHORT,F1,reverse,2026-07-02T13:30:00,2026-07-02T14:15:00,4112.38,4119.51,0.5,0,-447375.42,2026-07
SHORT,F2,reverse,2026-07-02T13:30:00,2026-07-02T14:15:00,4112.38,4119.51,0.5,0,-447375.42,2026-07
SHORT,F3,reverse,2026-07-02T13:30:00,2026-07-02T14:15:00,4112.38,4119.51,0.5,0,-447375.42,2026-07
LONG,F1,EXIT_SL_RAISED,2026-07-02T14:15:00,2026-07-02T23:46:35.654000,4119.51,4176.81,0.5,0,3595317.15,2026-07
LONG,F2,EXIT_SL_RAISED,2026-07-02T14:15:00,2026-07-02T23:46:35.654000,4119.51,4176.81,0.5,0,3595317.15,2026-07
LONG,F3,EXIT_SL_RAISED,2026-07-02T14:15:00,2026-07-02T23:46:35.654000,4119.51,4176.81,0.5,0,3595317.15,2026-07
LONG,F1,EXIT_SL_RAISED,2026-07-03T02:45:00,2026-07-03T05:26:59.844000,4171.93,4172.02,0.5,0,5647.1,2026-07
LONG,F2,EXIT_SL_RAISED,2026-07-03T02:45:00,2026-07-03T05:26:59.844000,4171.93,4172.02,0.5,0,5647.1,2026-07
LONG,F3,EXIT_SL_RAISED,2026-07-03T02:45:00,2026-07-03T05:26:59.844000,4171.93,4172.02,0.5,0,5647.1,2026-07
SHORT,F1,EXIT_SL_RAISED,2026-07-05T20:15:00,2026-07-05T20:45:16.306000,4174.74,4188.52,0.5,0,-864632.99,2026-07
SHORT,F2,EXIT_SL_RAISED,2026-07-05T20:15:00,2026-07-05T20:45:16.306000,4174.74,4188.52,0.5,0,-864632.99,2026-07
SHORT,F3,EXIT_SL_RAISED,2026-07-05T20:15:00,2026-07-05T20:45:16.306000,4174.74,4188.52,0.5,0,-864632.99,2026-07
LONG,F1,EXIT_SL_RAISED,2026-07-05T21:30:00,2026-07-05T22:07:02.786000,4189.88,4180.71,0.5,0,-575376.24,2026-07
LONG,F2,EXIT_SL_RAISED,2026-07-05T21:30:00,2026-07-05T22:07:02.786000,4189.88,4180.71,0.5,0,-575376.24,2026-07
LONG,F3,EXIT_SL_RAISED,2026-07-05T21:30:00,2026-07-05T22:07:02.786000,4189.88,4180.71,0.5,0,-575376.24,2026-07
SHORT,F1,EXIT_SL_RAISED,2026-07-05T22:15:00,2026-07-06T03:40:56.395000,4180.79,4161.05,0.5,0,1238596.17,2026-07
SHORT,F2,EXIT_SL_RAISED,2026-07-05T22:15:00,2026-07-06T03:40:56.395000,4180.79,4161.05,0.5,0,1238596.17,2026-07
SHORT,F3,EXIT_SL_RAISED,2026-07-05T22:15:00,2026-07-06T03:40:56.395000,4180.79,4161.05,0.5,0,1238596.17,2026-07
SHORT,F1,EXIT_SL_RAISED,2026-07-06T20:45:00,2026-07-06T21:33:23.330000,4149.52,4139.6,0.5,0,622435.36,2026-07
SHORT,F2,EXIT_SL_RAISED,2026-07-06T20:45:00,2026-07-06T21:33:23.330000,4149.52,4139.6,0.5,0,622435.36,2026-07
SHORT,F3,EXIT_SL_RAISED,2026-07-06T20:45:00,2026-07-06T21:33:23.330000,4149.52,4139.6,0.5,0,622435.36,2026-07
SHORT,F1,EXIT_SL_RAISED,2026-07-06T22:00:00,2026-07-07T00:09:04.199000,4141.69,4138.84,0.5,0,178824.67,2026-07
SHORT,F2,EXIT_SL_RAISED,2026-07-06T22:00:00,2026-07-07T00:09:04.199000,4141.69,4138.84,0.5,0,178824.67,2026-07
SHORT,F3,EXIT_SL_RAISED,2026-07-06T22:00:00,2026-07-07T00:09:04.199000,4141.69,4138.84,0.5,0,178824.67,2026-07
SHORT,F1,reverse,2026-07-07T01:45:00,2026-07-07T02:45:00,4122.42,4132.75,0.5,0,-648161.01,2026-07
SHORT,F2,reverse,2026-07-07T01:45:00,2026-07-07T02:45:00,4122.42,4132.75,0.5,0,-648161.01,2026-07
SHORT,F3,reverse,2026-07-07T01:45:00,2026-07-07T02:45:00,4122.42,4132.75,0.5,0,-648161.01,2026-07
LONG,F1,reverse,2026-07-07T02:45:00,2026-07-07T03:30:00,4132.75,4126.44,0.5,0,-395924.11,2026-07
LONG,F2,reverse,2026-07-07T02:45:00,2026-07-07T03:30:00,4132.75,4126.44,0.5,0,-395924.11,2026-07
LONG,F3,reverse,2026-07-07T02:45:00,2026-07-07T03:30:00,4132.75,4126.44,0.5,0,-395924.11,2026-07
SHORT,F1,EXIT_SL_RAISED,2026-07-07T03:30:00,2026-07-07T04:13:34.475000,4126.44,4138.74,0.5,0,-771769.65,2026-07
SHORT,F2,EXIT_SL_RAISED,2026-07-07T03:30:00,2026-07-07T04:13:34.475000,4126.44,4138.74,0.5,0,-771769.65,2026-07
SHORT,F3,EXIT_SL_RAISED,2026-07-07T03:30:00,2026-07-07T04:13:34.475000,4126.44,4138.74,0.5,0,-771769.65,2026-07
LONG,F1,EXIT_SL_RAISED,2026-07-07T23:15:00,2026-07-08T03:05:44.553000,4128.46,4118.44,0.5,0,-628709.91,2026-07
LONG,F2,EXIT_SL_RAISED,2026-07-07T23:15:00,2026-07-08T03:05:44.553000,4128.46,4118.44,0.5,0,-628709.91,2026-07
LONG,F3,EXIT_SL_RAISED,2026-07-07T23:15:00,2026-07-08T03:05:44.553000,4128.46,4118.44,0.5,0,-628709.91,2026-07
LONG,F1,EXIT_SL_RAISED,2026-07-08T19:30:00,2026-07-08T20:51:35.214000,4077.95,4073.71,0.5,0,-266040.92,2026-07
LONG,F2,EXIT_SL_RAISED,2026-07-08T19:30:00,2026-07-08T20:51:35.214000,4077.95,4073.71,0.5,0,-266040.92,2026-07
LONG,F3,EXIT_SL_RAISED,2026-07-08T19:30:00,2026-07-08T20:51:35.214000,4077.95,4073.71,0.5,0,-266040.92,2026-07
LONG,F1,EXIT_SL_RAISED,2026-07-08T22:15:00,2026-07-08T22:52:04.009000,4078.85,4065.79,0.5,0,-819456.23,2026-07
LONG,F2,EXIT_SL_RAISED,2026-07-08T22:15:00,2026-07-08T22:52:04.009000,4078.85,4065.79,0.5,0,-819456.23,2026-07
LONG,F3,EXIT_SL_RAISED,2026-07-08T22:15:00,2026-07-08T22:52:04.009000,4078.85,4065.79,0.5,0,-819456.23,2026-07
SHORT,F1,EXIT_SL_RAISED,2026-07-09T00:15:00,2026-07-09T01:01:27.990000,4060.37,4071.89,0.5,0,-722828.16,2026-07
SHORT,F2,EXIT_SL_RAISED,2026-07-09T00:15:00,2026-07-09T01:01:27.990000,4060.37,4071.89,0.5,0,-722828.16,2026-07
SHORT,F3,EXIT_SL_RAISED,2026-07-09T00:15:00,2026-07-09T01:01:27.990000,4060.37,4071.89,0.5,0,-722828.16,2026-07
SHORT,F1,EXIT_SL_RAISED,2026-07-09T21:45:00,2026-07-09T22:08:19.299000,4111.57,4122.13,0.5,0,-662592.48,2026-07
SHORT,F2,EXIT_SL_RAISED,2026-07-09T21:45:00,2026-07-09T22:08:19.299000,4111.57,4122.13,0.5,0,-662592.48,2026-07
SHORT,F3,EXIT_SL_RAISED,2026-07-09T21:45:00,2026-07-09T22:08:19.299000,4111.57,4122.13,0.5,0,-662592.48,2026-07
LONG,F1,EXIT_SL_RAISED,2026-07-09T23:00:00,2026-07-09T23:50:39.933000,4128.02,4120.11,0.5,0,-496316.91,2026-07
LONG,F2,EXIT_SL_RAISED,2026-07-09T23:00:00,2026-07-09T23:50:39.933000,4128.02,4120.11,0.5,0,-496316.91,2026-07
LONG,F3,EXIT_SL_RAISED,2026-07-09T23:00:00,2026-07-09T23:50:39.933000,4128.02,4120.11,0.5,0,-496316.91,2026-07
LONG,F1,EXIT_SL_RAISED,2026-07-13T01:15:00,2026-07-13T02:04:07.537000,4069.92,4050.21,0.5,0,-1236713.81,2026-07
LONG,F2,EXIT_SL_RAISED,2026-07-13T01:15:00,2026-07-13T02:04:07.537000,4069.92,4050.21,0.5,0,-1236713.81,2026-07
LONG,F3,EXIT_SL_RAISED,2026-07-13T01:15:00,2026-07-13T02:04:07.537000,4069.92,4050.21,0.5,0,-1236713.81,2026-07
SHORT,F1,EXIT_SL_RAISED,2026-07-13T19:15:00,2026-07-13T20:30:04.024000,4000.11,3997.84,0.5,0,142432.28,2026-07
SHORT,F2,EXIT_SL_RAISED,2026-07-13T19:15:00,2026-07-13T20:30:04.024000,4000.11,3997.84,0.5,0,142432.28,2026-07
SHORT,F3,EXIT_SL_RAISED,2026-07-13T19:15:00,2026-07-13T20:30:04.024000,4000.11,3997.84,0.5,0,142432.28,2026-07
LONG,F1,EXIT_SL_RAISED,2026-07-13T22:00:00,2026-07-14T03:00:31.296000,4010.81,4021.14,0.5,0,648161.01,2026-07
LONG,F2,EXIT_SL_RAISED,2026-07-13T22:00:00,2026-07-14T03:00:31.296000,4010.81,4021.14,0.5,0,648161.01,2026-07
LONG,F3,EXIT_SL_RAISED,2026-07-13T22:00:00,2026-07-14T03:00:31.296000,4010.81,4021.14,0.5,0,648161.01,2026-07
SHORT,F1,EXIT_SL_RAISED,2026-07-14T21:30:00,2026-07-15T04:56:10.605000,4054.28,4031.63,0.5,0,1421185.58,2026-07
SHORT,F2,EXIT_SL_RAISED,2026-07-14T21:30:00,2026-07-15T04:56:10.605000,4054.28,4031.63,0.5,0,1421185.58,2026-07
SHORT,F3,EXIT_SL_RAISED,2026-07-14T21:30:00,2026-07-15T04:56:10.605000,4054.28,4031.63,0.5,0,1421185.58,2026-07
SHORT,F1,EXIT_SL_RAISED,2026-07-16T00:45:00,2026-07-16T04:31:39.371000,4032.48,4034.85,0.5,0,-148706.83,2026-07
SHORT,F2,EXIT_SL_RAISED,2026-07-16T00:45:00,2026-07-16T04:31:39.371000,4032.48,4034.85,0.5,0,-148706.83,2026-07
SHORT,F3,EXIT_SL_RAISED,2026-07-16T00:45:00,2026-07-16T04:31:39.371000,4032.48,4034.85,0.5,0,-148706.83,2026-07
SHORT,F1,EXIT_INITSL,2026-07-16T18:45:00,2026-07-16T19:59:01.930000,3973.3,3985.39,0.5,0,-758593.09,2026-07
SHORT,F2,EXIT_INITSL,2026-07-16T18:45:00,2026-07-16T19:59:01.930000,3973.3,3985.39,0.5,0,-758593.09,2026-07
SHORT,F3,EXIT_INITSL,2026-07-16T18:45:00,2026-07-16T19:59:01.930000,3973.3,3985.39,0.5,0,-758593.09,2026-07
SHORT,F1,EXIT_SL_RAISED,2026-07-16T22:00:00,2026-07-16T23:02:57.299000,3983.03,3985.58,0.5,0,-160001.02,2026-07
SHORT,F2,EXIT_SL_RAISED,2026-07-16T22:00:00,2026-07-16T23:02:57.299000,3983.03,3985.58,0.5,0,-160001.02,2026-07
SHORT,F3,EXIT_SL_RAISED,2026-07-16T22:00:00,2026-07-16T23:02:57.299000,3983.03,3985.58,0.5,0,-160001.02,2026-07
LONG,F1,EXIT_SL_RAISED,2026-07-16T23:15:00,2026-07-16T23:56:20.449000,3989.01,3991.42,0.5,0,151216.65,2026-07
LONG,F2,EXIT_SL_RAISED,2026-07-16T23:15:00,2026-07-16T23:56:20.449000,3989.01,3991.42,0.5,0,151216.65,2026-07
LONG,F3,EXIT_SL_RAISED,2026-07-16T23:15:00,2026-07-16T23:56:20.449000,3989.01,3991.42,0.5,0,151216.65,2026-07
SHORT,F1,EXIT_SL_RAISED,2026-07-17T00:30:00,2026-07-17T01:41:53.524000,3986.08,3990.28,0.5,0,-263531.1,2026-07
SHORT,F2,EXIT_SL_RAISED,2026-07-17T00:30:00,2026-07-17T01:41:53.524000,3986.08,3990.28,0.5,0,-263531.1,2026-07
SHORT,F3,EXIT_SL_RAISED,2026-07-17T00:30:00,2026-07-17T01:41:53.524000,3986.08,3990.28,0.5,0,-263531.1,2026-07
LONG,F1,EXIT_SL_RAISED,2026-07-17T01:45:00,2026-07-17T04:14:10.162000,3987.21,3991.17,0.5,0,248472.18,2026-07
LONG,F2,EXIT_SL_RAISED,2026-07-17T01:45:00,2026-07-17T04:14:10.162000,3987.21,3991.17,0.5,0,248472.18,2026-07
LONG,F3,EXIT_SL_RAISED,2026-07-17T01:45:00,2026-07-17T04:14:10.162000,3987.21,3991.17,0.5,0,248472.18,2026-07
LONG,F1,EXIT_SL_RAISED,2026-07-19T20:30:00,2026-07-19T21:19:47.235000,4004.2,4003.68,0.5,0,-32627.66,2026-07
LONG,F2,EXIT_SL_RAISED,2026-07-19T20:30:00,2026-07-19T21:19:47.235000,4004.2,4003.68,0.5,0,-32627.66,2026-07
LONG,F3,EXIT_SL_RAISED,2026-07-19T20:30:00,2026-07-19T21:19:47.235000,4004.2,4003.68,0.5,0,-32627.66,2026-07
LONG,F1,EXIT_SL_RAISED,2026-07-19T22:15:00,2026-07-20T01:11:01.900000,4006.57,4013.96,0.5,0,463689.24,2026-07
LONG,F2,EXIT_SL_RAISED,2026-07-19T22:15:00,2026-07-20T01:11:01.900000,4006.57,4013.96,0.5,0,463689.24,2026-07
LONG,F3,EXIT_SL_RAISED,2026-07-19T22:15:00,2026-07-20T01:11:01.900000,4006.57,4013.96,0.5,0,463689.24,2026-07
SHORT,F1,EXIT_SL_RAISED,2026-07-20T17:00:00,2026-07-20T20:13:37.526000,4009.11,4010.98,0.5,0,-117334.08,2026-07
SHORT,F2,EXIT_SL_RAISED,2026-07-20T17:00:00,2026-07-20T20:13:37.526000,4009.11,4010.98,0.5,0,-117334.08,2026-07
SHORT,F3,EXIT_SL_RAISED,2026-07-20T17:00:00,2026-07-20T20:13:37.526000,4009.11,4010.98,0.5,0,-117334.08,2026-07
LONG,F1,EXIT_SL_RAISED,2026-07-21T20:15:00,2026-07-22T00:03:42.696000,4092.51,4127.55,0.5,0,2198602.32,2026-07
LONG,F2,EXIT_SL_RAISED,2026-07-21T20:15:00,2026-07-22T00:03:42.696000,4092.51,4127.55,0.5,0,2198602.32,2026-07
LONG,F3,EXIT_SL_RAISED,2026-07-21T20:15:00,2026-07-22T00:03:42.696000,4092.51,4127.55,0.5,0,2198602.32,2026-07
LONG,F1,EXIT_SL_RAISED,2026-07-22T01:45:00,2026-07-22T02:25:39.530000,4132.82,4122.65,0.5,0,-638121.74,2026-07
LONG,F2,EXIT_SL_RAISED,2026-07-22T01:45:00,2026-07-22T02:25:39.530000,4132.82,4122.65,0.5,0,-638121.74,2026-07
LONG,F3,EXIT_SL_RAISED,2026-07-22T01:45:00,2026-07-22T02:25:39.530000,4132.82,4122.65,0.5,0,-638121.74,2026-07
SHORT,F1,EXIT_SL_RAISED,2026-07-22T02:30:00,2026-07-22T05:15:00.170000,4117.35,4122.17,0.5,0,-302433.31,2026-07
SHORT,F2,EXIT_SL_RAISED,2026-07-22T02:30:00,2026-07-22T05:15:00.170000,4117.35,4122.17,0.5,0,-302433.31,2026-07
SHORT,F3,EXIT_SL_RAISED,2026-07-22T02:30:00,2026-07-22T05:15:00.170000,4117.35,4122.17,0.5,0,-302433.31,2026-07
LONG,F1,EXIT_SL_RAISED,2026-07-22T20:00:00,2026-07-22T21:37:02.015000,4133.99,4125.74,0.5,0,-517650.38,2026-07
LONG,F2,EXIT_SL_RAISED,2026-07-22T20:00:00,2026-07-22T21:37:02.015000,4133.99,4125.74,0.5,0,-517650.38,2026-07
LONG,F3,EXIT_SL_RAISED,2026-07-22T20:00:00,2026-07-22T21:37:02.015000,4133.99,4125.74,0.5,0,-517650.38,2026-07
SHORT,F1,EXIT_SL_RAISED,2026-07-22T21:45:00,2026-07-22T22:53:12.103000,4121.71,4127.94,0.5,0,-390904.46,2026-07
SHORT,F2,EXIT_SL_RAISED,2026-07-22T21:45:00,2026-07-22T22:53:12.103000,4121.71,4127.94,0.5,0,-390904.46,2026-07
SHORT,F3,EXIT_SL_RAISED,2026-07-22T21:45:00,2026-07-22T22:53:12.103000,4121.71,4127.94,0.5,0,-390904.46,2026-07
LONG,F1,EXIT_SL_RAISED,2026-07-22T23:00:00,2026-07-23T01:04:25.153000,4128.37,4119.29,0.5,0,-569729.14,2026-07
LONG,F2,EXIT_SL_RAISED,2026-07-22T23:00:00,2026-07-23T01:04:25.153000,4128.37,4119.29,0.5,0,-569729.14,2026-07
LONG,F3,EXIT_SL_RAISED,2026-07-22T23:00:00,2026-07-23T01:04:25.153000,4128.37,4119.29,0.5,0,-569729.14,2026-07
SHORT,F1,EXIT_SL_RAISED,2026-07-23T02:45:00,2026-07-23T07:52:52.191000,4119.83,4087.79,0.5,0,2010365.82,2026-07
SHORT,F2,EXIT_SL_RAISED,2026-07-23T02:45:00,2026-07-23T07:52:52.191000,4119.83,4087.79,0.5,0,2010365.82,2026-07
SHORT,F3,EXIT_SL_RAISED,2026-07-23T02:45:00,2026-07-23T07:52:52.191000,4119.83,4087.79,0.5,0,2010365.82,2026-07
LONG,F1,EXIT_SL_RAISED,2026-07-23T20:45:00,2026-07-23T21:02:32.716000,4049.79,4041.54,0.5,0,-517650.38,2026-07
LONG,F2,EXIT_SL_RAISED,2026-07-23T20:45:00,2026-07-23T21:02:32.716000,4049.79,4041.54,0.5,0,-517650.38,2026-07
LONG,F3,EXIT_SL_RAISED,2026-07-23T20:45:00,2026-07-23T21:02:32.716000,4049.79,4041.54,0.5,0,-517650.38,2026-07
SHORT,F1,EXIT_SL_RAISED,2026-07-23T21:15:00,2026-07-24T02:19:47.779000,4042.37,4033.62,0.5,0,549023.12,2026-07
SHORT,F2,EXIT_SL_RAISED,2026-07-23T21:15:00,2026-07-24T02:19:47.779000,4042.37,4033.62,0.5,0,549023.12,2026-07
SHORT,F3,EXIT_SL_RAISED,2026-07-23T21:15:00,2026-07-24T02:19:47.779000,4042.37,4033.62,0.5,0,549023.12,2026-07
