R1,arm,band,entry_bid,entry_delay_bars,entry_fill,exit_bid,exit_fill,ficha,level_slip,margin1,net1,net1_con_coste,pos_id,reason,same_bar,sid,side,side_l,spread,t_exit,t_in,t_in_exec,t_out
78197.7500000034,default,0.5,4347.59,0,4347.59,4348.425,4348.63,F1,True,4071518.035,-97395.9999999966,-118467.2499999966,1767309300|SHORT,EXIT_STLINE,False,SuperTrend-p14x3-M15,SHORT,S,0.5,1767310203.104,1767309300,1767310200.0,1767310200
2470616.0076530892,default,0.5,4351.38,0,4351.88,4378.82760313827,4378.57,F1,True,4075535.62,2499518.4999999627,2478447.2499999627,1767310200|LONG,EXIT_STLINE,False,SuperTrend-p14x3-M15,LONG,L,0.5,1767349502.976,1767310200,1767311100.0,1767348900
363006.17061289406,default,0.5,4436.35,0,4436.85,4432.973799566334,4432.7,F1,True,4155110.0250000004,-388647.5000000511,-409718.7500000511,1767648600|LONG,EXIT_STLINE,False,SuperTrend-p14x3-M15,LONG,L,0.5,1767650559.398,1767648600,1767649500.0,1767650400
861224.1706128669,default,0.5,4441.72,0,4442.17,4432.973799566334,4432.97,F1,True,4160092.205,-861579.999999983,-882651.249999983,1767650400|LONG,EXIT_STLINE,False,SuperTrend-p14x3-M15,LONG,L,0.5,1767652407.164,1767650400,1767651300.0,1767652200
612115.1706128805,default,0.5,4439.01,0,4439.51,4449.303090416406,4448.58,F1,True,4157601.115,849405.4999999728,828334.2499999728,1767652200|LONG,EXIT_STLINE,False,SuperTrend-p14x3-M15,LONG,L,0.5,1767682031.237,1767652200,1767653100.0,1767681900
3083987.1120945886,default,0.5,4470.76,0,4470.81,4469.854609798658,4470.0,F1,True,4186913.5650000004,75856.50000003747,54785.25000003747,1767736800|SHORT,EXIT_STLINE,False,SuperTrend-p14x3-M15,SHORT,S,0.5,1767764217.631,1767736800,1767737700.0,1767763800
1033300.3692792539,default,0.5,4456.84,0,4457.49,4446.456360178545,4446.41,F1,True,4174439.385,-1037641.9999999931,-1058713.249999993,1767823200|LONG,EXIT_STLINE,False,SuperTrend-p14x3-M15,LONG,L,0.5,1767825855.288,1767823200,1767824100.0,1767825000
130514.36927930836,default,0.5,4447.39,0,4447.85,4446.456360178545,4445.83,F1,True,4165411.5250000004,-189173.0000000409,-210244.2500000409,1767825000|LONG,EXIT_STLINE,False,SuperTrend-p14x3-M15,LONG,L,0.5,1767825924.548,1767825000,1767825900.0,1767825900
217608.86927925044,default,0.5,4448.28,0,4448.78,4446.456360178545,4446.44,F1,True,4166282.47,-219141.00000001362,-240212.25000001362,1767825900|LONG,EXIT_STLINE,False,SuperTrend-p14x3-M15,LONG,L,0.5,1767826830.874,1767825900,1767826800.0,1767826800
1929893.2781301027,default,0.5,4446.39,0,4446.2,4436.631526447649,4436.88,F1,True,4163866.3,872817.9999999728,851746.7499999728,1767826800|SHORT,EXIT_STLINE,False,SuperTrend-p14x3-M15,SHORT,S,0.5,1767872866.787,1767826800,1767827700.0,1767872700
125865.81446466903,default,0.5,4459.15,0,4459.58,4458.235997709934,4458.04,F1,True,4176396.67,-144220.9999999966,-165292.2499999966,1767909600|LONG,EXIT_STLINE,False,SuperTrend-p14x3-M15,LONG,L,0.5,1767910610.839,1767909600,1767910500.0,1767910500
1954276.8613044254,default,0.5,4457.22,0,4457.22,4478.087878924767,4478.54,F1,True,4174186.53,-1996617.9999999728,-2017689.2499999728,1767910500|SHORT,EXIT_STLINE,False,SuperTrend-p14x3-M15,SHORT,S,0.5,1767949248.476,1767910500,1767911400.0,1767949200
2668948.1554504386,default,0.5,4615.3,0,4615.8,4618.143679220687,4617.77,F1,True,4322696.7,184490.50000002384,163419.25000002384,1768341600|LONG,EXIT_STLINE,False,SuperTrend-p14x3-M15,LONG,L,0.5,1768390796.576,1768341600,1768342500.0,1768390200
403446.25522465643,default,0.5,4616.67,0,4617.17,4612.861978054195,4612.46,F1,True,4323979.705,-441091.50000000343,-462162.75000000343,1768420800|LONG,EXIT_STLINE,False,SuperTrend-p14x3-M15,LONG,L,0.5,1768421894.274,1768420800,1768421700.0,1768421700
2938132.01267359,default,0.5,4609.0,0,4608.98,4615.722358440838,4615.81,F1,True,4316309.77,-639629.5000000783,-660700.7500000783,1768421700|SHORT,EXIT_STLINE,False,SuperTrend-p14x3-M15,SHORT,S,0.5,1768461875.687,1768421700,1768422600.0,1768461300
133954.0286287854,default,0.5,4600.06,0,4600.43,4598.999631301348,4598.49,F1,True,4308302.695,-181681.0000000477,-202752.2500000477,1768513500|LONG,EXIT_STLINE,False,SuperTrend-p14x3-M15,LONG,L,0.5,1768514400.992,1768513500,1768514400.0,1768514400
481395.52862878883,default,0.5,4603.65,0,4604.14,4598.999631301348,4598.94,F1,True,4311777.11,-486980.00000006816,-508051.25000006816,1768514400|LONG,EXIT_STLINE,False,SuperTrend-p14x3-M15,LONG,L,0.5,1768518025.509,1768514400,1768515300.0,1768518000
1870628.4260422257,default,0.5,4598.06,0,4597.75,4613.586599766163,4613.64,F1,True,4305792.875,-1488098.5000000307,-1509169.7500000307,1768518000|SHORT,EXIT_STLINE,False,SuperTrend-p14x3-M15,SHORT,S,0.5,1768531876.272,1768518000,1768518900.0,1768531500
207584.5681011836,default,0.5,4611.37,0,4611.37,4613.586599766163,4613.63,F1,True,4318548.005,-211649.00000002043,-232720.25000002043,1768531500|SHORT,EXIT_STLINE,False,SuperTrend-p14x3-M15,SHORT,S,0.5,1768552449.848,1768531500,1768532400.0,1768552200
1775176.5907434549,default,0.5,4659.42,0,4659.49,4677.063590310515,4677.52,F1,True,4363612.385,-1688509.5000000612,-1709580.7500000612,1768857300|SHORT,EXIT_STLINE,False,SuperTrend-p14x3-M15,SHORT,S,0.5,1768869607.576,1768857300,1768858200.0,1768869000
34986.732579756244,default,0.5,4676.69,0,4676.69,4677.063590310515,4677.19,F1,True,4379720.185,-46825.0,-67896.25,1768869000|SHORT,EXIT_STLINE,False,SuperTrend-p14x3-M15,SHORT,S,0.5,1768869900.092,1768869000,1768869900.0,1768869900
1749397.1794628906,default,0.5,4680.03,0,4680.53,4843.586913860349,4843.57,F1,True,4383316.345,15268695.999999996,15247624.749999996,1768869900|LONG,EXIT_STLINE,False,SuperTrend-p14x3-M15,LONG,L,0.5,1768968003.578,1768869900,1768870800.0,1768968000
6324366.196764449,default,0.5,4778.3,0,4778.13,4829.217621316048,4829.27,F1,True,4474718.745,-4789261.000000031,-4810332.250000031,1769028300|SHORT,EXIT_STLINE,False,SuperTrend-p14x3-M15,SHORT,S,0.5,1769052332.619,1769028300,1769029200.0,1769051700
356583.7362479351,default,0.5,4825.41,0,4825.41,4829.217621316048,4829.45,F1,True,4518996.465,-378345.99999999657,-399417.24999999657,1769051700|SHORT,EXIT_STLINE,False,SuperTrend-p14x3-M15,SHORT,S,0.5,1769054532.02,1769051700,1769052600.0,1769054400
7612346.672882517,default,0.5,5071.3,0,5072.01,5062.1783217273705,5061.68,F1,True,4749937.365,-967404.4999999931,-988475.7499999931,1769464800|LONG,EXIT_STLINE,False,SuperTrend-p14x3-M15,LONG,L,0.5,1769511941.798,1769464800,1769465700.0,1769511600
2699844.9894206948,default,0.5,5479.87,0,5480.28,5509.450511183289,5509.36,F1,True,5132282.22,2723341.999999993,2702270.749999993,1769637600|LONG,EXIT_STLINE,False,SuperTrend-p14x3-M15,LONG,L,0.5,1769665328.757,1769637600,1769638500.0,1769664600
16579006.727076989,default,0.5,5310.91,0,5309.65,4932.066953038626,4932.07,F1,True,4972487.225,35360366.99999999,35339295.74999999,1769724000|SHORT,EXIT_STLINE,False,SuperTrend-p14x3-M15,SHORT,S,0.5,1769791534.475,1769724000,1769724900.0,1769791500
413040.3800792551,default,0.5,4741.05,0,4741.66,4737.24953144603,4733.5,F1,True,4440564.59,-764183.9999999864,-785255.2499999864,1769976000|LONG,EXIT_STLINE,False,SuperTrend-p14x3-M15,LONG,L,0.5,1769976949.454,1769976000,1769976900.0,1769976900
18406951.851984184,default,0.5,4728.01,0,4728.01,4647.50392431443,4648.03,F1,True,4427781.365,7490127.000000045,7469055.750000045,1769976900|SHORT,EXIT_STLINE,False,SuperTrend-p14x3-M15,SHORT,S,0.5,1770009741.897,1769976900,1769977800.0,1770009300
13261948.032651505,default,0.5,4774.1,0,4774.6,4903.266846838563,4902.01,F1,True,4471412.9,11931946.499999987,11910875.249999987,1770065100|LONG,EXIT_STLINE,False,SuperTrend-p14x3-M15,LONG,L,0.5,1770132750.589,1770065100,1770066000.0,1770132600
9443214.465511043,default,0.5,5009.26,0,5010.25,4944.687261098407,4944.52,F1,True,4692099.125,-6155614.499999959,-6176685.749999959,1770235200|LONG,EXIT_STLINE,False,SuperTrend-p14x3-M15,LONG,L,0.5,1770243576.69,1770235200,1770236100.0,1770243300
726980.4981341335,default,0.5,4951.92,0,4952.45,4944.687261098407,4944.33,F1,True,4637969.425,-760437.9999999898,-781509.2499999898,1770243300|LONG,EXIT_STLINE,False,SuperTrend-p14x3-M15,LONG,L,0.5,1770246321.165,1770243300,1770244200.0,1770246000
9571973.313548896,default,0.5,4915.08,0,4915.24,4935.776612165991,4935.78,F1,True,4603122.26,-1923570.9999999965,-1944642.2499999965,1770246000|SHORT,EXIT_STLINE,False,SuperTrend-p14x3-M15,SHORT,S,0.5,1770265574.375,1770246000,1770246900.0,1770264900
136100.2920878414,default,0.5,4773.96,0,4774.02,4775.4732866213335,4775.66,F1,True,4470869.73,-153585.9999999455,-174657.2499999455,1770331500|SHORT,EXIT_STLINE,False,SuperTrend-p14x3-M15,SHORT,S,0.5,1770332401.297,1770331500,1770332400.0,1770332400
11344454.697402012,default,0.5,4787.59,0,4787.99,4982.918406964909,4982.78,F1,True,4483952.635,18242083.499999996,18221012.249999996,1770332400|LONG,EXIT_STLINE,False,SuperTrend-p14x3-M15,LONG,L,0.5,1770590209.53,1770332400,1770333300.0,1770589800
2539937.187736261,default,0.5,5009.5,0,5010.04,4982.918406964909,4982.9,F1,True,4691902.46,-2541661.0000000307,-2562732.2500000307,1770589800|LONG,EXIT_STLINE,False,SuperTrend-p14x3-M15,LONG,L,0.5,1770591526.892,1770589800,1770590700.0,1770590700
7173344.645244365,default,0.5,4982.43,0,4982.43,5039.433998048141,5039.6,F1,True,4666045.695,-5353970.5000000065,-5375041.7500000065,1770590700|SHORT,EXIT_STLINE,False,SuperTrend-p14x3-M15,SHORT,S,0.5,1770637503.168,1770590700,1770591600.0,1770637500
6657823.482729776,default,0.5,5013.04,0,5013.21,5063.116068081626,5063.32,F1,True,4694871.165,-4692801.499999969,-4713872.749999969,1770667200|SHORT,EXIT_STLINE,False,SuperTrend-p14x3-M15,SHORT,S,0.5,1770703756.42,1770667200,1770668100.0,1770703200
1074733.7758442066,default,0.5,5051.62,0,5051.64,5063.116068081626,5063.37,F1,True,4730860.86,-1098514.499999959,-1119585.749999959,1770703200|SHORT,EXIT_STLINE,False,SuperTrend-p14x3-M15,SHORT,S,0.5,1770722185.632,1770703200,1770704100.0,1770722100
560803.1363877385,default,0.5,5046.55,0,5046.55,5052.538287628273,5052.83,F1,True,4726094.075,-588121.9999999761,-609193.2499999761,1770754500|SHORT,EXIT_STLINE,False,SuperTrend-p14x3-M15,SHORT,S,0.5,1770764348.679,1770754500,1770755400.0,1770763500
15760.136387765715,default,0.5,5052.37,0,5052.37,5052.538287628273,5052.87,F1,True,4731544.505,-46825.0,-67896.25,1770763500|SHORT,EXIT_STLINE,False,SuperTrend-p14x3-M15,SHORT,S,0.5,1770764400.062,1770763500,1770764400.0,1770764400
1445795.6363877214,default,0.5,5037.1,0,5037.1,5052.538287628273,5052.6,F1,True,4717244.15,-1451575.0,-1472646.25,1770764400|SHORT,EXIT_STLINE,False,SuperTrend-p14x3-M15,SHORT,S,0.5,1770766986.478,1770764400,1770765300.0,1770766200
3953118.4180115266,default,0.5,5053.82,0,5054.32,5079.762337351246,5079.76,F1,True,4733370.68,2382456.0000000475,2361384.7500000475,1770766200|LONG,EXIT_STLINE,False,SuperTrend-p14x3-M15,LONG,L,0.5,1770802866.621,1770766200,1770767100.0,1770802200
5795741.594078354,default,0.5,4969.78,0,4970.28,4944.432405015196,4944.39,F1,True,4654667.22,-2424598.4999999455,-2445669.7499999455,1770934500|LONG,EXIT_STLINE,False,SuperTrend-p14x3-M15,LONG,L,0.5,1770969639.522,1770934500,1770935400.0,1770969600
3763708.134651189,default,0.5,4994.51,0,4994.51,5010.177627792319,5010.22,F1,True,4677358.615,-1471241.5000000035,-1492312.7500000035,1771199100|SHORT,EXIT_STLINE,False,SuperTrend-p14x3-M15,SHORT,S,0.5,1771217259.358,1771199100,1771200000.0,1771217100
607842.922484954,default,0.5,4994.21,0,4994.21,4927.463374614707,4928.11,F1,True,4677077.665,6190265.000000034,6169193.750000034,1771272900|SHORT,EXIT_STLINE,False,SuperTrend-p14x3-M15,SHORT,S,0.5,1771305163.091,1771272900,1771273800.0,1771304400
3596870.198905808,default,0.5,4904.81,0,4905.31,4911.328846442076,4910.95,F1,True,4593822.815,528185.9999999455,507114.7499999455,1771371000|LONG,EXIT_STLINE,False,SuperTrend-p14x3-M15,LONG,L,0.5,1771400288.211,1771371000,1771371900.0,1771399800
293079.0531631008,default,0.5,4976.8,0,4977.3,4974.170485283897,4973.89,F1,True,4661241.45,-319346.4999999864,-340417.7499999864,1771444800|LONG,EXIT_STLINE,False,SuperTrend-p14x3-M15,LONG,L,0.5,1771445834.274,1771444800,1771445700.0,1771445700
763202.0531630565,default,0.5,4981.82,0,4982.32,4974.170485283897,4973.76,F1,True,4665942.68,-801643.9999999523,-822715.2499999523,1771445700|LONG,EXIT_STLINE,False,SuperTrend-p14x3-M15,LONG,L,0.5,1771448163.642,1771445700,1771446600.0,1771447500
205048.0531630531,default,0.5,4975.86,0,4976.36,4974.170485283897,4973.86,F1,True,4660361.14,-234125.0,-255196.25,1771447500|LONG,EXIT_STLINE,False,SuperTrend-p14x3-M15,LONG,L,0.5,1771448414.751,1771447500,1771448400.0,1771448400
2825673.2129518776,default,0.5,4967.8,0,4967.8,4990.765088763702,4990.8,F1,True,4652344.7,-2153950.0,-2175021.25,1771448400|SHORT,EXIT_STLINE,False,SuperTrend-p14x3-M15,SHORT,S,0.5,1771466765.488,1771448400,1771449300.0,1771466400
51984.06272067923,default,0.5,4990.21,0,4990.21,4990.765088763702,4990.87,F1,True,4673331.665,-61808.99999998637,-82880.24999998638,1771466400|SHORT,EXIT_STLINE,False,SuperTrend-p14x3-M15,SHORT,S,0.5,1771468278.921,1771466400,1771467300.0,1771468200
2380902.8639336783,default,0.5,4995.85,0,4996.35,4998.605685816801,4998.48,F1,True,4679081.775,199474.49999992506,178403.24999992506,1771468200|LONG,EXIT_STLINE,False,SuperTrend-p14x3-M15,LONG,L,0.5,1771482967.64,1771468200,1771469100.0,1771482600
71388.90885630989,default,0.5,5013.29,0,5013.29,5014.05229480893,5014.64,F1,True,4694946.085,-126427.50000003407,-147498.75000003405,1771538400|SHORT,EXIT_STLINE,False,SuperTrend-p14x3-M15,SHORT,S,0.5,1771556457.351,1771538400,1771539300.0,1771556400
2471985.604169636,default,0.5,5016.46,0,5016.96,5009.514608744059,5009.35,F1,True,4698383.04,-712676.4999999694,-733747.7499999694,1771556400|LONG,EXIT_STLINE,False,SuperTrend-p14x3-M15,LONG,L,0.5,1771579857.699,1771556400,1771557300.0,1771579800
5374339.654367883,default,0.5,5185.16,0,5185.32,5152.428341519352,5154.12,F1,True,4856052.18,2921879.999999983,2900808.749999983,1771884000|SHORT,EXIT_STLINE,False,SuperTrend-p14x3-M15,SHORT,S,0.5,1771937143.609,1771884000,1771884900.0,1771937100
3648564.6542705237,default,0.5,5135.6,0,5135.6,5169.243538445213,5169.58,F1,True,4809489.4,-3182226.999999959,-3203298.249999959,1771963200|SHORT,EXIT_STLINE,False,SuperTrend-p14x3-M15,SHORT,S,0.5,1771970878.6,1771963200,1771964100.0,1771970400
5291935.851042368,default,0.5,5174.14,0,5175.27,5174.966348308905,5174.84,F1,True,4846640.355,-40269.500000027256,-61340.750000027256,1771970400|LONG,EXIT_STLINE,False,SuperTrend-p14x3-M15,LONG,L,0.5,1772004044.347,1771970400,1771971300.0,1772003700
494303.22922416497,default,0.5,5187.49,0,5187.49,5192.768197856104,5193.04,F1,True,4858084.385,-519757.50000001705,-540828.750000017,1772056800|SHORT,EXIT_STLINE,False,SuperTrend-p14x3-M15,SHORT,S,0.5,1772057723.343,1772056800,1772057700.0,1772057700
1160154.7292241342,default,0.5,5180.38,0,5180.38,5192.768197856104,5192.82,F1,True,4851425.87,-1165005.9999999625,-1186077.2499999625,1772057700|SHORT,EXIT_STLINE,False,SuperTrend-p14x3-M15,SHORT,S,0.5,1772059290.944,1772057700,1772058600.0,1772058600
320114.22922411043,default,0.5,5189.35,0,5189.35,5192.768197856104,5192.92,F1,True,4859826.275,-334330.49999997276,-355401.74999997276,1772058600|SHORT,EXIT_STLINE,False,SuperTrend-p14x3-M15,SHORT,S,0.5,1772059964.661,1772058600,1772059500.0,1772059500
131877.72922417516,default,0.5,5191.35,0,5191.36,5192.768197856104,5193.24,F1,True,4861708.64,-176062.00000001022,-197133.25000001022,1772059500|SHORT,EXIT_STLINE,False,SuperTrend-p14x3-M15,SHORT,S,0.5,1772060405.313,1772059500,1772060400.0,1772060400
930712.2292241513,default,0.5,5182.88,0,5182.83,5192.768197856104,5192.9,F1,True,4853720.295,-943055.4999999728,-964126.7499999728,1772060400|SHORT,EXIT_STLINE,False,SuperTrend-p14x3-M15,SHORT,S,0.5,1772065089.193,1772060400,1772061300.0,1772064900
428748.22922418197,default,0.5,5188.19,0,5188.19,5192.768197856104,5193.18,F1,True,4858739.935,-467313.5000000647,-488384.7500000647,1772064900|SHORT,EXIT_STLINE,False,SuperTrend-p14x3-M15,SHORT,S,0.5,1772067428.408,1772064900,1772065800.0,1772066700
22307.22922416835,default,0.5,5192.53,0,5192.53,5192.768197856104,5193.03,F1,True,4862804.345,-46825.0,-67896.25,1772066700|SHORT,EXIT_STLINE,False,SuperTrend-p14x3-M15,SHORT,S,0.5,1772067600.077,1772066700,1772067600.0,1772067600
3054094.3598986673,default,0.5,5196.7,0,5197.2,5173.514114148736,5173.46,F1,True,4867177.8,-2223250.9999999795,-2244322.2499999795,1772067600|LONG,EXIT_STLINE,False,SuperTrend-p14x3-M15,LONG,L,0.5,1772084026.247,1772067600,1772068500.0,1772083800
829255.1905418661,default,0.5,5176.33,0,5176.83,5172.396575314539,5172.34,F1,True,4848101.295,-420488.49999997957,-441559.74999997957,1772143200|LONG,EXIT_STLINE,False,SuperTrend-p14x3-M15,LONG,L,0.5,1772175074.487,1772143200,1772144100.0,1772174700
4990130.456288685,default,0.5,5319.05,0,5319.03,5213.450303098263,5213.57,F1,True,4981271.595,9876329.000000004,9855257.750000004,1772505900|SHORT,EXIT_STLINE,False,SuperTrend-p14x3-M15,SHORT,S,0.5,1772531752.791,1772505900,1772506800.0,1772531100
6540451.39698529,default,0.5,5158.63,0,5159.84,5123.307832768296,5121.99,F1,True,4832190.16,-3544652.500000034,-3565723.750000034,1772575200|LONG,EXIT_STLINE,False,SuperTrend-p14x3-M15,LONG,L,0.5,1772593590.285,1772575200,1772576100.0,1772593200
1783298.9612491075,default,0.5,5142.39,0,5142.35,5158.732034023256,5158.49,F1,True,4815810.775,1511510.9999999455,1490439.7499999455,1772593200|LONG,EXIT_STLINE,False,SuperTrend-p14x3-M15,LONG,L,0.5,1772617283.032,1772593200,1772594100.0,1772616600
113290.4647908766,default,0.5,5173.33,0,5173.36,5174.569721994563,5174.85,F1,True,4844851.64,-139538.50000006473,-160609.75000006473,1772658900|SHORT,EXIT_STLINE,False,SuperTrend-p14x3-M15,SHORT,S,0.5,1772660450.62,1772658900,1772659800.0,1772659800
308082.4647908698,default,0.5,5171.28,0,5171.28,5174.569721994563,5174.61,F1,True,4842903.72,-311854.4999999932,-332925.7499999932,1772659800|SHORT,EXIT_STLINE,False,SuperTrend-p14x3-M15,SHORT,S,0.5,1772660950.524,1772659800,1772660700.0,1772660700
202257.96479085958,default,0.5,5172.41,0,5172.41,5174.569721994563,5174.68,F1,True,4843961.965,-212585.5000000409,-233656.7500000409,1772660700|SHORT,EXIT_STLINE,False,SuperTrend-p14x3-M15,SHORT,S,0.5,1772661651.18,1772660700,1772661600.0,1772661600
3364291.0019124947,default,0.5,5176.5,0,5177.0,5152.798857710186,5152.16,F1,True,4848260.5,-2326266.0000000135,-2347337.2500000135,1772661600|LONG,EXIT_STLINE,False,SuperTrend-p14x3-M15,LONG,L,0.5,1772679496.568,1772661600,1772662500.0,1772678700
4139720.7963315505,default,0.5,5148.32,0,5148.44,5174.371990957975,5174.5,F1,True,4821514.06,-2440519.0000000373,-2461590.2500000373,1772678700|SHORT,EXIT_STLINE,False,SuperTrend-p14x3-M15,SHORT,S,0.5,1772690782.018,1772678700,1772679600.0,1772690400
6074401.89954514,default,0.5,5118.52,0,5118.77,5096.180691730109,5096.18,F1,True,4793728.105,-2115553.5000000135,-2136624.7500000135,1772749800|LONG,EXIT_STLINE,False,SuperTrend-p14x3-M15,LONG,L,0.5,1772775115.138,1772749800,1772750700.0,1772775000
439524.195433847,default,0.5,5125.47,0,5126.29,5121.596735766857,5120.85,F1,True,4800770.585,-509455.9999999625,-530527.2499999625,1772998200|LONG,EXIT_STLINE,False,SuperTrend-p14x3-M15,LONG,L,0.5,1772999281.735,1772998200,1772999100.0,1772999100
832854.19543383,default,0.5,5129.99,0,5130.49,5121.596735766857,5121.07,F1,True,4804703.885,-882183.0000000069,-903254.2500000069,1772999100|LONG,EXIT_STLINE,False,SuperTrend-p14x3-M15,LONG,L,0.5,1773000156.18,1772999100,1773000000.0,1773000000
7873320.5897179535,default,0.5,5101.57,0,5101.65,5123.074701592284,5123.44,F1,True,4777695.225,-2040633.4999999965,-2061704.7499999965,1773000000|SHORT,EXIT_STLINE,False,SuperTrend-p14x3-M15,SHORT,S,0.5,1773024337.52,1773000000,1773000900.0,1773024300
4873162.906850035,default,0.5,5124.12,0,5124.62,5073.117914931972,5072.77,F1,True,4799206.63,-4855752.499999949,-4876823.749999949,1773024300|LONG,EXIT_STLINE,False,SuperTrend-p14x3-M15,LONG,L,0.5,1773053137.116,1773024300,1773025200.0,1773053100
4139014.70005944,default,0.5,5169.54,0,5170.19,5137.237112550644,5137.0,F1,True,4841882.935,-3108243.4999999627,-3129314.7499999627,1773268200|LONG,EXIT_STLINE,False,SuperTrend-p14x3-M15,LONG,L,0.5,1773282331.031,1773268200,1773269100.0,1773281700
568725.9096322017,default,0.5,5142.81,0,5143.31,5165.880393989338,5165.88,F1,True,4816709.815,2113680.4999999725,2092609.2499999725,1773281700|LONG,EXIT_STLINE,False,SuperTrend-p14x3-M15,LONG,L,0.5,1773306956.722,1773281700,1773282600.0,1773306900
207171.81030169132,default,0.5,5097.93,0,5097.93,5100.142192315021,5100.29,F1,True,4774211.445,-221013.99999996932,-242085.24999996932,1773348300|SHORT,EXIT_STLINE,False,SuperTrend-p14x3-M15,SHORT,S,0.5,1773349218.907,1773348300,1773349200.0,1773349200
3281398.0072605764,default,0.5,5105.83,0,5106.33,5097.4622942656615,5097.22,F1,True,4782078.045,-853151.4999999694,-874222.7499999694,1773349200|LONG,EXIT_STLINE,False,SuperTrend-p14x3-M15,LONG,L,0.5,1773372078.66,1773349200,1773350100.0,1773371700
3208029.409678917,default,0.5,5027.59,0,5028.09,5016.012185845592,5013.67,F1,True,4708806.285,-1350433.0000000068,-1371504.2500000068,1773701100|LONG,EXIT_STLINE,False,SuperTrend-p14x3-M15,LONG,L,0.5,1773716500.282,1773701100,1773702000.0,1773716400
5080872.30579791,default,0.5,4865.59,0,4866.09,4823.5093121005075,4823.13,F1,True,4557093.285,-4023204.0000000033,-4044275.2500000033,1773873000|LONG,EXIT_STLINE,False,SuperTrend-p14x3-M15,LONG,L,0.5,1773890343.322,1773873000,1773873900.0,1773890100
1298752.5185335437,default,0.5,4435.54,0,4435.37,4257.297426507816,4257.54,F1,True,4153724.005,16653779.499999993,16632708.249999993,1774218600|SHORT,EXIT_STLINE,False,SuperTrend-p14x3-M15,SHORT,S,0.5,1774243973.365,1774218600,1774219500.0,1774243800
10069477.596858645,default,0.5,4344.15,0,4344.24,4409.559049828868,4410.08,F1,True,4068380.76,-6165916.000000014,-6186987.250000014,1774301400|SHORT,EXIT_STLINE,False,SuperTrend-p14x3-M15,SHORT,S,0.5,1774324821.443,1774301400,1774302300.0,1774324800
5699543.474441904,default,0.5,4434.9,0,4435.33,4422.946330696219,4422.94,F1,True,4153686.545,-1160323.5000000307,-1181394.7500000307,1774566000|LONG,EXIT_STLINE,False,SuperTrend-p14x3-M15,LONG,L,0.5,1774591755.367,1774566000,1774566900.0,1774591200
1814703.4203502135,default,0.5,4496.94,0,4497.49,4478.112494176719,4477.54,F1,True,4211899.385,-1868317.499999983,-1889388.749999983,1774810800|LONG,EXIT_STLINE,False,SuperTrend-p14x3-M15,LONG,L,0.5,1774814759.972,1774810800,1774811700.0,1774814400
78432.42035021698,default,0.5,4478.39,0,4478.95,4478.112494176719,4478.03,F1,True,4194536.675,-86158.00000000681,-107229.25000000681,1774814400|LONG,EXIT_STLINE,False,SuperTrend-p14x3-M15,LONG,L,0.5,1774815584.289,1774814400,1774815300.0,1774815300
5900611.971957843,default,0.5,4472.23,0,4472.16,4495.157029758434,4495.24,F1,True,4188177.84,-2161441.999999993,-2182513.249999993,1774815300|SHORT,EXIT_STLINE,False,SuperTrend-p14x3-M15,SHORT,S,0.5,1774827843.714,1774815300,1774816200.0,1774827000
58721.33687736459,default,0.5,4494.46,0,4494.53,4495.157029758434,4495.16,F1,True,4209127.345,-58999.50000001022,-80070.75000001022,1774827000|SHORT,EXIT_STLINE,False,SuperTrend-p14x3-M15,SHORT,S,0.5,1774827900.378,1774827000,1774827900.0,1774827900
1319250.336877368,default,0.5,4481.05,0,4481.07,4495.157029758434,4495.33,F1,True,4196522.055,-1335449.0000000205,-1356520.2500000205,1774827900|SHORT,EXIT_STLINE,False,SuperTrend-p14x3-M15,SHORT,S,0.5,1774829096.675,1774827900,1774828800.0,1774828800
7149530.217653702,default,0.5,4504.45,0,4504.85,4528.859366950237,4528.84,F1,True,4218792.025,2246663.4999999795,2225592.2499999795,1774828800|LONG,EXIT_STLINE,False,SuperTrend-p14x3-M15,LONG,L,0.5,1774868125.358,1774828800,1774829700.0,1774867500
5085866.648225638,default,0.5,4547.61,0,4548.09,4547.743527135255,4547.7,F1,True,4259286.285,-36523.50000003066,-57594.75000003066,1774907100|LONG,EXIT_STLINE,False,SuperTrend-p14x3-M15,LONG,L,0.5,1774923208.447,1774907100,1774908000.0,1774922400
276873.6837833395,default,0.5,4550.21,0,4550.7,4547.743527135255,4547.64,F1,True,4261730.55,-286568.9999999523,-307640.2499999523,1774922400|LONG,EXIT_STLINE,False,SuperTrend-p14x3-M15,LONG,L,0.5,1774930756.485,1774922400,1774923300.0,1774930500
537495.6581871653,default,0.5,4672.17,0,4672.95,4718.052815418581,4717.91,F1,True,4376217.675,4210504.000000004,4189432.7500000037,1775006100|LONG,EXIT_STLINE,False,SuperTrend-p14x3-M15,LONG,L,0.5,1775037611.538,1775006100,1775007000.0,1775037600
4231531.803425654,default,0.5,4750.79,0,4750.75,4644.467251470915,4645.44,F1,True,4449077.375,9862281.500000037,9841210.250000037,1775080800|SHORT,EXIT_STLINE,False,SuperTrend-p14x3-M15,SHORT,S,0.5,1775105306.561,1775080800,1775081700.0,1775105100
5816062.107147825,default,0.5,4630.3,0,4631.08,4667.328391800045,4667.71,F1,True,4337006.42,-3430399.5000000102,-3451470.7500000102,1775412000|SHORT,EXIT_STLINE,False,SuperTrend-p14x3-M15,SHORT,S,0.5,1775427629.434,1775412000,1775412900.0,1775427300
591717.3920742135,default,0.5,4660.88,0,4661.01,4667.328391800045,4667.54,F1,True,4365035.865,-611534.4999999761,-632605.7499999761,1775427300|SHORT,EXIT_STLINE,False,SuperTrend-p14x3-M15,SHORT,S,0.5,1775437659.907,1775427300,1775428200.0,1775437200
4895693.51687337,default,0.5,4673.44,0,4673.98,4667.195183332889,4667.1,F1,True,4377182.27,-644311.999999925,-665383.249999925,1775437200|LONG,EXIT_STLINE,False,SuperTrend-p14x3-M15,LONG,L,0.5,1775463662.331,1775437200,1775438100.0,1775463300
635310.5939722975,default,0.5,4765.4,1,4770.43,4763.646117522987,4763.42,F1,True,4467507.695,-656486.5000000205,-677557.7500000205,1775753100|LONG,EXIT_STLINE,False,SuperTrend-p14x3-M15,LONG,L,0.5,1775759436.4,1775753100,1775758500.0,1775759400
3028535.398522842,default,0.5,4761.11,0,4761.12,4763.228097983361,4763.28,F1,True,4458788.88,-202283.99999998638,-223355.24999998638,1775759400|SHORT,EXIT_STLINE,False,SuperTrend-p14x3-M15,SHORT,S,0.5,1775806241.838,1775759400,1775760300.0,1775806200
5276736.016464568,default,0.5,4714.74,0,4715.48,4707.905438787903,4707.06,F1,True,4416047.02,-788532.9999999217,-809604.2499999217,1776027600|LONG,EXIT_STLINE,False,SuperTrend-p14x3-M15,LONG,L,0.5,1776066072.19,1776027600,1776028500.0,1776065400
291671.88700286485,default,0.5,4828.16,0,4828.65,4825.535511083792,4825.52,F1,True,4522030.725,-293124.499999925,-314195.749999925,1776205800|LONG,EXIT_STLINE,False,SuperTrend-p14x3-M15,LONG,L,0.5,1776206863.831,1776205800,1776206700.0,1776206700
2791290.1511998437,default,0.5,4823.75,0,4823.77,4823.734009807962,4824.02,F1,True,4517460.605,-23412.5,-44483.75,1776206700|SHORT,EXIT_STLINE,False,SuperTrend-p14x3-M15,SHORT,S,0.5,1776245909.074,1776206700,1776207600.0,1776245400
351262.717277285,default,0.5,4807.49,0,4807.41,4811.1608031743435,4811.18,F1,True,4502139.465,-353060.50000004086,-374131.75000004086,1776278700|SHORT,EXIT_STLINE,False,SuperTrend-p14x3-M15,SHORT,S,0.5,1776280151.198,1776278700,1776279600.0,1776279600
2283300.010204583,default,0.5,4812.39,0,4812.87,4815.441423676851,4815.43,F1,True,4507252.755,239744.0000000375,218672.7500000375,1776279600|LONG,EXIT_STLINE,False,SuperTrend-p14x3-M15,LONG,L,0.5,1776306484.6,1776279600,1776280500.0,1776305700
98199.17266290981,default,0.5,4816.06,0,4816.49,4815.441423676851,4815.41,F1,True,4510642.885,-101141.99999999319,-122213.24999999319,1776305700|LONG,EXIT_STLINE,False,SuperTrend-p14x3-M15,LONG,L,0.5,1776306634.178,1776305700,1776306600.0,1776306600
842716.6726628927,default,0.5,4823.99,0,4824.44,4815.441423676851,4815.44,F1,True,4518088.06,-842850.0,-863921.25,1776306600|LONG,EXIT_STLINE,False,SuperTrend-p14x3-M15,LONG,L,0.5,1776312145.276,1776306600,1776307500.0,1776312000
151016.0323629084,default,0.5,4795.82,0,4795.8,4797.412557740127,4797.49,F1,True,4491266.7,-158268.4999999625,-179339.7499999625,1776380400|SHORT,EXIT_STLINE,False,SuperTrend-p14x3-M15,SHORT,S,0.5,1776381489.383,1776380400,1776381300.0,1776381300
325205.0323629629,default,0.5,4793.99,0,4793.94,4797.412557740127,4797.53,F1,True,4489524.81,-336203.5000000136,-357274.7500000136,1776381300|SHORT,EXIT_STLINE,False,SuperTrend-p14x3-M15,SHORT,S,0.5,1776386046.225,1776381300,1776382200.0,1776385800
2243495.8287188592,default,0.5,4800.89,0,4801.37,4783.383989645532,4783.33,F1,True,4496483.005,-1689445.9999999965,-1710517.2499999965,1776385800|LONG,EXIT_STLINE,False,SuperTrend-p14x3-M15,LONG,L,0.5,1776392967.216,1776385800,1776386700.0,1776392100
70800.36969596044,default,0.5,4783.66,0,4784.14,4783.383989645532,4783.38,F1,True,4480347.11,-71174.00000002045,-92245.25000002045,1776392100|LONG,EXIT_STLINE,False,SuperTrend-p14x3-M15,LONG,L,0.5,1776393000.264,1776392100,1776393000.0,1776393000
227195.86969596727,default,0.5,4785.4,0,4785.81,4783.383989645532,4783.32,F1,True,4481911.065,-233188.50000006473,-254259.75000006473,1776393000|LONG,EXIT_STLINE,False,SuperTrend-p14x3-M15,LONG,L,0.5,1776397327.578,1776393000,1776393900.0,1776396600
2770128.1992192534,default,0.5,4790.3,0,4790.21,4788.48469309266,4788.82,F1,True,4486031.665,130173.50000003066,109102.25000003066,1776621600|SHORT,EXIT_STLINE,False,SuperTrend-p14x3-M15,SHORT,S,0.5,1776632683.032,1776621600,1776622500.0,1776632400
4396731.131417889,default,0.5,4793.53,0,4794.04,4810.410202077155,4809.96,F1,True,4489618.46,1490908.0000000068,1469836.7500000068,1776632400|LONG,EXIT_STLINE,False,SuperTrend-p14x3-M15,LONG,L,0.5,1776721241.194,1776632400,1776633300.0,1776720600
318391.07547445386,default,0.5,4813.36,0,4813.81,4810.410202077155,4810.39,F1,True,4508133.065,-320283.0000000068,-341354.2500000068,1776720600|LONG,EXIT_STLINE,False,SuperTrend-p14x3-M15,LONG,L,0.5,1776721663.088,1776720600,1776721500.0,1776721500
1959419.8188487228,default,0.5,4810.09,0,4810.14,4724.6249718691515,4725.95,F1,True,4504696.11,7884393.5000000475,7863322.2500000475,1776721500|SHORT,EXIT_STLINE,False,SuperTrend-p14x3-M15,SHORT,S,0.5,1776794420.33,1776721500,1776722400.0,1776794400
155154.81499337353,default,0.5,4748.34,0,4748.62,4746.963248104716,4746.96,F1,True,4447082.63,-155458.99999998638,-176530.24999998638,1776837600|LONG,EXIT_STLINE,False,SuperTrend-p14x3-M15,LONG,L,0.5,1776847290.572,1776837600,1776838500.0,1776846600
2187301.950412757,default,0.5,4746.62,0,4746.65,4736.354466076814,4736.9,F1,True,4445237.725,913087.5,892016.25,1776846600|SHORT,EXIT_STLINE,False,SuperTrend-p14x3-M15,SHORT,S,0.5,1776889564.617,1776846600,1776847500.0,1776888900
5191441.319658418,default,0.5,4741.38,0,4741.84,4716.855401978586,4716.5,F1,True,4440733.16,-2373091.0000000135,-2394162.2500000135,1776888900|LONG,EXIT_STLINE,False,SuperTrend-p14x3-M15,LONG,L,0.5,1776895547.104,1776888900,1776889800.0,1776895200
4023628.3703969535,default,0.5,4707.27,0,4707.18,4714.945975708563,4715.05,F1,True,4408274.07,-737025.4999999898,-758096.7499999898,1776895200|SHORT,EXIT_STLINE,False,SuperTrend-p14x3-M15,SHORT,S,0.5,1776930869.219,1776895200,1776896100.0,1776930300
3028191.7943090294,default,0.5,4685.14,1,4686.44,4698.930852927489,4699.12,F1,True,4388851.06,-1187482.0000000272,-1208553.2500000272,1777226400|SHORT,EXIT_STLINE,False,SuperTrend-p14x3-M15,SHORT,S,0.5,1777237200.905,1777226400,1777228200.0,1777237200
584455.876659341,default,0.5,4692.66,0,4692.69,4698.930852927489,4698.94,F1,True,4394704.185,-585312.5,-606383.75,1777237200|SHORT,EXIT_STLINE,False,SuperTrend-p14x3-M15,SHORT,S,0.5,1777238631.06,1777237200,1777238100.0,1777238100
89983.87665927966,default,0.5,4697.9,0,4697.97,4698.930852927489,4699.02,F1,True,4399648.905,-98332.50000001704,-119403.75000001704,1777238100|SHORT,EXIT_STLINE,False,SuperTrend-p14x3-M15,SHORT,S,0.5,1777239066.37,1777238100,1777239000.0,1777239000
107777.37665932736,default,0.5,4697.8,0,4697.78,4698.930852927489,4699.15,F1,True,4399470.97,-128300.49999998978,-149371.74999998978,1777239000|SHORT,EXIT_STLINE,False,SuperTrend-p14x3-M15,SHORT,S,0.5,1777239917.48,1777239000,1777239900.0,1777239900
2422697.1803941755,default,0.5,4702.49,0,4702.98,4704.755533123476,4704.54,F1,True,4404340.77,146094.0000000375,125022.75000003749,1777239900|LONG,EXIT_STLINE,False,SuperTrend-p14x3-M15,LONG,L,0.5,1777266594.953,1777239900,1777240800.0,1777266000
297133.1113282765,default,0.5,4691.86,0,4692.0,4695.1728041786255,4695.22,F1,True,4394058.0,-301553.00000002387,-322624.25000002387,1777319100|SHORT,EXIT_STLINE,False,SuperTrend-p14x3-M15,SHORT,S,0.5,1777320093.77,1777319100,1777320000.0,1777320000
1508219.891411899,default,0.5,4697.75,0,4698.29,4682.18514264376,4682.12,F1,True,4399948.585,-1514320.5000000068,-1535391.7500000068,1777320000|LONG,EXIT_STLINE,False,SuperTrend-p14x3-M15,LONG,L,0.5,1777326648.869,1777320000,1777320900.0,1777326300
2435990.469968323,default,0.5,4670.58,0,4670.52,4599.84647415806,4599.85,F1,True,4373941.98,6618245.5000000065,6597174.2500000065,1777326300|SHORT,EXIT_STLINE,False,SuperTrend-p14x3-M15,SHORT,S,0.5,1777366198.413,1777326300,1777327200.0,1777365900
325571.80490234034,default,0.5,4596.44,0,4596.37,4599.84647415806,4600.1,F1,True,4304500.505,-349314.5000000443,-370385.7500000443,1777399200|SHORT,EXIT_STLINE,False,SuperTrend-p14x3-M15,SHORT,S,0.5,1777406435.091,1777399200,1777400100.0,1777406400
2430621.1191648273,default,0.5,4607.24,0,4607.76,4581.836355122308,4581.7,F1,True,4315167.24,-2440519.0000000373,-2461590.2500000373,1777406400|LONG,EXIT_STLINE,False,SuperTrend-p14x3-M15,LONG,L,0.5,1777410268.537,1777406400,1777407300.0,1777410000
81816.84279583064,default,0.5,4582.46,0,4582.71,4581.836355122308,4581.77,F1,True,4291707.915,-88030.99999996253,-109102.24999996253,1777410000|LONG,EXIT_STLINE,False,SuperTrend-p14x3-M15,LONG,L,0.5,1777410910.196,1777410000,1777410900.0,1777410900
2519524.781955216,default,0.5,4580.28,0,4580.35,4607.253628210948,4607.32,F1,True,4289497.775,-2525740.4999999385,-2546811.7499999385,1777410900|SHORT,EXIT_STLINE,False,SuperTrend-p14x3-M15,SHORT,S,0.5,1777424618.415,1777410900,1777411800.0,1777424400
592207.7819552231,default,0.5,4600.91,0,4600.93,4554.440144919543,4555.73,F1,True,4308770.945,4232980.000000068,4211908.750000068,1777424400|SHORT,EXIT_STLINE,False,SuperTrend-p14x3-M15,SHORT,S,0.5,1777462805.881,1777424400,1777425300.0,1777462200
994025.5575955716,default,0.5,4557.94,0,4557.92,4568.53426115959,4568.66,F1,True,4268492.08,-1005800.9999999795,-1026872.2499999795,1777492800|SHORT,EXIT_STLINE,False,SuperTrend-p14x3-M15,SHORT,S,0.5,1777495520.642,1777492800,1777493700.0,1777495500
2325229.491658944,default,0.5,4569.74,0,4570.12,4552.197070866746,4552.08,F1,True,4279917.38,-1689445.9999999965,-1710517.2499999965,1777495500|LONG,EXIT_STLINE,False,SuperTrend-p14x3-M15,LONG,L,0.5,1777507390.712,1777495500,1777496400.0,1777507200
329922.31332927133,default,0.5,4555.23,0,4555.72,4552.197070866746,4552.18,F1,True,4266431.78,-331520.99999999657,-352592.24999999657,1777507200|LONG,EXIT_STLINE,False,SuperTrend-p14x3-M15,LONG,L,0.5,1777508252.593,1777507200,1777508100.0,1777508100
2656083.2941715354,default,0.5,4547.21,0,4547.12,4568.122750037549,4568.2,F1,True,4258377.88,-1974141.9999999932,-1995213.2499999932,1777508100|SHORT,EXIT_STLINE,False,SuperTrend-p14x3-M15,SHORT,S,0.5,1777513770.591,1777508100,1777509000.0,1777513500
529380.0410164343,default,0.5,4562.43,0,4562.47,4568.122750037549,4568.13,F1,True,4272753.155,-530058.9999999864,-551130.2499999864,1777513500|SHORT,EXIT_STLINE,False,SuperTrend-p14x3-M15,SHORT,S,0.5,1777514622.812,1777513500,1777514400.0,1777514400
195986.04101648208,default,0.5,4565.96,0,4566.03,4568.122750037549,4568.15,F1,True,4276087.095,-198537.99999998978,-219609.24999998978,1777514400|SHORT,EXIT_STLINE,False,SuperTrend-p14x3-M15,SHORT,S,0.5,1777515502.448,1777514400,1777515300.0,1777515300
2573154.1347148996,default,0.5,4569.29,0,4569.79,4610.190505355886,4609.99,F1,True,4279608.335,3764729.999999983,3743658.749999983,1777515300|LONG,EXIT_STLINE,False,SuperTrend-p14x3-M15,LONG,L,0.5,1777543201.486,1777515300,1777516200.0,1777543200
556773.3442949192,default,0.5,4629.26,0,4629.25,4586.704530091125,4586.78,F1,True,4335292.625,3977315.5000000237,3956244.2500000237,1777587300|SHORT,EXIT_STLINE,False,SuperTrend-p14x3-M15,SHORT,S,0.5,1777623262.281,1777587300,1777588200.0,1777622400
67324.63819219355,default,0.5,4538.6,0,4538.67,4539.388896296767,4539.39,F1,True,4250464.455,-67428.00000002385,-88499.25000002385,1777928400|SHORT,EXIT_STLINE,False,SuperTrend-p14x3-M15,SHORT,S,0.5,1777929301.833,1777928400,1777929300.0,1777929300
158165.13819221742,default,0.5,4537.59,0,4537.7,4539.388896296767,4539.64,F1,True,4249556.05,-181681.0000000477,-202752.2500000477,1777929300|SHORT,EXIT_STLINE,False,SuperTrend-p14x3-M15,SHORT,S,0.5,1777930619.67,1777929300,1777930200.0,1777930200
245259.6381921595,default,0.5,4536.77,0,4536.77,4539.388896296767,4539.43,F1,True,4248685.105,-249108.99999998638,-270180.2499999864,1777930200|SHORT,EXIT_STLINE,False,SuperTrend-p14x3-M15,SHORT,S,0.5,1777931301.331,1777930200,1777931100.0,1777931100
2422281.247943595,default,0.5,4540.78,0,4541.38,4553.599463605802,4553.54,F1,True,4253002.37,1138783.9999999863,1117712.7499999863,1777931100|LONG,EXIT_STLINE,False,SuperTrend-p14x3-M15,LONG,L,0.5,1777984362.869,1777931100,1777932000.0,1777984200
2143733.0782623943,default,0.5,4550.36,0,4550.41,4566.631135863362,4566.77,F1,True,4261458.965,-1532114.0000000545,-1553185.2500000545,1778004000|SHORT,EXIT_STLINE,False,SuperTrend-p14x3-M15,SHORT,S,0.5,1778007329.632,1778004000,1778004900.0,1778006700
3302967.043346373,default,0.5,4573.14,0,4573.8,4682.831544721802,4682.77,F1,True,4283363.7,10205040.500000024,10183969.250000024,1778006700|LONG,EXIT_STLINE,False,SuperTrend-p14x3-M15,LONG,L,0.5,1778054631.573,1778006700,1778007600.0,1778054400
3136494.2897018366,default,0.5,4709.56,0,4710.1,4725.126940506165,4725.06,F1,True,4411008.65,1401004.0000000035,1379932.7500000035,1778101200|LONG,EXIT_STLINE,False,SuperTrend-p14x3-M15,LONG,L,0.5,1778155295.134,1778101200,1778102100.0,1778155200
3633004.9106468433,default,0.5,4722.71,0,4723.27,4699.91739981479,4699.68,F1,True,4423342.355,-2209203.5000000135,-2230274.7500000135,1778190300|LONG,EXIT_STLINE,False,SuperTrend-p14x3-M15,LONG,L,0.5,1778210729.633,1778190300,1778191200.0,1778210100
82880.25000002045,slo0.05,0.5,4347.59,0,4347.59,4348.475,4348.63,F1,True,4071518.035,-97395.9999999966,-118467.2499999966,1767309300|SHORT,EXIT_STLINE,False,SuperTrend-p14x3-M15,SHORT,S,0.5,1767310203.104,1767309300,1767310200.0,1767310200
2475298.507653106,slo0.05,0.5,4351.38,0,4351.88,4378.77760313827,4378.57,F1,True,4075535.62,2499518.4999999627,2478447.2499999627,1767310200|LONG,EXIT_STLINE,False,SuperTrend-p14x3-M15,LONG,L,0.5,1767349502.976,1767310200,1767311100.0,1767348900
367688.6706129111,slo0.05,0.5,4436.35,0,4436.85,4432.923799566333,4432.7,F1,True,4155110.0250000004,-388647.5000000511,-409718.7500000511,1767648600|LONG,EXIT_STLINE,False,SuperTrend-p14x3-M15,LONG,L,0.5,1767650559.398,1767648600,1767649500.0,1767650400
865906.6706128839,slo0.05,0.5,4441.72,0,4442.17,4432.923799566333,4432.8,F1,True,4160092.205,-877500.4999999898,-898571.7499999898,1767650400|LONG,EXIT_STLINE,False,SuperTrend-p14x3-M15,LONG,L,0.5,1767652411.073,1767650400,1767651300.0,1767652200
616797.6706128975,slo0.05,0.5,4439.01,0,4439.51,4449.253090416406,4448.58,F1,True,4157601.115,849405.4999999728,828334.2499999728,1767652200|LONG,EXIT_STLINE,False,SuperTrend-p14x3-M15,LONG,L,0.5,1767682031.237,1767652200,1767653100.0,1767681900
3088669.612094606,slo0.05,0.5,4470.76,0,4470.81,4469.904609798658,4470.0,F1,True,4186913.5650000004,75856.50000003747,54785.25000003747,1767736800|SHORT,EXIT_STLINE,False,SuperTrend-p14x3-M15,SHORT,S,0.5,1767764217.631,1767736800,1767737700.0,1767763800
1037982.8692792709,slo0.05,0.5,4456.84,0,4457.49,4446.406360178545,4445.8,F1,True,4174439.385,-1094768.4999999625,-1115839.7499999625,1767823200|LONG,EXIT_STLINE,False,SuperTrend-p14x3-M15,LONG,L,0.5,1767825855.441,1767823200,1767824100.0,1767825000
135196.8692793254,slo0.05,0.5,4447.39,0,4447.85,4446.406360178545,4445.83,F1,True,4165411.5250000004,-189173.0000000409,-210244.2500000409,1767825000|LONG,EXIT_STLINE,False,SuperTrend-p14x3-M15,LONG,L,0.5,1767825924.548,1767825000,1767825900.0,1767825900
222291.36927926747,slo0.05,0.5,4448.28,0,4448.78,4446.406360178545,4446.26,F1,True,4166282.47,-235997.9999999557,-257069.2499999557,1767825900|LONG,EXIT_STLINE,False,SuperTrend-p14x3-M15,LONG,L,0.5,1767826831.451,1767825900,1767826800.0,1767826800
1934575.7781301197,slo0.05,0.5,4446.39,0,4446.2,4436.681526447649,4436.88,F1,True,4163866.3,872817.9999999728,851746.7499999728,1767826800|SHORT,EXIT_STLINE,False,SuperTrend-p14x3-M15,SHORT,S,0.5,1767872866.787,1767826800,1767827700.0,1767872700
130548.31446468606,slo0.05,0.5,4459.15,0,4459.58,4458.185997709934,4458.04,F1,True,4176396.67,-144220.9999999966,-165292.2499999966,1767909600|LONG,EXIT_STLINE,False,SuperTrend-p14x3-M15,LONG,L,0.5,1767910610.839,1767909600,1767910500.0,1767910500
1958959.3613044424,slo0.05,0.5,4457.22,0,4457.22,4478.137878924767,4478.54,F1,True,4174186.53,-1996617.9999999728,-2017689.2499999728,1767910500|SHORT,EXIT_STLINE,False,SuperTrend-p14x3-M15,SHORT,S,0.5,1767949248.476,1767910500,1767911400.0,1767949200
2673630.6554504554,slo0.05,0.5,4615.3,0,4615.8,4618.093679220687,4617.77,F1,True,4322696.7,184490.50000002384,163419.25000002384,1768341600|LONG,EXIT_STLINE,False,SuperTrend-p14x3-M15,LONG,L,0.5,1768390796.576,1768341600,1768342500.0,1768390200
408128.7552246735,slo0.05,0.5,4616.67,0,4617.17,4612.811978054195,4612.46,F1,True,4323979.705,-441091.50000000343,-462162.75000000343,1768420800|LONG,EXIT_STLINE,False,SuperTrend-p14x3-M15,LONG,L,0.5,1768421894.274,1768420800,1768421700.0,1768421700
2942814.5126736066,slo0.05,0.5,4609.0,0,4608.98,4615.772358440839,4615.81,F1,True,4316309.77,-639629.5000000783,-660700.7500000783,1768421700|SHORT,EXIT_STLINE,False,SuperTrend-p14x3-M15,SHORT,S,0.5,1768461875.687,1768421700,1768422600.0,1768461300
138636.52862880245,slo0.05,0.5,4600.06,0,4600.43,4598.949631301348,4598.49,F1,True,4308302.695,-181681.0000000477,-202752.2500000477,1768513500|LONG,EXIT_STLINE,False,SuperTrend-p14x3-M15,LONG,L,0.5,1768514400.992,1768513500,1768514400.0,1768514400
486078.0286288058,slo0.05,0.5,4603.65,0,4604.14,4598.949631301348,4598.94,F1,True,4311777.11,-486980.00000006816,-508051.25000006816,1768514400|LONG,EXIT_STLINE,False,SuperTrend-p14x3-M15,LONG,L,0.5,1768518025.509,1768514400,1768515300.0,1768518000
1875310.926042243,slo0.05,0.5,4598.06,0,4597.75,4613.636599766163,4613.64,F1,True,4305792.875,-1488098.5000000307,-1509169.7500000307,1768518000|SHORT,EXIT_STLINE,False,SuperTrend-p14x3-M15,SHORT,S,0.5,1768531876.272,1768518000,1768518900.0,1768531500
212267.06810120062,slo0.05,0.5,4611.37,0,4611.37,4613.636599766163,4613.65,F1,True,4318548.005,-213521.99999997616,-234593.24999997616,1768531500|SHORT,EXIT_STLINE,False,SuperTrend-p14x3-M15,SHORT,S,0.5,1768552449.968,1768531500,1768532400.0,1768552200
1779859.0907434719,slo0.05,0.5,4659.42,0,4659.49,4677.113590310515,4677.52,F1,True,4363612.385,-1688509.5000000612,-1709580.7500000612,1768857300|SHORT,EXIT_STLINE,False,SuperTrend-p14x3-M15,SHORT,S,0.5,1768869607.576,1768857300,1768858200.0,1768869000
39669.23257977328,slo0.05,0.5,4676.69,0,4676.69,4677.113590310515,4677.19,F1,True,4379720.185,-46825.0,-67896.25,1768869000|SHORT,EXIT_STLINE,False,SuperTrend-p14x3-M15,SHORT,S,0.5,1768869900.092,1768869000,1768869900.0,1768869900
1754079.6794629076,slo0.05,0.5,4680.03,0,4680.53,4843.536913860349,4843.52,F1,True,4383316.345,15264013.500000065,15242942.250000065,1768869900|LONG,EXIT_STLINE,False,SuperTrend-p14x3-M15,LONG,L,0.5,1768968059.413,1768869900,1768870800.0,1768968000
6329048.696764465,slo0.05,0.5,4778.3,0,4778.13,4829.2676213160485,4829.27,F1,True,4474718.745,-4789261.000000031,-4810332.250000031,1769028300|SHORT,EXIT_STLINE,False,SuperTrend-p14x3-M15,SHORT,S,0.5,1769052332.619,1769028300,1769029200.0,1769051700
361266.2362479521,slo0.05,0.5,4825.41,0,4825.41,4829.2676213160485,4829.45,F1,True,4518996.465,-378345.99999999657,-399417.24999999657,1769051700|SHORT,EXIT_STLINE,False,SuperTrend-p14x3-M15,SHORT,S,0.5,1769054532.02,1769051700,1769052600.0,1769054400
7617029.172882535,slo0.05,0.5,5071.3,0,5072.01,5062.12832172737,5061.68,F1,True,4749937.365,-967404.4999999931,-988475.7499999931,1769464800|LONG,EXIT_STLINE,False,SuperTrend-p14x3-M15,LONG,L,0.5,1769511941.798,1769464800,1769465700.0,1769511600
2704527.4894207115,slo0.05,0.5,5479.87,0,5480.28,5509.4005111832885,5509.36,F1,True,5132282.22,2723341.999999993,2702270.749999993,1769637600|LONG,EXIT_STLINE,False,SuperTrend-p14x3-M15,LONG,L,0.5,1769665328.757,1769637600,1769638500.0,1769664600
16583689.227077005,slo0.05,0.5,5310.91,0,5309.65,4932.116953038626,4932.12,F1,True,4972487.225,35355684.49999997,35334613.24999997,1769724000|SHORT,EXIT_STLINE,False,SuperTrend-p14x3-M15,SHORT,S,0.5,1769791534.944,1769724000,1769724900.0,1769791500
417722.88007927214,slo0.05,0.5,4741.05,0,4741.66,4737.19953144603,4733.5,F1,True,4440564.59,-764183.9999999864,-785255.2499999864,1769976000|LONG,EXIT_STLINE,False,SuperTrend-p14x3-M15,LONG,L,0.5,1769976949.454,1769976000,1769976900.0,1769976900
18411634.3519842,slo0.05,0.5,4728.01,0,4728.01,4647.55392431443,4648.03,F1,True,4427781.365,7490127.000000045,7469055.750000045,1769976900|SHORT,EXIT_STLINE,False,SuperTrend-p14x3-M15,SHORT,S,0.5,1770009741.897,1769976900,1769977800.0,1770009300
13266630.532651521,slo0.05,0.5,4774.1,0,4774.6,4903.216846838563,4902.01,F1,True,4471412.9,11931946.499999987,11910875.249999987,1770065100|LONG,EXIT_STLINE,False,SuperTrend-p14x3-M15,LONG,L,0.5,1770132750.589,1770065100,1770066000.0,1770132600
9447896.96551106,slo0.05,0.5,5009.26,0,5010.25,4944.637261098407,4944.52,F1,True,4692099.125,-6155614.499999959,-6176685.749999959,1770235200|LONG,EXIT_STLINE,False,SuperTrend-p14x3-M15,LONG,L,0.5,1770243576.69,1770235200,1770236100.0,1770243300
731662.9981341505,slo0.05,0.5,4951.92,0,4952.45,4944.637261098407,4944.33,F1,True,4637969.425,-760437.9999999898,-781509.2499999898,1770243300|LONG,EXIT_STLINE,False,SuperTrend-p14x3-M15,LONG,L,0.5,1770246321.165,1770243300,1770244200.0,1770246000
9576655.813548913,slo0.05,0.5,4915.08,0,4915.24,4935.826612165991,4935.84,F1,True,4603122.26,-1929190.000000034,-1950261.250000034,1770246000|SHORT,EXIT_STLINE,False,SuperTrend-p14x3-M15,SHORT,S,0.5,1770265574.697,1770246000,1770246900.0,1770264900
140782.79208785843,slo0.05,0.5,4773.96,0,4774.02,4775.523286621334,4775.66,F1,True,4470869.73,-153585.9999999455,-174657.2499999455,1770331500|SHORT,EXIT_STLINE,False,SuperTrend-p14x3-M15,SHORT,S,0.5,1770332401.297,1770331500,1770332400.0,1770332400
11349137.19740203,slo0.05,0.5,4787.59,0,4787.99,4982.868406964909,4982.78,F1,True,4483952.635,18242083.499999996,18221012.249999996,1770332400|LONG,EXIT_STLINE,False,SuperTrend-p14x3-M15,LONG,L,0.5,1770590209.53,1770332400,1770333300.0,1770589800
2544619.687736278,slo0.05,0.5,5009.5,0,5010.04,4982.868406964909,4982.83,F1,True,4691902.46,-2548216.5000000033,-2569287.7500000033,1770589800|LONG,EXIT_STLINE,False,SuperTrend-p14x3-M15,LONG,L,0.5,1770591527.332,1770589800,1770590700.0,1770590700
7178027.145244381,slo0.05,0.5,4982.43,0,4982.43,5039.483998048141,5039.6,F1,True,4666045.695,-5353970.5000000065,-5375041.7500000065,1770590700|SHORT,EXIT_STLINE,False,SuperTrend-p14x3-M15,SHORT,S,0.5,1770637503.168,1770590700,1770591600.0,1770637500
6662505.982729793,slo0.05,0.5,5013.04,0,5013.21,5063.166068081626,5063.32,F1,True,4694871.165,-4692801.499999969,-4713872.749999969,1770667200|SHORT,EXIT_STLINE,False,SuperTrend-p14x3-M15,SHORT,S,0.5,1770703756.42,1770667200,1770668100.0,1770703200
1079416.2758442238,slo0.05,0.5,5051.62,0,5051.64,5063.166068081626,5063.37,F1,True,4730860.86,-1098514.499999959,-1119585.749999959,1770703200|SHORT,EXIT_STLINE,False,SuperTrend-p14x3-M15,SHORT,S,0.5,1770722185.632,1770703200,1770704100.0,1770722100
565485.6363877555,slo0.05,0.5,5046.55,0,5046.55,5052.588287628273,5052.83,F1,True,4726094.075,-588121.9999999761,-609193.2499999761,1770754500|SHORT,EXIT_STLINE,False,SuperTrend-p14x3-M15,SHORT,S,0.5,1770764348.679,1770754500,1770755400.0,1770763500
20442.63638778275,slo0.05,0.5,5052.37,0,5052.37,5052.588287628273,5052.87,F1,True,4731544.505,-46825.0,-67896.25,1770763500|SHORT,EXIT_STLINE,False,SuperTrend-p14x3-M15,SHORT,S,0.5,1770764400.062,1770763500,1770764400.0,1770764400
1450478.1363877384,slo0.05,0.5,5037.1,0,5037.1,5052.588287628273,5052.6,F1,True,4717244.15,-1451575.0,-1472646.25,1770764400|SHORT,EXIT_STLINE,False,SuperTrend-p14x3-M15,SHORT,S,0.5,1770766986.478,1770764400,1770765300.0,1770766200
3957800.9180115433,slo0.05,0.5,5053.82,0,5054.32,5079.712337351246,5079.7,F1,True,4733370.68,2376837.0000000102,2355765.7500000102,1770766200|LONG,EXIT_STLINE,False,SuperTrend-p14x3-M15,LONG,L,0.5,1770802867.865,1770766200,1770767100.0,1770802200
5800424.09407837,slo0.05,0.5,4969.78,0,4970.28,4944.382405015196,4943.9,F1,True,4654667.22,-2470487.0000000102,-2491558.2500000102,1770934500|LONG,EXIT_STLINE,False,SuperTrend-p14x3-M15,LONG,L,0.5,1770969639.663,1770934500,1770935400.0,1770969600
3768390.6346512064,slo0.05,0.5,4994.51,0,4994.51,5010.227627792319,5010.23,F1,True,4677358.615,-1472177.9999999388,-1493249.2499999388,1771199100|SHORT,EXIT_STLINE,False,SuperTrend-p14x3-M15,SHORT,S,0.5,1771217259.457,1771199100,1771200000.0,1771217100
612525.4224849711,slo0.05,0.5,4994.21,0,4994.21,4927.513374614708,4928.11,F1,True,4677077.665,6190265.000000034,6169193.750000034,1771272900|SHORT,EXIT_STLINE,False,SuperTrend-p14x3-M15,SHORT,S,0.5,1771305163.091,1771272900,1771273800.0,1771304400
3601552.698905825,slo0.05,0.5,4904.81,0,4905.31,4911.2788464420755,4910.95,F1,True,4593822.815,528185.9999999455,507114.7499999455,1771371000|LONG,EXIT_STLINE,False,SuperTrend-p14x3-M15,LONG,L,0.5,1771400288.211,1771371000,1771371900.0,1771399800
297761.55316311785,slo0.05,0.5,4976.8,0,4977.3,4974.120485283896,4973.89,F1,True,4661241.45,-319346.4999999864,-340417.7499999864,1771444800|LONG,EXIT_STLINE,False,SuperTrend-p14x3-M15,LONG,L,0.5,1771445834.274,1771444800,1771445700.0,1771445700
767884.5531630735,slo0.05,0.5,4981.82,0,4982.32,4974.120485283896,4973.76,F1,True,4665942.68,-801643.9999999523,-822715.2499999523,1771445700|LONG,EXIT_STLINE,False,SuperTrend-p14x3-M15,LONG,L,0.5,1771448163.642,1771445700,1771446600.0,1771447500
209730.55316307014,slo0.05,0.5,4975.86,0,4976.36,4974.120485283896,4973.86,F1,True,4660361.14,-234125.0,-255196.25,1771447500|LONG,EXIT_STLINE,False,SuperTrend-p14x3-M15,LONG,L,0.5,1771448414.751,1771447500,1771448400.0,1771448400
2830355.712951895,slo0.05,0.5,4967.8,0,4967.8,4990.815088763702,4990.84,F1,True,4652344.7,-2157695.9999999967,-2178767.2499999967,1771448400|SHORT,EXIT_STLINE,False,SuperTrend-p14x3-M15,SHORT,S,0.5,1771466765.851,1771448400,1771449300.0,1771466400
56666.56272069627,slo0.05,0.5,4990.21,0,4990.21,4990.815088763702,4990.87,F1,True,4673331.665,-61808.99999998637,-82880.24999998638,1771466400|SHORT,EXIT_STLINE,False,SuperTrend-p14x3-M15,SHORT,S,0.5,1771468278.921,1771466400,1771467300.0,1771468200
2385585.3639336955,slo0.05,0.5,4995.85,0,4996.35,4998.555685816801,4998.48,F1,True,4679081.775,199474.49999992506,178403.24999992506,1771468200|LONG,EXIT_STLINE,False,SuperTrend-p14x3-M15,LONG,L,0.5,1771482967.64,1771468200,1771469100.0,1771482600
76071.40885632693,slo0.05,0.5,5013.29,0,5013.29,5014.10229480893,5014.64,F1,True,4694946.085,-126427.50000003407,-147498.75000003405,1771538400|SHORT,EXIT_STLINE,False,SuperTrend-p14x3-M15,SHORT,S,0.5,1771556457.351,1771538400,1771539300.0,1771556400
2476668.1041696533,slo0.05,0.5,5016.46,0,5016.96,5009.464608744059,5009.35,F1,True,4698383.04,-712676.4999999694,-733747.7499999694,1771556400|LONG,EXIT_STLINE,False,SuperTrend-p14x3-M15,LONG,L,0.5,1771579857.699,1771556400,1771557300.0,1771579800
5379022.1543678995,slo0.05,0.5,5185.16,0,5185.32,5152.478341519352,5154.12,F1,True,4856052.18,2921879.999999983,2900808.749999983,1771884000|SHORT,EXIT_STLINE,False,SuperTrend-p14x3-M15,SHORT,S,0.5,1771937143.609,1771884000,1771884900.0,1771937100
3653247.1542705405,slo0.05,0.5,5135.6,0,5135.6,5169.293538445213,5169.58,F1,True,4809489.4,-3182226.999999959,-3203298.249999959,1771963200|SHORT,EXIT_STLINE,False,SuperTrend-p14x3-M15,SHORT,S,0.5,1771970878.6,1771963200,1771964100.0,1771970400
5296618.351042385,slo0.05,0.5,5174.14,0,5175.27,5174.916348308905,5174.84,F1,True,4846640.355,-40269.500000027256,-61340.750000027256,1771970400|LONG,EXIT_STLINE,False,SuperTrend-p14x3-M15,LONG,L,0.5,1772004044.347,1771970400,1771971300.0,1772003700
498985.72922418197,slo0.05,0.5,5187.49,0,5187.49,5192.818197856104,5193.04,F1,True,4858084.385,-519757.50000001705,-540828.750000017,1772056800|SHORT,EXIT_STLINE,False,SuperTrend-p14x3-M15,SHORT,S,0.5,1772057723.343,1772056800,1772057700.0,1772057700
1164837.2292241512,slo0.05,0.5,5180.38,0,5180.38,5192.818197856104,5192.82,F1,True,4851425.87,-1165005.9999999625,-1186077.2499999625,1772057700|SHORT,EXIT_STLINE,False,SuperTrend-p14x3-M15,SHORT,S,0.5,1772059290.944,1772057700,1772058600.0,1772058600
324796.7292241275,slo0.05,0.5,5189.35,0,5189.35,5192.818197856104,5192.92,F1,True,4859826.275,-334330.49999997276,-355401.74999997276,1772058600|SHORT,EXIT_STLINE,False,SuperTrend-p14x3-M15,SHORT,S,0.5,1772059964.661,1772058600,1772059500.0,1772059500
136560.2292241922,slo0.05,0.5,5191.35,0,5191.36,5192.818197856104,5193.24,F1,True,4861708.64,-176062.00000001022,-197133.25000001022,1772059500|SHORT,EXIT_STLINE,False,SuperTrend-p14x3-M15,SHORT,S,0.5,1772060405.313,1772059500,1772060400.0,1772060400
935394.7292241683,slo0.05,0.5,5182.88,0,5182.83,5192.818197856104,5192.9,F1,True,4853720.295,-943055.4999999728,-964126.7499999728,1772060400|SHORT,EXIT_STLINE,False,SuperTrend-p14x3-M15,SHORT,S,0.5,1772065089.193,1772060400,1772061300.0,1772064900
433430.729224199,slo0.05,0.5,5188.19,0,5188.19,5192.818197856104,5193.18,F1,True,4858739.935,-467313.5000000647,-488384.7500000647,1772064900|SHORT,EXIT_STLINE,False,SuperTrend-p14x3-M15,SHORT,S,0.5,1772067428.408,1772064900,1772065800.0,1772066700
26989.729224185387,slo0.05,0.5,5192.53,0,5192.53,5192.818197856104,5193.03,F1,True,4862804.345,-46825.0,-67896.25,1772066700|SHORT,EXIT_STLINE,False,SuperTrend-p14x3-M15,SHORT,S,0.5,1772067600.077,1772066700,1772067600.0,1772067600
3058776.859898684,slo0.05,0.5,5196.7,0,5197.2,5173.4641141487355,5173.46,F1,True,4867177.8,-2223250.9999999795,-2244322.2499999795,1772067600|LONG,EXIT_STLINE,False,SuperTrend-p14x3-M15,LONG,L,0.5,1772084026.247,1772067600,1772068500.0,1772083800
833937.6905418831,slo0.05,0.5,5176.33,0,5176.83,5172.346575314539,5172.34,F1,True,4848101.295,-420488.49999997957,-441559.74999997957,1772143200|LONG,EXIT_STLINE,False,SuperTrend-p14x3-M15,LONG,L,0.5,1772175074.487,1772143200,1772144100.0,1772174700
4994812.956288702,slo0.05,0.5,5319.05,0,5319.03,5213.500303098263,5213.57,F1,True,4981271.595,9876329.000000004,9855257.750000004,1772505900|SHORT,EXIT_STLINE,False,SuperTrend-p14x3-M15,SHORT,S,0.5,1772531752.791,1772505900,1772506800.0,1772531100
6545133.896985306,slo0.05,0.5,5158.63,0,5159.84,5123.257832768296,5121.99,F1,True,4832190.16,-3544652.500000034,-3565723.750000034,1772575200|LONG,EXIT_STLINE,False,SuperTrend-p14x3-M15,LONG,L,0.5,1772593590.285,1772575200,1772576100.0,1772593200
1787981.4612491245,slo0.05,0.5,5142.39,0,5142.35,5158.682034023256,5158.49,F1,True,4815810.775,1511510.9999999455,1490439.7499999455,1772593200|LONG,EXIT_STLINE,False,SuperTrend-p14x3-M15,LONG,L,0.5,1772617283.032,1772593200,1772594100.0,1772616600
117972.96479089363,slo0.05,0.5,5173.33,0,5173.36,5174.619721994563,5174.85,F1,True,4844851.64,-139538.50000006473,-160609.75000006473,1772658900|SHORT,EXIT_STLINE,False,SuperTrend-p14x3-M15,SHORT,S,0.5,1772660450.62,1772658900,1772659800.0,1772659800
312764.96479088685,slo0.05,0.5,5171.28,0,5171.28,5174.619721994563,5174.67,F1,True,4842903.72,-317473.5000000307,-338544.7500000307,1772659800|SHORT,EXIT_STLINE,False,SuperTrend-p14x3-M15,SHORT,S,0.5,1772660953.111,1772659800,1772660700.0,1772660700
206940.4647908766,slo0.05,0.5,5172.41,0,5172.41,5174.619721994563,5174.68,F1,True,4843961.965,-212585.5000000409,-233656.7500000409,1772660700|SHORT,EXIT_STLINE,False,SuperTrend-p14x3-M15,SHORT,S,0.5,1772661651.18,1772660700,1772661600.0,1772661600
3368973.501912512,slo0.05,0.5,5176.5,0,5177.0,5152.748857710186,5152.16,F1,True,4848260.5,-2326266.0000000135,-2347337.2500000135,1772661600|LONG,EXIT_STLINE,False,SuperTrend-p14x3-M15,LONG,L,0.5,1772679496.568,1772661600,1772662500.0,1772678700
4144403.2963315677,slo0.05,0.5,5148.32,0,5148.44,5174.421990957975,5174.5,F1,True,4821514.06,-2440519.0000000373,-2461590.2500000373,1772678700|SHORT,EXIT_STLINE,False,SuperTrend-p14x3-M15,SHORT,S,0.5,1772690782.018,1772678700,1772679600.0,1772690400
6079084.399545156,slo0.05,0.5,5118.52,0,5118.77,5096.130691730109,5095.78,F1,True,4793728.105,-2153013.5000000647,-2174084.7500000647,1772749800|LONG,EXIT_STLINE,False,SuperTrend-p14x3-M15,LONG,L,0.5,1772777584.78,1772749800,1772750700.0,1772776800
444206.6954338641,slo0.05,0.5,5125.47,0,5126.29,5121.546735766857,5120.85,F1,True,4800770.585,-509455.9999999625,-530527.2499999625,1772998200|LONG,EXIT_STLINE,False,SuperTrend-p14x3-M15,LONG,L,0.5,1772999281.735,1772998200,1772999100.0,1772999100
837536.695433847,slo0.05,0.5,5129.99,0,5130.49,5121.546735766857,5121.07,F1,True,4804703.885,-882183.0000000069,-903254.2500000069,1772999100|LONG,EXIT_STLINE,False,SuperTrend-p14x3-M15,LONG,L,0.5,1773000156.18,1772999100,1773000000.0,1773000000
7878003.08971797,slo0.05,0.5,5101.57,0,5101.65,5123.1247015922845,5123.44,F1,True,4777695.225,-2040633.4999999965,-2061704.7499999965,1773000000|SHORT,EXIT_STLINE,False,SuperTrend-p14x3-M15,SHORT,S,0.5,1773024337.52,1773000000,1773000900.0,1773024300
4877845.406850053,slo0.05,0.5,5124.12,0,5124.62,5073.067914931972,5072.77,F1,True,4799206.63,-4855752.499999949,-4876823.749999949,1773024300|LONG,EXIT_STLINE,False,SuperTrend-p14x3-M15,LONG,L,0.5,1773053137.116,1773024300,1773025200.0,1773053100
4143697.200059457,slo0.05,0.5,5169.54,0,5170.19,5137.187112550644,5137.0,F1,True,4841882.935,-3108243.4999999627,-3129314.7499999627,1773268200|LONG,EXIT_STLINE,False,SuperTrend-p14x3-M15,LONG,L,0.5,1773282331.031,1773268200,1773269100.0,1773281700
573408.4096322187,slo0.05,0.5,5142.81,0,5143.31,5165.830393989338,5165.56,F1,True,4816709.815,2083712.5,2062641.25,1773281700|LONG,EXIT_STLINE,False,SuperTrend-p14x3-M15,LONG,L,0.5,1773306956.862,1773281700,1773282600.0,1773306900
211854.31030170835,slo0.05,0.5,5097.93,0,5097.93,5100.192192315021,5100.29,F1,True,4774211.445,-221013.99999996932,-242085.24999996932,1773348300|SHORT,EXIT_STLINE,False,SuperTrend-p14x3-M15,SHORT,S,0.5,1773349218.907,1773348300,1773349200.0,1773349200
3286080.5072605936,slo0.05,0.5,5105.83,0,5106.33,5097.412294265661,5097.22,F1,True,4782078.045,-853151.4999999694,-874222.7499999694,1773349200|LONG,EXIT_STLINE,False,SuperTrend-p14x3-M15,LONG,L,0.5,1773372078.66,1773349200,1773350100.0,1773371700
3212711.909678934,slo0.05,0.5,5027.59,0,5028.09,5015.962185845592,5013.67,F1,True,4708806.285,-1350433.0000000068,-1371504.2500000068,1773701100|LONG,EXIT_STLINE,False,SuperTrend-p14x3-M15,LONG,L,0.5,1773716500.282,1773701100,1773702000.0,1773716400
5085554.805797927,slo0.05,0.5,4865.59,0,4866.09,4823.459312100507,4823.13,F1,True,4557093.285,-4023204.0000000033,-4044275.2500000033,1773873000|LONG,EXIT_STLINE,False,SuperTrend-p14x3-M15,LONG,L,0.5,1773890343.322,1773873000,1773873900.0,1773890100
1303435.0185335607,slo0.05,0.5,4435.54,0,4435.37,4257.347426507817,4257.54,F1,True,4153724.005,16653779.499999993,16632708.249999993,1774218600|SHORT,EXIT_STLINE,False,SuperTrend-p14x3-M15,SHORT,S,0.5,1774243973.365,1774218600,1774219500.0,1774243800
10074160.096858663,slo0.05,0.5,4344.15,0,4344.24,4409.609049828869,4410.08,F1,True,4068380.76,-6165916.000000014,-6186987.250000014,1774301400|SHORT,EXIT_STLINE,False,SuperTrend-p14x3-M15,SHORT,S,0.5,1774324821.443,1774301400,1774302300.0,1774324800
5704225.97444192,slo0.05,0.5,4434.9,0,4435.33,4422.896330696219,4422.87,F1,True,4153686.545,-1166879.0000000035,-1187950.2500000035,1774566000|LONG,EXIT_STLINE,False,SuperTrend-p14x3-M15,LONG,L,0.5,1774591755.646,1774566000,1774566900.0,1774591200
1819385.9203502305,slo0.05,0.5,4496.94,0,4497.49,4478.062494176719,4477.54,F1,True,4211899.385,-1868317.499999983,-1889388.749999983,1774810800|LONG,EXIT_STLINE,False,SuperTrend-p14x3-M15,LONG,L,0.5,1774814759.972,1774810800,1774811700.0,1774814400
83114.92035023402,slo0.05,0.5,4478.39,0,4478.95,4478.062494176719,4478.03,F1,True,4194536.675,-86158.00000000681,-107229.25000000681,1774814400|LONG,EXIT_STLINE,False,SuperTrend-p14x3-M15,LONG,L,0.5,1774815584.289,1774814400,1774815300.0,1774815300
5905294.4719578605,slo0.05,0.5,4472.23,0,4472.16,4495.207029758434,4495.24,F1,True,4188177.84,-2161441.999999993,-2182513.249999993,1774815300|SHORT,EXIT_STLINE,False,SuperTrend-p14x3-M15,SHORT,S,0.5,1774827843.714,1774815300,1774816200.0,1774827000
63403.836877381626,slo0.05,0.5,4494.46,0,4494.53,4495.207029758434,4495.46,F1,True,4209127.345,-87094.50000002726,-108165.75000002726,1774827000|SHORT,EXIT_STLINE,False,SuperTrend-p14x3-M15,SHORT,S,0.5,1774827952.418,1774827000,1774827900.0,1774827900
1323932.836877385,slo0.05,0.5,4481.05,0,4481.07,4495.207029758434,4495.33,F1,True,4196522.055,-1335449.0000000205,-1356520.2500000205,1774827900|SHORT,EXIT_STLINE,False,SuperTrend-p14x3-M15,SHORT,S,0.5,1774829096.675,1774827900,1774828800.0,1774828800
7154212.717653719,slo0.05,0.5,4504.45,0,4504.85,4528.809366950237,4528.4,F1,True,4218792.025,2205457.499999932,2184386.249999932,1774828800|LONG,EXIT_STLINE,False,SuperTrend-p14x3-M15,LONG,L,0.5,1774868125.462,1774828800,1774829700.0,1774867500
5090549.148225655,slo0.05,0.5,4547.61,0,4548.09,4547.693527135255,4547.61,F1,True,4259286.285,-44952.00000004429,-66023.2500000443,1774907100|LONG,EXIT_STLINE,False,SuperTrend-p14x3-M15,LONG,L,0.5,1774923208.485,1774907100,1774908000.0,1774922400
281556.18378335657,slo0.05,0.5,4550.21,0,4550.7,4547.693527135255,4547.64,F1,True,4261730.55,-286568.9999999523,-307640.2499999523,1774922400|LONG,EXIT_STLINE,False,SuperTrend-p14x3-M15,LONG,L,0.5,1774930756.485,1774922400,1774923300.0,1774930500
542178.1581871823,slo0.05,0.5,4672.17,0,4672.95,4718.002815418581,4717.91,F1,True,4376217.675,4210504.000000004,4189432.7500000037,1775006100|LONG,EXIT_STLINE,False,SuperTrend-p14x3-M15,LONG,L,0.5,1775037611.538,1775006100,1775007000.0,1775037600
4236214.3034256715,slo0.05,0.5,4750.79,0,4750.75,4644.517251470915,4645.44,F1,True,4449077.375,9862281.500000037,9841210.250000037,1775080800|SHORT,EXIT_STLINE,False,SuperTrend-p14x3-M15,SHORT,S,0.5,1775105306.561,1775080800,1775081700.0,1775105100
5820744.607147842,slo0.05,0.5,4630.3,0,4631.08,4667.378391800045,4667.71,F1,True,4337006.42,-3430399.5000000102,-3451470.7500000102,1775412000|SHORT,EXIT_STLINE,False,SuperTrend-p14x3-M15,SHORT,S,0.5,1775427629.434,1775412000,1775412900.0,1775427300
596399.8920742306,slo0.05,0.5,4660.88,0,4661.01,4667.378391800045,4667.54,F1,True,4365035.865,-611534.4999999761,-632605.7499999761,1775427300|SHORT,EXIT_STLINE,False,SuperTrend-p14x3-M15,SHORT,S,0.5,1775437659.907,1775427300,1775428200.0,1775437200
4900376.016873388,slo0.05,0.5,4673.44,0,4673.98,4667.145183332889,4667.1,F1,True,4377182.27,-644311.999999925,-665383.249999925,1775437200|LONG,EXIT_STLINE,False,SuperTrend-p14x3-M15,LONG,L,0.5,1775463662.331,1775437200,1775438100.0,1775463300
3033217.898522859,slo0.05,0.5,4761.11,0,4761.12,4763.2780979833615,4763.28,F1,True,4458788.88,-202283.99999998638,-223355.24999998638,1775759400|SHORT,EXIT_STLINE,False,SuperTrend-p14x3-M15,SHORT,S,0.5,1775806241.838,1775759400,1775760300.0,1775806200
5281418.5164645845,slo0.05,0.5,4714.74,0,4715.48,4707.855438787903,4707.06,F1,True,4416047.02,-788532.9999999217,-809604.2499999217,1776027600|LONG,EXIT_STLINE,False,SuperTrend-p14x3-M15,LONG,L,0.5,1776066072.19,1776027600,1776028500.0,1776065400
296354.3870028819,slo0.05,0.5,4828.16,0,4828.65,4825.485511083792,4825.48,F1,True,4522030.725,-296870.5000000068,-317941.7500000068,1776205800|LONG,EXIT_STLINE,False,SuperTrend-p14x3-M15,LONG,L,0.5,1776206863.896,1776205800,1776206700.0,1776206700
2795972.651199861,slo0.05,0.5,4823.75,0,4823.77,4823.784009807962,4824.02,F1,True,4517460.605,-23412.5,-44483.75,1776206700|SHORT,EXIT_STLINE,False,SuperTrend-p14x3-M15,SHORT,S,0.5,1776245909.074,1776206700,1776207600.0,1776245400
355945.217277302,slo0.05,0.5,4807.49,0,4807.41,4811.210803174344,4811.25,F1,True,4502139.465,-359616.0000000136,-380687.2500000136,1776278700|SHORT,EXIT_STLINE,False,SuperTrend-p14x3-M15,SHORT,S,0.5,1776280151.23,1776278700,1776279600.0,1776279600
2287982.5102045997,slo0.05,0.5,4812.39,0,4812.87,4815.3914236768505,4815.27,F1,True,4507252.755,224760.0000000511,203688.7500000511,1776279600|LONG,EXIT_STLINE,False,SuperTrend-p14x3-M15,LONG,L,0.5,1776306508.405,1776279600,1776280500.0,1776305700
102881.67266292685,slo0.05,0.5,4816.06,0,4816.49,4815.3914236768505,4815.29,F1,True,4510642.885,-112379.99999998296,-133451.24999998295,1776305700|LONG,EXIT_STLINE,False,SuperTrend-p14x3-M15,LONG,L,0.5,1776306634.246,1776305700,1776306600.0,1776306600
847399.1726629098,slo0.05,0.5,4823.99,0,4824.44,4815.3914236768505,4815.39,F1,True,4518088.06,-847532.4999999319,-868603.7499999319,1776306600|LONG,EXIT_STLINE,False,SuperTrend-p14x3-M15,LONG,L,0.5,1776312146.03,1776306600,1776307500.0,1776312000
155698.5323629254,slo0.05,0.5,4795.82,0,4795.8,4797.4625577401275,4797.49,F1,True,4491266.7,-158268.4999999625,-179339.7499999625,1776380400|SHORT,EXIT_STLINE,False,SuperTrend-p14x3-M15,SHORT,S,0.5,1776381489.383,1776380400,1776381300.0,1776381300
329887.53236297995,slo0.05,0.5,4793.99,0,4793.94,4797.4625577401275,4797.53,F1,True,4489524.81,-336203.5000000136,-357274.7500000136,1776381300|SHORT,EXIT_STLINE,False,SuperTrend-p14x3-M15,SHORT,S,0.5,1776386046.225,1776381300,1776382200.0,1776385800
2248178.3287188765,slo0.05,0.5,4800.89,0,4801.37,4783.333989645532,4783.33,F1,True,4496483.005,-1689445.9999999965,-1710517.2499999965,1776385800|LONG,EXIT_STLINE,False,SuperTrend-p14x3-M15,LONG,L,0.5,1776392967.216,1776385800,1776386700.0,1776392100
75482.86969597748,slo0.05,0.5,4783.66,0,4784.14,4783.333989645532,4783.28,F1,True,4480347.11,-80539.00000005451,-101610.25000005451,1776392100|LONG,EXIT_STLINE,False,SuperTrend-p14x3-M15,LONG,L,0.5,1776393000.897,1776392100,1776393000.0,1776393000
231878.3696959843,slo0.05,0.5,4785.4,0,4785.81,4783.333989645532,4783.32,F1,True,4481911.065,-233188.50000006473,-254259.75000006473,1776393000|LONG,EXIT_STLINE,False,SuperTrend-p14x3-M15,LONG,L,0.5,1776397327.578,1776393000,1776393900.0,1776396600
2774810.69921927,slo0.05,0.5,4790.3,0,4790.21,4788.53469309266,4788.82,F1,True,4486031.665,130173.50000003066,109102.25000003066,1776621600|SHORT,EXIT_STLINE,False,SuperTrend-p14x3-M15,SHORT,S,0.5,1776632683.032,1776621600,1776622500.0,1776632400
4401413.631417907,slo0.05,0.5,4793.53,0,4794.04,4810.360202077155,4809.96,F1,True,4489618.46,1490908.0000000068,1469836.7500000068,1776632400|LONG,EXIT_STLINE,False,SuperTrend-p14x3-M15,LONG,L,0.5,1776721241.194,1776632400,1776633300.0,1776720600
323073.5754744709,slo0.05,0.5,4813.36,0,4813.81,4810.360202077155,4810.36,F1,True,4508133.065,-323092.50000006816,-344163.75000006816,1776720600|LONG,EXIT_STLINE,False,SuperTrend-p14x3-M15,LONG,L,0.5,1776721663.296,1776720600,1776721500.0,1776721500
1964102.31884874,slo0.05,0.5,4810.09,0,4810.14,4724.674971869152,4725.95,F1,True,4504696.11,7884393.5000000475,7863322.2500000475,1776721500|SHORT,EXIT_STLINE,False,SuperTrend-p14x3-M15,SHORT,S,0.5,1776794420.33,1776721500,1776722400.0,1776794400
159837.31499339055,slo0.05,0.5,4748.34,0,4748.62,4746.913248104715,4746.89,F1,True,4447082.63,-162014.4999999591,-183085.7499999591,1776837600|LONG,EXIT_STLINE,False,SuperTrend-p14x3-M15,LONG,L,0.5,1776847291.336,1776837600,1776838500.0,1776846600
2191984.4504127745,slo0.05,0.5,4746.62,0,4746.65,4736.404466076814,4736.9,F1,True,4445237.725,913087.5,892016.25,1776846600|SHORT,EXIT_STLINE,False,SuperTrend-p14x3-M15,SHORT,S,0.5,1776889564.617,1776846600,1776847500.0,1776888900
5196123.819658435,slo0.05,0.5,4741.38,0,4741.84,4716.805401978586,4716.5,F1,True,4440733.16,-2373091.0000000135,-2394162.2500000135,1776888900|LONG,EXIT_STLINE,False,SuperTrend-p14x3-M15,LONG,L,0.5,1776895547.104,1776888900,1776889800.0,1776895200
4028310.870396971,slo0.05,0.5,4707.27,0,4707.18,4714.9959757085635,4715.05,F1,True,4408274.07,-737025.4999999898,-758096.7499999898,1776895200|SHORT,EXIT_STLINE,False,SuperTrend-p14x3-M15,SHORT,S,0.5,1776930869.219,1776895200,1776896100.0,1776930300
3032874.2943090466,slo0.05,0.5,4685.14,1,4686.44,4698.980852927489,4699.12,F1,True,4388851.06,-1187482.0000000272,-1208553.2500000272,1777226400|SHORT,EXIT_STLINE,False,SuperTrend-p14x3-M15,SHORT,S,0.5,1777237200.905,1777226400,1777228200.0,1777237200
589138.376659358,slo0.05,0.5,4692.66,0,4692.69,4698.980852927489,4699.02,F1,True,4394704.185,-592804.5000000783,-613875.7500000783,1777237200|SHORT,EXIT_STLINE,False,SuperTrend-p14x3-M15,SHORT,S,0.5,1777239066.37,1777237200,1777238100.0,1777239000
112459.8766593444,slo0.05,0.5,4697.8,0,4697.78,4698.980852927489,4699.15,F1,True,4399470.97,-128300.49999998978,-149371.74999998978,1777239000|SHORT,EXIT_STLINE,False,SuperTrend-p14x3-M15,SHORT,S,0.5,1777239917.48,1777239000,1777239900.0,1777239900
2427379.6803941927,slo0.05,0.5,4702.49,0,4702.98,4704.705533123476,4704.54,F1,True,4404340.77,146094.0000000375,125022.75000003749,1777239900|LONG,EXIT_STLINE,False,SuperTrend-p14x3-M15,LONG,L,0.5,1777266594.953,1777239900,1777240800.0,1777266000
301815.61132829357,slo0.05,0.5,4691.86,0,4692.0,4695.222804178626,4695.25,F1,True,4394058.0,-304362.5,-325433.75,1777319100|SHORT,EXIT_STLINE,False,SuperTrend-p14x3-M15,SHORT,S,0.5,1777320093.823,1777319100,1777320000.0,1777320000
1512902.3914119161,slo0.05,0.5,4697.75,0,4698.29,4682.1351426437595,4682.12,F1,True,4399948.585,-1514320.5000000068,-1535391.7500000068,1777320000|LONG,EXIT_STLINE,False,SuperTrend-p14x3-M15,LONG,L,0.5,1777326648.869,1777320000,1777320900.0,1777326300
2440672.96996834,slo0.05,0.5,4670.58,0,4670.52,4599.89647415806,4599.95,F1,True,4373941.98,6608880.500000058,6587809.250000058,1777326300|SHORT,EXIT_STLINE,False,SuperTrend-p14x3-M15,SHORT,S,0.5,1777366198.468,1777326300,1777327200.0,1777365900
330254.30490235734,slo0.05,0.5,4596.44,0,4596.37,4599.89647415806,4600.1,F1,True,4304500.505,-349314.5000000443,-370385.7500000443,1777399200|SHORT,EXIT_STLINE,False,SuperTrend-p14x3-M15,SHORT,S,0.5,1777406435.091,1777399200,1777400100.0,1777406400
2435303.619164844,slo0.05,0.5,4607.24,0,4607.76,4581.786355122308,4581.7,F1,True,4315167.24,-2440519.0000000373,-2461590.2500000373,1777406400|LONG,EXIT_STLINE,False,SuperTrend-p14x3-M15,LONG,L,0.5,1777410268.537,1777406400,1777407300.0,1777410000
86499.34279584768,slo0.05,0.5,4582.46,0,4582.71,4581.786355122308,4581.77,F1,True,4291707.915,-88030.99999996253,-109102.24999996253,1777410000|LONG,EXIT_STLINE,False,SuperTrend-p14x3-M15,LONG,L,0.5,1777410910.196,1777410000,1777410900.0,1777410900
2524207.2819552333,slo0.05,0.5,4580.28,0,4580.35,4607.303628210948,4607.32,F1,True,4289497.775,-2525740.4999999385,-2546811.7499999385,1777410900|SHORT,EXIT_STLINE,False,SuperTrend-p14x3-M15,SHORT,S,0.5,1777424618.415,1777410900,1777411800.0,1777424400
596890.2819552402,slo0.05,0.5,4600.91,0,4600.93,4554.490144919543,4555.73,F1,True,4308770.945,4232980.000000068,4211908.750000068,1777424400|SHORT,EXIT_STLINE,False,SuperTrend-p14x3-M15,SHORT,S,0.5,1777462805.881,1777424400,1777425300.0,1777462200
998708.0575955886,slo0.05,0.5,4557.94,0,4557.92,4568.58426115959,4568.66,F1,True,4268492.08,-1005800.9999999795,-1026872.2499999795,1777492800|SHORT,EXIT_STLINE,False,SuperTrend-p14x3-M15,SHORT,S,0.5,1777495520.642,1777492800,1777493700.0,1777495500
2329911.991658961,slo0.05,0.5,4569.74,0,4570.12,4552.147070866746,4552.08,F1,True,4279917.38,-1689445.9999999965,-1710517.2499999965,1777495500|LONG,EXIT_STLINE,False,SuperTrend-p14x3-M15,LONG,L,0.5,1777507390.712,1777495500,1777496400.0,1777507200
334604.8133292883,slo0.05,0.5,4555.23,0,4555.72,4552.147070866746,4552.13,F1,True,4266431.78,-336203.5000000136,-357274.7500000136,1777507200|LONG,EXIT_STLINE,False,SuperTrend-p14x3-M15,LONG,L,0.5,1777508254.185,1777507200,1777508100.0,1777508100
2660765.794171552,slo0.05,0.5,4547.21,0,4547.12,4568.172750037549,4568.2,F1,True,4258377.88,-1974141.9999999932,-1995213.2499999932,1777508100|SHORT,EXIT_STLINE,False,SuperTrend-p14x3-M15,SHORT,S,0.5,1777513770.591,1777508100,1777509000.0,1777513500
534062.5410164514,slo0.05,0.5,4562.43,0,4562.47,4568.172750037549,4568.21,F1,True,4272753.155,-537550.9999999795,-558622.2499999795,1777513500|SHORT,EXIT_STLINE,False,SuperTrend-p14x3-M15,SHORT,S,0.5,1777515502.701,1777513500,1777514400.0,1777515300
2577836.634714917,slo0.05,0.5,4569.29,0,4569.79,4610.140505355886,4609.99,F1,True,4279608.335,3764729.999999983,3743658.749999983,1777515300|LONG,EXIT_STLINE,False,SuperTrend-p14x3-M15,LONG,L,0.5,1777543201.486,1777515300,1777516200.0,1777543200
561455.8442949362,slo0.05,0.5,4629.26,0,4629.25,4586.754530091125,4586.78,F1,True,4335292.625,3977315.5000000237,3956244.2500000237,1777587300|SHORT,EXIT_STLINE,False,SuperTrend-p14x3-M15,SHORT,S,0.5,1777623262.281,1777587300,1777588200.0,1777622400
72007.1381922106,slo0.05,0.5,4538.6,0,4538.67,4539.438896296767,4539.79,F1,True,4250464.455,-104887.99999998978,-125959.24999998978,1777928400|SHORT,EXIT_STLINE,False,SuperTrend-p14x3-M15,SHORT,S,0.5,1777929302.96,1777928400,1777929300.0,1777929300
162847.63819223444,slo0.05,0.5,4537.59,0,4537.7,4539.438896296767,4539.64,F1,True,4249556.05,-181681.0000000477,-202752.2500000477,1777929300|SHORT,EXIT_STLINE,False,SuperTrend-p14x3-M15,SHORT,S,0.5,1777930619.67,1777929300,1777930200.0,1777930200
249942.13819217653,slo0.05,0.5,4536.77,0,4536.77,4539.438896296767,4539.51,F1,True,4248685.105,-256600.99999997957,-277672.24999997957,1777930200|SHORT,EXIT_STLINE,False,SuperTrend-p14x3-M15,SHORT,S,0.5,1777931303.023,1777930200,1777931100.0,1777931100
2426963.7479436123,slo0.05,0.5,4540.78,0,4541.38,4553.549463605802,4553.54,F1,True,4253002.37,1138783.9999999863,1117712.7499999863,1777931100|LONG,EXIT_STLINE,False,SuperTrend-p14x3-M15,LONG,L,0.5,1777984362.869,1777931100,1777932000.0,1777984200
2148415.578262411,slo0.05,0.5,4550.36,0,4550.41,4566.681135863362,4566.77,F1,True,4261458.965,-1532114.0000000545,-1553185.2500000545,1778004000|SHORT,EXIT_STLINE,False,SuperTrend-p14x3-M15,SHORT,S,0.5,1778007329.632,1778004000,1778004900.0,1778006700
3307649.5433463897,slo0.05,0.5,4573.14,0,4573.8,4682.781544721802,4682.77,F1,True,4283363.7,10205040.500000024,10183969.250000024,1778006700|LONG,EXIT_STLINE,False,SuperTrend-p14x3-M15,LONG,L,0.5,1778054631.573,1778006700,1778007600.0,1778054400
3141176.7897018534,slo0.05,0.5,4709.56,0,4710.1,4725.076940506165,4725.06,F1,True,4411008.65,1401004.0000000035,1379932.7500000035,1778101200|LONG,EXIT_STLINE,False,SuperTrend-p14x3-M15,LONG,L,0.5,1778155295.134,1778101200,1778102100.0,1778155200
3637687.4106468605,slo0.05,0.5,4722.71,0,4723.27,4699.86739981479,4699.68,F1,True,4423342.355,-2209203.5000000135,-2230274.7500000135,1778190300|LONG,EXIT_STLINE,False,SuperTrend-p14x3-M15,LONG,L,0.5,1778210729.633,1778190300,1778191200.0,1778210100
87562.75000003747,slo0.10,0.5,4347.59,0,4347.59,4348.525000000001,4348.63,F1,True,4071518.035,-97395.9999999966,-118467.2499999966,1767309300|SHORT,EXIT_STLINE,False,SuperTrend-p14x3-M15,SHORT,S,0.5,1767310203.104,1767309300,1767310200.0,1767310200
2479981.0076531232,slo0.10,0.5,4351.38,0,4351.88,4378.72760313827,4378.57,F1,True,4075535.62,2499518.4999999627,2478447.2499999627,1767310200|LONG,EXIT_STLINE,False,SuperTrend-p14x3-M15,LONG,L,0.5,1767349502.976,1767310200,1767311100.0,1767348900
372371.17061292817,slo0.10,0.5,4436.35,0,4436.85,4432.873799566333,4432.7,F1,True,4155110.0250000004,-388647.5000000511,-409718.7500000511,1767648600|LONG,EXIT_STLINE,False,SuperTrend-p14x3-M15,LONG,L,0.5,1767650559.398,1767648600,1767649500.0,1767650400
870589.1706129009,slo0.10,0.5,4441.72,0,4442.17,4432.873799566333,4432.8,F1,True,4160092.205,-877500.4999999898,-898571.7499999898,1767650400|LONG,EXIT_STLINE,False,SuperTrend-p14x3-M15,LONG,L,0.5,1767652411.073,1767650400,1767651300.0,1767652200
621480.1706129145,slo0.10,0.5,4439.01,0,4439.51,4449.203090416406,4448.58,F1,True,4157601.115,849405.4999999728,828334.2499999728,1767652200|LONG,EXIT_STLINE,False,SuperTrend-p14x3-M15,LONG,L,0.5,1767682031.237,1767652200,1767653100.0,1767681900
3093352.1120946226,slo0.10,0.5,4470.76,0,4470.81,4469.954609798659,4470.0,F1,True,4186913.5650000004,75856.50000003747,54785.25000003747,1767736800|SHORT,EXIT_STLINE,False,SuperTrend-p14x3-M15,SHORT,S,0.5,1767764217.631,1767736800,1767737700.0,1767763800
1042665.3692792879,slo0.10,0.5,4456.84,0,4457.49,4446.3563601785445,4445.8,F1,True,4174439.385,-1094768.4999999625,-1115839.7499999625,1767823200|LONG,EXIT_STLINE,False,SuperTrend-p14x3-M15,LONG,L,0.5,1767825855.441,1767823200,1767824100.0,1767825000
139879.3692793424,slo0.10,0.5,4447.39,0,4447.85,4446.3563601785445,4445.83,F1,True,4165411.5250000004,-189173.0000000409,-210244.2500000409,1767825000|LONG,EXIT_STLINE,False,SuperTrend-p14x3-M15,LONG,L,0.5,1767825924.548,1767825000,1767825900.0,1767825900
226973.8692792845,slo0.10,0.5,4448.28,0,4448.78,4446.3563601785445,4446.26,F1,True,4166282.47,-235997.9999999557,-257069.2499999557,1767825900|LONG,EXIT_STLINE,False,SuperTrend-p14x3-M15,LONG,L,0.5,1767826831.451,1767825900,1767826800.0,1767826800
1939258.2781301367,slo0.10,0.5,4446.39,0,4446.2,4436.731526447649,4436.88,F1,True,4163866.3,872817.9999999728,851746.7499999728,1767826800|SHORT,EXIT_STLINE,False,SuperTrend-p14x3-M15,SHORT,S,0.5,1767872866.787,1767826800,1767827700.0,1767872700
135230.8144647031,slo0.10,0.5,4459.15,0,4459.58,4458.135997709934,4458.04,F1,True,4176396.67,-144220.9999999966,-165292.2499999966,1767909600|LONG,EXIT_STLINE,False,SuperTrend-p14x3-M15,LONG,L,0.5,1767910610.839,1767909600,1767910500.0,1767910500
1963641.8613044594,slo0.10,0.5,4457.22,0,4457.22,4478.187878924768,4478.54,F1,True,4174186.53,-1996617.9999999728,-2017689.2499999728,1767910500|SHORT,EXIT_STLINE,False,SuperTrend-p14x3-M15,SHORT,S,0.5,1767949248.476,1767910500,1767911400.0,1767949200
2678313.1554504726,slo0.10,0.5,4615.3,0,4615.8,4618.0436792206865,4617.77,F1,True,4322696.7,184490.50000002384,163419.25000002384,1768341600|LONG,EXIT_STLINE,False,SuperTrend-p14x3-M15,LONG,L,0.5,1768390796.576,1768341600,1768342500.0,1768390200
412811.25522469054,slo0.10,0.5,4616.67,0,4617.17,4612.7619780541945,4612.46,F1,True,4323979.705,-441091.50000000343,-462162.75000000343,1768420800|LONG,EXIT_STLINE,False,SuperTrend-p14x3-M15,LONG,L,0.5,1768421894.274,1768420800,1768421700.0,1768421700
2947497.012673624,slo0.10,0.5,4609.0,0,4608.98,4615.822358440839,4615.95,F1,True,4316309.77,-652740.5000000239,-673811.7500000239,1768421700|SHORT,EXIT_STLINE,False,SuperTrend-p14x3-M15,SHORT,S,0.5,1768461875.805,1768421700,1768422600.0,1768461300
143319.02862881948,slo0.10,0.5,4600.06,0,4600.43,4598.899631301348,4598.49,F1,True,4308302.695,-181681.0000000477,-202752.2500000477,1768513500|LONG,EXIT_STLINE,False,SuperTrend-p14x3-M15,LONG,L,0.5,1768514400.992,1768513500,1768514400.0,1768514400
490760.5286288229,slo0.10,0.5,4603.65,0,4604.14,4598.899631301348,4598.85,F1,True,4311777.11,-495408.49999999657,-516479.74999999657,1768514400|LONG,EXIT_STLINE,False,SuperTrend-p14x3-M15,LONG,L,0.5,1768518026.952,1768514400,1768515300.0,1768518000
1879993.42604226,slo0.10,0.5,4598.06,0,4597.75,4613.686599766163,4613.92,F1,True,4305792.875,-1514320.5000000068,-1535391.7500000068,1768518000|SHORT,EXIT_STLINE,False,SuperTrend-p14x3-M15,SHORT,S,0.5,1768531904.758,1768518000,1768518900.0,1768531500
216949.56810121768,slo0.10,0.5,4611.37,0,4611.37,4613.686599766163,4613.69,F1,True,4318548.005,-217267.99999997276,-238339.24999997276,1768531500|SHORT,EXIT_STLINE,False,SuperTrend-p14x3-M15,SHORT,S,0.5,1768552502.362,1768531500,1768532400.0,1768552200
1784541.590743489,slo0.10,0.5,4659.42,0,4659.49,4677.163590310515,4677.52,F1,True,4363612.385,-1688509.5000000612,-1709580.7500000612,1768857300|SHORT,EXIT_STLINE,False,SuperTrend-p14x3-M15,SHORT,S,0.5,1768869607.576,1768857300,1768858200.0,1768869000
44351.73257979032,slo0.10,0.5,4676.69,0,4676.69,4677.163590310515,4677.19,F1,True,4379720.185,-46825.0,-67896.25,1768869000|SHORT,EXIT_STLINE,False,SuperTrend-p14x3-M15,SHORT,S,0.5,1768869900.092,1768869000,1768869900.0,1768869900
1758762.1794629246,slo0.10,0.5,4680.03,0,4680.53,4843.486913860349,4842.84,F1,True,4383316.345,15200331.500000037,15179260.250000037,1768869900|LONG,EXIT_STLINE,False,SuperTrend-p14x3-M15,LONG,L,0.5,1768968059.668,1768869900,1768870800.0,1768968000
6333731.196764483,slo0.10,0.5,4778.3,0,4778.13,4829.317621316049,4829.33,F1,True,4474718.745,-4794879.999999983,-4815951.249999983,1769028300|SHORT,EXIT_STLINE,False,SuperTrend-p14x3-M15,SHORT,S,0.5,1769052351.17,1769028300,1769029200.0,1769051700
365948.73624796915,slo0.10,0.5,4825.41,0,4825.41,4829.317621316049,4829.45,F1,True,4518996.465,-378345.99999999657,-399417.24999999657,1769051700|SHORT,EXIT_STLINE,False,SuperTrend-p14x3-M15,SHORT,S,0.5,1769054532.02,1769051700,1769052600.0,1769054400
7621711.672882551,slo0.10,0.5,5071.3,0,5072.01,5062.07832172737,5061.68,F1,True,4749937.365,-967404.4999999931,-988475.7499999931,1769464800|LONG,EXIT_STLINE,False,SuperTrend-p14x3-M15,LONG,L,0.5,1769511941.798,1769464800,1769465700.0,1769511600
2709209.9894207288,slo0.10,0.5,5479.87,0,5480.28,5509.350511183288,5509.28,F1,True,5132282.22,2715850.0,2694778.75,1769637600|LONG,EXIT_STLINE,False,SuperTrend-p14x3-M15,LONG,L,0.5,1769665339.732,1769637600,1769638500.0,1769664600
16588371.727077022,slo0.10,0.5,5310.91,0,5309.65,4932.166953038626,4932.2,F1,True,4972487.225,35348192.499999985,35327121.249999985,1769724000|SHORT,EXIT_STLINE,False,SuperTrend-p14x3-M15,SHORT,S,0.5,1769791535.063,1769724000,1769724900.0,1769791500
422405.3800792892,slo0.10,0.5,4741.05,0,4741.66,4737.14953144603,4733.5,F1,True,4440564.59,-764183.9999999864,-785255.2499999864,1769976000|LONG,EXIT_STLINE,False,SuperTrend-p14x3-M15,LONG,L,0.5,1769976949.454,1769976000,1769976900.0,1769976900
18416316.851984218,slo0.10,0.5,4728.01,0,4728.01,4647.6039243144305,4648.03,F1,True,4427781.365,7490127.000000045,7469055.750000045,1769976900|SHORT,EXIT_STLINE,False,SuperTrend-p14x3-M15,SHORT,S,0.5,1770009741.897,1769976900,1769977800.0,1770009300
13271313.032651538,slo0.10,0.5,4774.1,0,4774.6,4903.166846838562,4902.01,F1,True,4471412.9,11931946.499999987,11910875.249999987,1770065100|LONG,EXIT_STLINE,False,SuperTrend-p14x3-M15,LONG,L,0.5,1770132750.589,1770065100,1770066000.0,1770132600
9452579.465511076,slo0.10,0.5,5009.26,0,5010.25,4944.587261098407,4944.52,F1,True,4692099.125,-6155614.499999959,-6176685.749999959,1770235200|LONG,EXIT_STLINE,False,SuperTrend-p14x3-M15,LONG,L,0.5,1770243576.69,1770235200,1770236100.0,1770243300
736345.4981341676,slo0.10,0.5,4951.92,0,4952.45,4944.587261098407,4944.33,F1,True,4637969.425,-760437.9999999898,-781509.2499999898,1770243300|LONG,EXIT_STLINE,False,SuperTrend-p14x3-M15,LONG,L,0.5,1770246321.165,1770243300,1770244200.0,1770246000
9581338.31354893,slo0.10,0.5,4915.08,0,4915.24,4935.876612165991,4936.25,F1,True,4603122.26,-1967586.5000000205,-1988657.7500000205,1770246000|SHORT,EXIT_STLINE,False,SuperTrend-p14x3-M15,SHORT,S,0.5,1770265575.085,1770246000,1770246900.0,1770264900
145465.29208787548,slo0.10,0.5,4773.96,0,4774.02,4775.573286621334,4775.66,F1,True,4470869.73,-153585.9999999455,-174657.2499999455,1770331500|SHORT,EXIT_STLINE,False,SuperTrend-p14x3-M15,SHORT,S,0.5,1770332401.297,1770331500,1770332400.0,1770332400
11353819.697402047,slo0.10,0.5,4787.59,0,4787.99,4982.818406964909,4982.78,F1,True,4483952.635,18242083.499999996,18221012.249999996,1770332400|LONG,EXIT_STLINE,False,SuperTrend-p14x3-M15,LONG,L,0.5,1770590209.53,1770332400,1770333300.0,1770589800
2549302.187736295,slo0.10,0.5,5009.5,0,5010.04,4982.818406964909,4982.8,F1,True,4691902.46,-2551025.9999999795,-2572097.2499999795,1770589800|LONG,EXIT_STLINE,False,SuperTrend-p14x3-M15,LONG,L,0.5,1770591527.771,1770589800,1770590700.0,1770590700
7182709.645244398,slo0.10,0.5,4982.43,0,4982.43,5039.533998048141,5039.6,F1,True,4666045.695,-5353970.5000000065,-5375041.7500000065,1770590700|SHORT,EXIT_STLINE,False,SuperTrend-p14x3-M15,SHORT,S,0.5,1770637503.168,1770590700,1770591600.0,1770637500
6667188.48272981,slo0.10,0.5,5013.04,0,5013.21,5063.216068081626,5063.32,F1,True,4694871.165,-4692801.499999969,-4713872.749999969,1770667200|SHORT,EXIT_STLINE,False,SuperTrend-p14x3-M15,SHORT,S,0.5,1770703756.42,1770667200,1770668100.0,1770703200
1084098.7758442408,slo0.10,0.5,5051.62,0,5051.64,5063.216068081626,5063.37,F1,True,4730860.86,-1098514.499999959,-1119585.749999959,1770703200|SHORT,EXIT_STLINE,False,SuperTrend-p14x3-M15,SHORT,S,0.5,1770722185.632,1770703200,1770704100.0,1770722100
570168.1363877725,slo0.10,0.5,5046.55,0,5046.55,5052.638287628273,5052.83,F1,True,4726094.075,-588121.9999999761,-609193.2499999761,1770754500|SHORT,EXIT_STLINE,False,SuperTrend-p14x3-M15,SHORT,S,0.5,1770764348.679,1770754500,1770755400.0,1770763500
25125.136387799786,slo0.10,0.5,5052.37,0,5052.37,5052.638287628273,5052.87,F1,True,4731544.505,-46825.0,-67896.25,1770763500|SHORT,EXIT_STLINE,False,SuperTrend-p14x3-M15,SHORT,S,0.5,1770764400.062,1770763500,1770764400.0,1770764400
1455160.6363877554,slo0.10,0.5,5037.1,0,5037.1,5052.638287628273,5052.82,F1,True,4717244.15,-1472177.9999999388,-1493249.2499999388,1770764400|SHORT,EXIT_STLINE,False,SuperTrend-p14x3-M15,SHORT,S,0.5,1770767043.899,1770764400,1770765300.0,1770766200
3962483.4180115606,slo0.10,0.5,5053.82,0,5054.32,5079.662337351246,5079.6,F1,True,4733370.68,2367472.0000000615,2346400.7500000615,1770766200|LONG,EXIT_STLINE,False,SuperTrend-p14x3-M15,LONG,L,0.5,1770802868.093,1770766200,1770767100.0,1770802200
5805106.594078387,slo0.10,0.5,4969.78,0,4970.28,4944.332405015196,4943.9,F1,True,4654667.22,-2470487.0000000102,-2491558.2500000102,1770934500|LONG,EXIT_STLINE,False,SuperTrend-p14x3-M15,LONG,L,0.5,1770969639.663,1770934500,1770935400.0,1770969600
3773073.134651223,slo0.10,0.5,4994.51,0,4994.51,5010.277627792319,5010.42,F1,True,4677358.615,-1489971.4999999863,-1511042.7499999863,1771199100|SHORT,EXIT_STLINE,False,SuperTrend-p14x3-M15,SHORT,S,0.5,1771217260.963,1771199100,1771200000.0,1771217100
617207.9224849881,slo0.10,0.5,4994.21,0,4994.21,4927.563374614708,4928.11,F1,True,4677077.665,6190265.000000034,6169193.750000034,1771272900|SHORT,EXIT_STLINE,False,SuperTrend-p14x3-M15,SHORT,S,0.5,1771305163.091,1771272900,1771273800.0,1771304400
3606235.198905842,slo0.10,0.5,4904.81,0,4905.31,4911.228846442075,4910.95,F1,True,4593822.815,528185.9999999455,507114.7499999455,1771371000|LONG,EXIT_STLINE,False,SuperTrend-p14x3-M15,LONG,L,0.5,1771400288.211,1771371000,1771371900.0,1771399800
302444.05316313484,slo0.10,0.5,4976.8,0,4977.3,4974.070485283896,4973.89,F1,True,4661241.45,-319346.4999999864,-340417.7499999864,1771444800|LONG,EXIT_STLINE,False,SuperTrend-p14x3-M15,LONG,L,0.5,1771445834.274,1771444800,1771445700.0,1771445700
772567.0531630906,slo0.10,0.5,4981.82,0,4982.32,4974.070485283896,4973.76,F1,True,4665942.68,-801643.9999999523,-822715.2499999523,1771445700|LONG,EXIT_STLINE,False,SuperTrend-p14x3-M15,LONG,L,0.5,1771448163.642,1771445700,1771446600.0,1771447500
214413.05316308717,slo0.10,0.5,4975.86,0,4976.36,4974.070485283896,4973.86,F1,True,4660361.14,-234125.0,-255196.25,1771447500|LONG,EXIT_STLINE,False,SuperTrend-p14x3-M15,LONG,L,0.5,1771448414.751,1771447500,1771448400.0,1771448400
2835038.2129519116,slo0.10,0.5,4967.8,0,4967.8,4990.865088763702,4990.97,F1,True,4652344.7,-2169870.500000007,-2190941.750000007,1771448400|SHORT,EXIT_STLINE,False,SuperTrend-p14x3-M15,SHORT,S,0.5,1771467000.873,1771448400,1771449300.0,1771466400
61349.0627207133,slo0.10,0.5,4990.21,0,4990.21,4990.865088763702,4990.87,F1,True,4673331.665,-61808.99999998637,-82880.24999998638,1771466400|SHORT,EXIT_STLINE,False,SuperTrend-p14x3-M15,SHORT,S,0.5,1771468278.921,1771466400,1771467300.0,1771468200
2390267.8639337122,slo0.10,0.5,4995.85,0,4996.35,4998.505685816801,4998.48,F1,True,4679081.775,199474.49999992506,178403.24999992506,1771468200|LONG,EXIT_STLINE,False,SuperTrend-p14x3-M15,LONG,L,0.5,1771482967.64,1771468200,1771469100.0,1771482600
80753.90885634397,slo0.10,0.5,5013.29,0,5013.29,5014.1522948089305,5014.64,F1,True,4694946.085,-126427.50000003407,-147498.75000003405,1771538400|SHORT,EXIT_STLINE,False,SuperTrend-p14x3-M15,SHORT,S,0.5,1771556457.351,1771538400,1771539300.0,1771556400
2481350.60416967,slo0.10,0.5,5016.46,0,5016.96,5009.414608744059,5009.35,F1,True,4698383.04,-712676.4999999694,-733747.7499999694,1771556400|LONG,EXIT_STLINE,False,SuperTrend-p14x3-M15,LONG,L,0.5,1771579857.699,1771556400,1771557300.0,1771579800
5383704.654367916,slo0.10,0.5,5185.16,0,5185.32,5152.528341519353,5154.12,F1,True,4856052.18,2921879.999999983,2900808.749999983,1771884000|SHORT,EXIT_STLINE,False,SuperTrend-p14x3-M15,SHORT,S,0.5,1771937143.609,1771884000,1771884900.0,1771937100
3657929.6542705577,slo0.10,0.5,5135.6,0,5135.6,5169.343538445213,5169.58,F1,True,4809489.4,-3182226.999999959,-3203298.249999959,1771963200|SHORT,EXIT_STLINE,False,SuperTrend-p14x3-M15,SHORT,S,0.5,1771970878.6,1771963200,1771964100.0,1771970400
5301300.851042402,slo0.10,0.5,5174.14,0,5175.27,5174.866348308905,5174.84,F1,True,4846640.355,-40269.500000027256,-61340.750000027256,1771970400|LONG,EXIT_STLINE,False,SuperTrend-p14x3-M15,LONG,L,0.5,1772004044.347,1771970400,1771971300.0,1772003700
503668.229224199,slo0.10,0.5,5187.49,0,5187.49,5192.868197856104,5193.04,F1,True,4858084.385,-519757.50000001705,-540828.750000017,1772056800|SHORT,EXIT_STLINE,False,SuperTrend-p14x3-M15,SHORT,S,0.5,1772057723.343,1772056800,1772057700.0,1772057700
1169519.7292241685,slo0.10,0.5,5180.38,0,5180.38,5192.868197856104,5192.92,F1,True,4851425.87,-1174370.9999999965,-1195442.2499999965,1772057700|SHORT,EXIT_STLINE,False,SuperTrend-p14x3-M15,SHORT,S,0.5,1772059964.661,1772057700,1772058600.0,1772059500
141242.72922420924,slo0.10,0.5,5191.35,0,5191.36,5192.868197856104,5193.24,F1,True,4861708.64,-176062.00000001022,-197133.25000001022,1772059500|SHORT,EXIT_STLINE,False,SuperTrend-p14x3-M15,SHORT,S,0.5,1772060405.313,1772059500,1772060400.0,1772060400
940077.2292241853,slo0.10,0.5,5182.88,0,5182.83,5192.868197856104,5192.9,F1,True,4853720.295,-943055.4999999728,-964126.7499999728,1772060400|SHORT,EXIT_STLINE,False,SuperTrend-p14x3-M15,SHORT,S,0.5,1772065089.193,1772060400,1772061300.0,1772064900
438113.2292242161,slo0.10,0.5,5188.19,0,5188.19,5192.868197856104,5193.18,F1,True,4858739.935,-467313.5000000647,-488384.7500000647,1772064900|SHORT,EXIT_STLINE,False,SuperTrend-p14x3-M15,SHORT,S,0.5,1772067428.408,1772064900,1772065800.0,1772066700
31672.22922420242,slo0.10,0.5,5192.53,0,5192.53,5192.868197856104,5193.03,F1,True,4862804.345,-46825.0,-67896.25,1772066700|SHORT,EXIT_STLINE,False,SuperTrend-p14x3-M15,SHORT,S,0.5,1772067600.077,1772066700,1772067600.0,1772067600
3063459.3598987013,slo0.10,0.5,5196.7,0,5197.2,5173.414114148735,5173.4,F1,True,4867177.8,-2228870.000000017,-2249941.250000017,1772067600|LONG,EXIT_STLINE,False,SuperTrend-p14x3-M15,LONG,L,0.5,1772084027.237,1772067600,1772068500.0,1772083800
838620.1905419002,slo0.10,0.5,5176.33,0,5176.83,5172.296575314539,5172.27,F1,True,4848101.295,-427043.9999999523,-448115.2499999523,1772143200|LONG,EXIT_STLINE,False,SuperTrend-p14x3-M15,LONG,L,0.5,1772175318.543,1772143200,1772144100.0,1772174700
4999495.456288719,slo0.10,0.5,5319.05,0,5319.03,5213.550303098264,5213.57,F1,True,4981271.595,9876329.000000004,9855257.750000004,1772505900|SHORT,EXIT_STLINE,False,SuperTrend-p14x3-M15,SHORT,S,0.5,1772531752.791,1772505900,1772506800.0,1772531100
6549816.396985324,slo0.10,0.5,5158.63,0,5159.84,5123.207832768296,5121.99,F1,True,4832190.16,-3544652.500000034,-3565723.750000034,1772575200|LONG,EXIT_STLINE,False,SuperTrend-p14x3-M15,LONG,L,0.5,1772593590.285,1772575200,1772576100.0,1772593200
1792663.9612491415,slo0.10,0.5,5142.39,0,5142.35,5158.632034023256,5158.49,F1,True,4815810.775,1511510.9999999455,1490439.7499999455,1772593200|LONG,EXIT_STLINE,False,SuperTrend-p14x3-M15,LONG,L,0.5,1772617283.032,1772593200,1772594100.0,1772616600
122655.46479091067,slo0.10,0.5,5173.33,0,5173.36,5174.669721994564,5174.85,F1,True,4844851.64,-139538.50000006473,-160609.75000006473,1772658900|SHORT,EXIT_STLINE,False,SuperTrend-p14x3-M15,SHORT,S,0.5,1772660450.62,1772658900,1772659800.0,1772659800
317447.46479090385,slo0.10,0.5,5171.28,0,5171.28,5174.669721994564,5174.67,F1,True,4842903.72,-317473.5000000307,-338544.7500000307,1772659800|SHORT,EXIT_STLINE,False,SuperTrend-p14x3-M15,SHORT,S,0.5,1772660953.111,1772659800,1772660700.0,1772660700
211622.96479089363,slo0.10,0.5,5172.41,0,5172.41,5174.669721994564,5174.68,F1,True,4843961.965,-212585.5000000409,-233656.7500000409,1772660700|SHORT,EXIT_STLINE,False,SuperTrend-p14x3-M15,SHORT,S,0.5,1772661651.18,1772660700,1772661600.0,1772661600
3373656.0019125286,slo0.10,0.5,5176.5,0,5177.0,5152.698857710186,5152.16,F1,True,4848260.5,-2326266.0000000135,-2347337.2500000135,1772661600|LONG,EXIT_STLINE,False,SuperTrend-p14x3-M15,LONG,L,0.5,1772679496.568,1772661600,1772662500.0,1772678700
4149085.796331585,slo0.10,0.5,5148.32,0,5148.44,5174.471990957975,5174.5,F1,True,4821514.06,-2440519.0000000373,-2461590.2500000373,1772678700|SHORT,EXIT_STLINE,False,SuperTrend-p14x3-M15,SHORT,S,0.5,1772690782.018,1772678700,1772679600.0,1772690400
6083766.899545174,slo0.10,0.5,5118.52,0,5118.77,5096.080691730109,5095.78,F1,True,4793728.105,-2153013.5000000647,-2174084.7500000647,1772749800|LONG,EXIT_STLINE,False,SuperTrend-p14x3-M15,LONG,L,0.5,1772777584.78,1772749800,1772750700.0,1772776800
448889.19543388113,slo0.10,0.5,5125.47,0,5126.29,5121.496735766857,5120.85,F1,True,4800770.585,-509455.9999999625,-530527.2499999625,1772998200|LONG,EXIT_STLINE,False,SuperTrend-p14x3-M15,LONG,L,0.5,1772999281.735,1772998200,1772999100.0,1772999100
842219.195433864,slo0.10,0.5,5129.99,0,5130.49,5121.496735766857,5121.07,F1,True,4804703.885,-882183.0000000069,-903254.2500000069,1772999100|LONG,EXIT_STLINE,False,SuperTrend-p14x3-M15,LONG,L,0.5,1773000156.18,1772999100,1773000000.0,1773000000
7882685.589717987,slo0.10,0.5,5101.57,0,5101.65,5123.174701592285,5123.44,F1,True,4777695.225,-2040633.4999999965,-2061704.7499999965,1773000000|SHORT,EXIT_STLINE,False,SuperTrend-p14x3-M15,SHORT,S,0.5,1773024337.52,1773000000,1773000900.0,1773024300
4882527.90685007,slo0.10,0.5,5124.12,0,5124.62,5073.017914931972,5072.77,F1,True,4799206.63,-4855752.499999949,-4876823.749999949,1773024300|LONG,EXIT_STLINE,False,SuperTrend-p14x3-M15,LONG,L,0.5,1773053137.116,1773024300,1773025200.0,1773053100
4148379.700059474,slo0.10,0.5,5169.54,0,5170.19,5137.137112550644,5137.0,F1,True,4841882.935,-3108243.4999999627,-3129314.7499999627,1773268200|LONG,EXIT_STLINE,False,SuperTrend-p14x3-M15,LONG,L,0.5,1773282331.031,1773268200,1773269100.0,1773281700
578090.9096322358,slo0.10,0.5,5142.81,0,5143.31,5165.780393989337,5165.56,F1,True,4816709.815,2083712.5,2062641.25,1773281700|LONG,EXIT_STLINE,False,SuperTrend-p14x3-M15,LONG,L,0.5,1773306956.862,1773281700,1773282600.0,1773306900
216536.81030172537,slo0.10,0.5,5097.93,0,5097.93,5100.242192315021,5100.29,F1,True,4774211.445,-221013.99999996932,-242085.24999996932,1773348300|SHORT,EXIT_STLINE,False,SuperTrend-p14x3-M15,SHORT,S,0.5,1773349218.907,1773348300,1773349200.0,1773349200
3290763.007260611,slo0.10,0.5,5105.83,0,5106.33,5097.362294265661,5097.22,F1,True,4782078.045,-853151.4999999694,-874222.7499999694,1773349200|LONG,EXIT_STLINE,False,SuperTrend-p14x3-M15,LONG,L,0.5,1773372078.66,1773349200,1773350100.0,1773371700
3217394.409678951,slo0.10,0.5,5027.59,0,5028.09,5015.912185845592,5013.67,F1,True,4708806.285,-1350433.0000000068,-1371504.2500000068,1773701100|LONG,EXIT_STLINE,False,SuperTrend-p14x3-M15,LONG,L,0.5,1773716500.282,1773701100,1773702000.0,1773716400
5090237.305797945,slo0.10,0.5,4865.59,0,4866.09,4823.409312100507,4823.13,F1,True,4557093.285,-4023204.0000000033,-4044275.2500000033,1773873000|LONG,EXIT_STLINE,False,SuperTrend-p14x3-M15,LONG,L,0.5,1773890343.322,1773873000,1773873900.0,1773890100
1308117.5185335777,slo0.10,0.5,4435.54,0,4435.37,4257.397426507817,4257.54,F1,True,4153724.005,16653779.499999993,16632708.249999993,1774218600|SHORT,EXIT_STLINE,False,SuperTrend-p14x3-M15,SHORT,S,0.5,1774243973.365,1774218600,1774219500.0,1774243800
10078842.59685868,slo0.10,0.5,4344.15,0,4344.24,4409.659049828869,4410.08,F1,True,4068380.76,-6165916.000000014,-6186987.250000014,1774301400|SHORT,EXIT_STLINE,False,SuperTrend-p14x3-M15,SHORT,S,0.5,1774324821.443,1774301400,1774302300.0,1774324800
5708908.474441937,slo0.10,0.5,4434.9,0,4435.33,4422.8463306962185,4422.49,F1,True,4153686.545,-1202466.0000000137,-1223537.2500000137,1774566000|LONG,EXIT_STLINE,False,SuperTrend-p14x3-M15,LONG,L,0.5,1774591755.814,1774566000,1774566900.0,1774591200
1824068.4203502478,slo0.10,0.5,4496.94,0,4497.49,4478.012494176719,4477.54,F1,True,4211899.385,-1868317.499999983,-1889388.749999983,1774810800|LONG,EXIT_STLINE,False,SuperTrend-p14x3-M15,LONG,L,0.5,1774814759.972,1774810800,1774811700.0,1774814400
87797.42035025106,slo0.10,0.5,4478.39,0,4478.95,4478.012494176719,4478.0,F1,True,4194536.675,-88967.49999998296,-110038.74999998296,1774814400|LONG,EXIT_STLINE,False,SuperTrend-p14x3-M15,LONG,L,0.5,1774815584.333,1774814400,1774815300.0,1774815300
5909976.971957877,slo0.10,0.5,4472.23,0,4472.16,4495.257029758434,4495.85,F1,True,4188177.84,-2218568.5000000475,-2239639.7500000475,1774815300|SHORT,EXIT_STLINE,False,SuperTrend-p14x3-M15,SHORT,S,0.5,1774827843.759,1774815300,1774816200.0,1774827000
68086.33687739866,slo0.10,0.5,4494.46,0,4494.53,4495.257029758434,4495.46,F1,True,4209127.345,-87094.50000002726,-108165.75000002726,1774827000|SHORT,EXIT_STLINE,False,SuperTrend-p14x3-M15,SHORT,S,0.5,1774827952.418,1774827000,1774827900.0,1774827900
1328615.3368774022,slo0.10,0.5,4481.05,0,4481.07,4495.257029758434,4495.33,F1,True,4196522.055,-1335449.0000000205,-1356520.2500000205,1774827900|SHORT,EXIT_STLINE,False,SuperTrend-p14x3-M15,SHORT,S,0.5,1774829096.675,1774827900,1774828800.0,1774828800
7158895.2176537365,slo0.10,0.5,4504.45,0,4504.85,4528.759366950237,4528.4,F1,True,4218792.025,2205457.499999932,2184386.249999932,1774828800|LONG,EXIT_STLINE,False,SuperTrend-p14x3-M15,LONG,L,0.5,1774868125.462,1774828800,1774829700.0,1774867500
5095231.648225672,slo0.10,0.5,4547.61,0,4548.09,4547.643527135255,4547.61,F1,True,4259286.285,-44952.00000004429,-66023.2500000443,1774907100|LONG,EXIT_STLINE,False,SuperTrend-p14x3-M15,LONG,L,0.5,1774923208.485,1774907100,1774908000.0,1774922400
286238.6837833736,slo0.10,0.5,4550.21,0,4550.7,4547.643527135255,4547.64,F1,True,4261730.55,-286568.9999999523,-307640.2499999523,1774922400|LONG,EXIT_STLINE,False,SuperTrend-p14x3-M15,LONG,L,0.5,1774930756.485,1774922400,1774923300.0,1774930500
546860.6581871994,slo0.10,0.5,4672.17,0,4672.95,4717.952815418581,4717.91,F1,True,4376217.675,4210504.000000004,4189432.7500000037,1775006100|LONG,EXIT_STLINE,False,SuperTrend-p14x3-M15,LONG,L,0.5,1775037611.538,1775006100,1775007000.0,1775037600
4240896.803425688,slo0.10,0.5,4750.79,0,4750.75,4644.567251470915,4645.44,F1,True,4449077.375,9862281.500000037,9841210.250000037,1775080800|SHORT,EXIT_STLINE,False,SuperTrend-p14x3-M15,SHORT,S,0.5,1775105306.561,1775080800,1775081700.0,1775105100
5825427.107147859,slo0.10,0.5,4630.3,0,4631.08,4667.428391800046,4667.71,F1,True,4337006.42,-3430399.5000000102,-3451470.7500000102,1775412000|SHORT,EXIT_STLINE,False,SuperTrend-p14x3-M15,SHORT,S,0.5,1775427629.434,1775412000,1775412900.0,1775427300
601082.3920742476,slo0.10,0.5,4660.88,0,4661.01,4667.428391800046,4667.54,F1,True,4365035.865,-611534.4999999761,-632605.7499999761,1775427300|SHORT,EXIT_STLINE,False,SuperTrend-p14x3-M15,SHORT,S,0.5,1775437659.907,1775427300,1775428200.0,1775437200
4905058.516873404,slo0.10,0.5,4673.44,0,4673.98,4667.095183332889,4666.58,F1,True,4377182.27,-693009.9999999659,-714081.2499999659,1775437200|LONG,EXIT_STLINE,False,SuperTrend-p14x3-M15,LONG,L,0.5,1775463662.449,1775437200,1775438100.0,1775463300
3037900.398522876,slo0.10,0.5,4761.11,0,4761.12,4763.328097983362,4763.36,F1,True,4458788.88,-209775.99999997957,-230847.24999997957,1775759400|SHORT,EXIT_STLINE,False,SuperTrend-p14x3-M15,SHORT,S,0.5,1775806256.659,1775759400,1775760300.0,1775806200
5286101.016464601,slo0.10,0.5,4714.74,0,4715.48,4707.805438787903,4707.06,F1,True,4416047.02,-788532.9999999217,-809604.2499999217,1776027600|LONG,EXIT_STLINE,False,SuperTrend-p14x3-M15,LONG,L,0.5,1776066072.19,1776027600,1776028500.0,1776065400
301036.88700289896,slo0.10,0.5,4828.16,0,4828.65,4825.435511083791,4825.32,F1,True,4522030.725,-311854.4999999932,-332925.7499999932,1776205800|LONG,EXIT_STLINE,False,SuperTrend-p14x3-M15,LONG,L,0.5,1776206863.928,1776205800,1776206700.0,1776206700
2800655.1511998777,slo0.10,0.5,4823.75,0,4823.77,4823.8340098079625,4824.02,F1,True,4517460.605,-23412.5,-44483.75,1776206700|SHORT,EXIT_STLINE,False,SuperTrend-p14x3-M15,SHORT,S,0.5,1776245909.074,1776206700,1776207600.0,1776245400
360627.71727731905,slo0.10,0.5,4807.49,0,4807.41,4811.260803174344,4811.29,F1,True,4502139.465,-363362.00000001024,-384433.25000001024,1776278700|SHORT,EXIT_STLINE,False,SuperTrend-p14x3-M15,SHORT,S,0.5,1776280155.003,1776278700,1776279600.0,1776279600
2292665.010204617,slo0.10,0.5,4812.39,0,4812.87,4815.34142367685,4815.27,F1,True,4507252.755,224760.0000000511,203688.7500000511,1776279600|LONG,EXIT_STLINE,False,SuperTrend-p14x3-M15,LONG,L,0.5,1776306508.405,1776279600,1776280500.0,1776305700
107564.17266294388,slo0.10,0.5,4816.06,0,4816.49,4815.34142367685,4815.29,F1,True,4510642.885,-112379.99999998296,-133451.24999998295,1776305700|LONG,EXIT_STLINE,False,SuperTrend-p14x3-M15,LONG,L,0.5,1776306634.246,1776305700,1776306600.0,1776306600
852081.6726629268,slo0.10,0.5,4823.99,0,4824.44,4815.34142367685,4815.33,F1,True,4518088.06,-853151.4999999694,-874222.7499999694,1776306600|LONG,EXIT_STLINE,False,SuperTrend-p14x3-M15,LONG,L,0.5,1776312182.519,1776306600,1776307500.0,1776312000
160381.03236294247,slo0.10,0.5,4795.82,0,4795.8,4797.512557740128,4797.61,F1,True,4491266.7,-169506.4999999523,-190577.7499999523,1776380400|SHORT,EXIT_STLINE,False,SuperTrend-p14x3-M15,SHORT,S,0.5,1776381490.226,1776380400,1776381300.0,1776381300
334570.03236299695,slo0.10,0.5,4793.99,0,4793.94,4797.512557740128,4797.53,F1,True,4489524.81,-336203.5000000136,-357274.7500000136,1776381300|SHORT,EXIT_STLINE,False,SuperTrend-p14x3-M15,SHORT,S,0.5,1776386046.225,1776381300,1776382200.0,1776385800
2252860.828718893,slo0.10,0.5,4800.89,0,4801.37,4783.283989645532,4783.23,F1,True,4496483.005,-1698811.0000000307,-1719882.2500000307,1776385800|LONG,EXIT_STLINE,False,SuperTrend-p14x3-M15,LONG,L,0.5,1776392989.5,1776385800,1776386700.0,1776392100
80165.36969599451,slo0.10,0.5,4783.66,0,4784.14,4783.283989645532,4783.28,F1,True,4480347.11,-80539.00000005451,-101610.25000005451,1776392100|LONG,EXIT_STLINE,False,SuperTrend-p14x3-M15,LONG,L,0.5,1776393000.897,1776392100,1776393000.0,1776393000
236560.86969600132,slo0.10,0.5,4785.4,0,4785.81,4783.283989645532,4783.26,F1,True,4481911.065,-238807.50000001703,-259878.75000001703,1776393000|LONG,EXIT_STLINE,False,SuperTrend-p14x3-M15,LONG,L,0.5,1776397327.722,1776393000,1776393900.0,1776396600
2779493.1992192874,slo0.10,0.5,4790.3,0,4790.21,4788.58469309266,4788.82,F1,True,4486031.665,130173.50000003066,109102.25000003066,1776621600|SHORT,EXIT_STLINE,False,SuperTrend-p14x3-M15,SHORT,S,0.5,1776632683.032,1776621600,1776622500.0,1776632400
4406096.131417924,slo0.10,0.5,4793.53,0,4794.04,4810.310202077155,4809.96,F1,True,4489618.46,1490908.0000000068,1469836.7500000068,1776632400|LONG,EXIT_STLINE,False,SuperTrend-p14x3-M15,LONG,L,0.5,1776721241.194,1776632400,1776633300.0,1776720600
327756.07547448797,slo0.10,0.5,4813.36,0,4813.81,4810.310202077155,4810.3,F1,True,4508133.065,-328711.50000002043,-349782.75000002043,1776720600|LONG,EXIT_STLINE,False,SuperTrend-p14x3-M15,LONG,L,0.5,1776721665.912,1776720600,1776721500.0,1776721500
1968784.818848757,slo0.10,0.5,4810.09,0,4810.14,4724.724971869152,4725.95,F1,True,4504696.11,7884393.5000000475,7863322.2500000475,1776721500|SHORT,EXIT_STLINE,False,SuperTrend-p14x3-M15,SHORT,S,0.5,1776794420.33,1776721500,1776722400.0,1776794400
164519.81499340758,slo0.10,0.5,4748.34,0,4748.62,4746.863248104715,4746.84,F1,True,4447082.63,-166696.99999997616,-187768.24999997616,1776837600|LONG,EXIT_STLINE,False,SuperTrend-p14x3-M15,LONG,L,0.5,1776847291.367,1776837600,1776838500.0,1776846600
2196666.9504127917,slo0.10,0.5,4746.62,0,4746.65,4736.454466076814,4736.9,F1,True,4445237.725,913087.5,892016.25,1776846600|SHORT,EXIT_STLINE,False,SuperTrend-p14x3-M15,SHORT,S,0.5,1776889564.617,1776846600,1776847500.0,1776888900
5200806.319658453,slo0.10,0.5,4741.38,0,4741.84,4716.755401978586,4716.5,F1,True,4440733.16,-2373091.0000000135,-2394162.2500000135,1776888900|LONG,EXIT_STLINE,False,SuperTrend-p14x3-M15,LONG,L,0.5,1776895547.104,1776888900,1776889800.0,1776895200
4032993.370396988,slo0.10,0.5,4707.27,0,4707.18,4715.045975708564,4715.05,F1,True,4408274.07,-737025.4999999898,-758096.7499999898,1776895200|SHORT,EXIT_STLINE,False,SuperTrend-p14x3-M15,SHORT,S,0.5,1776930869.219,1776895200,1776896100.0,1776930300
3037556.7943090633,slo0.10,0.5,4685.14,1,4686.44,4699.030852927489,4699.12,F1,True,4388851.06,-1187482.0000000272,-1208553.2500000272,1777226400|SHORT,EXIT_STLINE,False,SuperTrend-p14x3-M15,SHORT,S,0.5,1777237200.905,1777226400,1777228200.0,1777237200
593820.876659375,slo0.10,0.5,4692.66,0,4692.69,4699.030852927489,4699.07,F1,True,4394704.185,-597487.0000000102,-618558.2500000102,1777237200|SHORT,EXIT_STLINE,False,SuperTrend-p14x3-M15,SHORT,S,0.5,1777239066.483,1777237200,1777238100.0,1777239000
117142.37665936144,slo0.10,0.5,4697.8,0,4697.78,4699.030852927489,4699.15,F1,True,4399470.97,-128300.49999998978,-149371.74999998978,1777239000|SHORT,EXIT_STLINE,False,SuperTrend-p14x3-M15,SHORT,S,0.5,1777239917.48,1777239000,1777239900.0,1777239900
2432062.1803942095,slo0.10,0.5,4702.49,0,4702.98,4704.655533123476,4704.54,F1,True,4404340.77,146094.0000000375,125022.75000003749,1777239900|LONG,EXIT_STLINE,False,SuperTrend-p14x3-M15,LONG,L,0.5,1777266594.953,1777239900,1777240800.0,1777266000
306498.1113283106,slo0.10,0.5,4691.86,0,4692.0,4695.272804178626,4695.35,F1,True,4394058.0,-313727.50000003405,-334798.75000003405,1777319100|SHORT,EXIT_STLINE,False,SuperTrend-p14x3-M15,SHORT,S,0.5,1777320093.956,1777319100,1777320000.0,1777320000
1517584.8914119331,slo0.10,0.5,4697.75,0,4698.29,4682.085142643759,4682.03,F1,True,4399948.585,-1522749.0000000205,-1543820.2500000205,1777320000|LONG,EXIT_STLINE,False,SuperTrend-p14x3-M15,LONG,L,0.5,1777326649.376,1777320000,1777320900.0,1777326300
2445355.469968357,slo0.10,0.5,4670.58,0,4670.52,4599.9464741580605,4599.95,F1,True,4373941.98,6608880.500000058,6587809.250000058,1777326300|SHORT,EXIT_STLINE,False,SuperTrend-p14x3-M15,SHORT,S,0.5,1777366198.468,1777326300,1777327200.0,1777365900
334936.8049023744,slo0.10,0.5,4596.44,0,4596.37,4599.9464741580605,4600.1,F1,True,4304500.505,-349314.5000000443,-370385.7500000443,1777399200|SHORT,EXIT_STLINE,False,SuperTrend-p14x3-M15,SHORT,S,0.5,1777406435.091,1777399200,1777400100.0,1777406400
2439986.1191648613,slo0.10,0.5,4607.24,0,4607.76,4581.736355122308,4581.7,F1,True,4315167.24,-2440519.0000000373,-2461590.2500000373,1777406400|LONG,EXIT_STLINE,False,SuperTrend-p14x3-M15,LONG,L,0.5,1777410268.537,1777406400,1777407300.0,1777410000
91181.84279586471,slo0.10,0.5,4582.46,0,4582.71,4581.736355122308,4581.6,F1,True,4291707.915,-103951.49999996934,-125022.74999996934,1777410000|LONG,EXIT_STLINE,False,SuperTrend-p14x3-M15,LONG,L,0.5,1777410910.248,1777410000,1777410900.0,1777410900
2528889.7819552505,slo0.10,0.5,4580.28,0,4580.35,4607.353628210948,4607.52,F1,True,4289497.775,-2544470.500000007,-2565541.750000007,1777410900|SHORT,EXIT_STLINE,False,SuperTrend-p14x3-M15,SHORT,S,0.5,1777424623.232,1777410900,1777411800.0,1777424400
601572.7819552572,slo0.10,0.5,4600.91,0,4600.93,4554.540144919543,4555.73,F1,True,4308770.945,4232980.000000068,4211908.750000068,1777424400|SHORT,EXIT_STLINE,False,SuperTrend-p14x3-M15,SHORT,S,0.5,1777462805.881,1777424400,1777425300.0,1777462200
1003390.5575956057,slo0.10,0.5,4557.94,0,4557.92,4568.63426115959,4568.66,F1,True,4268492.08,-1005800.9999999795,-1026872.2499999795,1777492800|SHORT,EXIT_STLINE,False,SuperTrend-p14x3-M15,SHORT,S,0.5,1777495520.642,1777492800,1777493700.0,1777495500
2334594.491658978,slo0.10,0.5,4569.74,0,4570.12,4552.0970708667455,4552.08,F1,True,4279917.38,-1689445.9999999965,-1710517.2499999965,1777495500|LONG,EXIT_STLINE,False,SuperTrend-p14x3-M15,LONG,L,0.5,1777507390.712,1777495500,1777496400.0,1777507200
339287.3133293054,slo0.10,0.5,4555.23,0,4555.72,4552.0970708667455,4551.92,F1,True,4266431.78,-355870.00000001705,-376941.25000001705,1777507200|LONG,EXIT_STLINE,False,SuperTrend-p14x3-M15,LONG,L,0.5,1777508270.191,1777507200,1777508100.0,1777508100
2665448.2941715694,slo0.10,0.5,4547.21,0,4547.12,4568.222750037549,4568.3,F1,True,4258377.88,-1983507.0000000272,-2004578.2500000272,1777508100|SHORT,EXIT_STLINE,False,SuperTrend-p14x3-M15,SHORT,S,0.5,1777513890.38,1777508100,1777509000.0,1777513500
538745.0410164684,slo0.10,0.5,4562.43,0,4562.47,4568.222750037549,4568.25,F1,True,4272753.155,-541296.9999999761,-562368.2499999761,1777513500|SHORT,EXIT_STLINE,False,SuperTrend-p14x3-M15,SHORT,S,0.5,1777515509.911,1777513500,1777514400.0,1777515300
2582519.1347149336,slo0.10,0.5,4569.29,0,4569.79,4610.090505355885,4609.99,F1,True,4279608.335,3764729.999999983,3743658.749999983,1777515300|LONG,EXIT_STLINE,False,SuperTrend-p14x3-M15,LONG,L,0.5,1777543201.486,1777515300,1777516200.0,1777543200
566138.3442949533,slo0.10,0.5,4629.26,0,4629.25,4586.804530091125,4586.88,F1,True,4335292.625,3967950.4999999898,3946879.2499999898,1777587300|SHORT,EXIT_STLINE,False,SuperTrend-p14x3-M15,SHORT,S,0.5,1777623262.565,1777587300,1777588200.0,1777622400
76689.63819222763,slo0.10,0.5,4538.6,0,4538.67,4539.488896296767,4539.79,F1,True,4250464.455,-104887.99999998978,-125959.24999998978,1777928400|SHORT,EXIT_STLINE,False,SuperTrend-p14x3-M15,SHORT,S,0.5,1777929302.96,1777928400,1777929300.0,1777929300
167530.13819225147,slo0.10,0.5,4537.59,0,4537.7,4539.488896296767,4539.64,F1,True,4249556.05,-181681.0000000477,-202752.2500000477,1777929300|SHORT,EXIT_STLINE,False,SuperTrend-p14x3-M15,SHORT,S,0.5,1777930619.67,1777929300,1777930200.0,1777930200
254624.63819219355,slo0.10,0.5,4536.77,0,4536.77,4539.488896296767,4539.51,F1,True,4248685.105,-256600.99999997957,-277672.24999997957,1777930200|SHORT,EXIT_STLINE,False,SuperTrend-p14x3-M15,SHORT,S,0.5,1777931303.023,1777930200,1777931100.0,1777931100
2431646.247943629,slo0.10,0.5,4540.78,0,4541.38,4553.499463605802,4553.32,F1,True,4253002.37,1118180.9999999625,1097109.7499999625,1777931100|LONG,EXIT_STLINE,False,SuperTrend-p14x3-M15,LONG,L,0.5,1777986579.115,1777931100,1777932000.0,1777986000
2153098.0782624283,slo0.10,0.5,4550.36,0,4550.41,4566.731135863362,4566.77,F1,True,4261458.965,-1532114.0000000545,-1553185.2500000545,1778004000|SHORT,EXIT_STLINE,False,SuperTrend-p14x3-M15,SHORT,S,0.5,1778007329.632,1778004000,1778004900.0,1778006700
3312332.043346407,slo0.10,0.5,4573.14,0,4573.8,4682.731544721802,4682.47,F1,True,4283363.7,10176945.500000007,10155874.250000007,1778006700|LONG,EXIT_STLINE,False,SuperTrend-p14x3-M15,LONG,L,0.5,1778054631.597,1778006700,1778007600.0,1778054400
3145859.2897018706,slo0.10,0.5,4709.56,0,4710.1,4725.0269405061645,4724.93,F1,True,4411008.65,1388829.4999999932,1367758.2499999932,1778101200|LONG,EXIT_STLINE,False,SuperTrend-p14x3-M15,LONG,L,0.5,1778155295.169,1778101200,1778102100.0,1778155200
3642369.9106468777,slo0.10,0.5,4722.71,0,4723.27,4699.8173998147895,4699.68,F1,True,4423342.355,-2209203.5000000135,-2230274.7500000135,1778190300|LONG,EXIT_STLINE,False,SuperTrend-p14x3-M15,LONG,L,0.5,1778210729.633,1778190300,1778191200.0,1778210100
92245.24999996934,slo0.15,0.5,4347.59,0,4347.59,4348.575,4348.63,F1,True,4071518.035,-97395.9999999966,-118467.2499999966,1767309300|SHORT,EXIT_STLINE,False,SuperTrend-p14x3-M15,SHORT,S,0.5,1767310203.104,1767309300,1767310200.0,1767310200
2484663.507653055,slo0.15,0.5,4351.38,0,4351.88,4378.677603138271,4378.57,F1,True,4075535.62,2499518.4999999627,2478447.2499999627,1767310200|LONG,EXIT_STLINE,False,SuperTrend-p14x3-M15,LONG,L,0.5,1767349502.976,1767310200,1767311100.0,1767348900
377053.67061286,slo0.15,0.5,4436.35,0,4436.85,4432.823799566334,4432.7,F1,True,4155110.0250000004,-388647.5000000511,-409718.7500000511,1767648600|LONG,EXIT_STLINE,False,SuperTrend-p14x3-M15,LONG,L,0.5,1767650559.398,1767648600,1767649500.0,1767650400
875271.6706128328,slo0.15,0.5,4441.72,0,4442.17,4432.823799566334,4432.8,F1,True,4160092.205,-877500.4999999898,-898571.7499999898,1767650400|LONG,EXIT_STLINE,False,SuperTrend-p14x3-M15,LONG,L,0.5,1767652411.073,1767650400,1767651300.0,1767652200
626162.6706128464,slo0.15,0.5,4439.01,0,4439.51,4449.1530904164065,4448.58,F1,True,4157601.115,849405.4999999728,828334.2499999728,1767652200|LONG,EXIT_STLINE,False,SuperTrend-p14x3-M15,LONG,L,0.5,1767682031.237,1767652200,1767653100.0,1767681900
3098034.6120945546,slo0.15,0.5,4470.76,0,4470.81,4470.004609798658,4470.24,F1,True,4186913.5650000004,53380.50000005792,32309.250000057917,1767736800|SHORT,EXIT_STLINE,False,SuperTrend-p14x3-M15,SHORT,S,0.5,1767764217.818,1767736800,1767737700.0,1767763800
1047347.8692792198,slo0.15,0.5,4456.84,0,4457.49,4446.306360178545,4445.8,F1,True,4174439.385,-1094768.4999999625,-1115839.7499999625,1767823200|LONG,EXIT_STLINE,False,SuperTrend-p14x3-M15,LONG,L,0.5,1767825855.441,1767823200,1767824100.0,1767825000
144561.86927927428,slo0.15,0.5,4447.39,0,4447.85,4446.306360178545,4445.83,F1,True,4165411.5250000004,-189173.0000000409,-210244.2500000409,1767825000|LONG,EXIT_STLINE,False,SuperTrend-p14x3-M15,LONG,L,0.5,1767825924.548,1767825000,1767825900.0,1767825900
231656.36927921636,slo0.15,0.5,4448.28,0,4448.78,4446.306360178545,4446.26,F1,True,4166282.47,-235997.9999999557,-257069.2499999557,1767825900|LONG,EXIT_STLINE,False,SuperTrend-p14x3-M15,LONG,L,0.5,1767826831.451,1767825900,1767826800.0,1767826800
1943940.7781300687,slo0.15,0.5,4446.39,0,4446.2,4436.7815264476485,4436.88,F1,True,4163866.3,872817.9999999728,851746.7499999728,1767826800|SHORT,EXIT_STLINE,False,SuperTrend-p14x3-M15,SHORT,S,0.5,1767872866.787,1767826800,1767827700.0,1767872700
139913.31446463495,slo0.15,0.5,4459.15,0,4459.58,4458.085997709934,4458.04,F1,True,4176396.67,-144220.9999999966,-165292.2499999966,1767909600|LONG,EXIT_STLINE,False,SuperTrend-p14x3-M15,LONG,L,0.5,1767910610.839,1767909600,1767910500.0,1767910500
1968324.3613043914,slo0.15,0.5,4457.22,0,4457.22,4478.237878924767,4478.54,F1,True,4174186.53,-1996617.9999999728,-2017689.2499999728,1767910500|SHORT,EXIT_STLINE,False,SuperTrend-p14x3-M15,SHORT,S,0.5,1767949248.476,1767910500,1767911400.0,1767949200
2682995.6554504046,slo0.15,0.5,4615.3,0,4615.8,4617.993679220687,4617.77,F1,True,4322696.7,184490.50000002384,163419.25000002384,1768341600|LONG,EXIT_STLINE,False,SuperTrend-p14x3-M15,LONG,L,0.5,1768390796.576,1768341600,1768342500.0,1768390200
417493.7552246224,slo0.15,0.5,4616.67,0,4617.17,4612.711978054195,4612.46,F1,True,4323979.705,-441091.50000000343,-462162.75000000343,1768420800|LONG,EXIT_STLINE,False,SuperTrend-p14x3-M15,LONG,L,0.5,1768421894.274,1768420800,1768421700.0,1768421700
2952179.512673556,slo0.15,0.5,4609.0,0,4608.98,4615.872358440838,4615.95,F1,True,4316309.77,-652740.5000000239,-673811.7500000239,1768421700|SHORT,EXIT_STLINE,False,SuperTrend-p14x3-M15,SHORT,S,0.5,1768461875.805,1768421700,1768422600.0,1768461300
148001.52862875134,slo0.15,0.5,4600.06,0,4600.43,4598.849631301348,4598.49,F1,True,4308302.695,-181681.0000000477,-202752.2500000477,1768513500|LONG,EXIT_STLINE,False,SuperTrend-p14x3-M15,LONG,L,0.5,1768514400.992,1768513500,1768514400.0,1768514400
495443.0286287547,slo0.15,0.5,4603.65,0,4604.14,4598.849631301348,4598.79,F1,True,4311777.11,-501027.50000003405,-522098.75000003405,1768514400|LONG,EXIT_STLINE,False,SuperTrend-p14x3-M15,LONG,L,0.5,1768518027.116,1768514400,1768515300.0,1768518000
1884675.9260421917,slo0.15,0.5,4598.06,0,4597.75,4613.736599766163,4613.92,F1,True,4305792.875,-1514320.5000000068,-1535391.7500000068,1768518000|SHORT,EXIT_STLINE,False,SuperTrend-p14x3-M15,SHORT,S,0.5,1768531904.758,1768518000,1768518900.0,1768531500
221632.06810114952,slo0.15,0.5,4611.37,0,4611.37,4613.736599766163,4614.12,F1,True,4318548.005,-257537.5,-278608.75,1768531500|SHORT,EXIT_STLINE,False,SuperTrend-p14x3-M15,SHORT,S,0.5,1768552568.676,1768531500,1768532400.0,1768552200
1789224.0907434209,slo0.15,0.5,4659.42,0,4659.49,4677.2135903105145,4677.52,F1,True,4363612.385,-1688509.5000000612,-1709580.7500000612,1768857300|SHORT,EXIT_STLINE,False,SuperTrend-p14x3-M15,SHORT,S,0.5,1768869607.576,1768857300,1768858200.0,1768869000
49034.23257972217,slo0.15,0.5,4676.69,0,4676.69,4677.2135903105145,4677.33,F1,True,4379720.185,-59936.00000003066,-81007.25000003066,1768869000|SHORT,EXIT_STLINE,False,SuperTrend-p14x3-M15,SHORT,S,0.5,1768869901.114,1768869000,1768869900.0,1768869900
1763444.6794628566,slo0.15,0.5,4680.03,0,4680.53,4843.43691386035,4842.84,F1,True,4383316.345,15200331.500000037,15179260.250000037,1768869900|LONG,EXIT_STLINE,False,SuperTrend-p14x3-M15,LONG,L,0.5,1768968059.668,1768869900,1768870800.0,1768968000
6338413.696764415,slo0.15,0.5,4778.3,0,4778.13,4829.367621316048,4829.45,F1,True,4474718.745,-4806117.999999973,-4827189.249999973,1769028300|SHORT,EXIT_STLINE,False,SuperTrend-p14x3-M15,SHORT,S,0.5,1769052410.249,1769028300,1769029200.0,1769051700
370631.236247901,slo0.15,0.5,4825.41,0,4825.41,4829.367621316048,4829.45,F1,True,4518996.465,-378345.99999999657,-399417.24999999657,1769051700|SHORT,EXIT_STLINE,False,SuperTrend-p14x3-M15,SHORT,S,0.5,1769054532.02,1769051700,1769052600.0,1769054400
7626394.172882483,slo0.15,0.5,5071.3,0,5072.01,5062.028321727371,5061.68,F1,True,4749937.365,-967404.4999999931,-988475.7499999931,1769464800|LONG,EXIT_STLINE,False,SuperTrend-p14x3-M15,LONG,L,0.5,1769511941.798,1769464800,1769465700.0,1769511600
2713892.489420661,slo0.15,0.5,5479.87,0,5480.28,5509.300511183289,5509.28,F1,True,5132282.22,2715850.0,2694778.75,1769637600|LONG,EXIT_STLINE,False,SuperTrend-p14x3-M15,LONG,L,0.5,1769665339.732,1769637600,1769638500.0,1769664600
16593054.227076955,slo0.15,0.5,5310.91,0,5309.65,4932.216953038625,4932.72,F1,True,4972487.225,35299494.49999995,35278423.24999995,1769724000|SHORT,EXIT_STLINE,False,SuperTrend-p14x3-M15,SHORT,S,0.5,1769791535.218,1769724000,1769724900.0,1769791500
427087.88007922104,slo0.15,0.5,4741.05,0,4741.66,4737.099531446031,4733.5,F1,True,4440564.59,-764183.9999999864,-785255.2499999864,1769976000|LONG,EXIT_STLINE,False,SuperTrend-p14x3-M15,LONG,L,0.5,1769976949.454,1769976000,1769976900.0,1769976900
18420999.35198415,slo0.15,0.5,4728.01,0,4728.01,4647.65392431443,4648.03,F1,True,4427781.365,7490127.000000045,7469055.750000045,1769976900|SHORT,EXIT_STLINE,False,SuperTrend-p14x3-M15,SHORT,S,0.5,1770009741.897,1769976900,1769977800.0,1770009300
13275995.532651471,slo0.15,0.5,4774.1,0,4774.6,4903.116846838563,4902.01,F1,True,4471412.9,11931946.499999987,11910875.249999987,1770065100|LONG,EXIT_STLINE,False,SuperTrend-p14x3-M15,LONG,L,0.5,1770132750.589,1770065100,1770066000.0,1770132600
9457261.96551101,slo0.15,0.5,5009.26,0,5010.25,4944.537261098408,4944.52,F1,True,4692099.125,-6155614.499999959,-6176685.749999959,1770235200|LONG,EXIT_STLINE,False,SuperTrend-p14x3-M15,LONG,L,0.5,1770243576.69,1770235200,1770236100.0,1770243300
741027.9981340994,slo0.15,0.5,4951.92,0,4952.45,4944.537261098408,4944.33,F1,True,4637969.425,-760437.9999999898,-781509.2499999898,1770243300|LONG,EXIT_STLINE,False,SuperTrend-p14x3-M15,LONG,L,0.5,1770246321.165,1770243300,1770244200.0,1770246000
9586020.813548861,slo0.15,0.5,4915.08,0,4915.24,4935.92661216599,4936.25,F1,True,4603122.26,-1967586.5000000205,-1988657.7500000205,1770246000|SHORT,EXIT_STLINE,False,SuperTrend-p14x3-M15,SHORT,S,0.5,1770265575.085,1770246000,1770246900.0,1770264900
150147.79208780732,slo0.15,0.5,4773.96,0,4774.02,4775.623286621333,4775.66,F1,True,4470869.73,-153585.9999999455,-174657.2499999455,1770331500|SHORT,EXIT_STLINE,False,SuperTrend-p14x3-M15,SHORT,S,0.5,1770332401.297,1770331500,1770332400.0,1770332400
11358502.197401978,slo0.15,0.5,4787.59,0,4787.99,4982.768406964909,4982.76,F1,True,4483952.635,18240210.50000004,18219139.25000004,1770332400|LONG,EXIT_STLINE,False,SuperTrend-p14x3-M15,LONG,L,0.5,1770590209.851,1770332400,1770333300.0,1770589800
2553984.687736227,slo0.15,0.5,5009.5,0,5010.04,4982.768406964909,4982.72,F1,True,4691902.46,-2558517.9999999725,-2579589.2499999725,1770589800|LONG,EXIT_STLINE,False,SuperTrend-p14x3-M15,LONG,L,0.5,1770591528.069,1770589800,1770590700.0,1770590700
7187392.14524433,slo0.15,0.5,4982.43,0,4982.43,5039.5839980481405,5039.6,F1,True,4666045.695,-5353970.5000000065,-5375041.7500000065,1770590700|SHORT,EXIT_STLINE,False,SuperTrend-p14x3-M15,SHORT,S,0.5,1770637503.168,1770590700,1770591600.0,1770637500
6671870.982729741,slo0.15,0.5,5013.04,0,5013.21,5063.266068081625,5063.32,F1,True,4694871.165,-4692801.499999969,-4713872.749999969,1770667200|SHORT,EXIT_STLINE,False,SuperTrend-p14x3-M15,SHORT,S,0.5,1770703756.42,1770667200,1770668100.0,1770703200
1088781.2758441726,slo0.15,0.5,5051.62,0,5051.64,5063.266068081625,5063.37,F1,True,4730860.86,-1098514.499999959,-1119585.749999959,1770703200|SHORT,EXIT_STLINE,False,SuperTrend-p14x3-M15,SHORT,S,0.5,1770722185.632,1770703200,1770704100.0,1770722100
574850.6363877044,slo0.15,0.5,5046.55,0,5046.55,5052.6882876282725,5052.83,F1,True,4726094.075,-588121.9999999761,-609193.2499999761,1770754500|SHORT,EXIT_STLINE,False,SuperTrend-p14x3-M15,SHORT,S,0.5,1770764348.679,1770754500,1770755400.0,1770763500
29807.636387731647,slo0.15,0.5,5052.37,0,5052.37,5052.6882876282725,5052.87,F1,True,4731544.505,-46825.0,-67896.25,1770763500|SHORT,EXIT_STLINE,False,SuperTrend-p14x3-M15,SHORT,S,0.5,1770764400.062,1770763500,1770764400.0,1770764400
1459843.1363876874,slo0.15,0.5,5037.1,0,5037.1,5052.6882876282725,5052.82,F1,True,4717244.15,-1472177.9999999388,-1493249.2499999388,1770764400|SHORT,EXIT_STLINE,False,SuperTrend-p14x3-M15,SHORT,S,0.5,1770767043.899,1770764400,1770765300.0,1770766200
3967165.9180114926,slo0.15,0.5,5053.82,0,5054.32,5079.612337351246,5079.6,F1,True,4733370.68,2367472.0000000615,2346400.7500000615,1770766200|LONG,EXIT_STLINE,False,SuperTrend-p14x3-M15,LONG,L,0.5,1770802868.093,1770766200,1770767100.0,1770802200
5809789.094078319,slo0.15,0.5,4969.78,0,4970.28,4944.282405015197,4943.9,F1,True,4654667.22,-2470487.0000000102,-2491558.2500000102,1770934500|LONG,EXIT_STLINE,False,SuperTrend-p14x3-M15,LONG,L,0.5,1770969639.663,1770934500,1770935400.0,1770969600
3777755.634651155,slo0.15,0.5,4994.51,0,4994.51,5010.327627792319,5010.42,F1,True,4677358.615,-1489971.4999999863,-1511042.7499999863,1771199100|SHORT,EXIT_STLINE,False,SuperTrend-p14x3-M15,SHORT,S,0.5,1771217260.963,1771199100,1771200000.0,1771217100
621890.42248492,slo0.15,0.5,4994.21,0,4994.21,4927.613374614707,4928.11,F1,True,4677077.665,6190265.000000034,6169193.750000034,1771272900|SHORT,EXIT_STLINE,False,SuperTrend-p14x3-M15,SHORT,S,0.5,1771305163.091,1771272900,1771273800.0,1771304400
3610917.698905774,slo0.15,0.5,4904.81,0,4905.31,4911.178846442076,4910.95,F1,True,4593822.815,528185.9999999455,507114.7499999455,1771371000|LONG,EXIT_STLINE,False,SuperTrend-p14x3-M15,LONG,L,0.5,1771400288.211,1771371000,1771371900.0,1771399800
307126.55316306674,slo0.15,0.5,4976.8,0,4977.3,4974.020485283897,4973.89,F1,True,4661241.45,-319346.4999999864,-340417.7499999864,1771444800|LONG,EXIT_STLINE,False,SuperTrend-p14x3-M15,LONG,L,0.5,1771445834.274,1771444800,1771445700.0,1771445700
777249.5531630224,slo0.15,0.5,4981.82,0,4982.32,4974.020485283897,4973.76,F1,True,4665942.68,-801643.9999999523,-822715.2499999523,1771445700|LONG,EXIT_STLINE,False,SuperTrend-p14x3-M15,LONG,L,0.5,1771448163.642,1771445700,1771446600.0,1771447500
219095.55316301904,slo0.15,0.5,4975.86,0,4976.36,4974.020485283897,4973.86,F1,True,4660361.14,-234125.0,-255196.25,1771447500|LONG,EXIT_STLINE,False,SuperTrend-p14x3-M15,LONG,L,0.5,1771448414.751,1771447500,1771448400.0,1771448400
2839720.7129518436,slo0.15,0.5,4967.8,0,4967.8,4990.9150887637015,4990.97,F1,True,4652344.7,-2169870.500000007,-2190941.750000007,1771448400|SHORT,EXIT_STLINE,False,SuperTrend-p14x3-M15,SHORT,S,0.5,1771467000.873,1771448400,1771449300.0,1771466400
66031.56272064516,slo0.15,0.5,4990.21,0,4990.21,4990.9150887637015,4990.97,F1,True,4673331.665,-71174.00000002045,-92245.25000002045,1771466400|SHORT,EXIT_STLINE,False,SuperTrend-p14x3-M15,SHORT,S,0.5,1771468279.448,1771466400,1771467300.0,1771468200
2394950.3639336443,slo0.15,0.5,4995.85,0,4996.35,4998.455685816802,4998.32,F1,True,4679081.775,184490.49999993868,163419.24999993868,1771468200|LONG,EXIT_STLINE,False,SuperTrend-p14x3-M15,LONG,L,0.5,1771482969.082,1771468200,1771469100.0,1771482600
85436.40885627583,slo0.15,0.5,5013.29,0,5013.29,5014.20229480893,5014.64,F1,True,4694946.085,-126427.50000003407,-147498.75000003405,1771538400|SHORT,EXIT_STLINE,False,SuperTrend-p14x3-M15,SHORT,S,0.5,1771556457.351,1771538400,1771539300.0,1771556400
2486033.104169602,slo0.15,0.5,5016.46,0,5016.96,5009.364608744059,5009.35,F1,True,4698383.04,-712676.4999999694,-733747.7499999694,1771556400|LONG,EXIT_STLINE,False,SuperTrend-p14x3-M15,LONG,L,0.5,1771579857.699,1771556400,1771557300.0,1771579800
5388387.154367848,slo0.15,0.5,5185.16,0,5185.32,5152.578341519352,5154.12,F1,True,4856052.18,2921879.999999983,2900808.749999983,1771884000|SHORT,EXIT_STLINE,False,SuperTrend-p14x3-M15,SHORT,S,0.5,1771937143.609,1771884000,1771884900.0,1771937100
3662612.1542704897,slo0.15,0.5,5135.6,0,5135.6,5169.3935384452125,5169.58,F1,True,4809489.4,-3182226.999999959,-3203298.249999959,1771963200|SHORT,EXIT_STLINE,False,SuperTrend-p14x3-M15,SHORT,S,0.5,1771970878.6,1771963200,1771964100.0,1771970400
5305983.351042334,slo0.15,0.5,5174.14,0,5175.27,5174.816348308906,5174.57,F1,True,4846640.355,-65555.00000006813,-86626.25000006813,1771970400|LONG,EXIT_STLINE,False,SuperTrend-p14x3-M15,LONG,L,0.5,1772004044.479,1771970400,1771971300.0,1772003700
508350.72922413086,slo0.15,0.5,5187.49,0,5187.49,5192.918197856104,5193.04,F1,True,4858084.385,-519757.50000001705,-540828.750000017,1772056800|SHORT,EXIT_STLINE,False,SuperTrend-p14x3-M15,SHORT,S,0.5,1772057723.343,1772056800,1772057700.0,1772057700
1174202.2292241002,slo0.15,0.5,5180.38,0,5180.38,5192.918197856104,5192.92,F1,True,4851425.87,-1174370.9999999965,-1195442.2499999965,1772057700|SHORT,EXIT_STLINE,False,SuperTrend-p14x3-M15,SHORT,S,0.5,1772059964.661,1772057700,1772058600.0,1772059500
145925.2292241411,slo0.15,0.5,5191.35,0,5191.36,5192.918197856104,5193.24,F1,True,4861708.64,-176062.00000001022,-197133.25000001022,1772059500|SHORT,EXIT_STLINE,False,SuperTrend-p14x3-M15,SHORT,S,0.5,1772060405.313,1772059500,1772060400.0,1772060400
944759.7292241172,slo0.15,0.5,5182.88,0,5182.83,5192.918197856104,5192.92,F1,True,4853720.295,-944928.5000000136,-965999.7500000136,1772060400|SHORT,EXIT_STLINE,False,SuperTrend-p14x3-M15,SHORT,S,0.5,1772065089.423,1772060400,1772061300.0,1772064900
442795.7292241479,slo0.15,0.5,5188.19,0,5188.19,5192.918197856104,5193.18,F1,True,4858739.935,-467313.5000000647,-488384.7500000647,1772064900|SHORT,EXIT_STLINE,False,SuperTrend-p14x3-M15,SHORT,S,0.5,1772067428.408,1772064900,1772065800.0,1772066700
36354.72922413428,slo0.15,0.5,5192.53,0,5192.53,5192.918197856104,5193.03,F1,True,4862804.345,-46825.0,-67896.25,1772066700|SHORT,EXIT_STLINE,False,SuperTrend-p14x3-M15,SHORT,S,0.5,1772067600.077,1772066700,1772067600.0,1772067600
3068141.8598986333,slo0.15,0.5,5196.7,0,5197.2,5173.364114148736,5173.35,F1,True,4867177.8,-2233552.499999949,-2254623.749999949,1772067600|LONG,EXIT_STLINE,False,SuperTrend-p14x3-M15,LONG,L,0.5,1772084027.557,1772067600,1772068500.0,1772083800
843302.690541832,slo0.15,0.5,5176.33,0,5176.83,5172.24657531454,5172.09,F1,True,4848101.295,-443900.99999997957,-464972.24999997957,1772143200|LONG,EXIT_STLINE,False,SuperTrend-p14x3-M15,LONG,L,0.5,1772175319.268,1772143200,1772144100.0,1772174700
5004177.956288651,slo0.15,0.5,5319.05,0,5319.03,5213.600303098263,5213.69,F1,True,4981271.595,9865091.000000013,9844019.750000013,1772505900|SHORT,EXIT_STLINE,False,SuperTrend-p14x3-M15,SHORT,S,0.5,1772531753.049,1772505900,1772506800.0,1772531100
6554498.896985255,slo0.15,0.5,5158.63,0,5159.84,5123.157832768296,5121.99,F1,True,4832190.16,-3544652.500000034,-3565723.750000034,1772575200|LONG,EXIT_STLINE,False,SuperTrend-p14x3-M15,LONG,L,0.5,1772593590.285,1772575200,1772576100.0,1772593200
1797346.4612490735,slo0.15,0.5,5142.39,0,5142.35,5158.582034023257,5158.49,F1,True,4815810.775,1511510.9999999455,1490439.7499999455,1772593200|LONG,EXIT_STLINE,False,SuperTrend-p14x3-M15,LONG,L,0.5,1772617283.032,1772593200,1772594100.0,1772616600
127337.96479084254,slo0.15,0.5,5173.33,0,5173.36,5174.719721994563,5174.85,F1,True,4844851.64,-139538.50000006473,-160609.75000006473,1772658900|SHORT,EXIT_STLINE,False,SuperTrend-p14x3-M15,SHORT,S,0.5,1772660450.62,1772658900,1772659800.0,1772659800
322129.96479083574,slo0.15,0.5,5171.28,0,5171.28,5174.719721994563,5174.77,F1,True,4842903.72,-326838.5000000647,-347909.7500000647,1772659800|SHORT,EXIT_STLINE,False,SuperTrend-p14x3-M15,SHORT,S,0.5,1772660954.576,1772659800,1772660700.0,1772660700
216305.4647908255,slo0.15,0.5,5172.41,0,5172.41,5174.719721994563,5174.89,F1,True,4843961.965,-232252.0000000443,-253323.2500000443,1772660700|SHORT,EXIT_STLINE,False,SuperTrend-p14x3-M15,SHORT,S,0.5,1772661651.491,1772660700,1772661600.0,1772661600
3378338.5019124607,slo0.15,0.5,5176.5,0,5177.0,5152.648857710186,5152.16,F1,True,4848260.5,-2326266.0000000135,-2347337.2500000135,1772661600|LONG,EXIT_STLINE,False,SuperTrend-p14x3-M15,LONG,L,0.5,1772679496.568,1772661600,1772662500.0,1772678700
4153768.2963315165,slo0.15,0.5,5148.32,0,5148.44,5174.521990957975,5174.87,F1,True,4821514.06,-2475169.5000000275,-2496240.7500000275,1772678700|SHORT,EXIT_STLINE,False,SuperTrend-p14x3-M15,SHORT,S,0.5,1772690782.613,1772678700,1772679600.0,1772690400
6088449.399545105,slo0.15,0.5,5118.52,0,5118.77,5096.0306917301095,5095.78,F1,True,4793728.105,-2153013.5000000647,-2174084.7500000647,1772749800|LONG,EXIT_STLINE,False,SuperTrend-p14x3-M15,LONG,L,0.5,1772777584.78,1772749800,1772750700.0,1772776800
453571.695433813,slo0.15,0.5,5125.47,0,5126.29,5121.446735766857,5120.85,F1,True,4800770.585,-509455.9999999625,-530527.2499999625,1772998200|LONG,EXIT_STLINE,False,SuperTrend-p14x3-M15,LONG,L,0.5,1772999281.735,1772998200,1772999100.0,1772999100
846901.6954337959,slo0.15,0.5,5129.99,0,5130.49,5121.446735766857,5121.07,F1,True,4804703.885,-882183.0000000069,-903254.2500000069,1772999100|LONG,EXIT_STLINE,False,SuperTrend-p14x3-M15,LONG,L,0.5,1773000156.18,1772999100,1773000000.0,1773000000
7887368.089717919,slo0.15,0.5,5101.57,0,5101.65,5123.224701592284,5123.44,F1,True,4777695.225,-2040633.4999999965,-2061704.7499999965,1773000000|SHORT,EXIT_STLINE,False,SuperTrend-p14x3-M15,SHORT,S,0.5,1773024337.52,1773000000,1773000900.0,1773024300
4887210.406850002,slo0.15,0.5,5124.12,0,5124.62,5072.967914931973,5072.77,F1,True,4799206.63,-4855752.499999949,-4876823.749999949,1773024300|LONG,EXIT_STLINE,False,SuperTrend-p14x3-M15,LONG,L,0.5,1773053137.116,1773024300,1773025200.0,1773053100
4153062.200059406,slo0.15,0.5,5169.54,0,5170.19,5137.087112550645,5137.0,F1,True,4841882.935,-3108243.4999999627,-3129314.7499999627,1773268200|LONG,EXIT_STLINE,False,SuperTrend-p14x3-M15,LONG,L,0.5,1773282331.031,1773268200,1773269100.0,1773281700
582773.4096321675,slo0.15,0.5,5142.81,0,5143.31,5165.730393989338,5165.56,F1,True,4816709.815,2083712.5,2062641.25,1773281700|LONG,EXIT_STLINE,False,SuperTrend-p14x3-M15,LONG,L,0.5,1773306956.862,1773281700,1773282600.0,1773306900
221219.31030165724,slo0.15,0.5,5097.93,0,5097.93,5100.292192315021,5100.37,F1,True,4774211.445,-228505.9999999625,-249577.2499999625,1773348300|SHORT,EXIT_STLINE,False,SuperTrend-p14x3-M15,SHORT,S,0.5,1773349219.743,1773348300,1773349200.0,1773349200
3295445.5072605424,slo0.15,0.5,5105.83,0,5106.33,5097.312294265662,5097.22,F1,True,4782078.045,-853151.4999999694,-874222.7499999694,1773349200|LONG,EXIT_STLINE,False,SuperTrend-p14x3-M15,LONG,L,0.5,1773372078.66,1773349200,1773350100.0,1773371700
3222076.909678883,slo0.15,0.5,5027.59,0,5028.09,5015.862185845593,5013.67,F1,True,4708806.285,-1350433.0000000068,-1371504.2500000068,1773701100|LONG,EXIT_STLINE,False,SuperTrend-p14x3-M15,LONG,L,0.5,1773716500.282,1773701100,1773702000.0,1773716400
5094919.805797876,slo0.15,0.5,4865.59,0,4866.09,4823.359312100508,4823.13,F1,True,4557093.285,-4023204.0000000033,-4044275.2500000033,1773873000|LONG,EXIT_STLINE,False,SuperTrend-p14x3-M15,LONG,L,0.5,1773890343.322,1773873000,1773873900.0,1773890100
1312800.0185335095,slo0.15,0.5,4435.54,0,4435.37,4257.447426507816,4257.54,F1,True,4153724.005,16653779.499999993,16632708.249999993,1774218600|SHORT,EXIT_STLINE,False,SuperTrend-p14x3-M15,SHORT,S,0.5,1774243973.365,1774218600,1774219500.0,1774243800
10083525.096858611,slo0.15,0.5,4344.15,0,4344.24,4409.709049828868,4410.08,F1,True,4068380.76,-6165916.000000014,-6186987.250000014,1774301400|SHORT,EXIT_STLINE,False,SuperTrend-p14x3-M15,SHORT,S,0.5,1774324821.443,1774301400,1774302300.0,1774324800
5713590.974441869,slo0.15,0.5,4434.9,0,4435.33,4422.796330696219,4422.49,F1,True,4153686.545,-1202466.0000000137,-1223537.2500000137,1774566000|LONG,EXIT_STLINE,False,SuperTrend-p14x3-M15,LONG,L,0.5,1774591755.814,1774566000,1774566900.0,1774591200
1828750.9203501795,slo0.15,0.5,4496.94,0,4497.49,4477.96249417672,4477.54,F1,True,4211899.385,-1868317.499999983,-1889388.749999983,1774810800|LONG,EXIT_STLINE,False,SuperTrend-p14x3-M15,LONG,L,0.5,1774814759.972,1774810800,1774811700.0,1774814400
92479.92035018292,slo0.15,0.5,4478.39,0,4478.95,4477.96249417672,4477.9,F1,True,4194536.675,-98332.50000001704,-119403.75000001704,1774814400|LONG,EXIT_STLINE,False,SuperTrend-p14x3-M15,LONG,L,0.5,1774815584.373,1774814400,1774815300.0,1774815300
5914659.471957809,slo0.15,0.5,4472.23,0,4472.16,4495.307029758434,4495.85,F1,True,4188177.84,-2218568.5000000475,-2239639.7500000475,1774815300|SHORT,EXIT_STLINE,False,SuperTrend-p14x3-M15,SHORT,S,0.5,1774827843.759,1774815300,1774816200.0,1774827000
72768.83687733053,slo0.15,0.5,4494.46,0,4494.53,4495.307029758434,4495.46,F1,True,4209127.345,-87094.50000002726,-108165.75000002726,1774827000|SHORT,EXIT_STLINE,False,SuperTrend-p14x3-M15,SHORT,S,0.5,1774827952.418,1774827000,1774827900.0,1774827900
1333297.836877334,slo0.15,0.5,4481.05,0,4481.07,4495.307029758434,4495.33,F1,True,4196522.055,-1335449.0000000205,-1356520.2500000205,1774827900|SHORT,EXIT_STLINE,False,SuperTrend-p14x3-M15,SHORT,S,0.5,1774829096.675,1774827900,1774828800.0,1774828800
7163577.717653668,slo0.15,0.5,4504.45,0,4504.85,4528.709366950237,4528.4,F1,True,4218792.025,2205457.499999932,2184386.249999932,1774828800|LONG,EXIT_STLINE,False,SuperTrend-p14x3-M15,LONG,L,0.5,1774868125.462,1774828800,1774829700.0,1774867500
5099914.148225604,slo0.15,0.5,4547.61,0,4548.09,4547.5935271352555,4547.59,F1,True,4259286.285,-46825.0,-67896.25,1774907100|LONG,EXIT_STLINE,False,SuperTrend-p14x3-M15,LONG,L,0.5,1774923208.52,1774907100,1774908000.0,1774922400
290921.18378330546,slo0.15,0.5,4550.21,0,4550.7,4547.5935271352555,4547.57,F1,True,4261730.55,-293124.50000001024,-314195.75000001024,1774922400|LONG,EXIT_STLINE,False,SuperTrend-p14x3-M15,LONG,L,0.5,1774930758.477,1774922400,1774923300.0,1774930500
551543.1581871312,slo0.15,0.5,4672.17,0,4672.95,4717.902815418582,4717.78,F1,True,4376217.675,4198329.4999999935,4177258.2499999935,1775006100|LONG,EXIT_STLINE,False,SuperTrend-p14x3-M15,LONG,L,0.5,1775037611.584,1775006100,1775007000.0,1775037600
4245579.30342562,slo0.15,0.5,4750.79,0,4750.75,4644.617251470914,4645.44,F1,True,4449077.375,9862281.500000037,9841210.250000037,1775080800|SHORT,EXIT_STLINE,False,SuperTrend-p14x3-M15,SHORT,S,0.5,1775105306.561,1775080800,1775081700.0,1775105100
5830109.6071477905,slo0.15,0.5,4630.3,0,4631.08,4667.478391800045,4667.71,F1,True,4337006.42,-3430399.5000000102,-3451470.7500000102,1775412000|SHORT,EXIT_STLINE,False,SuperTrend-p14x3-M15,SHORT,S,0.5,1775427629.434,1775412000,1775412900.0,1775427300
605764.8920741795,slo0.15,0.5,4660.88,0,4661.01,4667.478391800045,4667.54,F1,True,4365035.865,-611534.4999999761,-632605.7499999761,1775427300|SHORT,EXIT_STLINE,False,SuperTrend-p14x3-M15,SHORT,S,0.5,1775437659.907,1775427300,1775428200.0,1775437200
4909741.016873336,slo0.15,0.5,4673.44,0,4673.98,4667.04518333289,4666.58,F1,True,4377182.27,-693009.9999999659,-714081.2499999659,1775437200|LONG,EXIT_STLINE,False,SuperTrend-p14x3-M15,LONG,L,0.5,1775463662.449,1775437200,1775438100.0,1775463300
3042582.8985228078,slo0.15,0.5,4761.11,0,4761.12,4763.378097983361,4763.4,F1,True,4458788.88,-213521.99999997616,-234593.24999997616,1775759400|SHORT,EXIT_STLINE,False,SuperTrend-p14x3-M15,SHORT,S,0.5,1775806256.793,1775759400,1775760300.0,1775806200
5290783.516464533,slo0.15,0.5,4714.74,0,4715.48,4707.755438787904,4707.06,F1,True,4416047.02,-788532.9999999217,-809604.2499999217,1776027600|LONG,EXIT_STLINE,False,SuperTrend-p14x3-M15,LONG,L,0.5,1776066072.19,1776027600,1776028500.0,1776065400
305719.3870028308,slo0.15,0.5,4828.16,0,4828.65,4825.385511083792,4825.32,F1,True,4522030.725,-311854.4999999932,-332925.7499999932,1776205800|LONG,EXIT_STLINE,False,SuperTrend-p14x3-M15,LONG,L,0.5,1776206863.928,1776205800,1776206700.0,1776206700
2805337.6511998097,slo0.15,0.5,4823.75,0,4823.77,4823.884009807962,4824.02,F1,True,4517460.605,-23412.5,-44483.75,1776206700|SHORT,EXIT_STLINE,False,SuperTrend-p14x3-M15,SHORT,S,0.5,1776245909.074,1776206700,1776207600.0,1776245400
365310.21727725095,slo0.15,0.5,4807.49,0,4807.41,4811.310803174343,4811.33,F1,True,4502139.465,-367108.0000000068,-388179.2500000068,1776278700|SHORT,EXIT_STLINE,False,SuperTrend-p14x3-M15,SHORT,S,0.5,1776280158.114,1776278700,1776279600.0,1776279600
2297347.510204549,slo0.15,0.5,4812.39,0,4812.87,4815.291423676851,4815.27,F1,True,4507252.755,224760.0000000511,203688.7500000511,1776279600|LONG,EXIT_STLINE,False,SuperTrend-p14x3-M15,LONG,L,0.5,1776306508.405,1776279600,1776280500.0,1776305700
112246.67266287575,slo0.15,0.5,4816.06,0,4816.49,4815.291423676851,4815.29,F1,True,4510642.885,-112379.99999998296,-133451.24999998295,1776305700|LONG,EXIT_STLINE,False,SuperTrend-p14x3-M15,LONG,L,0.5,1776306634.246,1776305700,1776306600.0,1776306600
856764.1726628587,slo0.15,0.5,4823.99,0,4824.44,4815.291423676851,4815.1,F1,True,4518088.06,-874690.9999999284,-895762.2499999284,1776306600|LONG,EXIT_STLINE,False,SuperTrend-p14x3-M15,LONG,L,0.5,1776312184.563,1776306600,1776307500.0,1776312000
165063.5323628743,slo0.15,0.5,4795.82,0,4795.8,4797.562557740127,4797.61,F1,True,4491266.7,-169506.4999999523,-190577.7499999523,1776380400|SHORT,EXIT_STLINE,False,SuperTrend-p14x3-M15,SHORT,S,0.5,1776381490.226,1776380400,1776381300.0,1776381300
339252.53236292885,slo0.15,0.5,4793.99,0,4793.94,4797.562557740127,4797.62,F1,True,4489524.81,-344632.00000002724,-365703.25000002724,1776381300|SHORT,EXIT_STLINE,False,SuperTrend-p14x3-M15,SHORT,S,0.5,1776386046.302,1776381300,1776382200.0,1776385800
2257543.3287188252,slo0.15,0.5,4800.89,0,4801.37,4783.233989645532,4783.23,F1,True,4496483.005,-1698811.0000000307,-1719882.2500000307,1776385800|LONG,EXIT_STLINE,False,SuperTrend-p14x3-M15,LONG,L,0.5,1776392989.5,1776385800,1776386700.0,1776392100
84847.86969592638,slo0.15,0.5,4783.66,0,4784.14,4783.233989645532,4783.16,F1,True,4480347.11,-91777.0000000443,-112848.2500000443,1776392100|LONG,EXIT_STLINE,False,SuperTrend-p14x3-M15,LONG,L,0.5,1776393012.715,1776392100,1776393000.0,1776393000
241243.3696959332,slo0.15,0.5,4785.4,0,4785.81,4783.233989645532,4783.12,F1,True,4481911.065,-251918.5000000477,-272989.75000004773,1776393000|LONG,EXIT_STLINE,False,SuperTrend-p14x3-M15,LONG,L,0.5,1776397351.938,1776393000,1776393900.0,1776396600
2784175.6992192194,slo0.15,0.5,4790.3,0,4790.21,4788.634693092659,4788.82,F1,True,4486031.665,130173.50000003066,109102.25000003066,1776621600|SHORT,EXIT_STLINE,False,SuperTrend-p14x3-M15,SHORT,S,0.5,1776632683.032,1776621600,1776622500.0,1776632400
4410778.631417856,slo0.15,0.5,4793.53,0,4794.04,4810.260202077156,4809.96,F1,True,4489618.46,1490908.0000000068,1469836.7500000068,1776632400|LONG,EXIT_STLINE,False,SuperTrend-p14x3-M15,LONG,L,0.5,1776721241.194,1776632400,1776633300.0,1776720600
332438.5754744198,slo0.15,0.5,4813.36,0,4813.81,4810.260202077156,4810.25,F1,True,4508133.065,-333394.0000000375,-354465.2500000375,1776720600|LONG,EXIT_STLINE,False,SuperTrend-p14x3-M15,LONG,L,0.5,1776721666.663,1776720600,1776721500.0,1776721500
1973467.3188486889,slo0.15,0.5,4810.09,0,4810.14,4724.774971869151,4725.95,F1,True,4504696.11,7884393.5000000475,7863322.2500000475,1776721500|SHORT,EXIT_STLINE,False,SuperTrend-p14x3-M15,SHORT,S,0.5,1776794420.33,1776721500,1776722400.0,1776794400
169202.31499333945,slo0.15,0.5,4748.34,0,4748.62,4746.813248104716,4746.81,F1,True,4447082.63,-169506.4999999523,-190577.7499999523,1776837600|LONG,EXIT_STLINE,False,SuperTrend-p14x3-M15,LONG,L,0.5,1776847291.554,1776837600,1776838500.0,1776846600
2201349.4504127232,slo0.15,0.5,4746.62,0,4746.65,4736.5044660768135,4736.9,F1,True,4445237.725,913087.5,892016.25,1776846600|SHORT,EXIT_STLINE,False,SuperTrend-p14x3-M15,SHORT,S,0.5,1776889564.617,1776846600,1776847500.0,1776888900
5205488.819658385,slo0.15,0.5,4741.38,0,4741.84,4716.705401978586,4716.5,F1,True,4440733.16,-2373091.0000000135,-2394162.2500000135,1776888900|LONG,EXIT_STLINE,False,SuperTrend-p14x3-M15,LONG,L,0.5,1776895547.104,1776888900,1776889800.0,1776895200
4037675.8703969195,slo0.15,0.5,4707.27,0,4707.18,4715.095975708563,4715.15,F1,True,4408274.07,-746390.4999999386,-767461.7499999386,1776895200|SHORT,EXIT_STLINE,False,SuperTrend-p14x3-M15,SHORT,S,0.5,1776930870.401,1776895200,1776896100.0,1776930300
3042239.2943089954,slo0.15,0.5,4685.14,1,4686.44,4699.080852927488,4699.12,F1,True,4388851.06,-1187482.0000000272,-1208553.2500000272,1777226400|SHORT,EXIT_STLINE,False,SuperTrend-p14x3-M15,SHORT,S,0.5,1777237200.905,1777226400,1777228200.0,1777237200
598503.3766593069,slo0.15,0.5,4692.66,0,4692.69,4699.080852927488,4699.12,F1,True,4394704.185,-602169.5000000272,-623240.7500000272,1777237200|SHORT,EXIT_STLINE,False,SuperTrend-p14x3-M15,SHORT,S,0.5,1777239066.558,1777237200,1777238100.0,1777239000
121824.8766592933,slo0.15,0.5,4697.8,0,4697.78,4699.080852927488,4699.15,F1,True,4399470.97,-128300.49999998978,-149371.74999998978,1777239000|SHORT,EXIT_STLINE,False,SuperTrend-p14x3-M15,SHORT,S,0.5,1777239917.48,1777239000,1777239900.0,1777239900
2436744.6803941415,slo0.15,0.5,4702.49,0,4702.98,4704.605533123477,4704.54,F1,True,4404340.77,146094.0000000375,125022.75000003749,1777239900|LONG,EXIT_STLINE,False,SuperTrend-p14x3-M15,LONG,L,0.5,1777266594.953,1777239900,1777240800.0,1777266000
311180.61132824246,slo0.15,0.5,4691.86,0,4692.0,4695.322804178625,4695.35,F1,True,4394058.0,-313727.50000003405,-334798.75000003405,1777319100|SHORT,EXIT_STLINE,False,SuperTrend-p14x3-M15,SHORT,S,0.5,1777320093.956,1777319100,1777320000.0,1777320000
1522267.391411865,slo0.15,0.5,4697.75,0,4698.29,4682.03514264376,4682.03,F1,True,4399948.585,-1522749.0000000205,-1543820.2500000205,1777320000|LONG,EXIT_STLINE,False,SuperTrend-p14x3-M15,LONG,L,0.5,1777326649.376,1777320000,1777320900.0,1777326300
2450037.9699682887,slo0.15,0.5,4670.58,0,4670.52,4599.99647415806,4600.06,F1,True,4373941.98,6598579.000000004,6577507.750000004,1777326300|SHORT,EXIT_STLINE,False,SuperTrend-p14x3-M15,SHORT,S,0.5,1777366331.545,1777326300,1777327200.0,1777365900
339619.30490230623,slo0.15,0.5,4596.44,0,4596.37,4599.99647415806,4600.1,F1,True,4304500.505,-349314.5000000443,-370385.7500000443,1777399200|SHORT,EXIT_STLINE,False,SuperTrend-p14x3-M15,SHORT,S,0.5,1777406435.091,1777399200,1777400100.0,1777406400
2444668.6191647933,slo0.15,0.5,4607.24,0,4607.76,4581.686355122309,4581.5,F1,True,4315167.24,-2459249.0000000205,-2480320.2500000205,1777406400|LONG,EXIT_STLINE,False,SuperTrend-p14x3-M15,LONG,L,0.5,1777410269.758,1777406400,1777407300.0,1777410000
95864.34279579658,slo0.15,0.5,4582.46,0,4582.71,4581.686355122309,4581.6,F1,True,4291707.915,-103951.49999996934,-125022.74999996934,1777410000|LONG,EXIT_STLINE,False,SuperTrend-p14x3-M15,LONG,L,0.5,1777410910.248,1777410000,1777410900.0,1777410900
2533572.281955182,slo0.15,0.5,4580.28,0,4580.35,4607.403628210947,4607.52,F1,True,4289497.775,-2544470.500000007,-2565541.750000007,1777410900|SHORT,EXIT_STLINE,False,SuperTrend-p14x3-M15,SHORT,S,0.5,1777424623.232,1777410900,1777411800.0,1777424400
606255.2819551891,slo0.15,0.5,4600.91,0,4600.93,4554.590144919543,4555.73,F1,True,4308770.945,4232980.000000068,4211908.750000068,1777424400|SHORT,EXIT_STLINE,False,SuperTrend-p14x3-M15,SHORT,S,0.5,1777462805.881,1777424400,1777425300.0,1777462200
1008073.0575955375,slo0.15,0.5,4557.94,0,4557.92,4568.684261159589,4568.73,F1,True,4268492.08,-1012356.4999999523,-1033427.7499999523,1777492800|SHORT,EXIT_STLINE,False,SuperTrend-p14x3-M15,SHORT,S,0.5,1777495520.778,1777492800,1777493700.0,1777495500
2339276.9916589097,slo0.15,0.5,4569.74,0,4570.12,4552.047070866746,4551.98,F1,True,4279917.38,-1698811.0000000307,-1719882.2500000307,1777495500|LONG,EXIT_STLINE,False,SuperTrend-p14x3-M15,LONG,L,0.5,1777507402.359,1777495500,1777496400.0,1777507200
343969.8133292372,slo0.15,0.5,4555.23,0,4555.72,4552.047070866746,4551.92,F1,True,4266431.78,-355870.00000001705,-376941.25000001705,1777507200|LONG,EXIT_STLINE,False,SuperTrend-p14x3-M15,LONG,L,0.5,1777508270.191,1777507200,1777508100.0,1777508100
2670130.7941715014,slo0.15,0.5,4547.21,0,4547.12,4568.272750037549,4568.3,F1,True,4258377.88,-1983507.0000000272,-2004578.2500000272,1777508100|SHORT,EXIT_STLINE,False,SuperTrend-p14x3-M15,SHORT,S,0.5,1777513890.38,1777508100,1777509000.0,1777513500
543427.5410164003,slo0.15,0.5,4562.43,0,4562.47,4568.272750037549,4568.28,F1,True,4272753.155,-544106.4999999523,-565177.7499999523,1777513500|SHORT,EXIT_STLINE,False,SuperTrend-p14x3-M15,SHORT,S,0.5,1777515510.027,1777513500,1777514400.0,1777515300
2587201.6347148656,slo0.15,0.5,4569.29,0,4569.79,4610.040505355886,4609.99,F1,True,4279608.335,3764729.999999983,3743658.749999983,1777515300|LONG,EXIT_STLINE,False,SuperTrend-p14x3-M15,LONG,L,0.5,1777543201.486,1777515300,1777516200.0,1777543200
570820.844294885,slo0.15,0.5,4629.26,0,4629.25,4586.854530091125,4586.88,F1,True,4335292.625,3967950.4999999898,3946879.2499999898,1777587300|SHORT,EXIT_STLINE,False,SuperTrend-p14x3-M15,SHORT,S,0.5,1777623262.565,1777587300,1777588200.0,1777622400
81372.13819215949,slo0.15,0.5,4538.6,0,4538.67,4539.538896296766,4539.79,F1,True,4250464.455,-104887.99999998978,-125959.24999998978,1777928400|SHORT,EXIT_STLINE,False,SuperTrend-p14x3-M15,SHORT,S,0.5,1777929302.96,1777928400,1777929300.0,1777929300
172212.63819218334,slo0.15,0.5,4537.59,0,4537.7,4539.538896296766,4539.64,F1,True,4249556.05,-181681.0000000477,-202752.2500000477,1777929300|SHORT,EXIT_STLINE,False,SuperTrend-p14x3-M15,SHORT,S,0.5,1777930619.67,1777929300,1777930200.0,1777930200
259307.13819212542,slo0.15,0.5,4536.77,0,4536.77,4539.538896296766,4539.55,F1,True,4248685.105,-260346.99999997616,-281418.24999997613,1777930200|SHORT,EXIT_STLINE,False,SuperTrend-p14x3-M15,SHORT,S,0.5,1777931304.241,1777930200,1777931100.0,1777931100
2436328.747943561,slo0.15,0.5,4540.78,0,4541.38,4553.4494636058025,4553.32,F1,True,4253002.37,1118180.9999999625,1097109.7499999625,1777931100|LONG,EXIT_STLINE,False,SuperTrend-p14x3-M15,LONG,L,0.5,1777986579.115,1777931100,1777932000.0,1777986000
2157780.5782623603,slo0.15,0.5,4550.36,0,4550.41,4566.781135863362,4567.02,F1,True,4261458.965,-1555526.5000000545,-1576597.7500000545,1778004000|SHORT,EXIT_STLINE,False,SuperTrend-p14x3-M15,SHORT,S,0.5,1778007329.677,1778004000,1778004900.0,1778006700
3317014.5433463384,slo0.15,0.5,4573.14,0,4573.8,4682.681544721802,4682.47,F1,True,4283363.7,10176945.500000007,10155874.250000007,1778006700|LONG,EXIT_STLINE,False,SuperTrend-p14x3-M15,LONG,L,0.5,1778054631.597,1778006700,1778007600.0,1778054400
3150541.789701802,slo0.15,0.5,4709.56,0,4710.1,4724.976940506165,4724.93,F1,True,4411008.65,1388829.4999999932,1367758.2499999932,1778101200|LONG,EXIT_STLINE,False,SuperTrend-p14x3-M15,LONG,L,0.5,1778155295.169,1778101200,1778102100.0,1778155200
3647052.4106468093,slo0.15,0.5,4722.71,0,4723.27,4699.76739981479,4699.68,F1,True,4423342.355,-2209203.5000000135,-2230274.7500000135,1778190300|LONG,EXIT_STLINE,False,SuperTrend-p14x3-M15,LONG,L,0.5,1778210729.633,1778190300,1778191200.0,1778210100
96927.74999998638,slo0.20,0.5,4347.59,0,4347.59,4348.625,4348.63,F1,True,4071518.035,-97395.9999999966,-118467.2499999966,1767309300|SHORT,EXIT_STLINE,False,SuperTrend-p14x3-M15,SHORT,S,0.5,1767310203.104,1767309300,1767310200.0,1767310200
2489346.007653072,slo0.20,0.5,4351.38,0,4351.88,4378.62760313827,4378.57,F1,True,4075535.62,2499518.4999999627,2478447.2499999627,1767310200|LONG,EXIT_STLINE,False,SuperTrend-p14x3-M15,LONG,L,0.5,1767349502.976,1767310200,1767311100.0,1767348900
381736.17061287706,slo0.20,0.5,4436.35,0,4436.85,4432.773799566334,4432.7,F1,True,4155110.0250000004,-388647.5000000511,-409718.7500000511,1767648600|LONG,EXIT_STLINE,False,SuperTrend-p14x3-M15,LONG,L,0.5,1767650559.398,1767648600,1767649500.0,1767650400
879954.1706128498,slo0.20,0.5,4441.72,0,4442.17,4432.773799566334,4432.68,F1,True,4160092.205,-888738.4999999795,-909809.7499999795,1767650400|LONG,EXIT_STLINE,False,SuperTrend-p14x3-M15,LONG,L,0.5,1767652417.756,1767650400,1767651300.0,1767652200
630845.1706128634,slo0.20,0.5,4439.01,0,4439.51,4449.103090416406,4448.58,F1,True,4157601.115,849405.4999999728,828334.2499999728,1767652200|LONG,EXIT_STLINE,False,SuperTrend-p14x3-M15,LONG,L,0.5,1767682031.237,1767652200,1767653100.0,1767681900
3102717.1120945713,slo0.20,0.5,4470.76,0,4470.81,4470.054609798658,4470.24,F1,True,4186913.5650000004,53380.50000005792,32309.250000057917,1767736800|SHORT,EXIT_STLINE,False,SuperTrend-p14x3-M15,SHORT,S,0.5,1767764217.818,1767736800,1767737700.0,1767763800
1052030.3692792368,slo0.20,0.5,4456.84,0,4457.49,4446.256360178545,4445.8,F1,True,4174439.385,-1094768.4999999625,-1115839.7499999625,1767823200|LONG,EXIT_STLINE,False,SuperTrend-p14x3-M15,LONG,L,0.5,1767825855.441,1767823200,1767824100.0,1767825000
149244.36927929134,slo0.20,0.5,4447.39,0,4447.85,4446.256360178545,4445.83,F1,True,4165411.5250000004,-189173.0000000409,-210244.2500000409,1767825000|LONG,EXIT_STLINE,False,SuperTrend-p14x3-M15,LONG,L,0.5,1767825924.548,1767825000,1767825900.0,1767825900
236338.8692792334,slo0.20,0.5,4448.28,0,4448.78,4446.256360178545,4446.23,F1,True,4166282.47,-238807.50000001703,-259878.75000001703,1767825900|LONG,EXIT_STLINE,False,SuperTrend-p14x3-M15,LONG,L,0.5,1767826832.122,1767825900,1767826800.0,1767826800
1948623.2781300857,slo0.20,0.5,4446.39,0,4446.2,4436.831526447649,4436.88,F1,True,4163866.3,872817.9999999728,851746.7499999728,1767826800|SHORT,EXIT_STLINE,False,SuperTrend-p14x3-M15,SHORT,S,0.5,1767872866.787,1767826800,1767827700.0,1767872700
144595.81446465198,slo0.20,0.5,4459.15,0,4459.58,4458.035997709934,4457.96,F1,True,4176396.67,-151712.99999998978,-172784.24999998978,1767909600|LONG,EXIT_STLINE,False,SuperTrend-p14x3-M15,LONG,L,0.5,1767910611.873,1767909600,1767910500.0,1767910500
1973006.8613044084,slo0.20,0.5,4457.22,0,4457.22,4478.287878924767,4478.54,F1,True,4174186.53,-1996617.9999999728,-2017689.2499999728,1767910500|SHORT,EXIT_STLINE,False,SuperTrend-p14x3-M15,SHORT,S,0.5,1767949248.476,1767910500,1767911400.0,1767949200
2687678.1554504214,slo0.20,0.5,4615.3,0,4615.8,4617.943679220687,4617.77,F1,True,4322696.7,184490.50000002384,163419.25000002384,1768341600|LONG,EXIT_STLINE,False,SuperTrend-p14x3-M15,LONG,L,0.5,1768390796.576,1768341600,1768342500.0,1768390200
422176.25522463943,slo0.20,0.5,4616.67,0,4617.17,4612.661978054195,4612.46,F1,True,4323979.705,-441091.50000000343,-462162.75000000343,1768420800|LONG,EXIT_STLINE,False,SuperTrend-p14x3-M15,LONG,L,0.5,1768421894.274,1768420800,1768421700.0,1768421700
2956862.0126735726,slo0.20,0.5,4609.0,0,4608.98,4615.922358440838,4615.95,F1,True,4316309.77,-652740.5000000239,-673811.7500000239,1768421700|SHORT,EXIT_STLINE,False,SuperTrend-p14x3-M15,SHORT,S,0.5,1768461875.805,1768421700,1768422600.0,1768461300
152684.02862876837,slo0.20,0.5,4600.06,0,4600.43,4598.799631301348,4598.49,F1,True,4308302.695,-181681.0000000477,-202752.2500000477,1768513500|LONG,EXIT_STLINE,False,SuperTrend-p14x3-M15,LONG,L,0.5,1768514400.992,1768513500,1768514400.0,1768514400
500125.5286287718,slo0.20,0.5,4603.65,0,4604.14,4598.799631301348,4598.79,F1,True,4311777.11,-501027.50000003405,-522098.75000003405,1768514400|LONG,EXIT_STLINE,False,SuperTrend-p14x3-M15,LONG,L,0.5,1768518027.116,1768514400,1768515300.0,1768518000
1889358.4260422087,slo0.20,0.5,4598.06,0,4597.75,4613.786599766163,4613.92,F1,True,4305792.875,-1514320.5000000068,-1535391.7500000068,1768518000|SHORT,EXIT_STLINE,False,SuperTrend-p14x3-M15,SHORT,S,0.5,1768531904.758,1768518000,1768518900.0,1768531500
226314.56810116657,slo0.20,0.5,4611.37,0,4611.37,4613.786599766163,4614.12,F1,True,4318548.005,-257537.5,-278608.75,1768531500|SHORT,EXIT_STLINE,False,SuperTrend-p14x3-M15,SHORT,S,0.5,1768552568.676,1768531500,1768532400.0,1768552200
1793906.5907434379,slo0.20,0.5,4659.42,0,4659.49,4677.263590310515,4677.52,F1,True,4363612.385,-1688509.5000000612,-1709580.7500000612,1768857300|SHORT,EXIT_STLINE,False,SuperTrend-p14x3-M15,SHORT,S,0.5,1768869607.576,1768857300,1768858200.0,1768869000
53716.73257973921,slo0.20,0.5,4676.69,0,4676.69,4677.263590310515,4677.33,F1,True,4379720.185,-59936.00000003066,-81007.25000003066,1768869000|SHORT,EXIT_STLINE,False,SuperTrend-p14x3-M15,SHORT,S,0.5,1768869901.114,1768869000,1768869900.0,1768869900
1768127.1794628736,slo0.20,0.5,4680.03,0,4680.53,4843.3869138603495,4842.84,F1,True,4383316.345,15200331.500000037,15179260.250000037,1768869900|LONG,EXIT_STLINE,False,SuperTrend-p14x3-M15,LONG,L,0.5,1768968059.668,1768869900,1768870800.0,1768968000
6343096.196764432,slo0.20,0.5,4778.3,0,4778.13,4829.417621316048,4829.45,F1,True,4474718.745,-4806117.999999973,-4827189.249999973,1769028300|SHORT,EXIT_STLINE,False,SuperTrend-p14x3-M15,SHORT,S,0.5,1769052410.249,1769028300,1769029200.0,1769051700
375313.73624791804,slo0.20,0.5,4825.41,0,4825.41,4829.417621316048,4829.45,F1,True,4518996.465,-378345.99999999657,-399417.24999999657,1769051700|SHORT,EXIT_STLINE,False,SuperTrend-p14x3-M15,SHORT,S,0.5,1769054532.02,1769051700,1769052600.0,1769054400
7631076.6728825,slo0.20,0.5,5071.3,0,5072.01,5061.978321727371,5061.68,F1,True,4749937.365,-967404.4999999931,-988475.7499999931,1769464800|LONG,EXIT_STLINE,False,SuperTrend-p14x3-M15,LONG,L,0.5,1769511941.798,1769464800,1769465700.0,1769511600
2718574.9894206775,slo0.20,0.5,5479.87,0,5480.28,5509.250511183289,5509.14,F1,True,5132282.22,2702739.0000000545,2681667.7500000545,1769637600|LONG,EXIT_STLINE,False,SuperTrend-p14x3-M15,LONG,L,0.5,1769665339.954,1769637600,1769638500.0,1769664600
16597736.727076972,slo0.20,0.5,5310.91,0,5309.65,4932.266953038626,4932.72,F1,True,4972487.225,35299494.49999995,35278423.24999995,1769724000|SHORT,EXIT_STLINE,False,SuperTrend-p14x3-M15,SHORT,S,0.5,1769791535.218,1769724000,1769724900.0,1769791500
431770.3800792381,slo0.20,0.5,4741.05,0,4741.66,4737.04953144603,4733.5,F1,True,4440564.59,-764183.9999999864,-785255.2499999864,1769976000|LONG,EXIT_STLINE,False,SuperTrend-p14x3-M15,LONG,L,0.5,1769976949.454,1769976000,1769976900.0,1769976900
18425681.851984166,slo0.20,0.5,4728.01,0,4728.01,4647.70392431443,4648.03,F1,True,4427781.365,7490127.000000045,7469055.750000045,1769976900|SHORT,EXIT_STLINE,False,SuperTrend-p14x3-M15,SHORT,S,0.5,1770009741.897,1769976900,1769977800.0,1770009300
13280678.032651488,slo0.20,0.5,4774.1,0,4774.6,4903.066846838563,4902.01,F1,True,4471412.9,11931946.499999987,11910875.249999987,1770065100|LONG,EXIT_STLINE,False,SuperTrend-p14x3-M15,LONG,L,0.5,1770132750.589,1770065100,1770066000.0,1770132600
9461944.465511026,slo0.20,0.5,5009.26,0,5010.25,4944.4872610984075,4944.45,F1,True,4692099.125,-6162170.000000017,-6183241.250000017,1770235200|LONG,EXIT_STLINE,False,SuperTrend-p14x3-M15,LONG,L,0.5,1770243576.872,1770235200,1770236100.0,1770243300
745710.4981341165,slo0.20,0.5,4951.92,0,4952.45,4944.4872610984075,4944.33,F1,True,4637969.425,-760437.9999999898,-781509.2499999898,1770243300|LONG,EXIT_STLINE,False,SuperTrend-p14x3-M15,LONG,L,0.5,1770246321.165,1770243300,1770244200.0,1770246000
9590703.31354888,slo0.20,0.5,4915.08,0,4915.24,4935.97661216599,4936.25,F1,True,4603122.26,-1967586.5000000205,-1988657.7500000205,1770246000|SHORT,EXIT_STLINE,False,SuperTrend-p14x3-M15,SHORT,S,0.5,1770265575.085,1770246000,1770246900.0,1770264900
154830.29208782437,slo0.20,0.5,4773.96,0,4774.02,4775.673286621333,4775.7,F1,True,4470869.73,-157331.99999994208,-178403.24999994208,1770331500|SHORT,EXIT_STLINE,False,SuperTrend-p14x3-M15,SHORT,S,0.5,1770332401.414,1770331500,1770332400.0,1770332400
11363184.697401995,slo0.20,0.5,4787.59,0,4787.99,4982.718406964909,4981.66,F1,True,4483952.635,18137195.500000007,18116124.250000007,1770332400|LONG,EXIT_STLINE,False,SuperTrend-p14x3-M15,LONG,L,0.5,1770590211.436,1770332400,1770333300.0,1770589800
2558667.187736244,slo0.20,0.5,5009.5,0,5010.04,4982.718406964909,4982.53,F1,True,4691902.46,-2576311.5000000205,-2597382.7500000205,1770589800|LONG,EXIT_STLINE,False,SuperTrend-p14x3-M15,LONG,L,0.5,1770591528.472,1770589800,1770590700.0,1770590700
7192074.645244347,slo0.20,0.5,4982.43,0,4982.43,5039.633998048141,5040.2,F1,True,4666045.695,-5410160.499999955,-5431231.749999955,1770590700|SHORT,EXIT_STLINE,False,SuperTrend-p14x3-M15,SHORT,S,0.5,1770637503.356,1770590700,1770591600.0,1770637500
6676553.482729759,slo0.20,0.5,5013.04,0,5013.21,5063.316068081625,5063.32,F1,True,4694871.165,-4692801.499999969,-4713872.749999969,1770667200|SHORT,EXIT_STLINE,False,SuperTrend-p14x3-M15,SHORT,S,0.5,1770703756.42,1770667200,1770668100.0,1770703200
1093463.7758441896,slo0.20,0.5,5051.62,0,5051.64,5063.316068081625,5063.37,F1,True,4730860.86,-1098514.499999959,-1119585.749999959,1770703200|SHORT,EXIT_STLINE,False,SuperTrend-p14x3-M15,SHORT,S,0.5,1770722185.632,1770703200,1770704100.0,1770722100
579533.1363877214,slo0.20,0.5,5046.55,0,5046.55,5052.738287628273,5052.83,F1,True,4726094.075,-588121.9999999761,-609193.2499999761,1770754500|SHORT,EXIT_STLINE,False,SuperTrend-p14x3-M15,SHORT,S,0.5,1770764348.679,1770754500,1770755400.0,1770763500
34490.13638774868,slo0.20,0.5,5052.37,0,5052.37,5052.738287628273,5052.87,F1,True,4731544.505,-46825.0,-67896.25,1770763500|SHORT,EXIT_STLINE,False,SuperTrend-p14x3-M15,SHORT,S,0.5,1770764400.062,1770763500,1770764400.0,1770764400
1464525.6363877044,slo0.20,0.5,5037.1,0,5037.1,5052.738287628273,5052.82,F1,True,4717244.15,-1472177.9999999388,-1493249.2499999388,1770764400|SHORT,EXIT_STLINE,False,SuperTrend-p14x3-M15,SHORT,S,0.5,1770767043.899,1770764400,1770765300.0,1770766200
3971848.4180115093,slo0.20,0.5,5053.82,0,5054.32,5079.562337351246,5079.34,F1,True,4733370.68,2343123.000000041,2322051.750000041,1770766200|LONG,EXIT_STLINE,False,SuperTrend-p14x3-M15,LONG,L,0.5,1770802868.206,1770766200,1770767100.0,1770802200
5814471.594078336,slo0.20,0.5,4969.78,0,4970.28,4944.2324050151965,4943.9,F1,True,4654667.22,-2470487.0000000102,-2491558.2500000102,1770934500|LONG,EXIT_STLINE,False,SuperTrend-p14x3-M15,LONG,L,0.5,1770969639.663,1770934500,1770935400.0,1770969600
3782438.1346511724,slo0.20,0.5,4994.51,0,4994.51,5010.377627792319,5010.42,F1,True,4677358.615,-1489971.4999999863,-1511042.7499999863,1771199100|SHORT,EXIT_STLINE,False,SuperTrend-p14x3-M15,SHORT,S,0.5,1771217260.963,1771199100,1771200000.0,1771217100
626572.922484937,slo0.20,0.5,4994.21,0,4994.21,4927.663374614707,4928.11,F1,True,4677077.665,6190265.000000034,6169193.750000034,1771272900|SHORT,EXIT_STLINE,False,SuperTrend-p14x3-M15,SHORT,S,0.5,1771305163.091,1771272900,1771273800.0,1771304400
3615600.198905791,slo0.20,0.5,4904.81,0,4905.31,4911.128846442076,4910.95,F1,True,4593822.815,528185.9999999455,507114.7499999455,1771371000|LONG,EXIT_STLINE,False,SuperTrend-p14x3-M15,LONG,L,0.5,1771400288.211,1771371000,1771371900.0,1771399800
311809.05316308374,slo0.20,0.5,4976.8,0,4977.3,4973.970485283897,4973.89,F1,True,4661241.45,-319346.4999999864,-340417.7499999864,1771444800|LONG,EXIT_STLINE,False,SuperTrend-p14x3-M15,LONG,L,0.5,1771445834.274,1771444800,1771445700.0,1771445700
781932.0531630395,slo0.20,0.5,4981.82,0,4982.32,4973.970485283897,4973.76,F1,True,4665942.68,-801643.9999999523,-822715.2499999523,1771445700|LONG,EXIT_STLINE,False,SuperTrend-p14x3-M15,LONG,L,0.5,1771448163.642,1771445700,1771446600.0,1771447500
223778.05316303606,slo0.20,0.5,4975.86,0,4976.36,4973.970485283897,4973.86,F1,True,4660361.14,-234125.0,-255196.25,1771447500|LONG,EXIT_STLINE,False,SuperTrend-p14x3-M15,LONG,L,0.5,1771448414.751,1771447500,1771448400.0,1771448400
2844403.212951861,slo0.20,0.5,4967.8,0,4967.8,4990.965088763702,4990.97,F1,True,4652344.7,-2169870.500000007,-2190941.750000007,1771448400|SHORT,EXIT_STLINE,False,SuperTrend-p14x3-M15,SHORT,S,0.5,1771467000.873,1771448400,1771449300.0,1771466400
70714.0627206622,slo0.20,0.5,4990.21,0,4990.21,4990.965088763702,4990.97,F1,True,4673331.665,-71174.00000002045,-92245.25000002045,1771466400|SHORT,EXIT_STLINE,False,SuperTrend-p14x3-M15,SHORT,S,0.5,1771468279.448,1771466400,1771467300.0,1771468200
2399632.8639336615,slo0.20,0.5,4995.85,0,4996.35,4998.405685816801,4998.32,F1,True,4679081.775,184490.49999993868,163419.24999993868,1771468200|LONG,EXIT_STLINE,False,SuperTrend-p14x3-M15,LONG,L,0.5,1771482969.082,1771468200,1771469100.0,1771482600
90118.90885629287,slo0.20,0.5,5013.29,0,5013.29,5014.25229480893,5014.64,F1,True,4694946.085,-126427.50000003407,-147498.75000003405,1771538400|SHORT,EXIT_STLINE,False,SuperTrend-p14x3-M15,SHORT,S,0.5,1771556457.351,1771538400,1771539300.0,1771556400
2490715.604169619,slo0.20,0.5,5016.46,0,5016.96,5009.314608744059,5009.0,F1,True,4698383.04,-745454.0000000034,-766525.2500000034,1771556400|LONG,EXIT_STLINE,False,SuperTrend-p14x3-M15,LONG,L,0.5,1771579857.819,1771556400,1771557300.0,1771579800
5393069.654367865,slo0.20,0.5,5185.16,0,5185.32,5152.628341519352,5154.12,F1,True,4856052.18,2921879.999999983,2900808.749999983,1771884000|SHORT,EXIT_STLINE,False,SuperTrend-p14x3-M15,SHORT,S,0.5,1771937143.609,1771884000,1771884900.0,1771937100
3667294.6542705065,slo0.20,0.5,5135.6,0,5135.6,5169.443538445213,5169.58,F1,True,4809489.4,-3182226.999999959,-3203298.249999959,1771963200|SHORT,EXIT_STLINE,False,SuperTrend-p14x3-M15,SHORT,S,0.5,1771970878.6,1771963200,1771964100.0,1771970400
5310665.851042351,slo0.20,0.5,5174.14,0,5175.27,5174.766348308905,5174.57,F1,True,4846640.355,-65555.00000006813,-86626.25000006813,1771970400|LONG,EXIT_STLINE,False,SuperTrend-p14x3-M15,LONG,L,0.5,1772004044.479,1771970400,1771971300.0,1772003700
513033.2292241479,slo0.20,0.5,5187.49,0,5187.49,5192.968197856104,5193.04,F1,True,4858084.385,-519757.50000001705,-540828.750000017,1772056800|SHORT,EXIT_STLINE,False,SuperTrend-p14x3-M15,SHORT,S,0.5,1772057723.343,1772056800,1772057700.0,1772057700
1178884.7292241172,slo0.20,0.5,5180.38,0,5180.38,5192.968197856104,5193.14,F1,True,4851425.87,-1194974.0000000205,-1216045.2500000205,1772057700|SHORT,EXIT_STLINE,False,SuperTrend-p14x3-M15,SHORT,S,0.5,1772059967.389,1772057700,1772058600.0,1772059500
150607.72922415813,slo0.20,0.5,5191.35,0,5191.36,5192.968197856104,5193.24,F1,True,4861708.64,-176062.00000001022,-197133.25000001022,1772059500|SHORT,EXIT_STLINE,False,SuperTrend-p14x3-M15,SHORT,S,0.5,1772060405.313,1772059500,1772060400.0,1772060400
949442.2292241342,slo0.20,0.5,5182.88,0,5182.83,5192.968197856104,5192.97,F1,True,4853720.295,-949611.0000000306,-970682.2500000306,1772060400|SHORT,EXIT_STLINE,False,SuperTrend-p14x3-M15,SHORT,S,0.5,1772065097.403,1772060400,1772061300.0,1772064900
447478.22922416497,slo0.20,0.5,5188.19,0,5188.19,5192.968197856104,5193.18,F1,True,4858739.935,-467313.5000000647,-488384.7500000647,1772064900|SHORT,EXIT_STLINE,False,SuperTrend-p14x3-M15,SHORT,S,0.5,1772067428.408,1772064900,1772065800.0,1772066700
41037.22922415131,slo0.20,0.5,5192.53,0,5192.53,5192.968197856104,5193.03,F1,True,4862804.345,-46825.0,-67896.25,1772066700|SHORT,EXIT_STLINE,False,SuperTrend-p14x3-M15,SHORT,S,0.5,1772067600.077,1772066700,1772067600.0,1772067600
3072824.35989865,slo0.20,0.5,5196.7,0,5197.2,5173.314114148736,5173.05,F1,True,4867177.8,-2261647.499999966,-2282718.749999966,1772067600|LONG,EXIT_STLINE,False,SuperTrend-p14x3-M15,LONG,L,0.5,1772084033.495,1772067600,1772068500.0,1772083800
847985.1905418491,slo0.20,0.5,5176.33,0,5176.83,5172.19657531454,5172.09,F1,True,4848101.295,-443900.99999997957,-464972.24999997957,1772143200|LONG,EXIT_STLINE,False,SuperTrend-p14x3-M15,LONG,L,0.5,1772175319.268,1772143200,1772144100.0,1772174700
5008860.456288667,slo0.20,0.5,5319.05,0,5319.03,5213.650303098263,5213.69,F1,True,4981271.595,9865091.000000013,9844019.750000013,1772505900|SHORT,EXIT_STLINE,False,SuperTrend-p14x3-M15,SHORT,S,0.5,1772531753.049,1772505900,1772506800.0,1772531100
6559181.396985273,slo0.20,0.5,5158.63,0,5159.84,5123.107832768296,5121.99,F1,True,4832190.16,-3544652.500000034,-3565723.750000034,1772575200|LONG,EXIT_STLINE,False,SuperTrend-p14x3-M15,LONG,L,0.5,1772593590.285,1772575200,1772576100.0,1772593200
1802028.9612490905,slo0.20,0.5,5142.39,0,5142.35,5158.5320340232565,5158.49,F1,True,4815810.775,1511510.9999999455,1490439.7499999455,1772593200|LONG,EXIT_STLINE,False,SuperTrend-p14x3-M15,LONG,L,0.5,1772617283.032,1772593200,1772594100.0,1772616600
132020.46479085958,slo0.20,0.5,5173.33,0,5173.36,5174.769721994563,5174.85,F1,True,4844851.64,-139538.50000006473,-160609.75000006473,1772658900|SHORT,EXIT_STLINE,False,SuperTrend-p14x3-M15,SHORT,S,0.5,1772660450.62,1772658900,1772659800.0,1772659800
326812.46479085274,slo0.20,0.5,5171.28,0,5171.28,5174.769721994563,5174.77,F1,True,4842903.72,-326838.5000000647,-347909.7500000647,1772659800|SHORT,EXIT_STLINE,False,SuperTrend-p14x3-M15,SHORT,S,0.5,1772660954.576,1772659800,1772660700.0,1772660700
220987.96479084252,slo0.20,0.5,5172.41,0,5172.41,5174.769721994563,5174.89,F1,True,4843961.965,-232252.0000000443,-253323.2500000443,1772660700|SHORT,EXIT_STLINE,False,SuperTrend-p14x3-M15,SHORT,S,0.5,1772661651.491,1772660700,1772661600.0,1772661600
3383021.001912478,slo0.20,0.5,5176.5,0,5177.0,5152.598857710186,5152.16,F1,True,4848260.5,-2326266.0000000135,-2347337.2500000135,1772661600|LONG,EXIT_STLINE,False,SuperTrend-p14x3-M15,LONG,L,0.5,1772679496.568,1772661600,1772662500.0,1772678700
4158450.7963315337,slo0.20,0.5,5148.32,0,5148.44,5174.571990957975,5174.87,F1,True,4821514.06,-2475169.5000000275,-2496240.7500000275,1772678700|SHORT,EXIT_STLINE,False,SuperTrend-p14x3-M15,SHORT,S,0.5,1772690782.613,1772678700,1772679600.0,1772690400
6093131.899545123,slo0.20,0.5,5118.52,0,5118.77,5095.980691730109,5095.78,F1,True,4793728.105,-2153013.5000000647,-2174084.7500000647,1772749800|LONG,EXIT_STLINE,False,SuperTrend-p14x3-M15,LONG,L,0.5,1772777584.78,1772749800,1772750700.0,1772776800
458254.19543383,slo0.20,0.5,5125.47,0,5126.29,5121.396735766857,5120.85,F1,True,4800770.585,-509455.9999999625,-530527.2499999625,1772998200|LONG,EXIT_STLINE,False,SuperTrend-p14x3-M15,LONG,L,0.5,1772999281.735,1772998200,1772999100.0,1772999100
851584.1954338129,slo0.20,0.5,5129.99,0,5130.49,5121.396735766857,5121.07,F1,True,4804703.885,-882183.0000000069,-903254.2500000069,1772999100|LONG,EXIT_STLINE,False,SuperTrend-p14x3-M15,LONG,L,0.5,1773000156.18,1772999100,1773000000.0,1773000000
7892050.589717937,slo0.20,0.5,5101.57,0,5101.65,5123.274701592284,5123.44,F1,True,4777695.225,-2040633.4999999965,-2061704.7499999965,1773000000|SHORT,EXIT_STLINE,False,SuperTrend-p14x3-M15,SHORT,S,0.5,1773024337.52,1773000000,1773000900.0,1773024300
4891892.906850019,slo0.20,0.5,5124.12,0,5124.62,5072.9179149319725,5072.77,F1,True,4799206.63,-4855752.499999949,-4876823.749999949,1773024300|LONG,EXIT_STLINE,False,SuperTrend-p14x3-M15,LONG,L,0.5,1773053137.116,1773024300,1773025200.0,1773053100
4157744.700059423,slo0.20,0.5,5169.54,0,5170.19,5137.037112550644,5137.0,F1,True,4841882.935,-3108243.4999999627,-3129314.7499999627,1773268200|LONG,EXIT_STLINE,False,SuperTrend-p14x3-M15,LONG,L,0.5,1773282331.031,1773268200,1773269100.0,1773281700
587455.9096321847,slo0.20,0.5,5142.81,0,5143.31,5165.680393989338,5165.56,F1,True,4816709.815,2083712.5,2062641.25,1773281700|LONG,EXIT_STLINE,False,SuperTrend-p14x3-M15,LONG,L,0.5,1773306956.862,1773281700,1773282600.0,1773306900
225901.81030167427,slo0.20,0.5,5097.93,0,5097.93,5100.342192315021,5100.37,F1,True,4774211.445,-228505.9999999625,-249577.2499999625,1773348300|SHORT,EXIT_STLINE,False,SuperTrend-p14x3-M15,SHORT,S,0.5,1773349219.743,1773348300,1773349200.0,1773349200
3300128.0072605596,slo0.20,0.5,5105.83,0,5106.33,5097.262294265662,5097.22,F1,True,4782078.045,-853151.4999999694,-874222.7499999694,1773349200|LONG,EXIT_STLINE,False,SuperTrend-p14x3-M15,LONG,L,0.5,1773372078.66,1773349200,1773350100.0,1773371700
3226759.4096789,slo0.20,0.5,5027.59,0,5028.09,5015.8121858455925,5013.67,F1,True,4708806.285,-1350433.0000000068,-1371504.2500000068,1773701100|LONG,EXIT_STLINE,False,SuperTrend-p14x3-M15,LONG,L,0.5,1773716500.282,1773701100,1773702000.0,1773716400
5099602.305797894,slo0.20,0.5,4865.59,0,4866.09,4823.309312100508,4823.13,F1,True,4557093.285,-4023204.0000000033,-4044275.2500000033,1773873000|LONG,EXIT_STLINE,False,SuperTrend-p14x3-M15,LONG,L,0.5,1773890343.322,1773873000,1773873900.0,1773890100
1317482.5185335267,slo0.20,0.5,4435.54,0,4435.37,4257.497426507816,4257.54,F1,True,4153724.005,16653779.499999993,16632708.249999993,1774218600|SHORT,EXIT_STLINE,False,SuperTrend-p14x3-M15,SHORT,S,0.5,1774243973.365,1774218600,1774219500.0,1774243800
10088207.596858628,slo0.20,0.5,4344.15,0,4344.24,4409.759049828868,4410.08,F1,True,4068380.76,-6165916.000000014,-6186987.250000014,1774301400|SHORT,EXIT_STLINE,False,SuperTrend-p14x3-M15,SHORT,S,0.5,1774324821.443,1774301400,1774302300.0,1774324800
5718273.474441886,slo0.20,0.5,4434.9,0,4435.33,4422.746330696219,4422.49,F1,True,4153686.545,-1202466.0000000137,-1223537.2500000137,1774566000|LONG,EXIT_STLINE,False,SuperTrend-p14x3-M15,LONG,L,0.5,1774591755.814,1774566000,1774566900.0,1774591200
1833433.4203501965,slo0.20,0.5,4496.94,0,4497.49,4477.9124941767195,4477.54,F1,True,4211899.385,-1868317.499999983,-1889388.749999983,1774810800|LONG,EXIT_STLINE,False,SuperTrend-p14x3-M15,LONG,L,0.5,1774814759.972,1774810800,1774811700.0,1774814400
97162.42035019996,slo0.20,0.5,4478.39,0,4478.95,4477.9124941767195,4477.9,F1,True,4194536.675,-98332.50000001704,-119403.75000001704,1774814400|LONG,EXIT_STLINE,False,SuperTrend-p14x3-M15,LONG,L,0.5,1774815584.373,1774814400,1774815300.0,1774815300
5919341.971957826,slo0.20,0.5,4472.23,0,4472.16,4495.357029758434,4495.85,F1,True,4188177.84,-2218568.5000000475,-2239639.7500000475,1774815300|SHORT,EXIT_STLINE,False,SuperTrend-p14x3-M15,SHORT,S,0.5,1774827843.759,1774815300,1774816200.0,1774827000
77451.33687734755,slo0.20,0.5,4494.46,0,4494.53,4495.357029758434,4495.46,F1,True,4209127.345,-87094.50000002726,-108165.75000002726,1774827000|SHORT,EXIT_STLINE,False,SuperTrend-p14x3-M15,SHORT,S,0.5,1774827952.418,1774827000,1774827900.0,1774827900
1337980.336877351,slo0.20,0.5,4481.05,0,4481.07,4495.357029758434,4495.39,F1,True,4196522.055,-1341068.000000058,-1362139.250000058,1774827900|SHORT,EXIT_STLINE,False,SuperTrend-p14x3-M15,SHORT,S,0.5,1774829096.717,1774827900,1774828800.0,1774828800
7168260.217653685,slo0.20,0.5,4504.45,0,4504.85,4528.659366950237,4528.4,F1,True,4218792.025,2205457.499999932,2184386.249999932,1774828800|LONG,EXIT_STLINE,False,SuperTrend-p14x3-M15,LONG,L,0.5,1774868125.462,1774828800,1774829700.0,1774867500
5104596.648225621,slo0.20,0.5,4547.61,0,4548.09,4547.543527135255,4547.54,F1,True,4259286.285,-51507.50000001703,-72578.75000001703,1774907100|LONG,EXIT_STLINE,False,SuperTrend-p14x3-M15,LONG,L,0.5,1774930758.979,1774907100,1774908000.0,1774930500
556225.6581871483,slo0.20,0.5,4672.17,0,4672.95,4717.8528154185815,4717.78,F1,True,4376217.675,4198329.4999999935,4177258.2499999935,1775006100|LONG,EXIT_STLINE,False,SuperTrend-p14x3-M15,LONG,L,0.5,1775037611.584,1775006100,1775007000.0,1775037600
4250261.803425637,slo0.20,0.5,4750.79,0,4750.75,4644.667251470914,4645.44,F1,True,4449077.375,9862281.500000037,9841210.250000037,1775080800|SHORT,EXIT_STLINE,False,SuperTrend-p14x3-M15,SHORT,S,0.5,1775105306.561,1775080800,1775081700.0,1775105100
5834792.107147808,slo0.20,0.5,4630.3,0,4631.08,4667.528391800045,4667.71,F1,True,4337006.42,-3430399.5000000102,-3451470.7500000102,1775412000|SHORT,EXIT_STLINE,False,SuperTrend-p14x3-M15,SHORT,S,0.5,1775427629.434,1775412000,1775412900.0,1775427300
610447.3920741965,slo0.20,0.5,4660.88,0,4661.01,4667.528391800045,4667.54,F1,True,4365035.865,-611534.4999999761,-632605.7499999761,1775427300|SHORT,EXIT_STLINE,False,SuperTrend-p14x3-M15,SHORT,S,0.5,1775437659.907,1775427300,1775428200.0,1775437200
4914423.516873353,slo0.20,0.5,4673.44,0,4673.98,4666.99518333289,4666.58,F1,True,4377182.27,-693009.9999999659,-714081.2499999659,1775437200|LONG,EXIT_STLINE,False,SuperTrend-p14x3-M15,LONG,L,0.5,1775463662.449,1775437200,1775438100.0,1775463300
3047265.398522825,slo0.20,0.5,4761.11,0,4761.12,4763.428097983361,4763.48,F1,True,4458788.88,-221013.99999996932,-242085.24999996932,1775759400|SHORT,EXIT_STLINE,False,SuperTrend-p14x3-M15,SHORT,S,0.5,1775806257.326,1775759400,1775760300.0,1775806200
5295466.016464551,slo0.20,0.5,4714.74,0,4715.48,4707.705438787903,4707.06,F1,True,4416047.02,-788532.9999999217,-809604.2499999217,1776027600|LONG,EXIT_STLINE,False,SuperTrend-p14x3-M15,LONG,L,0.5,1776066072.19,1776027600,1776028500.0,1776065400
310401.88700284786,slo0.20,0.5,4828.16,0,4828.65,4825.335511083792,4825.32,F1,True,4522030.725,-311854.4999999932,-332925.7499999932,1776205800|LONG,EXIT_STLINE,False,SuperTrend-p14x3-M15,LONG,L,0.5,1776206863.928,1776205800,1776206700.0,1776206700
2810020.151199827,slo0.20,0.5,4823.75,0,4823.77,4823.934009807962,4824.02,F1,True,4517460.605,-23412.5,-44483.75,1776206700|SHORT,EXIT_STLINE,False,SuperTrend-p14x3-M15,SHORT,S,0.5,1776245909.074,1776206700,1776207600.0,1776245400
369992.71727726795,slo0.20,0.5,4807.49,0,4807.41,4811.360803174343,4811.38,F1,True,4502139.465,-371790.50000002387,-392861.75000002387,1776278700|SHORT,EXIT_STLINE,False,SuperTrend-p14x3-M15,SHORT,S,0.5,1776280294.4,1776278700,1776279600.0,1776279600
2302030.0102045657,slo0.20,0.5,4812.39,0,4812.87,4815.241423676851,4815.07,F1,True,4507252.755,206029.99999998297,184958.74999998297,1776279600|LONG,EXIT_STLINE,False,SuperTrend-p14x3-M15,LONG,L,0.5,1776306512.553,1776279600,1776280500.0,1776305700
116929.17266289279,slo0.20,0.5,4816.06,0,4816.49,4815.241423676851,4815.24,F1,True,4510642.885,-117062.5,-138133.75,1776305700|LONG,EXIT_STLINE,False,SuperTrend-p14x3-M15,LONG,L,0.5,1776306874.424,1776305700,1776306600.0,1776306600
861446.6726628757,slo0.20,0.5,4823.99,0,4824.44,4815.241423676851,4815.1,F1,True,4518088.06,-874690.9999999284,-895762.2499999284,1776306600|LONG,EXIT_STLINE,False,SuperTrend-p14x3-M15,LONG,L,0.5,1776312184.563,1776306600,1776307500.0,1776312000
169746.03236289136,slo0.20,0.5,4795.82,0,4795.8,4797.612557740127,4797.64,F1,True,4491266.7,-172316.00000001362,-193387.25000001362,1776380400|SHORT,EXIT_STLINE,False,SuperTrend-p14x3-M15,SHORT,S,0.5,1776381490.292,1776380400,1776381300.0,1776381300
343935.03236294584,slo0.20,0.5,4793.99,0,4793.94,4797.612557740127,4797.62,F1,True,4489524.81,-344632.00000002724,-365703.25000002724,1776381300|SHORT,EXIT_STLINE,False,SuperTrend-p14x3-M15,SHORT,S,0.5,1776386046.302,1776381300,1776382200.0,1776385800
2262225.828718842,slo0.20,0.5,4800.89,0,4801.37,4783.183989645532,4783.18,F1,True,4496483.005,-1703493.4999999625,-1724564.7499999625,1776385800|LONG,EXIT_STLINE,False,SuperTrend-p14x3-M15,LONG,L,0.5,1776392989.711,1776385800,1776386700.0,1776392100
89530.3696959434,slo0.20,0.5,4783.66,0,4784.14,4783.183989645532,4783.16,F1,True,4480347.11,-91777.0000000443,-112848.2500000443,1776392100|LONG,EXIT_STLINE,False,SuperTrend-p14x3-M15,LONG,L,0.5,1776393012.715,1776392100,1776393000.0,1776393000
245925.8696959502,slo0.20,0.5,4785.4,0,4785.81,4783.183989645532,4783.12,F1,True,4481911.065,-251918.5000000477,-272989.75000004773,1776393000|LONG,EXIT_STLINE,False,SuperTrend-p14x3-M15,LONG,L,0.5,1776397351.938,1776393000,1776393900.0,1776396600
2788858.199219236,slo0.20,0.5,4790.3,0,4790.21,4788.6846930926595,4788.82,F1,True,4486031.665,130173.50000003066,109102.25000003066,1776621600|SHORT,EXIT_STLINE,False,SuperTrend-p14x3-M15,SHORT,S,0.5,1776632683.032,1776621600,1776622500.0,1776632400
4415461.131417872,slo0.20,0.5,4793.53,0,4794.04,4810.210202077155,4809.96,F1,True,4489618.46,1490908.0000000068,1469836.7500000068,1776632400|LONG,EXIT_STLINE,False,SuperTrend-p14x3-M15,LONG,L,0.5,1776721241.194,1776632400,1776633300.0,1776720600
337121.07547443686,slo0.20,0.5,4813.36,0,4813.81,4810.210202077155,4810.2,F1,True,4508133.065,-338076.5000000545,-359147.7500000545,1776720600|LONG,EXIT_STLINE,False,SuperTrend-p14x3-M15,LONG,L,0.5,1776722022.203,1776720600,1776721500.0,1776721500
1978149.8188487059,slo0.20,0.5,4810.09,0,4810.14,4724.824971869151,4725.95,F1,True,4504696.11,7884393.5000000475,7863322.2500000475,1776721500|SHORT,EXIT_STLINE,False,SuperTrend-p14x3-M15,SHORT,S,0.5,1776794420.33,1776721500,1776722400.0,1776794400
173884.81499335647,slo0.20,0.5,4748.34,0,4748.62,4746.763248104716,4746.7,F1,True,4447082.63,-179808.0000000068,-200879.2500000068,1776837600|LONG,EXIT_STLINE,False,SuperTrend-p14x3-M15,LONG,L,0.5,1776847293.502,1776837600,1776838500.0,1776846600
2206031.9504127405,slo0.20,0.5,4746.62,0,4746.65,4736.554466076814,4736.9,F1,True,4445237.725,913087.5,892016.25,1776846600|SHORT,EXIT_STLINE,False,SuperTrend-p14x3-M15,SHORT,S,0.5,1776889564.617,1776846600,1776847500.0,1776888900
5210171.319658401,slo0.20,0.5,4741.38,0,4741.84,4716.655401978586,4716.5,F1,True,4440733.16,-2373091.0000000135,-2394162.2500000135,1776888900|LONG,EXIT_STLINE,False,SuperTrend-p14x3-M15,LONG,L,0.5,1776895547.104,1776888900,1776889800.0,1776895200
4042358.370396937,slo0.20,0.5,4707.27,0,4707.18,4715.145975708563,4715.15,F1,True,4408274.07,-746390.4999999386,-767461.7499999386,1776895200|SHORT,EXIT_STLINE,False,SuperTrend-p14x3-M15,SHORT,S,0.5,1776930870.401,1776895200,1776896100.0,1776930300
3046921.7943090126,slo0.20,0.5,4685.14,1,4686.44,4699.130852927488,4699.14,F1,True,4388851.06,-1189355.0000000682,-1210426.2500000682,1777226400|SHORT,EXIT_STLINE,False,SuperTrend-p14x3-M15,SHORT,S,0.5,1777237203.339,1777226400,1777228200.0,1777237200
603185.8766593239,slo0.20,0.5,4692.66,0,4692.69,4699.130852927488,4699.15,F1,True,4394704.185,-604979.0000000034,-626050.2500000034,1777237200|SHORT,EXIT_STLINE,False,SuperTrend-p14x3-M15,SHORT,S,0.5,1777239066.784,1777237200,1777238100.0,1777239000
126507.37665931034,slo0.20,0.5,4697.8,0,4697.78,4699.130852927488,4699.15,F1,True,4399470.97,-128300.49999998978,-149371.74999998978,1777239000|SHORT,EXIT_STLINE,False,SuperTrend-p14x3-M15,SHORT,S,0.5,1777239917.48,1777239000,1777239900.0,1777239900
2441427.1803941582,slo0.20,0.5,4702.49,0,4702.98,4704.555533123476,4704.54,F1,True,4404340.77,146094.0000000375,125022.75000003749,1777239900|LONG,EXIT_STLINE,False,SuperTrend-p14x3-M15,LONG,L,0.5,1777266594.953,1777239900,1777240800.0,1777266000
315863.1113282595,slo0.20,0.5,4691.86,0,4692.0,4695.372804178625,4695.44,F1,True,4394058.0,-322155.9999999625,-343227.2499999625,1777319100|SHORT,EXIT_STLINE,False,SuperTrend-p14x3-M15,SHORT,S,0.5,1777320094.647,1777319100,1777320000.0,1777320000
1526949.891411882,slo0.20,0.5,4697.75,0,4698.29,4681.98514264376,4681.58,F1,True,4399948.585,-1564891.5000000035,-1585962.7500000035,1777320000|LONG,EXIT_STLINE,False,SuperTrend-p14x3-M15,LONG,L,0.5,1777326649.425,1777320000,1777320900.0,1777326300
2454720.469968306,slo0.20,0.5,4670.58,0,4670.52,4600.04647415806,4600.06,F1,True,4373941.98,6598579.000000004,6577507.750000004,1777326300|SHORT,EXIT_STLINE,False,SuperTrend-p14x3-M15,SHORT,S,0.5,1777366331.545,1777326300,1777327200.0,1777365900
344301.8049023233,slo0.20,0.5,4596.44,0,4596.37,4600.04647415806,4600.1,F1,True,4304500.505,-349314.5000000443,-370385.7500000443,1777399200|SHORT,EXIT_STLINE,False,SuperTrend-p14x3-M15,SHORT,S,0.5,1777406435.091,1777399200,1777400100.0,1777406400
2449351.11916481,slo0.20,0.5,4607.24,0,4607.76,4581.6363551223085,4581.5,F1,True,4315167.24,-2459249.0000000205,-2480320.2500000205,1777406400|LONG,EXIT_STLINE,False,SuperTrend-p14x3-M15,LONG,L,0.5,1777410269.758,1777406400,1777407300.0,1777410000
100546.8427958136,slo0.20,0.5,4582.46,0,4582.71,4581.6363551223085,4581.6,F1,True,4291707.915,-103951.49999996934,-125022.74999996934,1777410000|LONG,EXIT_STLINE,False,SuperTrend-p14x3-M15,LONG,L,0.5,1777410910.248,1777410000,1777410900.0,1777410900
2538254.7819551993,slo0.20,0.5,4580.28,0,4580.35,4607.4536282109475,4607.52,F1,True,4289497.775,-2544470.500000007,-2565541.750000007,1777410900|SHORT,EXIT_STLINE,False,SuperTrend-p14x3-M15,SHORT,S,0.5,1777424623.232,1777410900,1777411800.0,1777424400
610937.7819552061,slo0.20,0.5,4600.91,0,4600.93,4554.640144919543,4555.73,F1,True,4308770.945,4232980.000000068,4211908.750000068,1777424400|SHORT,EXIT_STLINE,False,SuperTrend-p14x3-M15,SHORT,S,0.5,1777462805.881,1777424400,1777425300.0,1777462200
1012755.5575955546,slo0.20,0.5,4557.94,0,4557.92,4568.73426115959,4568.85,F1,True,4268492.08,-1023594.5000000272,-1044665.7500000272,1777492800|SHORT,EXIT_STLINE,False,SuperTrend-p14x3-M15,SHORT,S,0.5,1777495520.822,1777492800,1777493700.0,1777495500
2343959.491658927,slo0.20,0.5,4569.74,0,4570.12,4551.997070866746,4551.98,F1,True,4279917.38,-1698811.0000000307,-1719882.2500000307,1777495500|LONG,EXIT_STLINE,False,SuperTrend-p14x3-M15,LONG,L,0.5,1777507402.359,1777495500,1777496400.0,1777507200
348652.3133292543,slo0.20,0.5,4555.23,0,4555.72,4551.997070866746,4551.92,F1,True,4266431.78,-355870.00000001705,-376941.25000001705,1777507200|LONG,EXIT_STLINE,False,SuperTrend-p14x3-M15,LONG,L,0.5,1777508270.191,1777507200,1777508100.0,1777508100
2674813.294171518,slo0.20,0.5,4547.21,0,4547.12,4568.322750037549,4568.65,F1,True,4258377.88,-2016284.4999999763,-2037355.7499999763,1777508100|SHORT,EXIT_STLINE,False,SuperTrend-p14x3-M15,SHORT,S,0.5,1777513890.677,1777508100,1777509000.0,1777513500
548110.0410164173,slo0.20,0.5,4562.43,0,4562.47,4568.322750037549,4568.38,F1,True,4272753.155,-553471.4999999864,-574542.7499999864,1777513500|SHORT,EXIT_STLINE,False,SuperTrend-p14x3-M15,SHORT,S,0.5,1777515510.087,1777513500,1777514400.0,1777515300
2591884.134714883,slo0.20,0.5,4569.29,0,4569.79,4609.990505355886,4609.99,F1,True,4279608.335,3764729.999999983,3743658.749999983,1777515300|LONG,EXIT_STLINE,False,SuperTrend-p14x3-M15,LONG,L,0.5,1777543201.486,1777515300,1777516200.0,1777543200
575503.3442949022,slo0.20,0.5,4629.26,0,4629.25,4586.904530091125,4587.13,F1,True,4335292.625,3944537.9999999898,3923466.7499999898,1777587300|SHORT,EXIT_STLINE,False,SuperTrend-p14x3-M15,SHORT,S,0.5,1777623266.976,1777587300,1777588200.0,1777622400
86054.63819217653,slo0.20,0.5,4538.6,0,4538.67,4539.5888962967665,4539.79,F1,True,4250464.455,-104887.99999998978,-125959.24999998978,1777928400|SHORT,EXIT_STLINE,False,SuperTrend-p14x3-M15,SHORT,S,0.5,1777929302.96,1777928400,1777929300.0,1777929300
176895.13819220036,slo0.20,0.5,4537.59,0,4537.7,4539.5888962967665,4539.64,F1,True,4249556.05,-181681.0000000477,-202752.2500000477,1777929300|SHORT,EXIT_STLINE,False,SuperTrend-p14x3-M15,SHORT,S,0.5,1777930619.67,1777929300,1777930200.0,1777930200
263989.6381921425,slo0.20,0.5,4536.77,0,4536.77,4539.5888962967665,4540.54,F1,True,4248685.105,-353060.4999999557,-374131.7499999557,1777930200|SHORT,EXIT_STLINE,False,SuperTrend-p14x3-M15,SHORT,S,0.5,1777931320.984,1777930200,1777931100.0,1777931100
2441011.2479435783,slo0.20,0.5,4540.78,0,4541.38,4553.399463605802,4553.32,F1,True,4253002.37,1118180.9999999625,1097109.7499999625,1777931100|LONG,EXIT_STLINE,False,SuperTrend-p14x3-M15,LONG,L,0.5,1777986579.115,1777931100,1777932000.0,1777986000
2162463.078262377,slo0.20,0.5,4550.36,0,4550.41,4566.831135863362,4567.02,F1,True,4261458.965,-1555526.5000000545,-1576597.7500000545,1778004000|SHORT,EXIT_STLINE,False,SuperTrend-p14x3-M15,SHORT,S,0.5,1778007329.677,1778004000,1778004900.0,1778006700
3321697.0433463557,slo0.20,0.5,4573.14,0,4573.8,4682.631544721802,4682.47,F1,True,4283363.7,10176945.500000007,10155874.250000007,1778006700|LONG,EXIT_STLINE,False,SuperTrend-p14x3-M15,LONG,L,0.5,1778054631.597,1778006700,1778007600.0,1778054400
3155224.2897018194,slo0.20,0.5,4709.56,0,4710.1,4724.926940506165,4724.73,F1,True,4411008.65,1370099.499999925,1349028.249999925,1778101200|LONG,EXIT_STLINE,False,SuperTrend-p14x3-M15,LONG,L,0.5,1778155295.221,1778101200,1778102100.0,1778155200
3651734.9106468265,slo0.20,0.5,4722.71,0,4723.27,4699.71739981479,4699.68,F1,True,4423342.355,-2209203.5000000135,-2230274.7500000135,1778190300|LONG,EXIT_STLINE,False,SuperTrend-p14x3-M15,LONG,L,0.5,1778210729.633,1778190300,1778191200.0,1778210100
101610.2500000034,slo0.25,0.5,4347.59,0,4347.59,4348.675,4348.72,F1,True,4071518.035,-105824.50000001022,-126895.75000001022,1767309300|SHORT,EXIT_STLINE,False,SuperTrend-p14x3-M15,SHORT,S,0.5,1767310204.539,1767309300,1767310200.0,1767310200
2494028.5076530892,slo0.25,0.5,4351.38,0,4351.88,4378.57760313827,4378.57,F1,True,4075535.62,2499518.4999999627,2478447.2499999627,1767310200|LONG,EXIT_STLINE,False,SuperTrend-p14x3-M15,LONG,L,0.5,1767349502.976,1767310200,1767311100.0,1767348900
386418.67061289406,slo0.25,0.5,4436.35,0,4436.85,4432.723799566334,4432.7,F1,True,4155110.0250000004,-388647.5000000511,-409718.7500000511,1767648600|LONG,EXIT_STLINE,False,SuperTrend-p14x3-M15,LONG,L,0.5,1767650559.398,1767648600,1767649500.0,1767650400
884636.6706128669,slo0.25,0.5,4441.72,0,4442.17,4432.723799566334,4432.68,F1,True,4160092.205,-888738.4999999795,-909809.7499999795,1767650400|LONG,EXIT_STLINE,False,SuperTrend-p14x3-M15,LONG,L,0.5,1767652417.756,1767650400,1767651300.0,1767652200
635527.6706128805,slo0.25,0.5,4439.01,0,4439.51,4449.053090416406,4448.58,F1,True,4157601.115,849405.4999999728,828334.2499999728,1767652200|LONG,EXIT_STLINE,False,SuperTrend-p14x3-M15,LONG,L,0.5,1767682031.237,1767652200,1767653100.0,1767681900
3107399.6120945886,slo0.25,0.5,4470.76,0,4470.81,4470.104609798658,4470.24,F1,True,4186913.5650000004,53380.50000005792,32309.250000057917,1767736800|SHORT,EXIT_STLINE,False,SuperTrend-p14x3-M15,SHORT,S,0.5,1767764217.818,1767736800,1767737700.0,1767763800
1056712.8692792538,slo0.25,0.5,4456.84,0,4457.49,4446.206360178545,4445.8,F1,True,4174439.385,-1094768.4999999625,-1115839.7499999625,1767823200|LONG,EXIT_STLINE,False,SuperTrend-p14x3-M15,LONG,L,0.5,1767825855.441,1767823200,1767824100.0,1767825000
153926.86927930836,slo0.25,0.5,4447.39,0,4447.85,4446.206360178545,4445.83,F1,True,4165411.5250000004,-189173.0000000409,-210244.2500000409,1767825000|LONG,EXIT_STLINE,False,SuperTrend-p14x3-M15,LONG,L,0.5,1767825924.548,1767825000,1767825900.0,1767825900
241021.36927925044,slo0.25,0.5,4448.28,0,4448.78,4446.206360178545,4446.01,F1,True,4166282.47,-259410.4999999557,-280481.7499999557,1767825900|LONG,EXIT_STLINE,False,SuperTrend-p14x3-M15,LONG,L,0.5,1767826839.013,1767825900,1767826800.0,1767826800
1953305.7781301027,slo0.25,0.5,4446.39,0,4446.2,4436.881526447649,4437.07,F1,True,4163866.3,855024.5000000102,833953.2500000102,1767826800|SHORT,EXIT_STLINE,False,SuperTrend-p14x3-M15,SHORT,S,0.5,1767872867.069,1767826800,1767827700.0,1767872700
149278.31446466903,slo0.25,0.5,4459.15,0,4459.58,4457.985997709934,4457.96,F1,True,4176396.67,-151712.99999998978,-172784.24999998978,1767909600|LONG,EXIT_STLINE,False,SuperTrend-p14x3-M15,LONG,L,0.5,1767910611.873,1767909600,1767910500.0,1767910500
1977689.3613044254,slo0.25,0.5,4457.22,0,4457.22,4478.337878924767,4478.54,F1,True,4174186.53,-1996617.9999999728,-2017689.2499999728,1767910500|SHORT,EXIT_STLINE,False,SuperTrend-p14x3-M15,SHORT,S,0.5,1767949248.476,1767910500,1767911400.0,1767949200
2692360.6554504386,slo0.25,0.5,4615.3,0,4615.8,4617.893679220687,4617.77,F1,True,4322696.7,184490.50000002384,163419.25000002384,1768341600|LONG,EXIT_STLINE,False,SuperTrend-p14x3-M15,LONG,L,0.5,1768390796.576,1768341600,1768342500.0,1768390200
426858.75522465643,slo0.25,0.5,4616.67,0,4617.17,4612.611978054195,4612.46,F1,True,4323979.705,-441091.50000000343,-462162.75000000343,1768420800|LONG,EXIT_STLINE,False,SuperTrend-p14x3-M15,LONG,L,0.5,1768421894.274,1768420800,1768421700.0,1768421700
2961544.51267359,slo0.25,0.5,4609.0,0,4608.98,4615.972358440838,4615.99,F1,True,4316309.77,-656486.5000000205,-677557.7500000205,1768421700|SHORT,EXIT_STLINE,False,SuperTrend-p14x3-M15,SHORT,S,0.5,1768462562.182,1768421700,1768422600.0,1768462200
157366.5286287854,slo0.25,0.5,4600.06,0,4600.43,4598.749631301348,4598.49,F1,True,4308302.695,-181681.0000000477,-202752.2500000477,1768513500|LONG,EXIT_STLINE,False,SuperTrend-p14x3-M15,LONG,L,0.5,1768514400.992,1768513500,1768514400.0,1768514400
504808.02862878883,slo0.25,0.5,4603.65,0,4604.14,4598.749631301348,4598.74,F1,True,4311777.11,-505710.0000000511,-526781.2500000511,1768514400|LONG,EXIT_STLINE,False,SuperTrend-p14x3-M15,LONG,L,0.5,1768518028.629,1768514400,1768515300.0,1768518000
1894040.9260422257,slo0.25,0.5,4598.06,0,4597.75,4613.836599766163,4613.92,F1,True,4305792.875,-1514320.5000000068,-1535391.7500000068,1768518000|SHORT,EXIT_STLINE,False,SuperTrend-p14x3-M15,SHORT,S,0.5,1768531904.758,1768518000,1768518900.0,1768531500
230997.0681011836,slo0.25,0.5,4611.37,0,4611.37,4613.836599766163,4614.12,F1,True,4318548.005,-257537.5,-278608.75,1768531500|SHORT,EXIT_STLINE,False,SuperTrend-p14x3-M15,SHORT,S,0.5,1768552568.676,1768531500,1768532400.0,1768552200
1798589.0907434549,slo0.25,0.5,4659.42,0,4659.49,4677.313590310515,4677.52,F1,True,4363612.385,-1688509.5000000612,-1709580.7500000612,1768857300|SHORT,EXIT_STLINE,False,SuperTrend-p14x3-M15,SHORT,S,0.5,1768869607.576,1768857300,1768858200.0,1768869000
58399.232579756244,slo0.25,0.5,4676.69,0,4676.69,4677.313590310515,4677.33,F1,True,4379720.185,-59936.00000003066,-81007.25000003066,1768869000|SHORT,EXIT_STLINE,False,SuperTrend-p14x3-M15,SHORT,S,0.5,1768869901.114,1768869000,1768869900.0,1768869900
1772809.6794628906,slo0.25,0.5,4680.03,0,4680.53,4843.336913860349,4842.84,F1,True,4383316.345,15200331.500000037,15179260.250000037,1768869900|LONG,EXIT_STLINE,False,SuperTrend-p14x3-M15,LONG,L,0.5,1768968059.668,1768869900,1768870800.0,1768968000
6347778.696764449,slo0.25,0.5,4778.3,0,4778.13,4829.467621316048,4829.6,F1,True,4474718.745,-4820165.500000024,-4841236.750000024,1769028300|SHORT,EXIT_STLINE,False,SuperTrend-p14x3-M15,SHORT,S,0.5,1769052410.536,1769028300,1769029200.0,1769051700
379996.2362479351,slo0.25,0.5,4825.41,0,4825.41,4829.467621316048,4829.67,F1,True,4518996.465,-398949.00000002043,-420020.25000002043,1769051700|SHORT,EXIT_STLINE,False,SuperTrend-p14x3-M15,SHORT,S,0.5,1769054546.816,1769051700,1769052600.0,1769054400
7635759.172882517,slo0.25,0.5,5071.3,0,5072.01,5061.9283217273705,5061.68,F1,True,4749937.365,-967404.4999999931,-988475.7499999931,1769464800|LONG,EXIT_STLINE,False,SuperTrend-p14x3-M15,LONG,L,0.5,1769511941.798,1769464800,1769465700.0,1769511600
2723257.4894206948,slo0.25,0.5,5479.87,0,5480.28,5509.200511183289,5509.14,F1,True,5132282.22,2702739.0000000545,2681667.7500000545,1769637600|LONG,EXIT_STLINE,False,SuperTrend-p14x3-M15,LONG,L,0.5,1769665339.954,1769637600,1769638500.0,1769664600
16602419.227076989,slo0.25,0.5,5310.91,0,5309.65,4932.316953038626,4932.72,F1,True,4972487.225,35299494.49999995,35278423.24999995,1769724000|SHORT,EXIT_STLINE,False,SuperTrend-p14x3-M15,SHORT,S,0.5,1769791535.218,1769724000,1769724900.0,1769791500
436452.8800792551,slo0.25,0.5,4741.05,0,4741.66,4736.99953144603,4733.5,F1,True,4440564.59,-764183.9999999864,-785255.2499999864,1769976000|LONG,EXIT_STLINE,False,SuperTrend-p14x3-M15,LONG,L,0.5,1769976949.454,1769976000,1769976900.0,1769976900
18430364.351984184,slo0.25,0.5,4728.01,0,4728.01,4647.75392431443,4648.03,F1,True,4427781.365,7490127.000000045,7469055.750000045,1769976900|SHORT,EXIT_STLINE,False,SuperTrend-p14x3-M15,SHORT,S,0.5,1770009741.897,1769976900,1769977800.0,1770009300
13285360.532651505,slo0.25,0.5,4774.1,0,4774.6,4903.016846838563,4902.01,F1,True,4471412.9,11931946.499999987,11910875.249999987,1770065100|LONG,EXIT_STLINE,False,SuperTrend-p14x3-M15,LONG,L,0.5,1770132750.589,1770065100,1770066000.0,1770132600
9466626.965511043,slo0.25,0.5,5009.26,0,5010.25,4944.437261098407,4944.35,F1,True,4692099.125,-6171534.999999966,-6192606.249999966,1770235200|LONG,EXIT_STLINE,False,SuperTrend-p14x3-M15,LONG,L,0.5,1770243599.507,1770235200,1770236100.0,1770243300
750392.9981341335,slo0.25,0.5,4951.92,0,4952.45,4944.437261098407,4944.33,F1,True,4637969.425,-760437.9999999898,-781509.2499999898,1770243300|LONG,EXIT_STLINE,False,SuperTrend-p14x3-M15,LONG,L,0.5,1770246321.165,1770243300,1770244200.0,1770246000
9595385.813548896,slo0.25,0.5,4915.08,0,4915.24,4936.026612165991,4936.25,F1,True,4603122.26,-1967586.5000000205,-1988657.7500000205,1770246000|SHORT,EXIT_STLINE,False,SuperTrend-p14x3-M15,SHORT,S,0.5,1770265575.085,1770246000,1770246900.0,1770264900
159512.7920878414,slo0.25,0.5,4773.96,0,4774.02,4775.7232866213335,4775.82,F1,True,4470869.73,-168569.99999993187,-189641.24999993187,1770331500|SHORT,EXIT_STLINE,False,SuperTrend-p14x3-M15,SHORT,S,0.5,1770332401.845,1770331500,1770332400.0,1770332400
11367867.197402012,slo0.25,0.5,4787.59,0,4787.99,4982.668406964909,4981.66,F1,True,4483952.635,18137195.500000007,18116124.250000007,1770332400|LONG,EXIT_STLINE,False,SuperTrend-p14x3-M15,LONG,L,0.5,1770590211.436,1770332400,1770333300.0,1770589800
2563349.687736261,slo0.25,0.5,5009.5,0,5010.04,4982.668406964909,4982.53,F1,True,4691902.46,-2576311.5000000205,-2597382.7500000205,1770589800|LONG,EXIT_STLINE,False,SuperTrend-p14x3-M15,LONG,L,0.5,1770591528.472,1770589800,1770590700.0,1770590700
7196757.145244365,slo0.25,0.5,4982.43,0,4982.43,5039.683998048141,5040.2,F1,True,4666045.695,-5410160.499999955,-5431231.749999955,1770590700|SHORT,EXIT_STLINE,False,SuperTrend-p14x3-M15,SHORT,S,0.5,1770637503.356,1770590700,1770591600.0,1770637500
6681235.982729776,slo0.25,0.5,5013.04,0,5013.21,5063.366068081626,5063.43,F1,True,4694871.165,-4703103.000000024,-4724174.250000024,1770667200|SHORT,EXIT_STLINE,False,SuperTrend-p14x3-M15,SHORT,S,0.5,1770703756.642,1770667200,1770668100.0,1770703200
1098146.2758442066,slo0.25,0.5,5051.62,0,5051.64,5063.366068081626,5063.37,F1,True,4730860.86,-1098514.499999959,-1119585.749999959,1770703200|SHORT,EXIT_STLINE,False,SuperTrend-p14x3-M15,SHORT,S,0.5,1770722185.632,1770703200,1770704100.0,1770722100
584215.6363877385,slo0.25,0.5,5046.55,0,5046.55,5052.788287628273,5052.83,F1,True,4726094.075,-588121.9999999761,-609193.2499999761,1770754500|SHORT,EXIT_STLINE,False,SuperTrend-p14x3-M15,SHORT,S,0.5,1770764348.679,1770754500,1770755400.0,1770763500
39172.63638776571,slo0.25,0.5,5052.37,0,5052.37,5052.788287628273,5052.87,F1,True,4731544.505,-46825.0,-67896.25,1770763500|SHORT,EXIT_STLINE,False,SuperTrend-p14x3-M15,SHORT,S,0.5,1770764400.062,1770763500,1770764400.0,1770764400
1469208.1363877214,slo0.25,0.5,5037.1,0,5037.1,5052.788287628273,5052.82,F1,True,4717244.15,-1472177.9999999388,-1493249.2499999388,1770764400|SHORT,EXIT_STLINE,False,SuperTrend-p14x3-M15,SHORT,S,0.5,1770767043.899,1770764400,1770765300.0,1770766200
3976530.9180115266,slo0.25,0.5,5053.82,0,5054.32,5079.512337351246,5079.34,F1,True,4733370.68,2343123.000000041,2322051.750000041,1770766200|LONG,EXIT_STLINE,False,SuperTrend-p14x3-M15,LONG,L,0.5,1770802868.206,1770766200,1770767100.0,1770802200
5819154.094078354,slo0.25,0.5,4969.78,0,4970.28,4944.182405015196,4943.9,F1,True,4654667.22,-2470487.0000000102,-2491558.2500000102,1770934500|LONG,EXIT_STLINE,False,SuperTrend-p14x3-M15,LONG,L,0.5,1770969639.663,1770934500,1770935400.0,1770969600
3787120.634651189,slo0.25,0.5,4994.51,0,4994.51,5010.427627792319,5010.49,F1,True,4677358.615,-1496526.999999959,-1517598.249999959,1771199100|SHORT,EXIT_STLINE,False,SuperTrend-p14x3-M15,SHORT,S,0.5,1771218140.762,1771199100,1771200000.0,1771218000
631255.422484954,slo0.25,0.5,4994.21,0,4994.21,4927.713374614707,4928.11,F1,True,4677077.665,6190265.000000034,6169193.750000034,1771272900|SHORT,EXIT_STLINE,False,SuperTrend-p14x3-M15,SHORT,S,0.5,1771305163.091,1771272900,1771273800.0,1771304400
3620282.698905808,slo0.25,0.5,4904.81,0,4905.31,4911.078846442076,4910.95,F1,True,4593822.815,528185.9999999455,507114.7499999455,1771371000|LONG,EXIT_STLINE,False,SuperTrend-p14x3-M15,LONG,L,0.5,1771400288.211,1771371000,1771371900.0,1771399800
316491.5531631008,slo0.25,0.5,4976.8,0,4977.3,4973.920485283897,4973.89,F1,True,4661241.45,-319346.4999999864,-340417.7499999864,1771444800|LONG,EXIT_STLINE,False,SuperTrend-p14x3-M15,LONG,L,0.5,1771445834.274,1771444800,1771445700.0,1771445700
786614.5531630565,slo0.25,0.5,4981.82,0,4982.32,4973.920485283897,4973.76,F1,True,4665942.68,-801643.9999999523,-822715.2499999523,1771445700|LONG,EXIT_STLINE,False,SuperTrend-p14x3-M15,LONG,L,0.5,1771448163.642,1771445700,1771446600.0,1771447500
228460.5531630531,slo0.25,0.5,4975.86,0,4976.36,4973.920485283897,4973.86,F1,True,4660361.14,-234125.0,-255196.25,1771447500|LONG,EXIT_STLINE,False,SuperTrend-p14x3-M15,LONG,L,0.5,1771448414.751,1771447500,1771448400.0,1771448400
2849085.7129518776,slo0.25,0.5,4967.8,0,4967.8,4991.015088763702,4991.08,F1,True,4652344.7,-2180171.9999999763,-2201243.2499999763,1771448400|SHORT,EXIT_STLINE,False,SuperTrend-p14x3-M15,SHORT,S,0.5,1771467001.061,1771448400,1771449300.0,1771466400
75396.56272067923,slo0.25,0.5,4990.21,0,4990.21,4991.015088763702,4991.05,F1,True,4673331.665,-78666.00000001362,-99737.25000001362,1771466400|SHORT,EXIT_STLINE,False,SuperTrend-p14x3-M15,SHORT,S,0.5,1771468279.648,1771466400,1771467300.0,1771468200
2404315.3639336783,slo0.25,0.5,4995.85,0,4996.35,4998.355685816801,4998.32,F1,True,4679081.775,184490.49999993868,163419.24999993868,1771468200|LONG,EXIT_STLINE,False,SuperTrend-p14x3-M15,LONG,L,0.5,1771482969.082,1771468200,1771469100.0,1771482600
94801.40885630989,slo0.25,0.5,5013.29,0,5013.29,5014.30229480893,5014.64,F1,True,4694946.085,-126427.50000003407,-147498.75000003405,1771538400|SHORT,EXIT_STLINE,False,SuperTrend-p14x3-M15,SHORT,S,0.5,1771556457.351,1771538400,1771539300.0,1771556400
2495398.104169636,slo0.25,0.5,5016.46,0,5016.96,5009.264608744059,5009.0,F1,True,4698383.04,-745454.0000000034,-766525.2500000034,1771556400|LONG,EXIT_STLINE,False,SuperTrend-p14x3-M15,LONG,L,0.5,1771579857.819,1771556400,1771557300.0,1771579800
5397752.154367883,slo0.25,0.5,5185.16,0,5185.32,5152.678341519352,5154.12,F1,True,4856052.18,2921879.999999983,2900808.749999983,1771884000|SHORT,EXIT_STLINE,False,SuperTrend-p14x3-M15,SHORT,S,0.5,1771937143.609,1771884000,1771884900.0,1771937100
3671977.1542705237,slo0.25,0.5,5135.6,0,5135.6,5169.493538445213,5169.58,F1,True,4809489.4,-3182226.999999959,-3203298.249999959,1771963200|SHORT,EXIT_STLINE,False,SuperTrend-p14x3-M15,SHORT,S,0.5,1771970878.6,1771963200,1771964100.0,1771970400
5315348.351042368,slo0.25,0.5,5174.14,0,5175.27,5174.716348308905,5174.57,F1,True,4846640.355,-65555.00000006813,-86626.25000006813,1771970400|LONG,EXIT_STLINE,False,SuperTrend-p14x3-M15,LONG,L,0.5,1772004044.479,1771970400,1771971300.0,1772003700
517715.72922416497,slo0.25,0.5,5187.49,0,5187.49,5193.018197856104,5193.04,F1,True,4858084.385,-519757.50000001705,-540828.750000017,1772056800|SHORT,EXIT_STLINE,False,SuperTrend-p14x3-M15,SHORT,S,0.5,1772057723.343,1772056800,1772057700.0,1772057700
1183567.2292241342,slo0.25,0.5,5180.38,0,5180.38,5193.018197856104,5193.14,F1,True,4851425.87,-1194974.0000000205,-1216045.2500000205,1772057700|SHORT,EXIT_STLINE,False,SuperTrend-p14x3-M15,SHORT,S,0.5,1772059967.389,1772057700,1772058600.0,1772059500
155290.22922417516,slo0.25,0.5,5191.35,0,5191.36,5193.018197856104,5193.24,F1,True,4861708.64,-176062.00000001022,-197133.25000001022,1772059500|SHORT,EXIT_STLINE,False,SuperTrend-p14x3-M15,SHORT,S,0.5,1772060405.313,1772059500,1772060400.0,1772060400
954124.7292241513,slo0.25,0.5,5182.88,0,5182.83,5193.018197856104,5193.47,F1,True,4853720.295,-996436.0000000306,-1017507.2500000306,1772060400|SHORT,EXIT_STLINE,False,SuperTrend-p14x3-M15,SHORT,S,0.5,1772065105.668,1772060400,1772061300.0,1772064900
452160.72922418197,slo0.25,0.5,5188.19,0,5188.19,5193.018197856104,5193.18,F1,True,4858739.935,-467313.5000000647,-488384.7500000647,1772064900|SHORT,EXIT_STLINE,False,SuperTrend-p14x3-M15,SHORT,S,0.5,1772067428.408,1772064900,1772065800.0,1772066700
45719.729224168346,slo0.25,0.5,5192.53,0,5192.53,5193.018197856104,5193.03,F1,True,4862804.345,-46825.0,-67896.25,1772066700|SHORT,EXIT_STLINE,False,SuperTrend-p14x3-M15,SHORT,S,0.5,1772067600.077,1772066700,1772067600.0,1772067600
3077506.8598986673,slo0.25,0.5,5196.7,0,5197.2,5173.264114148736,5173.05,F1,True,4867177.8,-2261647.499999966,-2282718.749999966,1772067600|LONG,EXIT_STLINE,False,SuperTrend-p14x3-M15,LONG,L,0.5,1772084033.495,1772067600,1772068500.0,1772083800
852667.6905418661,slo0.25,0.5,5176.33,0,5176.83,5172.146575314539,5172.09,F1,True,4848101.295,-443900.99999997957,-464972.24999997957,1772143200|LONG,EXIT_STLINE,False,SuperTrend-p14x3-M15,LONG,L,0.5,1772175319.268,1772143200,1772144100.0,1772174700
5013542.956288685,slo0.25,0.5,5319.05,0,5319.03,5213.700303098263,5215.23,F1,True,4981271.595,9720870.000000017,9699798.750000017,1772505900|SHORT,EXIT_STLINE,False,SuperTrend-p14x3-M15,SHORT,S,0.5,1772531753.178,1772505900,1772506800.0,1772531100
6563863.89698529,slo0.25,0.5,5158.63,0,5159.84,5123.057832768296,5121.99,F1,True,4832190.16,-3544652.500000034,-3565723.750000034,1772575200|LONG,EXIT_STLINE,False,SuperTrend-p14x3-M15,LONG,L,0.5,1772593590.285,1772575200,1772576100.0,1772593200
1806711.4612491075,slo0.25,0.5,5142.39,0,5142.35,5158.482034023256,5157.81,F1,True,4815810.775,1447829.0000000035,1426757.7500000035,1772593200|LONG,EXIT_STLINE,False,SuperTrend-p14x3-M15,LONG,L,0.5,1772617283.165,1772593200,1772594100.0,1772616600
136702.9647908766,slo0.25,0.5,5173.33,0,5173.36,5174.819721994563,5174.85,F1,True,4844851.64,-139538.50000006473,-160609.75000006473,1772658900|SHORT,EXIT_STLINE,False,SuperTrend-p14x3-M15,SHORT,S,0.5,1772660450.62,1772658900,1772659800.0,1772659800
331494.9647908698,slo0.25,0.5,5171.28,0,5171.28,5174.819721994563,5175.02,F1,True,4842903.72,-350251.0000000647,-371322.2500000647,1772659800|SHORT,EXIT_STLINE,False,SuperTrend-p14x3-M15,SHORT,S,0.5,1772660956.579,1772659800,1772660700.0,1772660700
225670.46479085958,slo0.25,0.5,5172.41,0,5172.41,5174.819721994563,5174.89,F1,True,4843961.965,-232252.0000000443,-253323.2500000443,1772660700|SHORT,EXIT_STLINE,False,SuperTrend-p14x3-M15,SHORT,S,0.5,1772661651.491,1772660700,1772661600.0,1772661600
3387703.5019124947,slo0.25,0.5,5176.5,0,5177.0,5152.548857710186,5152.16,F1,True,4848260.5,-2326266.0000000135,-2347337.2500000135,1772661600|LONG,EXIT_STLINE,False,SuperTrend-p14x3-M15,LONG,L,0.5,1772679496.568,1772661600,1772662500.0,1772678700
4163133.2963315505,slo0.25,0.5,5148.32,0,5148.44,5174.621990957975,5174.87,F1,True,4821514.06,-2475169.5000000275,-2496240.7500000275,1772678700|SHORT,EXIT_STLINE,False,SuperTrend-p14x3-M15,SHORT,S,0.5,1772690782.613,1772678700,1772679600.0,1772690400
6097814.39954514,slo0.25,0.5,5118.52,0,5118.77,5095.930691730109,5095.78,F1,True,4793728.105,-2153013.5000000647,-2174084.7500000647,1772749800|LONG,EXIT_STLINE,False,SuperTrend-p14x3-M15,LONG,L,0.5,1772777584.78,1772749800,1772750700.0,1772776800
462936.695433847,slo0.25,0.5,5125.47,0,5126.29,5121.346735766857,5120.85,F1,True,4800770.585,-509455.9999999625,-530527.2499999625,1772998200|LONG,EXIT_STLINE,False,SuperTrend-p14x3-M15,LONG,L,0.5,1772999281.735,1772998200,1772999100.0,1772999100
856266.69543383,slo0.25,0.5,5129.99,0,5130.49,5121.346735766857,5121.07,F1,True,4804703.885,-882183.0000000069,-903254.2500000069,1772999100|LONG,EXIT_STLINE,False,SuperTrend-p14x3-M15,LONG,L,0.5,1773000156.18,1772999100,1773000000.0,1773000000
7896733.0897179535,slo0.25,0.5,5101.57,0,5101.65,5123.324701592284,5123.44,F1,True,4777695.225,-2040633.4999999965,-2061704.7499999965,1773000000|SHORT,EXIT_STLINE,False,SuperTrend-p14x3-M15,SHORT,S,0.5,1773024337.52,1773000000,1773000900.0,1773024300
4896575.406850035,slo0.25,0.5,5124.12,0,5124.62,5072.867914931972,5072.77,F1,True,4799206.63,-4855752.499999949,-4876823.749999949,1773024300|LONG,EXIT_STLINE,False,SuperTrend-p14x3-M15,LONG,L,0.5,1773053137.116,1773024300,1773025200.0,1773053100
4162427.20005944,slo0.25,0.5,5169.54,0,5170.19,5165.630393989338,5165.56,F1,True,4841882.935,-433599.499999925,-454670.749999925,1773268200|LONG,EXIT_STLINE,False,SuperTrend-p14x3-M15,LONG,L,0.5,1773306956.862,1773268200,1773269100.0,1773306900
230584.31030169132,slo0.25,0.5,5097.93,0,5097.93,5100.392192315021,5100.45,F1,True,4774211.445,-235997.9999999557,-257069.2499999557,1773348300|SHORT,EXIT_STLINE,False,SuperTrend-p14x3-M15,SHORT,S,0.5,1773349220.065,1773348300,1773349200.0,1773349200
3304810.5072605764,slo0.25,0.5,5105.83,0,5106.33,5097.2122942656615,5096.67,F1,True,4782078.045,-904658.9999999864,-925730.2499999864,1773349200|LONG,EXIT_STLINE,False,SuperTrend-p14x3-M15,LONG,L,0.5,1773372078.981,1773349200,1773350100.0,1773371700
3231441.909678917,slo0.25,0.5,5027.59,0,5028.09,5015.762185845592,5013.67,F1,True,4708806.285,-1350433.0000000068,-1371504.2500000068,1773701100|LONG,EXIT_STLINE,False,SuperTrend-p14x3-M15,LONG,L,0.5,1773716500.282,1773701100,1773702000.0,1773716400
5104284.80579791,slo0.25,0.5,4865.59,0,4866.09,4823.2593121005075,4823.13,F1,True,4557093.285,-4023204.0000000033,-4044275.2500000033,1773873000|LONG,EXIT_STLINE,False,SuperTrend-p14x3-M15,LONG,L,0.5,1773890343.322,1773873000,1773873900.0,1773890100
1322165.0185335437,slo0.25,0.5,4435.54,0,4435.37,4257.547426507816,4257.97,F1,True,4153724.005,16613509.999999966,16592438.749999966,1774218600|SHORT,EXIT_STLINE,False,SuperTrend-p14x3-M15,SHORT,S,0.5,1774243973.795,1774218600,1774219500.0,1774243800
10092890.096858645,slo0.25,0.5,4344.15,0,4344.24,4409.809049828868,4410.08,F1,True,4068380.76,-6165916.000000014,-6186987.250000014,1774301400|SHORT,EXIT_STLINE,False,SuperTrend-p14x3-M15,SHORT,S,0.5,1774324821.443,1774301400,1774302300.0,1774324800
5722955.974441904,slo0.25,0.5,4434.9,0,4435.33,4422.696330696219,4422.49,F1,True,4153686.545,-1202466.0000000137,-1223537.2500000137,1774566000|LONG,EXIT_STLINE,False,SuperTrend-p14x3-M15,LONG,L,0.5,1774591755.814,1774566000,1774566900.0,1774591200
1838115.9203502135,slo0.25,0.5,4496.94,0,4497.49,4477.862494176719,4477.54,F1,True,4211899.385,-1868317.499999983,-1889388.749999983,1774810800|LONG,EXIT_STLINE,False,SuperTrend-p14x3-M15,LONG,L,0.5,1774814759.972,1774810800,1774811700.0,1774814400
101844.92035021698,slo0.25,0.5,4478.39,0,4478.95,4477.862494176719,4477.33,F1,True,4194536.675,-151712.99999998978,-172784.24999998978,1774814400|LONG,EXIT_STLINE,False,SuperTrend-p14x3-M15,LONG,L,0.5,1774815586.634,1774814400,1774815300.0,1774815300
5924024.471957843,slo0.25,0.5,4472.23,0,4472.16,4495.407029758434,4495.85,F1,True,4188177.84,-2218568.5000000475,-2239639.7500000475,1774815300|SHORT,EXIT_STLINE,False,SuperTrend-p14x3-M15,SHORT,S,0.5,1774827843.759,1774815300,1774816200.0,1774827000
82133.83687736459,slo0.25,0.5,4494.46,0,4494.53,4495.407029758434,4495.46,F1,True,4209127.345,-87094.50000002726,-108165.75000002726,1774827000|SHORT,EXIT_STLINE,False,SuperTrend-p14x3-M15,SHORT,S,0.5,1774827952.418,1774827000,1774827900.0,1774827900
1342662.836877368,slo0.25,0.5,4481.05,0,4481.07,4495.407029758434,4495.49,F1,True,4196522.055,-1350433.0000000068,-1371504.2500000068,1774827900|SHORT,EXIT_STLINE,False,SuperTrend-p14x3-M15,SHORT,S,0.5,1774829096.782,1774827900,1774828800.0,1774828800
7172942.717653702,slo0.25,0.5,4504.45,0,4504.85,4528.609366950237,4528.4,F1,True,4218792.025,2205457.499999932,2184386.249999932,1774828800|LONG,EXIT_STLINE,False,SuperTrend-p14x3-M15,LONG,L,0.5,1774868125.462,1774828800,1774829700.0,1774867500
5109279.148225638,slo0.25,0.5,4547.61,0,4548.09,4547.493527135255,4547.29,F1,True,4259286.285,-74920.00000001704,-95991.25000001704,1774907100|LONG,EXIT_STLINE,False,SuperTrend-p14x3-M15,LONG,L,0.5,1774930759.308,1774907100,1774908000.0,1774930500
560908.1581871653,slo0.25,0.5,4672.17,0,4672.95,4717.802815418581,4717.78,F1,True,4376217.675,4198329.4999999935,4177258.2499999935,1775006100|LONG,EXIT_STLINE,False,SuperTrend-p14x3-M15,LONG,L,0.5,1775037611.584,1775006100,1775007000.0,1775037600
4254944.303425654,slo0.25,0.5,4750.79,0,4750.75,4644.717251470915,4645.44,F1,True,4449077.375,9862281.500000037,9841210.250000037,1775080800|SHORT,EXIT_STLINE,False,SuperTrend-p14x3-M15,SHORT,S,0.5,1775105306.561,1775080800,1775081700.0,1775105100
5839474.607147825,slo0.25,0.5,4630.3,0,4631.08,4667.578391800045,4667.71,F1,True,4337006.42,-3430399.5000000102,-3451470.7500000102,1775412000|SHORT,EXIT_STLINE,False,SuperTrend-p14x3-M15,SHORT,S,0.5,1775427629.434,1775412000,1775412900.0,1775427300
615129.8920742135,slo0.25,0.5,4660.88,0,4661.01,4667.578391800045,4667.67,F1,True,4365035.865,-623708.9999999864,-644780.2499999864,1775427300|SHORT,EXIT_STLINE,False,SuperTrend-p14x3-M15,SHORT,S,0.5,1775437660.652,1775427300,1775428200.0,1775437200
4919106.01687337,slo0.25,0.5,4673.44,0,4673.98,4666.945183332889,4666.58,F1,True,4377182.27,-693009.9999999659,-714081.2499999659,1775437200|LONG,EXIT_STLINE,False,SuperTrend-p14x3-M15,LONG,L,0.5,1775463662.449,1775437200,1775438100.0,1775463300
3051947.898522842,slo0.25,0.5,4761.11,0,4761.12,4763.478097983361,4763.48,F1,True,4458788.88,-221013.99999996932,-242085.24999996932,1775759400|SHORT,EXIT_STLINE,False,SuperTrend-p14x3-M15,SHORT,S,0.5,1775806257.326,1775759400,1775760300.0,1775806200
5300148.516464568,slo0.25,0.5,4714.74,0,4715.48,4707.655438787903,4707.06,F1,True,4416047.02,-788532.9999999217,-809604.2499999217,1776027600|LONG,EXIT_STLINE,False,SuperTrend-p14x3-M15,LONG,L,0.5,1776066072.19,1776027600,1776028500.0,1776065400
315084.38700286485,slo0.25,0.5,4828.16,0,4828.65,4825.285511083792,4825.23,F1,True,4522030.725,-320283.0000000068,-341354.2500000068,1776205800|LONG,EXIT_STLINE,False,SuperTrend-p14x3-M15,LONG,L,0.5,1776206864.046,1776205800,1776206700.0,1776206700
2814702.6511998437,slo0.25,0.5,4823.75,0,4823.77,4823.984009807962,4824.02,F1,True,4517460.605,-23412.5,-44483.75,1776206700|SHORT,EXIT_STLINE,False,SuperTrend-p14x3-M15,SHORT,S,0.5,1776245909.074,1776206700,1776207600.0,1776245400
374675.217277285,slo0.25,0.5,4807.49,0,4807.41,4811.4108031743435,4811.65,F1,True,4502139.465,-397075.99999997957,-418147.24999997957,1776278700|SHORT,EXIT_STLINE,False,SuperTrend-p14x3-M15,SHORT,S,0.5,1776280294.447,1776278700,1776279600.0,1776279600
2306712.510204583,slo0.25,0.5,4812.39,0,4812.87,4815.191423676851,4815.07,F1,True,4507252.755,206029.99999998297,184958.74999998297,1776279600|LONG,EXIT_STLINE,False,SuperTrend-p14x3-M15,LONG,L,0.5,1776306512.553,1776279600,1776280500.0,1776305700
121611.67266290981,slo0.25,0.5,4816.06,0,4816.49,4815.191423676851,4815.19,F1,True,4510642.885,-121745.00000001704,-142816.25000001705,1776305700|LONG,EXIT_STLINE,False,SuperTrend-p14x3-M15,LONG,L,0.5,1776306874.689,1776305700,1776306600.0,1776306600
866129.1726628927,slo0.25,0.5,4823.99,0,4824.44,4815.191423676851,4815.1,F1,True,4518088.06,-874690.9999999284,-895762.2499999284,1776306600|LONG,EXIT_STLINE,False,SuperTrend-p14x3-M15,LONG,L,0.5,1776312184.563,1776306600,1776307500.0,1776312000
174428.5323629084,slo0.25,0.5,4795.82,0,4795.8,4797.662557740127,4797.71,F1,True,4491266.7,-178871.49999998638,-199942.74999998638,1776380400|SHORT,EXIT_STLINE,False,SuperTrend-p14x3-M15,SHORT,S,0.5,1776381490.864,1776380400,1776381300.0,1776381300
348617.5323629629,slo0.25,0.5,4793.99,0,4793.94,4797.662557740127,4797.9,F1,True,4489524.81,-370854.00000000343,-391925.25000000343,1776381300|SHORT,EXIT_STLINE,False,SuperTrend-p14x3-M15,SHORT,S,0.5,1776386046.422,1776381300,1776382200.0,1776385800
2266908.3287188592,slo0.25,0.5,4800.89,0,4801.37,4783.133989645532,4783.05,F1,True,4496483.005,-1715667.9999999728,-1736739.2499999728,1776385800|LONG,EXIT_STLINE,False,SuperTrend-p14x3-M15,LONG,L,0.5,1776393013.753,1776385800,1776386700.0,1776393000
250608.36969596727,slo0.25,0.5,4785.4,0,4785.81,4783.133989645532,4783.12,F1,True,4481911.065,-251918.5000000477,-272989.75000004773,1776393000|LONG,EXIT_STLINE,False,SuperTrend-p14x3-M15,LONG,L,0.5,1776397351.938,1776393000,1776393900.0,1776396600
2793540.6992192534,slo0.25,0.5,4790.3,0,4790.21,4788.73469309266,4788.82,F1,True,4486031.665,130173.50000003066,109102.25000003066,1776621600|SHORT,EXIT_STLINE,False,SuperTrend-p14x3-M15,SHORT,S,0.5,1776632683.032,1776621600,1776622500.0,1776632400
4420143.631417889,slo0.25,0.5,4793.53,0,4794.04,4810.160202077155,4809.96,F1,True,4489618.46,1490908.0000000068,1469836.7500000068,1776632400|LONG,EXIT_STLINE,False,SuperTrend-p14x3-M15,LONG,L,0.5,1776721241.194,1776632400,1776633300.0,1776720600
341803.57547445386,slo0.25,0.5,4813.36,0,4813.81,4810.160202077155,4810.11,F1,True,4508133.065,-346505.00000006816,-367576.25000006816,1776720600|LONG,EXIT_STLINE,False,SuperTrend-p14x3-M15,LONG,L,0.5,1776722028.951,1776720600,1776721500.0,1776721500
1982832.3188487228,slo0.25,0.5,4810.09,0,4810.14,4724.8749718691515,4725.95,F1,True,4504696.11,7884393.5000000475,7863322.2500000475,1776721500|SHORT,EXIT_STLINE,False,SuperTrend-p14x3-M15,SHORT,S,0.5,1776794420.33,1776721500,1776722400.0,1776794400
178567.31499337353,slo0.25,0.5,4748.34,0,4748.62,4746.713248104716,4746.7,F1,True,4447082.63,-179808.0000000068,-200879.2500000068,1776837600|LONG,EXIT_STLINE,False,SuperTrend-p14x3-M15,LONG,L,0.5,1776847293.502,1776837600,1776838500.0,1776846600
2210714.450412757,slo0.25,0.5,4746.62,0,4746.65,4736.604466076814,4736.9,F1,True,4445237.725,913087.5,892016.25,1776846600|SHORT,EXIT_STLINE,False,SuperTrend-p14x3-M15,SHORT,S,0.5,1776889564.617,1776846600,1776847500.0,1776888900
5214853.819658418,slo0.25,0.5,4741.38,0,4741.84,4716.605401978586,4716.5,F1,True,4440733.16,-2373091.0000000135,-2394162.2500000135,1776888900|LONG,EXIT_STLINE,False,SuperTrend-p14x3-M15,LONG,L,0.5,1776895547.104,1776888900,1776889800.0,1776895200
4047040.8703969535,slo0.25,0.5,4707.27,0,4707.18,4715.195975708563,4715.32,F1,True,4408274.07,-762310.9999999455,-783382.2499999455,1776895200|SHORT,EXIT_STLINE,False,SuperTrend-p14x3-M15,SHORT,S,0.5,1776930886.897,1776895200,1776896100.0,1776930300
3051604.2943090294,slo0.25,0.5,4685.14,1,4686.44,4699.180852927489,4699.24,F1,True,4388851.06,-1198720.000000017,-1219791.250000017,1777226400|SHORT,EXIT_STLINE,False,SuperTrend-p14x3-M15,SHORT,S,0.5,1777237203.501,1777226400,1777228200.0,1777237200
607868.376659341,slo0.25,0.5,4692.66,0,4692.69,4699.180852927489,4699.19,F1,True,4394704.185,-608725.0,-629796.25,1777237200|SHORT,EXIT_STLINE,False,SuperTrend-p14x3-M15,SHORT,S,0.5,1777239081.404,1777237200,1777238100.0,1777239000
131189.87665932736,slo0.25,0.5,4697.8,0,4697.78,4699.180852927489,4699.43,F1,True,4399470.97,-154522.5000000511,-175593.7500000511,1777239000|SHORT,EXIT_STLINE,False,SuperTrend-p14x3-M15,SHORT,S,0.5,1777239917.526,1777239000,1777239900.0,1777239900
2446109.6803941755,slo0.25,0.5,4702.49,0,4702.98,4704.505533123476,4704.32,F1,True,4404340.77,125491.00000001362,104419.75000001362,1777239900|LONG,EXIT_STLINE,False,SuperTrend-p14x3-M15,LONG,L,0.5,1777266594.984,1777239900,1777240800.0,1777266000
1531632.391411899,slo0.25,0.5,4697.75,0,4698.29,4681.93514264376,4681.58,F1,True,4399948.585,-1564891.5000000035,-1585962.7500000035,1777320000|LONG,EXIT_STLINE,False,SuperTrend-p14x3-M15,LONG,L,0.5,1777326649.425,1777320000,1777320900.0,1777326300
2459402.969968323,slo0.25,0.5,4670.58,0,4670.52,4600.09647415806,4600.18,F1,True,4373941.98,6587341.000000014,6566269.750000014,1777326300|SHORT,EXIT_STLINE,False,SuperTrend-p14x3-M15,SHORT,S,0.5,1777366331.626,1777326300,1777327200.0,1777365900
348984.30490234034,slo0.25,0.5,4596.44,0,4596.37,4600.09647415806,4600.1,F1,True,4304500.505,-349314.5000000443,-370385.7500000443,1777399200|SHORT,EXIT_STLINE,False,SuperTrend-p14x3-M15,SHORT,S,0.5,1777406435.091,1777399200,1777400100.0,1777406400
2454033.6191648273,slo0.25,0.5,4607.24,0,4607.76,4581.586355122308,4581.5,F1,True,4315167.24,-2459249.0000000205,-2480320.2500000205,1777406400|LONG,EXIT_STLINE,False,SuperTrend-p14x3-M15,LONG,L,0.5,1777410269.758,1777406400,1777407300.0,1777410000
105229.34279583064,slo0.25,0.5,4582.46,0,4582.71,4581.586355122308,4581.57,F1,True,4291707.915,-106761.00000003066,-127832.25000003066,1777410000|LONG,EXIT_STLINE,False,SuperTrend-p14x3-M15,LONG,L,0.5,1777410910.417,1777410000,1777410900.0,1777410900
2542937.281955216,slo0.25,0.5,4580.28,0,4580.35,4607.503628210948,4607.52,F1,True,4289497.775,-2544470.500000007,-2565541.750000007,1777410900|SHORT,EXIT_STLINE,False,SuperTrend-p14x3-M15,SHORT,S,0.5,1777424623.232,1777410900,1777411800.0,1777424400
615620.2819552231,slo0.25,0.5,4600.91,0,4600.93,4554.690144919543,4555.73,F1,True,4308770.945,4232980.000000068,4211908.750000068,1777424400|SHORT,EXIT_STLINE,False,SuperTrend-p14x3-M15,SHORT,S,0.5,1777462805.881,1777424400,1777425300.0,1777462200
1017438.0575955716,slo0.25,0.5,4557.94,0,4557.92,4568.78426115959,4568.85,F1,True,4268492.08,-1023594.5000000272,-1044665.7500000272,1777492800|SHORT,EXIT_STLINE,False,SuperTrend-p14x3-M15,SHORT,S,0.5,1777495520.822,1777492800,1777493700.0,1777495500
2348641.991658944,slo0.25,0.5,4569.74,0,4570.12,4551.947070866746,4551.88,F1,True,4279917.38,-1708175.9999999795,-1729247.2499999795,1777495500|LONG,EXIT_STLINE,False,SuperTrend-p14x3-M15,LONG,L,0.5,1777507402.431,1777495500,1777496400.0,1777507200
353334.81332927133,slo0.25,0.5,4555.23,0,4555.72,4551.947070866746,4551.92,F1,True,4266431.78,-355870.00000001705,-376941.25000001705,1777507200|LONG,EXIT_STLINE,False,SuperTrend-p14x3-M15,LONG,L,0.5,1777508270.191,1777507200,1777508100.0,1777508100
2679495.7941715354,slo0.25,0.5,4547.21,0,4547.12,4568.372750037549,4568.65,F1,True,4258377.88,-2016284.4999999763,-2037355.7499999763,1777508100|SHORT,EXIT_STLINE,False,SuperTrend-p14x3-M15,SHORT,S,0.5,1777513890.677,1777508100,1777509000.0,1777513500
552792.5410164343,slo0.25,0.5,4562.43,0,4562.47,4568.372750037549,4568.38,F1,True,4272753.155,-553471.4999999864,-574542.7499999864,1777513500|SHORT,EXIT_STLINE,False,SuperTrend-p14x3-M15,SHORT,S,0.5,1777515510.087,1777513500,1777514400.0,1777515300
2596566.6347148996,slo0.25,0.5,4569.29,0,4569.79,4609.940505355886,4609.76,F1,True,4279608.335,3743190.5000000237,3722119.2500000237,1777515300|LONG,EXIT_STLINE,False,SuperTrend-p14x3-M15,LONG,L,0.5,1777543201.527,1777515300,1777516200.0,1777543200
580185.8442949192,slo0.25,0.5,4629.26,0,4629.25,4586.954530091125,4587.13,F1,True,4335292.625,3944537.9999999898,3923466.7499999898,1777587300|SHORT,EXIT_STLINE,False,SuperTrend-p14x3-M15,SHORT,S,0.5,1777623266.976,1777587300,1777588200.0,1777622400
90737.13819219355,slo0.25,0.5,4538.6,0,4538.67,4539.638896296767,4539.79,F1,True,4250464.455,-104887.99999998978,-125959.24999998978,1777928400|SHORT,EXIT_STLINE,False,SuperTrend-p14x3-M15,SHORT,S,0.5,1777929302.96,1777928400,1777929300.0,1777929300
181577.63819221742,slo0.25,0.5,4537.59,0,4537.7,4539.638896296767,4539.64,F1,True,4249556.05,-181681.0000000477,-202752.2500000477,1777929300|SHORT,EXIT_STLINE,False,SuperTrend-p14x3-M15,SHORT,S,0.5,1777930619.67,1777929300,1777930200.0,1777930200
268672.1381921595,slo0.25,0.5,4536.77,0,4536.77,4539.638896296767,4540.54,F1,True,4248685.105,-353060.4999999557,-374131.7499999557,1777930200|SHORT,EXIT_STLINE,False,SuperTrend-p14x3-M15,SHORT,S,0.5,1777931320.984,1777930200,1777931100.0,1777931100
2445693.747943595,slo0.25,0.5,4540.78,0,4541.38,4553.349463605802,4553.32,F1,True,4253002.37,1118180.9999999625,1097109.7499999625,1777931100|LONG,EXIT_STLINE,False,SuperTrend-p14x3-M15,LONG,L,0.5,1777986579.115,1777931100,1777932000.0,1777986000
2167145.5782623943,slo0.25,0.5,4550.36,0,4550.41,4566.881135863362,4567.02,F1,True,4261458.965,-1555526.5000000545,-1576597.7500000545,1778004000|SHORT,EXIT_STLINE,False,SuperTrend-p14x3-M15,SHORT,S,0.5,1778007329.677,1778004000,1778004900.0,1778006700
3326379.543346373,slo0.25,0.5,4573.14,0,4573.8,4682.581544721802,4682.47,F1,True,4283363.7,10176945.500000007,10155874.250000007,1778006700|LONG,EXIT_STLINE,False,SuperTrend-p14x3-M15,LONG,L,0.5,1778054631.597,1778006700,1778007600.0,1778054400
3159906.7897018366,slo0.25,0.5,4709.56,0,4710.1,4724.876940506165,4724.73,F1,True,4411008.65,1370099.499999925,1349028.249999925,1778101200|LONG,EXIT_STLINE,False,SuperTrend-p14x3-M15,LONG,L,0.5,1778155295.221,1778101200,1778102100.0,1778155200
3656417.4106468433,slo0.25,0.5,4722.71,0,4723.27,4699.66739981479,4699.48,F1,True,4423342.355,-2227933.500000082,-2249004.750000082,1778190300|LONG,EXIT_STLINE,False,SuperTrend-p14x3-M15,LONG,L,0.5,1778210729.72,1778190300,1778191200.0,1778210100
106292.75000002045,slo0.30,0.5,4347.59,0,4347.59,4348.725,4348.82,F1,True,4071518.035,-115189.49999995911,-136260.7499999591,1767309300|SHORT,EXIT_STLINE,False,SuperTrend-p14x3-M15,SHORT,S,0.5,1767310212.094,1767309300,1767310200.0,1767310200
2498711.007653106,slo0.30,0.5,4351.38,0,4351.88,4378.52760313827,4378.5,F1,True,4075535.62,2492962.9999999898,2471891.7499999898,1767310200|LONG,EXIT_STLINE,False,SuperTrend-p14x3-M15,LONG,L,0.5,1767349503.304,1767310200,1767311100.0,1767348900
391101.1706129111,slo0.30,0.5,4436.35,0,4436.85,4432.673799566333,4432.57,F1,True,4155110.0250000004,-400822.00000006135,-421893.25000006135,1767648600|LONG,EXIT_STLINE,False,SuperTrend-p14x3-M15,LONG,L,0.5,1767650564.684,1767648600,1767649500.0,1767650400
889319.1706128839,slo0.30,0.5,4441.72,0,4442.17,4432.673799566333,4432.65,F1,True,4160092.205,-891548.0000000409,-912619.2500000409,1767650400|LONG,EXIT_STLINE,False,SuperTrend-p14x3-M15,LONG,L,0.5,1767652444.024,1767650400,1767651300.0,1767652200
640210.1706128975,slo0.30,0.5,4439.01,0,4439.51,4449.003090416406,4448.58,F1,True,4157601.115,849405.4999999728,828334.2499999728,1767652200|LONG,EXIT_STLINE,False,SuperTrend-p14x3-M15,LONG,L,0.5,1767682031.237,1767652200,1767653100.0,1767681900
3112082.112094606,slo0.30,0.5,4470.76,0,4470.81,4470.154609798658,4470.24,F1,True,4186913.5650000004,53380.50000005792,32309.250000057917,1767736800|SHORT,EXIT_STLINE,False,SuperTrend-p14x3-M15,SHORT,S,0.5,1767764217.818,1767736800,1767737700.0,1767763800
1061395.369279271,slo0.30,0.5,4456.84,0,4457.49,4446.156360178545,4445.8,F1,True,4174439.385,-1094768.4999999625,-1115839.7499999625,1767823200|LONG,EXIT_STLINE,False,SuperTrend-p14x3-M15,LONG,L,0.5,1767825855.441,1767823200,1767824100.0,1767825000
158609.3692793254,slo0.30,0.5,4447.39,0,4447.85,4446.156360178545,4445.83,F1,True,4165411.5250000004,-189173.0000000409,-210244.2500000409,1767825000|LONG,EXIT_STLINE,False,SuperTrend-p14x3-M15,LONG,L,0.5,1767825924.548,1767825000,1767825900.0,1767825900
245703.86927926747,slo0.30,0.5,4448.28,0,4448.78,4446.156360178545,4446.01,F1,True,4166282.47,-259410.4999999557,-280481.7499999557,1767825900|LONG,EXIT_STLINE,False,SuperTrend-p14x3-M15,LONG,L,0.5,1767826839.013,1767825900,1767826800.0,1767826800
1957988.2781301197,slo0.30,0.5,4446.39,0,4446.2,4436.931526447649,4437.07,F1,True,4163866.3,855024.5000000102,833953.2500000102,1767826800|SHORT,EXIT_STLINE,False,SuperTrend-p14x3-M15,SHORT,S,0.5,1767872867.069,1767826800,1767827700.0,1767872700
153960.81446468606,slo0.30,0.5,4459.15,0,4459.58,4457.935997709934,4457.72,F1,True,4176396.67,-174188.99999996932,-195260.24999996932,1767909600|LONG,EXIT_STLINE,False,SuperTrend-p14x3-M15,LONG,L,0.5,1767910657.63,1767909600,1767910500.0,1767910500
1982371.8613044424,slo0.30,0.5,4457.22,0,4457.22,4478.387878924767,4478.54,F1,True,4174186.53,-1996617.9999999728,-2017689.2499999728,1767910500|SHORT,EXIT_STLINE,False,SuperTrend-p14x3-M15,SHORT,S,0.5,1767949248.476,1767910500,1767911400.0,1767949200
2697043.1554504554,slo0.30,0.5,4615.3,0,4615.8,4617.843679220687,4617.77,F1,True,4322696.7,184490.50000002384,163419.25000002384,1768341600|LONG,EXIT_STLINE,False,SuperTrend-p14x3-M15,LONG,L,0.5,1768390796.576,1768341600,1768342500.0,1768390200
431541.2552246735,slo0.30,0.5,4616.67,0,4617.17,4612.561978054195,4612.46,F1,True,4323979.705,-441091.50000000343,-462162.75000000343,1768420800|LONG,EXIT_STLINE,False,SuperTrend-p14x3-M15,LONG,L,0.5,1768421894.274,1768420800,1768421700.0,1768421700
2966227.0126736066,slo0.30,0.5,4609.0,0,4608.98,4616.022358440839,4616.16,F1,True,4316309.77,-672407.0000000272,-693478.2500000272,1768421700|SHORT,EXIT_STLINE,False,SuperTrend-p14x3-M15,SHORT,S,0.5,1768462562.56,1768421700,1768422600.0,1768462200
162049.02862880245,slo0.30,0.5,4600.06,0,4600.43,4598.699631301348,4598.49,F1,True,4308302.695,-181681.0000000477,-202752.2500000477,1768513500|LONG,EXIT_STLINE,False,SuperTrend-p14x3-M15,LONG,L,0.5,1768514400.992,1768513500,1768514400.0,1768514400
509490.5286288058,slo0.30,0.5,4603.65,0,4604.14,4598.699631301348,4598.61,F1,True,4311777.11,-517884.50000006135,-538955.7500000614,1768514400|LONG,EXIT_STLINE,False,SuperTrend-p14x3-M15,LONG,L,0.5,1768518029.281,1768514400,1768515300.0,1768518000
1898723.426042243,slo0.30,0.5,4598.06,0,4597.75,4613.886599766163,4613.92,F1,True,4305792.875,-1514320.5000000068,-1535391.7500000068,1768518000|SHORT,EXIT_STLINE,False,SuperTrend-p14x3-M15,SHORT,S,0.5,1768531904.758,1768518000,1768518900.0,1768531500
235679.56810120062,slo0.30,0.5,4611.37,0,4611.37,4613.886599766163,4614.12,F1,True,4318548.005,-257537.5,-278608.75,1768531500|SHORT,EXIT_STLINE,False,SuperTrend-p14x3-M15,SHORT,S,0.5,1768552568.676,1768531500,1768532400.0,1768552200
1803271.5907434719,slo0.30,0.5,4659.42,0,4659.49,4677.363590310515,4677.52,F1,True,4363612.385,-1688509.5000000612,-1709580.7500000612,1768857300|SHORT,EXIT_STLINE,False,SuperTrend-p14x3-M15,SHORT,S,0.5,1768869607.576,1768857300,1768858200.0,1768869000
63081.73257977328,slo0.30,0.5,4676.69,0,4676.69,4677.363590310515,4677.44,F1,True,4379720.185,-70237.5,-91308.75,1768869000|SHORT,EXIT_STLINE,False,SuperTrend-p14x3-M15,SHORT,S,0.5,1768869903.712,1768869000,1768869900.0,1768869900
1777492.1794629076,slo0.30,0.5,4680.03,0,4680.53,4843.286913860349,4842.84,F1,True,4383316.345,15200331.500000037,15179260.250000037,1768869900|LONG,EXIT_STLINE,False,SuperTrend-p14x3-M15,LONG,L,0.5,1768968059.668,1768869900,1768870800.0,1768968000
6352461.196764465,slo0.30,0.5,4778.3,0,4778.13,4829.5176213160485,4829.6,F1,True,4474718.745,-4820165.500000024,-4841236.750000024,1769028300|SHORT,EXIT_STLINE,False,SuperTrend-p14x3-M15,SHORT,S,0.5,1769052410.536,1769028300,1769029200.0,1769051700
384678.7362479521,slo0.30,0.5,4825.41,0,4825.41,4829.5176213160485,4829.67,F1,True,4518996.465,-398949.00000002043,-420020.25000002043,1769051700|SHORT,EXIT_STLINE,False,SuperTrend-p14x3-M15,SHORT,S,0.5,1769054546.816,1769051700,1769052600.0,1769054400
7640441.672882535,slo0.30,0.5,5071.3,0,5072.01,5061.87832172737,5061.68,F1,True,4749937.365,-967404.4999999931,-988475.7499999931,1769464800|LONG,EXIT_STLINE,False,SuperTrend-p14x3-M15,LONG,L,0.5,1769511941.798,1769464800,1769465700.0,1769511600
2727939.9894207115,slo0.30,0.5,5479.87,0,5480.28,5509.1505111832885,5509.14,F1,True,5132282.22,2702739.0000000545,2681667.7500000545,1769637600|LONG,EXIT_STLINE,False,SuperTrend-p14x3-M15,LONG,L,0.5,1769665339.954,1769637600,1769638500.0,1769664600
16607101.727077005,slo0.30,0.5,5310.91,0,5309.65,4932.366953038626,4932.72,F1,True,4972487.225,35299494.49999995,35278423.24999995,1769724000|SHORT,EXIT_STLINE,False,SuperTrend-p14x3-M15,SHORT,S,0.5,1769791535.218,1769724000,1769724900.0,1769791500
441135.38007927214,slo0.30,0.5,4741.05,0,4741.66,4736.94953144603,4733.5,F1,True,4440564.59,-764183.9999999864,-785255.2499999864,1769976000|LONG,EXIT_STLINE,False,SuperTrend-p14x3-M15,LONG,L,0.5,1769976949.454,1769976000,1769976900.0,1769976900
18435046.8519842,slo0.30,0.5,4728.01,0,4728.01,4647.80392431443,4648.03,F1,True,4427781.365,7490127.000000045,7469055.750000045,1769976900|SHORT,EXIT_STLINE,False,SuperTrend-p14x3-M15,SHORT,S,0.5,1770009741.897,1769976900,1769977800.0,1770009300
13290043.032651521,slo0.30,0.5,4774.1,0,4774.6,4902.966846838563,4902.01,F1,True,4471412.9,11931946.499999987,11910875.249999987,1770065100|LONG,EXIT_STLINE,False,SuperTrend-p14x3-M15,LONG,L,0.5,1770132750.589,1770065100,1770066000.0,1770132600
9471309.46551106,slo0.30,0.5,5009.26,0,5010.25,4944.387261098407,4944.35,F1,True,4692099.125,-6171534.999999966,-6192606.249999966,1770235200|LONG,EXIT_STLINE,False,SuperTrend-p14x3-M15,LONG,L,0.5,1770243599.507,1770235200,1770236100.0,1770243300
755075.4981341505,slo0.30,0.5,4951.92,0,4952.45,4944.387261098407,4944.33,F1,True,4637969.425,-760437.9999999898,-781509.2499999898,1770243300|LONG,EXIT_STLINE,False,SuperTrend-p14x3-M15,LONG,L,0.5,1770246321.165,1770243300,1770244200.0,1770246000
9600068.313548913,slo0.30,0.5,4915.08,0,4915.24,4936.076612165991,4936.25,F1,True,4603122.26,-1967586.5000000205,-1988657.7500000205,1770246000|SHORT,EXIT_STLINE,False,SuperTrend-p14x3-M15,SHORT,S,0.5,1770265575.085,1770246000,1770246900.0,1770264900
164195.29208785843,slo0.30,0.5,4773.96,0,4774.02,4775.773286621334,4775.82,F1,True,4470869.73,-168569.99999993187,-189641.24999993187,1770331500|SHORT,EXIT_STLINE,False,SuperTrend-p14x3-M15,SHORT,S,0.5,1770332401.845,1770331500,1770332400.0,1770332400
11372549.69740203,slo0.30,0.5,4787.59,0,4787.99,4982.618406964909,4981.66,F1,True,4483952.635,18137195.500000007,18116124.250000007,1770332400|LONG,EXIT_STLINE,False,SuperTrend-p14x3-M15,LONG,L,0.5,1770590211.436,1770332400,1770333300.0,1770589800
2568032.187736278,slo0.30,0.5,5009.5,0,5010.04,4982.618406964909,4982.53,F1,True,4691902.46,-2576311.5000000205,-2597382.7500000205,1770589800|LONG,EXIT_STLINE,False,SuperTrend-p14x3-M15,LONG,L,0.5,1770591528.472,1770589800,1770590700.0,1770590700
7201439.645244381,slo0.30,0.5,4982.43,0,4982.43,5039.733998048141,5040.2,F1,True,4666045.695,-5410160.499999955,-5431231.749999955,1770590700|SHORT,EXIT_STLINE,False,SuperTrend-p14x3-M15,SHORT,S,0.5,1770637503.356,1770590700,1770591600.0,1770637500
6685918.482729793,slo0.30,0.5,5013.04,0,5013.21,5063.416068081626,5063.43,F1,True,4694871.165,-4703103.000000024,-4724174.250000024,1770667200|SHORT,EXIT_STLINE,False,SuperTrend-p14x3-M15,SHORT,S,0.5,1770703756.642,1770667200,1770668100.0,1770703200
1102828.7758442238,slo0.30,0.5,5051.62,0,5051.64,5063.416068081626,5063.73,F1,True,4730860.86,-1132228.4999999285,-1153299.7499999285,1770703200|SHORT,EXIT_STLINE,False,SuperTrend-p14x3-M15,SHORT,S,0.5,1770722185.775,1770703200,1770704100.0,1770722100
588898.1363877555,slo0.30,0.5,5046.55,0,5046.55,5052.838287628273,5052.91,F1,True,4726094.075,-595613.9999999694,-616685.2499999694,1770754500|SHORT,EXIT_STLINE,False,SuperTrend-p14x3-M15,SHORT,S,0.5,1770764349.138,1770754500,1770755400.0,1770763500
43855.13638778275,slo0.30,0.5,5052.37,0,5052.37,5052.838287628273,5052.87,F1,True,4731544.505,-46825.0,-67896.25,1770763500|SHORT,EXIT_STLINE,False,SuperTrend-p14x3-M15,SHORT,S,0.5,1770764400.062,1770763500,1770764400.0,1770764400
1473890.6363877384,slo0.30,0.5,5037.1,0,5037.1,5052.838287628273,5052.85,F1,True,4717244.15,-1474987.5,-1496058.75,1770764400|SHORT,EXIT_STLINE,False,SuperTrend-p14x3-M15,SHORT,S,0.5,1770767045.187,1770764400,1770765300.0,1770766200
3981213.4180115433,slo0.30,0.5,5053.82,0,5054.32,5079.462337351246,5079.34,F1,True,4733370.68,2343123.000000041,2322051.750000041,1770766200|LONG,EXIT_STLINE,False,SuperTrend-p14x3-M15,LONG,L,0.5,1770802868.206,1770766200,1770767100.0,1770802200
5823836.59407837,slo0.30,0.5,4969.78,0,4970.28,4944.132405015196,4943.9,F1,True,4654667.22,-2470487.0000000102,-2491558.2500000102,1770934500|LONG,EXIT_STLINE,False,SuperTrend-p14x3-M15,LONG,L,0.5,1770969639.663,1770934500,1770935400.0,1770969600
3791803.1346512064,slo0.30,0.5,4994.51,0,4994.51,5010.477627792319,5010.49,F1,True,4677358.615,-1496526.999999959,-1517598.249999959,1771199100|SHORT,EXIT_STLINE,False,SuperTrend-p14x3-M15,SHORT,S,0.5,1771218140.762,1771199100,1771200000.0,1771218000
635937.9224849711,slo0.30,0.5,4994.21,0,4994.21,4927.763374614708,4928.11,F1,True,4677077.665,6190265.000000034,6169193.750000034,1771272900|SHORT,EXIT_STLINE,False,SuperTrend-p14x3-M15,SHORT,S,0.5,1771305163.091,1771272900,1771273800.0,1771304400
3624965.198905825,slo0.30,0.5,4904.81,0,4905.31,4911.0288464420755,4910.95,F1,True,4593822.815,528185.9999999455,507114.7499999455,1771371000|LONG,EXIT_STLINE,False,SuperTrend-p14x3-M15,LONG,L,0.5,1771400288.211,1771371000,1771371900.0,1771399800
321174.05316311785,slo0.30,0.5,4976.8,0,4977.3,4973.870485283896,4973.07,F1,True,4661241.45,-396139.5000000443,-417210.7500000443,1771444800|LONG,EXIT_STLINE,False,SuperTrend-p14x3-M15,LONG,L,0.5,1771445838.48,1771444800,1771445700.0,1771445700
791297.0531630735,slo0.30,0.5,4981.82,0,4982.32,4973.870485283896,4973.76,F1,True,4665942.68,-801643.9999999523,-822715.2499999523,1771445700|LONG,EXIT_STLINE,False,SuperTrend-p14x3-M15,LONG,L,0.5,1771448163.642,1771445700,1771446600.0,1771447500
233143.05316307014,slo0.30,0.5,4975.86,0,4976.36,4973.870485283896,4973.86,F1,True,4660361.14,-234125.0,-255196.25,1771447500|LONG,EXIT_STLINE,False,SuperTrend-p14x3-M15,LONG,L,0.5,1771448414.751,1771447500,1771448400.0,1771448400
2853768.212951895,slo0.30,0.5,4967.8,0,4967.8,4991.065088763702,4991.08,F1,True,4652344.7,-2180171.9999999763,-2201243.2499999763,1771448400|SHORT,EXIT_STLINE,False,SuperTrend-p14x3-M15,SHORT,S,0.5,1771467001.061,1771448400,1771449300.0,1771466400
80079.06272069627,slo0.30,0.5,4990.21,0,4990.21,4991.065088763702,4991.08,F1,True,4673331.665,-81475.49999998978,-102546.74999998978,1771466400|SHORT,EXIT_STLINE,False,SuperTrend-p14x3-M15,SHORT,S,0.5,1771468290.219,1771466400,1771467300.0,1771468200
2408997.8639336955,slo0.30,0.5,4995.85,0,4996.35,4998.305685816801,4997.84,F1,True,4679081.775,139538.49999997957,118467.24999997957,1771468200|LONG,EXIT_STLINE,False,SuperTrend-p14x3-M15,LONG,L,0.5,1771482969.338,1771468200,1771469100.0,1771482600
99483.90885632693,slo0.30,0.5,5013.29,0,5013.29,5014.35229480893,5014.64,F1,True,4694946.085,-126427.50000003407,-147498.75000003405,1771538400|SHORT,EXIT_STLINE,False,SuperTrend-p14x3-M15,SHORT,S,0.5,1771556457.351,1771538400,1771539300.0,1771556400
2500080.6041696533,slo0.30,0.5,5016.46,0,5016.96,5009.214608744059,5009.0,F1,True,4698383.04,-745454.0000000034,-766525.2500000034,1771556400|LONG,EXIT_STLINE,False,SuperTrend-p14x3-M15,LONG,L,0.5,1771579857.819,1771556400,1771557300.0,1771579800
5402434.6543678995,slo0.30,0.5,5185.16,0,5185.32,5152.728341519352,5154.12,F1,True,4856052.18,2921879.999999983,2900808.749999983,1771884000|SHORT,EXIT_STLINE,False,SuperTrend-p14x3-M15,SHORT,S,0.5,1771937143.609,1771884000,1771884900.0,1771937100
3676659.6542705405,slo0.30,0.5,5135.6,0,5135.6,5169.543538445213,5169.58,F1,True,4809489.4,-3182226.999999959,-3203298.249999959,1771963200|SHORT,EXIT_STLINE,False,SuperTrend-p14x3-M15,SHORT,S,0.5,1771970878.6,1771963200,1771964100.0,1771970400
5320030.851042385,slo0.30,0.5,5174.14,0,5175.27,5174.666348308905,5174.57,F1,True,4846640.355,-65555.00000006813,-86626.25000006813,1771970400|LONG,EXIT_STLINE,False,SuperTrend-p14x3-M15,LONG,L,0.5,1772004044.479,1771970400,1771971300.0,1772003700
522398.22922418197,slo0.30,0.5,5187.49,0,5187.49,5193.068197856104,5193.3,F1,True,4858084.385,-544106.5000000375,-565177.7500000375,1772056800|SHORT,EXIT_STLINE,False,SuperTrend-p14x3-M15,SHORT,S,0.5,1772058059.148,1772056800,1772057700.0,1772057700
1188249.7292241512,slo0.30,0.5,5180.38,0,5180.38,5193.068197856104,5193.14,F1,True,4851425.87,-1194974.0000000205,-1216045.2500000205,1772057700|SHORT,EXIT_STLINE,False,SuperTrend-p14x3-M15,SHORT,S,0.5,1772059967.389,1772057700,1772058600.0,1772059500
159972.7292241922,slo0.30,0.5,5191.35,0,5191.36,5193.068197856104,5193.24,F1,True,4861708.64,-176062.00000001022,-197133.25000001022,1772059500|SHORT,EXIT_STLINE,False,SuperTrend-p14x3-M15,SHORT,S,0.5,1772060405.313,1772059500,1772060400.0,1772060400
958807.2292241683,slo0.30,0.5,5182.88,0,5182.83,5193.068197856104,5193.47,F1,True,4853720.295,-996436.0000000306,-1017507.2500000306,1772060400|SHORT,EXIT_STLINE,False,SuperTrend-p14x3-M15,SHORT,S,0.5,1772065105.668,1772060400,1772061300.0,1772064900
456843.229224199,slo0.30,0.5,5188.19,0,5188.19,5193.068197856104,5193.18,F1,True,4858739.935,-467313.5000000647,-488384.7500000647,1772064900|SHORT,EXIT_STLINE,False,SuperTrend-p14x3-M15,SHORT,S,0.5,1772067428.408,1772064900,1772065800.0,1772066700
50402.22922418539,slo0.30,0.5,5192.53,0,5192.53,5193.068197856104,5193.14,F1,True,4862804.345,-57126.50000005451,-78197.75000005451,1772066700|SHORT,EXIT_STLINE,False,SuperTrend-p14x3-M15,SHORT,S,0.5,1772067601.518,1772066700,1772067600.0,1772067600
3082189.359898684,slo0.30,0.5,5196.7,0,5197.2,5173.2141141487355,5173.05,F1,True,4867177.8,-2261647.499999966,-2282718.749999966,1772067600|LONG,EXIT_STLINE,False,SuperTrend-p14x3-M15,LONG,L,0.5,1772084033.495,1772067600,1772068500.0,1772083800
857350.1905418831,slo0.30,0.5,5176.33,0,5176.83,5172.096575314539,5172.09,F1,True,4848101.295,-443900.99999997957,-464972.24999997957,1772143200|LONG,EXIT_STLINE,False,SuperTrend-p14x3-M15,LONG,L,0.5,1772175319.268,1772143200,1772144100.0,1772174700
5018225.456288702,slo0.30,0.5,5319.05,0,5319.03,5213.750303098263,5215.23,F1,True,4981271.595,9720870.000000017,9699798.750000017,1772505900|SHORT,EXIT_STLINE,False,SuperTrend-p14x3-M15,SHORT,S,0.5,1772531753.178,1772505900,1772506800.0,1772531100
6568546.396985306,slo0.30,0.5,5158.63,0,5159.84,5123.007832768296,5121.99,F1,True,4832190.16,-3544652.500000034,-3565723.750000034,1772575200|LONG,EXIT_STLINE,False,SuperTrend-p14x3-M15,LONG,L,0.5,1772593590.285,1772575200,1772576100.0,1772593200
1811393.9612491245,slo0.30,0.5,5142.39,0,5142.35,5158.432034023256,5157.81,F1,True,4815810.775,1447829.0000000035,1426757.7500000035,1772593200|LONG,EXIT_STLINE,False,SuperTrend-p14x3-M15,LONG,L,0.5,1772617283.165,1772593200,1772594100.0,1772616600
141385.46479089363,slo0.30,0.5,5173.33,0,5173.36,5174.869721994563,5174.87,F1,True,4844851.64,-141411.50000002043,-162482.75000002043,1772658900|SHORT,EXIT_STLINE,False,SuperTrend-p14x3-M15,SHORT,S,0.5,1772660521.718,1772658900,1772659800.0,1772659800
336177.46479088685,slo0.30,0.5,5171.28,0,5171.28,5174.869721994563,5175.02,F1,True,4842903.72,-350251.0000000647,-371322.2500000647,1772659800|SHORT,EXIT_STLINE,False,SuperTrend-p14x3-M15,SHORT,S,0.5,1772660956.579,1772659800,1772660700.0,1772660700
230352.9647908766,slo0.30,0.5,5172.41,0,5172.41,5174.869721994563,5174.89,F1,True,4843961.965,-232252.0000000443,-253323.2500000443,1772660700|SHORT,EXIT_STLINE,False,SuperTrend-p14x3-M15,SHORT,S,0.5,1772661651.491,1772660700,1772661600.0,1772661600
3392386.001912512,slo0.30,0.5,5176.5,0,5177.0,5152.498857710186,5152.16,F1,True,4848260.5,-2326266.0000000135,-2347337.2500000135,1772661600|LONG,EXIT_STLINE,False,SuperTrend-p14x3-M15,LONG,L,0.5,1772679496.568,1772661600,1772662500.0,1772678700
4167815.7963315677,slo0.30,0.5,5148.32,0,5148.44,5174.671990957975,5174.87,F1,True,4821514.06,-2475169.5000000275,-2496240.7500000275,1772678700|SHORT,EXIT_STLINE,False,SuperTrend-p14x3-M15,SHORT,S,0.5,1772690782.613,1772678700,1772679600.0,1772690400
6102496.899545156,slo0.30,0.5,5118.52,0,5118.77,5095.880691730109,5095.78,F1,True,4793728.105,-2153013.5000000647,-2174084.7500000647,1772749800|LONG,EXIT_STLINE,False,SuperTrend-p14x3-M15,LONG,L,0.5,1772777584.78,1772749800,1772750700.0,1772776800
467619.1954338641,slo0.30,0.5,5125.47,0,5126.29,5121.296735766857,5120.85,F1,True,4800770.585,-509455.9999999625,-530527.2499999625,1772998200|LONG,EXIT_STLINE,False,SuperTrend-p14x3-M15,LONG,L,0.5,1772999281.735,1772998200,1772999100.0,1772999100
860949.195433847,slo0.30,0.5,5129.99,0,5130.49,5121.296735766857,5121.07,F1,True,4804703.885,-882183.0000000069,-903254.2500000069,1772999100|LONG,EXIT_STLINE,False,SuperTrend-p14x3-M15,LONG,L,0.5,1773000156.18,1772999100,1773000000.0,1773000000
7901415.58971797,slo0.30,0.5,5101.57,0,5101.65,5123.3747015922845,5123.44,F1,True,4777695.225,-2040633.4999999965,-2061704.7499999965,1773000000|SHORT,EXIT_STLINE,False,SuperTrend-p14x3-M15,SHORT,S,0.5,1773024337.52,1773000000,1773000900.0,1773024300
4901257.906850053,slo0.30,0.5,5124.12,0,5124.62,5072.817914931972,5072.77,F1,True,4799206.63,-4855752.499999949,-4876823.749999949,1773024300|LONG,EXIT_STLINE,False,SuperTrend-p14x3-M15,LONG,L,0.5,1773053137.116,1773024300,1773025200.0,1773053100
4167109.700059457,slo0.30,0.5,5169.54,0,5170.19,5165.580393989338,5165.56,F1,True,4841882.935,-433599.499999925,-454670.749999925,1773268200|LONG,EXIT_STLINE,False,SuperTrend-p14x3-M15,LONG,L,0.5,1773306956.862,1773268200,1773269100.0,1773306900
235266.81030170835,slo0.30,0.5,5097.93,0,5097.93,5100.442192315021,5100.45,F1,True,4774211.445,-235997.9999999557,-257069.2499999557,1773348300|SHORT,EXIT_STLINE,False,SuperTrend-p14x3-M15,SHORT,S,0.5,1773349220.065,1773348300,1773349200.0,1773349200
3309493.0072605936,slo0.30,0.5,5105.83,0,5106.33,5097.162294265661,5096.67,F1,True,4782078.045,-904658.9999999864,-925730.2499999864,1773349200|LONG,EXIT_STLINE,False,SuperTrend-p14x3-M15,LONG,L,0.5,1773372078.981,1773349200,1773350100.0,1773371700
3236124.409678934,slo0.30,0.5,5027.59,0,5028.09,5015.712185845592,5013.67,F1,True,4708806.285,-1350433.0000000068,-1371504.2500000068,1773701100|LONG,EXIT_STLINE,False,SuperTrend-p14x3-M15,LONG,L,0.5,1773716500.282,1773701100,1773702000.0,1773716400
5108967.305797927,slo0.30,0.5,4865.59,0,4866.09,4823.209312100507,4823.13,F1,True,4557093.285,-4023204.0000000033,-4044275.2500000033,1773873000|LONG,EXIT_STLINE,False,SuperTrend-p14x3-M15,LONG,L,0.5,1773890343.322,1773873000,1773873900.0,1773890100
1326847.5185335607,slo0.30,0.5,4435.54,0,4435.37,4257.597426507817,4257.97,F1,True,4153724.005,16613509.999999966,16592438.749999966,1774218600|SHORT,EXIT_STLINE,False,SuperTrend-p14x3-M15,SHORT,S,0.5,1774243973.795,1774218600,1774219500.0,1774243800
10097572.596858663,slo0.30,0.5,4344.15,0,4344.24,4409.859049828869,4410.08,F1,True,4068380.76,-6165916.000000014,-6186987.250000014,1774301400|SHORT,EXIT_STLINE,False,SuperTrend-p14x3-M15,SHORT,S,0.5,1774324821.443,1774301400,1774302300.0,1774324800
5727638.47444192,slo0.30,0.5,4434.9,0,4435.33,4422.646330696219,4422.49,F1,True,4153686.545,-1202466.0000000137,-1223537.2500000137,1774566000|LONG,EXIT_STLINE,False,SuperTrend-p14x3-M15,LONG,L,0.5,1774591755.814,1774566000,1774566900.0,1774591200
1842798.4203502305,slo0.30,0.5,4496.94,0,4497.49,4477.812494176719,4477.54,F1,True,4211899.385,-1868317.499999983,-1889388.749999983,1774810800|LONG,EXIT_STLINE,False,SuperTrend-p14x3-M15,LONG,L,0.5,1774814759.972,1774810800,1774811700.0,1774814400
106527.42035023402,slo0.30,0.5,4478.39,0,4478.95,4477.812494176719,4477.33,F1,True,4194536.675,-151712.99999998978,-172784.24999998978,1774814400|LONG,EXIT_STLINE,False,SuperTrend-p14x3-M15,LONG,L,0.5,1774815586.634,1774814400,1774815300.0,1774815300
5928706.9719578605,slo0.30,0.5,4472.23,0,4472.16,4495.457029758434,4495.85,F1,True,4188177.84,-2218568.5000000475,-2239639.7500000475,1774815300|SHORT,EXIT_STLINE,False,SuperTrend-p14x3-M15,SHORT,S,0.5,1774827843.759,1774815300,1774816200.0,1774827000
86816.33687738163,slo0.30,0.5,4494.46,0,4494.53,4495.457029758434,4495.46,F1,True,4209127.345,-87094.50000002726,-108165.75000002726,1774827000|SHORT,EXIT_STLINE,False,SuperTrend-p14x3-M15,SHORT,S,0.5,1774827952.418,1774827000,1774827900.0,1774827900
1347345.336877385,slo0.30,0.5,4481.05,0,4481.07,4495.457029758434,4495.49,F1,True,4196522.055,-1350433.0000000068,-1371504.2500000068,1774827900|SHORT,EXIT_STLINE,False,SuperTrend-p14x3-M15,SHORT,S,0.5,1774829096.782,1774827900,1774828800.0,1774828800
7177625.217653719,slo0.30,0.5,4504.45,0,4504.85,4528.559366950237,4528.4,F1,True,4218792.025,2205457.499999932,2184386.249999932,1774828800|LONG,EXIT_STLINE,False,SuperTrend-p14x3-M15,LONG,L,0.5,1774868125.462,1774828800,1774829700.0,1774867500
5113961.648225655,slo0.30,0.5,4547.61,0,4548.09,4547.443527135255,4547.29,F1,True,4259286.285,-74920.00000001704,-95991.25000001704,1774907100|LONG,EXIT_STLINE,False,SuperTrend-p14x3-M15,LONG,L,0.5,1774930759.308,1774907100,1774908000.0,1774930500
4259626.8034256715,slo0.30,0.5,4750.79,0,4750.75,4644.767251470915,4645.44,F1,True,4449077.375,9862281.500000037,9841210.250000037,1775080800|SHORT,EXIT_STLINE,False,SuperTrend-p14x3-M15,SHORT,S,0.5,1775105306.561,1775080800,1775081700.0,1775105100
5844157.107147842,slo0.30,0.5,4630.3,0,4631.08,4667.628391800045,4667.71,F1,True,4337006.42,-3430399.5000000102,-3451470.7500000102,1775412000|SHORT,EXIT_STLINE,False,SuperTrend-p14x3-M15,SHORT,S,0.5,1775427629.434,1775412000,1775412900.0,1775427300
619812.3920742306,slo0.30,0.5,4660.88,0,4661.01,4667.628391800045,4667.67,F1,True,4365035.865,-623708.9999999864,-644780.2499999864,1775427300|SHORT,EXIT_STLINE,False,SuperTrend-p14x3-M15,SHORT,S,0.5,1775437660.652,1775427300,1775428200.0,1775437200
4923788.516873388,slo0.30,0.5,4673.44,0,4673.98,4666.895183332889,4666.58,F1,True,4377182.27,-693009.9999999659,-714081.2499999659,1775437200|LONG,EXIT_STLINE,False,SuperTrend-p14x3-M15,LONG,L,0.5,1775463662.449,1775437200,1775438100.0,1775463300
3056630.398522859,slo0.30,0.5,4761.11,0,4761.12,4763.5280979833615,4763.58,F1,True,4458788.88,-230379.0000000034,-251450.2500000034,1775759400|SHORT,EXIT_STLINE,False,SuperTrend-p14x3-M15,SHORT,S,0.5,1775806258.669,1775759400,1775760300.0,1775806200
5304831.0164645845,slo0.30,0.5,4714.74,0,4715.48,4707.605438787903,4707.06,F1,True,4416047.02,-788532.9999999217,-809604.2499999217,1776027600|LONG,EXIT_STLINE,False,SuperTrend-p14x3-M15,LONG,L,0.5,1776066072.19,1776027600,1776028500.0,1776065400
319766.8870028819,slo0.30,0.5,4828.16,0,4828.65,4825.235511083792,4825.23,F1,True,4522030.725,-320283.0000000068,-341354.2500000068,1776205800|LONG,EXIT_STLINE,False,SuperTrend-p14x3-M15,LONG,L,0.5,1776206864.046,1776205800,1776206700.0,1776206700
2819385.151199861,slo0.30,0.5,4823.75,0,4823.77,4824.034009807962,4824.19,F1,True,4517460.605,-39332.99999992164,-60404.24999992164,1776206700|SHORT,EXIT_STLINE,False,SuperTrend-p14x3-M15,SHORT,S,0.5,1776245909.119,1776206700,1776207600.0,1776245400
379357.717277302,slo0.30,0.5,4807.49,0,4807.41,4811.460803174344,4811.65,F1,True,4502139.465,-397075.99999997957,-418147.24999997957,1776278700|SHORT,EXIT_STLINE,False,SuperTrend-p14x3-M15,SHORT,S,0.5,1776280294.447,1776278700,1776279600.0,1776279600
2311395.0102045997,slo0.30,0.5,4812.39,0,4812.87,4815.1414236768505,4815.07,F1,True,4507252.755,206029.99999998297,184958.74999998297,1776279600|LONG,EXIT_STLINE,False,SuperTrend-p14x3-M15,LONG,L,0.5,1776306512.553,1776279600,1776280500.0,1776305700
126294.17266292685,slo0.30,0.5,4816.06,0,4816.49,4815.1414236768505,4815.03,F1,True,4510642.885,-136729.0000000034,-157800.2500000034,1776305700|LONG,EXIT_STLINE,False,SuperTrend-p14x3-M15,LONG,L,0.5,1776306878.441,1776305700,1776306600.0,1776306600
870811.6726629098,slo0.30,0.5,4823.99,0,4824.44,4815.1414236768505,4815.1,F1,True,4518088.06,-874690.9999999284,-895762.2499999284,1776306600|LONG,EXIT_STLINE,False,SuperTrend-p14x3-M15,LONG,L,0.5,1776312184.563,1776306600,1776307500.0,1776312000
179111.0323629254,slo0.30,0.5,4795.82,0,4795.8,4797.7125577401275,4798.05,F1,True,4491266.7,-210712.5,-231783.75,1776380400|SHORT,EXIT_STLINE,False,SuperTrend-p14x3-M15,SHORT,S,0.5,1776381490.93,1776380400,1776381300.0,1776381300
353300.03236297995,slo0.30,0.5,4793.99,0,4793.94,4797.7125577401275,4797.9,F1,True,4489524.81,-370854.00000000343,-391925.25000000343,1776381300|SHORT,EXIT_STLINE,False,SuperTrend-p14x3-M15,SHORT,S,0.5,1776386046.422,1776381300,1776382200.0,1776385800
2271590.8287188765,slo0.30,0.5,4800.89,0,4801.37,4783.083989645532,4783.05,F1,True,4496483.005,-1715667.9999999728,-1736739.2499999728,1776385800|LONG,EXIT_STLINE,False,SuperTrend-p14x3-M15,LONG,L,0.5,1776393013.753,1776385800,1776386700.0,1776393000
255290.8696959843,slo0.30,0.5,4785.4,0,4785.81,4783.083989645532,4783.08,F1,True,4481911.065,-255664.5000000443,-276735.7500000443,1776393000|LONG,EXIT_STLINE,False,SuperTrend-p14x3-M15,LONG,L,0.5,1776397352.796,1776393000,1776393900.0,1776396600
2798223.19921927,slo0.30,0.5,4790.3,0,4790.21,4788.78469309266,4788.82,F1,True,4486031.665,130173.50000003066,109102.25000003066,1776621600|SHORT,EXIT_STLINE,False,SuperTrend-p14x3-M15,SHORT,S,0.5,1776632683.032,1776621600,1776622500.0,1776632400
4424826.131417907,slo0.30,0.5,4793.53,0,4794.04,4810.110202077155,4809.96,F1,True,4489618.46,1490908.0000000068,1469836.7500000068,1776632400|LONG,EXIT_STLINE,False,SuperTrend-p14x3-M15,LONG,L,0.5,1776721241.194,1776632400,1776633300.0,1776720600
346486.0754744709,slo0.30,0.5,4813.36,0,4813.81,4810.110202077155,4810.11,F1,True,4508133.065,-346505.00000006816,-367576.25000006816,1776720600|LONG,EXIT_STLINE,False,SuperTrend-p14x3-M15,LONG,L,0.5,1776722028.951,1776720600,1776721500.0,1776721500
1987514.81884874,slo0.30,0.5,4810.09,0,4810.14,4724.924971869152,4725.95,F1,True,4504696.11,7884393.5000000475,7863322.2500000475,1776721500|SHORT,EXIT_STLINE,False,SuperTrend-p14x3-M15,SHORT,S,0.5,1776794420.33,1776721500,1776722400.0,1776794400
183249.81499339055,slo0.30,0.5,4748.34,0,4748.62,4746.663248104715,4746.64,F1,True,4447082.63,-185426.9999999591,-206498.2499999591,1776837600|LONG,EXIT_STLINE,False,SuperTrend-p14x3-M15,LONG,L,0.5,1776847293.665,1776837600,1776838500.0,1776846600
2215396.9504127745,slo0.30,0.5,4746.62,0,4746.65,4736.654466076814,4736.9,F1,True,4445237.725,913087.5,892016.25,1776846600|SHORT,EXIT_STLINE,False,SuperTrend-p14x3-M15,SHORT,S,0.5,1776889564.617,1776846600,1776847500.0,1776888900
5219536.319658435,slo0.30,0.5,4741.38,0,4741.84,4716.555401978586,4716.5,F1,True,4440733.16,-2373091.0000000135,-2394162.2500000135,1776888900|LONG,EXIT_STLINE,False,SuperTrend-p14x3-M15,LONG,L,0.5,1776895547.104,1776888900,1776889800.0,1776895200
4051723.370396971,slo0.30,0.5,4707.27,0,4707.18,4715.2459757085635,4715.32,F1,True,4408274.07,-762310.9999999455,-783382.2499999455,1776895200|SHORT,EXIT_STLINE,False,SuperTrend-p14x3-M15,SHORT,S,0.5,1776930886.897,1776895200,1776896100.0,1776930300
3056286.7943090466,slo0.30,0.5,4685.14,1,4686.44,4699.230852927489,4699.24,F1,True,4388851.06,-1198720.000000017,-1219791.250000017,1777226400|SHORT,EXIT_STLINE,False,SuperTrend-p14x3-M15,SHORT,S,0.5,1777237203.501,1777226400,1777228200.0,1777237200
612550.876659358,slo0.30,0.5,4692.66,0,4692.69,4699.230852927489,4699.31,F1,True,4394704.185,-619963.000000075,-641034.250000075,1777237200|SHORT,EXIT_STLINE,False,SuperTrend-p14x3-M15,SHORT,S,0.5,1777239083.618,1777237200,1777238100.0,1777239000
135872.3766593444,slo0.30,0.5,4697.8,0,4697.78,4699.230852927489,4699.43,F1,True,4399470.97,-154522.5000000511,-175593.7500000511,1777239000|SHORT,EXIT_STLINE,False,SuperTrend-p14x3-M15,SHORT,S,0.5,1777239917.526,1777239000,1777239900.0,1777239900
2450792.1803941927,slo0.30,0.5,4702.49,0,4702.98,4704.455533123476,4704.32,F1,True,4404340.77,125491.00000001362,104419.75000001362,1777239900|LONG,EXIT_STLINE,False,SuperTrend-p14x3-M15,LONG,L,0.5,1777266594.984,1777239900,1777240800.0,1777266000
1536314.8914119161,slo0.30,0.5,4697.75,0,4698.29,4681.8851426437595,4681.58,F1,True,4399948.585,-1564891.5000000035,-1585962.7500000035,1777320000|LONG,EXIT_STLINE,False,SuperTrend-p14x3-M15,LONG,L,0.5,1777326649.425,1777320000,1777320900.0,1777326300
2464085.46996834,slo0.30,0.5,4670.58,0,4670.52,4600.14647415806,4600.18,F1,True,4373941.98,6587341.000000014,6566269.750000014,1777326300|SHORT,EXIT_STLINE,False,SuperTrend-p14x3-M15,SHORT,S,0.5,1777366331.626,1777326300,1777327200.0,1777365900
353666.80490235734,slo0.30,0.5,4596.44,0,4596.37,4600.14647415806,4600.24,F1,True,4304500.505,-362425.49999998976,-383496.74999998976,1777399200|SHORT,EXIT_STLINE,False,SuperTrend-p14x3-M15,SHORT,S,0.5,1777406435.184,1777399200,1777400100.0,1777406400
2458716.119164844,slo0.30,0.5,4607.24,0,4607.76,4581.536355122308,4581.5,F1,True,4315167.24,-2459249.0000000205,-2480320.2500000205,1777406400|LONG,EXIT_STLINE,False,SuperTrend-p14x3-M15,LONG,L,0.5,1777410269.758,1777406400,1777407300.0,1777410000
109911.84279584768,slo0.30,0.5,4582.46,0,4582.71,4581.536355122308,4581.49,F1,True,4291707.915,-114253.00000002385,-135324.25000002387,1777410000|LONG,EXIT_STLINE,False,SuperTrend-p14x3-M15,LONG,L,0.5,1777410913.468,1777410000,1777410900.0,1777410900
2547619.7819552333,slo0.30,0.5,4580.28,0,4580.35,4607.553628210948,4607.65,F1,True,4289497.775,-2556644.999999932,-2577716.249999932,1777410900|SHORT,EXIT_STLINE,False,SuperTrend-p14x3-M15,SHORT,S,0.5,1777424625.282,1777410900,1777411800.0,1777424400
620302.7819552402,slo0.30,0.5,4600.91,0,4600.93,4554.740144919543,4555.73,F1,True,4308770.945,4232980.000000068,4211908.750000068,1777424400|SHORT,EXIT_STLINE,False,SuperTrend-p14x3-M15,SHORT,S,0.5,1777462805.881,1777424400,1777425300.0,1777462200
1022120.5575955886,slo0.30,0.5,4557.94,0,4557.92,4568.83426115959,4568.85,F1,True,4268492.08,-1023594.5000000272,-1044665.7500000272,1777492800|SHORT,EXIT_STLINE,False,SuperTrend-p14x3-M15,SHORT,S,0.5,1777495520.822,1777492800,1777493700.0,1777495500
2353324.491658961,slo0.30,0.5,4569.74,0,4570.12,4551.897070866746,4551.88,F1,True,4279917.38,-1708175.9999999795,-1729247.2499999795,1777495500|LONG,EXIT_STLINE,False,SuperTrend-p14x3-M15,LONG,L,0.5,1777507402.431,1777495500,1777496400.0,1777507200
358017.3133292883,slo0.30,0.5,4555.23,0,4555.72,4551.897070866746,4551.86,F1,True,4266431.78,-361489.0000000545,-382560.2500000545,1777507200|LONG,EXIT_STLINE,False,SuperTrend-p14x3-M15,LONG,L,0.5,1777508323.507,1777507200,1777508100.0,1777508100
2684178.294171552,slo0.30,0.5,4547.21,0,4547.12,4568.422750037549,4568.65,F1,True,4258377.88,-2016284.4999999763,-2037355.7499999763,1777508100|SHORT,EXIT_STLINE,False,SuperTrend-p14x3-M15,SHORT,S,0.5,1777513890.677,1777508100,1777509000.0,1777513500
557475.0410164514,slo0.30,0.5,4562.43,0,4562.47,4568.422750037549,4568.43,F1,True,4272753.155,-558154.0000000034,-579225.2500000034,1777513500|SHORT,EXIT_STLINE,False,SuperTrend-p14x3-M15,SHORT,S,0.5,1777515510.532,1777513500,1777514400.0,1777515300
2601249.134714917,slo0.30,0.5,4569.29,0,4569.79,4609.890505355886,4609.76,F1,True,4279608.335,3743190.5000000237,3722119.2500000237,1777515300|LONG,EXIT_STLINE,False,SuperTrend-p14x3-M15,LONG,L,0.5,1777543201.527,1777515300,1777516200.0,1777543200
584868.3442949362,slo0.30,0.5,4629.26,0,4629.25,4587.004530091125,4587.13,F1,True,4335292.625,3944537.9999999898,3923466.7499999898,1777587300|SHORT,EXIT_STLINE,False,SuperTrend-p14x3-M15,SHORT,S,0.5,1777623266.976,1777587300,1777588200.0,1777622400
95419.6381922106,slo0.30,0.5,4538.6,0,4538.67,4539.688896296767,4539.79,F1,True,4250464.455,-104887.99999998978,-125959.24999998978,1777928400|SHORT,EXIT_STLINE,False,SuperTrend-p14x3-M15,SHORT,S,0.5,1777929302.96,1777928400,1777929300.0,1777929300
186260.13819223444,slo0.30,0.5,4537.59,0,4537.7,4539.688896296767,4539.69,F1,True,4249556.05,-186363.49999997957,-207434.74999997957,1777929300|SHORT,EXIT_STLINE,False,SuperTrend-p14x3-M15,SHORT,S,0.5,1777930619.764,1777929300,1777930200.0,1777930200
273354.6381921765,slo0.30,0.5,4536.77,0,4536.77,4539.688896296767,4540.54,F1,True,4248685.105,-353060.4999999557,-374131.7499999557,1777930200|SHORT,EXIT_STLINE,False,SuperTrend-p14x3-M15,SHORT,S,0.5,1777931320.984,1777930200,1777931100.0,1777931100
2450376.2479436123,slo0.30,0.5,4540.78,0,4541.38,4553.299463605802,4553.25,F1,True,4253002.37,1111625.4999999898,1090554.2499999898,1777931100|LONG,EXIT_STLINE,False,SuperTrend-p14x3-M15,LONG,L,0.5,1777986579.2,1777931100,1777932000.0,1777986000
2171828.078262411,slo0.30,0.5,4550.36,0,4550.41,4566.931135863362,4567.02,F1,True,4261458.965,-1555526.5000000545,-1576597.7500000545,1778004000|SHORT,EXIT_STLINE,False,SuperTrend-p14x3-M15,SHORT,S,0.5,1778007329.677,1778004000,1778004900.0,1778006700
3331062.0433463897,slo0.30,0.5,4573.14,0,4573.8,4682.531544721802,4682.47,F1,True,4283363.7,10176945.500000007,10155874.250000007,1778006700|LONG,EXIT_STLINE,False,SuperTrend-p14x3-M15,LONG,L,0.5,1778054631.597,1778006700,1778007600.0,1778054400
3164589.2897018534,slo0.30,0.5,4709.56,0,4710.1,4724.826940506165,4724.73,F1,True,4411008.65,1370099.499999925,1349028.249999925,1778101200|LONG,EXIT_STLINE,False,SuperTrend-p14x3-M15,LONG,L,0.5,1778155295.221,1778101200,1778102100.0,1778155200
3661099.9106468605,slo0.30,0.5,4722.71,0,4723.27,4699.61739981479,4699.48,F1,True,4423342.355,-2227933.500000082,-2249004.750000082,1778190300|LONG,EXIT_STLINE,False,SuperTrend-p14x3-M15,LONG,L,0.5,1778210729.72,1778190300,1778191200.0,1778210100
115657.74999996934,slo0.40,0.5,4347.59,0,4347.59,4348.825,4349.02,F1,True,4071518.035,-133919.50000002724,-154990.75000002724,1767309300|SHORT,EXIT_STLINE,False,SuperTrend-p14x3-M15,SHORT,S,0.5,1767310213.14,1767309300,1767310200.0,1767310200
2508076.007653055,slo0.40,0.5,4351.38,0,4351.88,4378.427603138271,4378.12,F1,True,4075535.62,2457375.9999999795,2436304.7499999795,1767310200|LONG,EXIT_STLINE,False,SuperTrend-p14x3-M15,LONG,L,0.5,1767349503.479,1767310200,1767311100.0,1767348900
400466.17061286,slo0.40,0.5,4436.35,0,4436.85,4432.573799566334,4432.57,F1,True,4155110.0250000004,-400822.00000006135,-421893.25000006135,1767648600|LONG,EXIT_STLINE,False,SuperTrend-p14x3-M15,LONG,L,0.5,1767650564.684,1767648600,1767649500.0,1767650400
898684.1706128328,slo0.40,0.5,4441.72,0,4442.17,4448.9030904164065,4448.58,F1,True,4160092.205,600296.4999999864,579225.2499999864,1767650400|LONG,EXIT_STLINE,False,SuperTrend-p14x3-M15,LONG,L,0.5,1767682031.237,1767650400,1767651300.0,1767681900
3121447.1120945546,slo0.40,0.5,4470.76,0,4470.81,4470.254609798658,4470.41,F1,True,4186913.5650000004,37460.000000051106,16388.750000051106,1767736800|SHORT,EXIT_STLINE,False,SuperTrend-p14x3-M15,SHORT,S,0.5,1767764217.95,1767736800,1767737700.0,1767763800
1070760.3692792198,slo0.40,0.5,4456.84,0,4457.49,4446.056360178545,4445.8,F1,True,4174439.385,-1094768.4999999625,-1115839.7499999625,1767823200|LONG,EXIT_STLINE,False,SuperTrend-p14x3-M15,LONG,L,0.5,1767825855.441,1767823200,1767824100.0,1767825000
167974.36927927428,slo0.40,0.5,4447.39,0,4447.85,4446.056360178545,4445.83,F1,True,4165411.5250000004,-189173.0000000409,-210244.2500000409,1767825000|LONG,EXIT_STLINE,False,SuperTrend-p14x3-M15,LONG,L,0.5,1767825924.548,1767825000,1767825900.0,1767825900
255068.86927921636,slo0.40,0.5,4448.28,0,4448.78,4446.056360178545,4446.01,F1,True,4166282.47,-259410.4999999557,-280481.7499999557,1767825900|LONG,EXIT_STLINE,False,SuperTrend-p14x3-M15,LONG,L,0.5,1767826839.013,1767825900,1767826800.0,1767826800
1967353.2781300687,slo0.40,0.5,4446.39,0,4446.2,4437.0315264476485,4437.07,F1,True,4163866.3,855024.5000000102,833953.2500000102,1767826800|SHORT,EXIT_STLINE,False,SuperTrend-p14x3-M15,SHORT,S,0.5,1767872867.069,1767826800,1767827700.0,1767872700
163325.81446463495,slo0.40,0.5,4459.15,0,4459.58,4457.835997709934,4457.72,F1,True,4176396.67,-174188.99999996932,-195260.24999996932,1767909600|LONG,EXIT_STLINE,False,SuperTrend-p14x3-M15,LONG,L,0.5,1767910657.63,1767909600,1767910500.0,1767910500
1991736.8613043914,slo0.40,0.5,4457.22,0,4457.22,4478.487878924767,4478.54,F1,True,4174186.53,-1996617.9999999728,-2017689.2499999728,1767910500|SHORT,EXIT_STLINE,False,SuperTrend-p14x3-M15,SHORT,S,0.5,1767949248.476,1767910500,1767911400.0,1767949200
2706408.1554504046,slo0.40,0.5,4615.3,0,4615.8,4617.743679220687,4617.56,F1,True,4322696.7,164824.00000002043,143752.75000002043,1768341600|LONG,EXIT_STLINE,False,SuperTrend-p14x3-M15,LONG,L,0.5,1768390796.827,1768341600,1768342500.0,1768390200
440906.2552246224,slo0.40,0.5,4616.67,0,4617.17,4612.461978054195,4612.46,F1,True,4323979.705,-441091.50000000343,-462162.75000000343,1768420800|LONG,EXIT_STLINE,False,SuperTrend-p14x3-M15,LONG,L,0.5,1768421894.274,1768420800,1768421700.0,1768421700
2975592.012673556,slo0.40,0.5,4609.0,0,4608.98,4616.122358440838,4616.16,F1,True,4316309.77,-672407.0000000272,-693478.2500000272,1768421700|SHORT,EXIT_STLINE,False,SuperTrend-p14x3-M15,SHORT,S,0.5,1768462562.56,1768421700,1768422600.0,1768462200
171414.02862875134,slo0.40,0.5,4600.06,0,4600.43,4598.599631301348,4598.49,F1,True,4308302.695,-181681.0000000477,-202752.2500000477,1768513500|LONG,EXIT_STLINE,False,SuperTrend-p14x3-M15,LONG,L,0.5,1768514400.992,1768513500,1768514400.0,1768514400
518855.5286287547,slo0.40,0.5,4603.65,0,4604.14,4598.599631301348,4598.45,F1,True,4311777.11,-532868.5000000477,-553939.7500000477,1768514400|LONG,EXIT_STLINE,False,SuperTrend-p14x3-M15,LONG,L,0.5,1768518805.479,1768514400,1768515300.0,1768518000
1908088.4260421917,slo0.40,0.5,4598.06,0,4597.75,4613.986599766163,4614.11,F1,True,4305792.875,-1532113.9999999693,-1553185.2499999693,1768518000|SHORT,EXIT_STLINE,False,SuperTrend-p14x3-M15,SHORT,S,0.5,1768532140.03,1768518000,1768518900.0,1768531500
245044.56810114952,slo0.40,0.5,4611.37,0,4611.37,4613.986599766163,4614.12,F1,True,4318548.005,-257537.5,-278608.75,1768531500|SHORT,EXIT_STLINE,False,SuperTrend-p14x3-M15,SHORT,S,0.5,1768552568.676,1768531500,1768532400.0,1768552200
1812636.5907434209,slo0.40,0.5,4659.42,0,4659.49,4677.4635903105145,4677.52,F1,True,4363612.385,-1688509.5000000612,-1709580.7500000612,1768857300|SHORT,EXIT_STLINE,False,SuperTrend-p14x3-M15,SHORT,S,0.5,1768869607.576,1768857300,1768858200.0,1768869000
72446.73257972217,slo0.40,0.5,4676.69,0,4676.69,4677.4635903105145,4677.49,F1,True,4379720.185,-74920.00000001704,-95991.25000001704,1768869000|SHORT,EXIT_STLINE,False,SuperTrend-p14x3-M15,SHORT,S,0.5,1768869904.724,1768869000,1768869900.0,1768869900
1786857.1794628566,slo0.40,0.5,4680.03,0,4680.53,4843.18691386035,4842.84,F1,True,4383316.345,15200331.500000037,15179260.250000037,1768869900|LONG,EXIT_STLINE,False,SuperTrend-p14x3-M15,LONG,L,0.5,1768968059.668,1768869900,1768870800.0,1768968000
6361826.196764415,slo0.40,0.5,4778.3,0,4778.13,4829.617621316048,4829.67,F1,True,4474718.745,-4826720.999999996,-4847792.249999996,1769028300|SHORT,EXIT_STLINE,False,SuperTrend-p14x3-M15,SHORT,S,0.5,1769054546.816,1769028300,1769029200.0,1769054400
7649806.672882483,slo0.40,0.5,5071.3,0,5072.01,5061.778321727371,5061.68,F1,True,4749937.365,-967404.4999999931,-988475.7499999931,1769464800|LONG,EXIT_STLINE,False,SuperTrend-p14x3-M15,LONG,L,0.5,1769511941.798,1769464800,1769465700.0,1769511600
2737304.989420661,slo0.40,0.5,5479.87,0,5480.28,5509.050511183289,5508.76,F1,True,5132282.22,2667152.0000000442,2646080.7500000442,1769637600|LONG,EXIT_STLINE,False,SuperTrend-p14x3-M15,LONG,L,0.5,1769665340.066,1769637600,1769638500.0,1769664600
16616466.727076955,slo0.40,0.5,5310.91,0,5309.65,4932.466953038625,4932.72,F1,True,4972487.225,35299494.49999995,35278423.24999995,1769724000|SHORT,EXIT_STLINE,False,SuperTrend-p14x3-M15,SHORT,S,0.5,1769791535.218,1769724000,1769724900.0,1769791500
450500.38007922104,slo0.40,0.5,4741.05,0,4741.66,4736.849531446031,4733.5,F1,True,4440564.59,-764183.9999999864,-785255.2499999864,1769976000|LONG,EXIT_STLINE,False,SuperTrend-p14x3-M15,LONG,L,0.5,1769976949.454,1769976000,1769976900.0,1769976900
18444411.85198415,slo0.40,0.5,4728.01,0,4728.01,4647.90392431443,4648.03,F1,True,4427781.365,7490127.000000045,7469055.750000045,1769976900|SHORT,EXIT_STLINE,False,SuperTrend-p14x3-M15,SHORT,S,0.5,1770009741.897,1769976900,1769977800.0,1770009300
13299408.032651471,slo0.40,0.5,4774.1,0,4774.6,4902.866846838563,4902.01,F1,True,4471412.9,11931946.499999987,11910875.249999987,1770065100|LONG,EXIT_STLINE,False,SuperTrend-p14x3-M15,LONG,L,0.5,1770132750.589,1770065100,1770066000.0,1770132600
9480674.46551101,slo0.40,0.5,5009.26,0,5010.25,4944.287261098408,4943.78,F1,True,4692099.125,-6224915.500000024,-6245986.750000024,1770235200|LONG,EXIT_STLINE,False,SuperTrend-p14x3-M15,LONG,L,0.5,1770243601.037,1770235200,1770236100.0,1770243300
764440.4981340994,slo0.40,0.5,4951.92,0,4952.45,4944.287261098408,4943.94,F1,True,4637969.425,-796961.5000000205,-818032.7500000205,1770243300|LONG,EXIT_STLINE,False,SuperTrend-p14x3-M15,LONG,L,0.5,1770246321.402,1770243300,1770244200.0,1770246000
9609433.313548861,slo0.40,0.5,4915.08,0,4915.24,4936.17661216599,4936.25,F1,True,4603122.26,-1967586.5000000205,-1988657.7500000205,1770246000|SHORT,EXIT_STLINE,False,SuperTrend-p14x3-M15,SHORT,S,0.5,1770265575.085,1770246000,1770246900.0,1770264900
173560.29208780732,slo0.40,0.5,4773.96,0,4774.02,4775.873286621333,4777.33,F1,True,4470869.73,-309981.4999999523,-331052.7499999523,1770331500|SHORT,EXIT_STLINE,False,SuperTrend-p14x3-M15,SHORT,S,0.5,1770332402.033,1770331500,1770332400.0,1770332400
11381914.697401978,slo0.40,0.5,4787.59,0,4787.99,4982.518406964909,4981.66,F1,True,4483952.635,18137195.500000007,18116124.250000007,1770332400|LONG,EXIT_STLINE,False,SuperTrend-p14x3-M15,LONG,L,0.5,1770590211.436,1770332400,1770333300.0,1770589800
2577397.187736227,slo0.40,0.5,5009.5,0,5010.04,4982.518406964909,4982.5,F1,True,4691902.46,-2579120.9999999967,-2600192.2499999967,1770589800|LONG,EXIT_STLINE,False,SuperTrend-p14x3-M15,LONG,L,0.5,1770591528.567,1770589800,1770590700.0,1770590700
7210804.64524433,slo0.40,0.5,4982.43,0,4982.43,5039.8339980481405,5040.2,F1,True,4666045.695,-5410160.499999955,-5431231.749999955,1770590700|SHORT,EXIT_STLINE,False,SuperTrend-p14x3-M15,SHORT,S,0.5,1770637503.356,1770590700,1770591600.0,1770637500
6695283.482729741,slo0.40,0.5,5013.04,0,5013.21,5063.516068081625,5063.53,F1,True,4694871.165,-4712467.999999973,-4733539.249999973,1770667200|SHORT,EXIT_STLINE,False,SuperTrend-p14x3-M15,SHORT,S,0.5,1770703756.746,1770667200,1770668100.0,1770703200
1112193.7758441726,slo0.40,0.5,5051.62,0,5051.64,5063.516068081625,5063.73,F1,True,4730860.86,-1132228.4999999285,-1153299.7499999285,1770703200|SHORT,EXIT_STLINE,False,SuperTrend-p14x3-M15,SHORT,S,0.5,1770722185.775,1770703200,1770704100.0,1770722100
598263.1363877044,slo0.40,0.5,5046.55,0,5046.55,5052.9382876282725,5053.03,F1,True,4726094.075,-606851.9999999591,-627923.2499999591,1770754500|SHORT,EXIT_STLINE,False,SuperTrend-p14x3-M15,SHORT,S,0.5,1770764352.18,1770754500,1770755400.0,1770763500
53220.13638773165,slo0.40,0.5,5052.37,0,5052.37,5052.9382876282725,5053.15,F1,True,4731544.505,-73046.99999997615,-94118.24999997615,1770763500|SHORT,EXIT_STLINE,False,SuperTrend-p14x3-M15,SHORT,S,0.5,1770764400.662,1770763500,1770764400.0,1770764400
1483255.6363876874,slo0.40,0.5,5037.1,0,5037.1,5052.9382876282725,5053.0,F1,True,4717244.15,-1489034.999999966,-1510106.249999966,1770764400|SHORT,EXIT_STLINE,False,SuperTrend-p14x3-M15,SHORT,S,0.5,1770767050.48,1770764400,1770765300.0,1770766200
3990578.4180114926,slo0.40,0.5,5053.82,0,5054.32,5079.362337351246,5079.34,F1,True,4733370.68,2343123.000000041,2322051.750000041,1770766200|LONG,EXIT_STLINE,False,SuperTrend-p14x3-M15,LONG,L,0.5,1770802868.206,1770766200,1770767100.0,1770802200
5833201.594078319,slo0.40,0.5,4969.78,0,4970.28,4944.032405015197,4943.9,F1,True,4654667.22,-2470487.0000000102,-2491558.2500000102,1770934500|LONG,EXIT_STLINE,False,SuperTrend-p14x3-M15,LONG,L,0.5,1770969639.663,1770934500,1770935400.0,1770969600
3801168.134651155,slo0.40,0.5,4994.51,0,4994.51,5010.577627792319,5010.62,F1,True,4677358.615,-1508701.4999999693,-1529772.7499999693,1771199100|SHORT,EXIT_STLINE,False,SuperTrend-p14x3-M15,SHORT,S,0.5,1771218143.444,1771199100,1771200000.0,1771218000
3634330.198905774,slo0.40,0.5,4904.81,0,4905.31,4910.928846442076,4910.71,F1,True,4593822.815,505709.99999996595,484638.74999996595,1771371000|LONG,EXIT_STLINE,False,SuperTrend-p14x3-M15,LONG,L,0.5,1771400288.784,1771371000,1771371900.0,1771399800
330539.05316306674,slo0.40,0.5,4976.8,0,4977.3,4973.770485283897,4973.07,F1,True,4661241.45,-396139.5000000443,-417210.7500000443,1771444800|LONG,EXIT_STLINE,False,SuperTrend-p14x3-M15,LONG,L,0.5,1771445838.48,1771444800,1771445700.0,1771445700
800662.0531630224,slo0.40,0.5,4981.82,0,4982.32,4973.770485283897,4973.76,F1,True,4665942.68,-801643.9999999523,-822715.2499999523,1771445700|LONG,EXIT_STLINE,False,SuperTrend-p14x3-M15,LONG,L,0.5,1771448163.642,1771445700,1771446600.0,1771447500
242508.05316301904,slo0.40,0.5,4975.86,0,4976.36,4973.770485283897,4973.65,F1,True,4660361.14,-253791.5000000034,-274862.7500000034,1771447500|LONG,EXIT_STLINE,False,SuperTrend-p14x3-M15,LONG,L,0.5,1771448416.495,1771447500,1771448400.0,1771448400
2863133.2129518436,slo0.40,0.5,4967.8,0,4967.8,4991.1650887637015,4991.19,F1,True,4652344.7,-2190473.4999999455,-2211544.7499999455,1771448400|SHORT,EXIT_STLINE,False,SuperTrend-p14x3-M15,SHORT,S,0.5,1771467013.336,1771448400,1771449300.0,1771466400
89444.06272064516,slo0.40,0.5,4990.21,0,4990.21,4991.1650887637015,4991.27,F1,True,4673331.665,-99269.00000003747,-120340.25000003747,1771466400|SHORT,EXIT_STLINE,False,SuperTrend-p14x3-M15,SHORT,S,0.5,1771468336.993,1771466400,1771467300.0,1771468200
2418362.8639336443,slo0.40,0.5,4995.85,0,4996.35,4998.205685816802,4997.84,F1,True,4679081.775,139538.49999997957,118467.24999997957,1771468200|LONG,EXIT_STLINE,False,SuperTrend-p14x3-M15,LONG,L,0.5,1771482969.338,1771468200,1771469100.0,1771482600
108848.90885627583,slo0.40,0.5,5013.29,0,5013.29,5014.45229480893,5014.64,F1,True,4694946.085,-126427.50000003407,-147498.75000003405,1771538400|SHORT,EXIT_STLINE,False,SuperTrend-p14x3-M15,SHORT,S,0.5,1771556457.351,1771538400,1771539300.0,1771556400
2509445.604169602,slo0.40,0.5,5016.46,0,5016.96,5009.114608744059,5009.0,F1,True,4698383.04,-745454.0000000034,-766525.2500000034,1771556400|LONG,EXIT_STLINE,False,SuperTrend-p14x3-M15,LONG,L,0.5,1771579857.819,1771556400,1771557300.0,1771579800
5411799.654367848,slo0.40,0.5,5185.16,0,5185.32,5152.828341519352,5154.12,F1,True,4856052.18,2921879.999999983,2900808.749999983,1771884000|SHORT,EXIT_STLINE,False,SuperTrend-p14x3-M15,SHORT,S,0.5,1771937143.609,1771884000,1771884900.0,1771937100
3686024.6542704897,slo0.40,0.5,5135.6,0,5135.6,5169.6435384452125,5169.69,F1,True,4809489.4,-3192528.4999999283,-3213599.7499999283,1771963200|SHORT,EXIT_STLINE,False,SuperTrend-p14x3-M15,SHORT,S,0.5,1771970905.964,1771963200,1771964100.0,1771970400
5329395.851042334,slo0.40,0.5,5174.14,0,5175.27,5174.566348308906,5174.47,F1,True,4846640.355,-74920.00000001704,-95991.25000001704,1771970400|LONG,EXIT_STLINE,False,SuperTrend-p14x3-M15,LONG,L,0.5,1772004045.227,1771970400,1771971300.0,1772003700
531763.2292241309,slo0.40,0.5,5187.49,0,5187.49,5193.168197856104,5193.3,F1,True,4858084.385,-544106.5000000375,-565177.7500000375,1772056800|SHORT,EXIT_STLINE,False,SuperTrend-p14x3-M15,SHORT,S,0.5,1772058059.148,1772056800,1772057700.0,1772057700
1197614.7292241002,slo0.40,0.5,5180.38,0,5180.38,5193.168197856104,5193.19,F1,True,4851425.87,-1199656.4999999523,-1220727.7499999523,1772057700|SHORT,EXIT_STLINE,False,SuperTrend-p14x3-M15,SHORT,S,0.5,1772059967.864,1772057700,1772058600.0,1772059500
169337.7292241411,slo0.40,0.5,5191.35,0,5191.36,5193.168197856104,5193.24,F1,True,4861708.64,-176062.00000001022,-197133.25000001022,1772059500|SHORT,EXIT_STLINE,False,SuperTrend-p14x3-M15,SHORT,S,0.5,1772060405.313,1772059500,1772060400.0,1772060400
968172.2292241172,slo0.40,0.5,5182.88,0,5182.83,5193.168197856104,5193.47,F1,True,4853720.295,-996436.0000000306,-1017507.2500000306,1772060400|SHORT,EXIT_STLINE,False,SuperTrend-p14x3-M15,SHORT,S,0.5,1772065105.668,1772060400,1772061300.0,1772064900
466208.2292241479,slo0.40,0.5,5188.19,0,5188.19,5193.168197856104,5193.18,F1,True,4858739.935,-467313.5000000647,-488384.7500000647,1772064900|SHORT,EXIT_STLINE,False,SuperTrend-p14x3-M15,SHORT,S,0.5,1772067428.408,1772064900,1772065800.0,1772066700
59767.22922413428,slo0.40,0.5,5192.53,0,5192.53,5193.168197856104,5193.18,F1,True,4862804.345,-60872.500000051106,-81943.7500000511,1772066700|SHORT,EXIT_STLINE,False,SuperTrend-p14x3-M15,SHORT,S,0.5,1772067603.599,1772066700,1772067600.0,1772067600
3091554.3598986333,slo0.40,0.5,5196.7,0,5197.2,5173.114114148736,5173.05,F1,True,4867177.8,-2261647.499999966,-2282718.749999966,1772067600|LONG,EXIT_STLINE,False,SuperTrend-p14x3-M15,LONG,L,0.5,1772084033.495,1772067600,1772068500.0,1772083800
866715.190541832,slo0.40,0.5,5176.33,0,5176.83,5171.99657531454,5171.99,F1,True,4848101.295,-453266.0000000136,-474337.2500000136,1772143200|LONG,EXIT_STLINE,False,SuperTrend-p14x3-M15,LONG,L,0.5,1772175883.059,1772143200,1772144100.0,1772175600
5027590.456288651,slo0.40,0.5,5319.05,0,5319.03,5213.850303098263,5215.23,F1,True,4981271.595,9720870.000000017,9699798.750000017,1772505900|SHORT,EXIT_STLINE,False,SuperTrend-p14x3-M15,SHORT,S,0.5,1772531753.178,1772505900,1772506800.0,1772531100
6577911.396985255,slo0.40,0.5,5158.63,0,5159.84,5122.907832768296,5121.99,F1,True,4832190.16,-3544652.500000034,-3565723.750000034,1772575200|LONG,EXIT_STLINE,False,SuperTrend-p14x3-M15,LONG,L,0.5,1772593590.285,1772575200,1772576100.0,1772593200
1820758.9612490735,slo0.40,0.5,5142.39,0,5142.35,5158.332034023257,5157.81,F1,True,4815810.775,1447829.0000000035,1426757.7500000035,1772593200|LONG,EXIT_STLINE,False,SuperTrend-p14x3-M15,LONG,L,0.5,1772617283.165,1772593200,1772594100.0,1772616600
150750.46479084252,slo0.40,0.5,5173.33,0,5173.36,5174.969721994563,5175.03,F1,True,4844851.64,-156395.5000000068,-177466.7500000068,1772658900|SHORT,EXIT_STLINE,False,SuperTrend-p14x3-M15,SHORT,S,0.5,1772660530.714,1772658900,1772659800.0,1772659800
345542.46479083574,slo0.40,0.5,5171.28,0,5171.28,5174.969721994563,5175.02,F1,True,4842903.72,-350251.0000000647,-371322.2500000647,1772659800|SHORT,EXIT_STLINE,False,SuperTrend-p14x3-M15,SHORT,S,0.5,1772660956.579,1772659800,1772660700.0,1772660700
239717.9647908255,slo0.40,0.5,5172.41,0,5172.41,5174.969721994563,5175.39,F1,True,4843961.965,-279077.0000000443,-300148.2500000443,1772660700|SHORT,EXIT_STLINE,False,SuperTrend-p14x3-M15,SHORT,S,0.5,1772661653.945,1772660700,1772661600.0,1772661600
3401751.0019124607,slo0.40,0.5,5176.5,0,5177.0,5152.398857710186,5152.16,F1,True,4848260.5,-2326266.0000000135,-2347337.2500000135,1772661600|LONG,EXIT_STLINE,False,SuperTrend-p14x3-M15,LONG,L,0.5,1772679496.568,1772661600,1772662500.0,1772678700
4177180.7963315165,slo0.40,0.5,5148.32,0,5148.44,5174.771990957975,5174.87,F1,True,4821514.06,-2475169.5000000275,-2496240.7500000275,1772678700|SHORT,EXIT_STLINE,False,SuperTrend-p14x3-M15,SHORT,S,0.5,1772690782.613,1772678700,1772679600.0,1772690400
6111861.899545105,slo0.40,0.5,5118.52,0,5118.77,5095.7806917301095,5095.78,F1,True,4793728.105,-2153013.5000000647,-2174084.7500000647,1772749800|LONG,EXIT_STLINE,False,SuperTrend-p14x3-M15,LONG,L,0.5,1772777584.78,1772749800,1772750700.0,1772776800
476984.195433813,slo0.40,0.5,5125.47,0,5126.29,5121.196735766857,5120.85,F1,True,4800770.585,-509455.9999999625,-530527.2499999625,1772998200|LONG,EXIT_STLINE,False,SuperTrend-p14x3-M15,LONG,L,0.5,1772999281.735,1772998200,1772999100.0,1772999100
870314.1954337959,slo0.40,0.5,5129.99,0,5130.49,5121.196735766857,5121.07,F1,True,4804703.885,-882183.0000000069,-903254.2500000069,1772999100|LONG,EXIT_STLINE,False,SuperTrend-p14x3-M15,LONG,L,0.5,1773000156.18,1772999100,1773000000.0,1773000000
7910780.589717919,slo0.40,0.5,5101.57,0,5101.65,5123.474701592284,5123.54,F1,True,4777695.225,-2049998.5000000307,-2071069.7500000307,1773000000|SHORT,EXIT_STLINE,False,SuperTrend-p14x3-M15,SHORT,S,0.5,1773024337.676,1773000000,1773000900.0,1773024300
4910622.906850002,slo0.40,0.5,5124.12,0,5124.62,5072.717914931973,5072.39,F1,True,4799206.63,-4891339.499999959,-4912410.749999959,1773024300|LONG,EXIT_STLINE,False,SuperTrend-p14x3-M15,LONG,L,0.5,1773053137.261,1773024300,1773025200.0,1773053100
4176474.700059406,slo0.40,0.5,5169.54,0,5170.19,5165.480393989338,5165.46,F1,True,4841882.935,-442964.49999995914,-464035.74999995914,1773268200|LONG,EXIT_STLINE,False,SuperTrend-p14x3-M15,LONG,L,0.5,1773307317.344,1773268200,1773269100.0,1773306900
244631.81030165724,slo0.40,0.5,5097.93,0,5097.93,5100.542192315021,5100.97,F1,True,4774211.445,-284695.99999999657,-305767.24999999657,1773348300|SHORT,EXIT_STLINE,False,SuperTrend-p14x3-M15,SHORT,S,0.5,1773349220.955,1773348300,1773349200.0,1773349200
3318858.0072605424,slo0.40,0.5,5105.83,0,5106.33,5097.062294265662,5096.67,F1,True,4782078.045,-904658.9999999864,-925730.2499999864,1773349200|LONG,EXIT_STLINE,False,SuperTrend-p14x3-M15,LONG,L,0.5,1773372078.981,1773349200,1773350100.0,1773371700
3245489.409678883,slo0.40,0.5,5027.59,0,5028.09,5015.612185845593,5013.67,F1,True,4708806.285,-1350433.0000000068,-1371504.2500000068,1773701100|LONG,EXIT_STLINE,False,SuperTrend-p14x3-M15,LONG,L,0.5,1773716500.282,1773701100,1773702000.0,1773716400
5118332.305797876,slo0.40,0.5,4865.59,0,4866.09,4823.109312100508,4823.07,F1,True,4557093.285,-4028823.000000041,-4049894.250000041,1773873000|LONG,EXIT_STLINE,False,SuperTrend-p14x3-M15,LONG,L,0.5,1773890343.615,1773873000,1773873900.0,1773890100
1336212.5185335095,slo0.40,0.5,4435.54,0,4435.37,4257.697426507816,4257.97,F1,True,4153724.005,16613509.999999966,16592438.749999966,1774218600|SHORT,EXIT_STLINE,False,SuperTrend-p14x3-M15,SHORT,S,0.5,1774243973.795,1774218600,1774219500.0,1774243800
10106937.596858611,slo0.40,0.5,4344.15,0,4344.24,4409.959049828868,4410.08,F1,True,4068380.76,-6165916.000000014,-6186987.250000014,1774301400|SHORT,EXIT_STLINE,False,SuperTrend-p14x3-M15,SHORT,S,0.5,1774324821.443,1774301400,1774302300.0,1774324800
5737003.474441869,slo0.40,0.5,4434.9,0,4435.33,4422.546330696219,4422.49,F1,True,4153686.545,-1202466.0000000137,-1223537.2500000137,1774566000|LONG,EXIT_STLINE,False,SuperTrend-p14x3-M15,LONG,L,0.5,1774591755.814,1774566000,1774566900.0,1774591200
1852163.4203501795,slo0.40,0.5,4496.94,0,4497.49,4477.71249417672,4477.54,F1,True,4211899.385,-1868317.499999983,-1889388.749999983,1774810800|LONG,EXIT_STLINE,False,SuperTrend-p14x3-M15,LONG,L,0.5,1774814759.972,1774810800,1774811700.0,1774814400
115892.42035018292,slo0.40,0.5,4478.39,0,4478.95,4477.71249417672,4477.33,F1,True,4194536.675,-151712.99999998978,-172784.24999998978,1774814400|LONG,EXIT_STLINE,False,SuperTrend-p14x3-M15,LONG,L,0.5,1774815586.634,1774814400,1774815300.0,1774815300
5938071.971957809,slo0.40,0.5,4472.23,0,4472.16,4495.557029758434,4495.85,F1,True,4188177.84,-2218568.5000000475,-2239639.7500000475,1774815300|SHORT,EXIT_STLINE,False,SuperTrend-p14x3-M15,SHORT,S,0.5,1774827843.759,1774815300,1774816200.0,1774827000
96181.33687733053,slo0.40,0.5,4494.46,0,4494.53,4495.557029758434,4495.87,F1,True,4209127.345,-125491.00000001362,-146562.25000001362,1774827000|SHORT,EXIT_STLINE,False,SuperTrend-p14x3-M15,SHORT,S,0.5,1774827953.317,1774827000,1774827900.0,1774827900
1356710.336877334,slo0.40,0.5,4481.05,0,4481.07,4495.557029758434,4495.57,F1,True,4196522.055,-1357925.0,-1378996.25,1774827900|SHORT,EXIT_STLINE,False,SuperTrend-p14x3-M15,SHORT,S,0.5,1774829096.822,1774827900,1774828800.0,1774828800
7186990.217653668,slo0.40,0.5,4504.45,0,4504.85,4528.459366950237,4528.4,F1,True,4218792.025,2205457.499999932,2184386.249999932,1774828800|LONG,EXIT_STLINE,False,SuperTrend-p14x3-M15,LONG,L,0.5,1774868125.462,1774828800,1774829700.0,1774867500
5123326.648225604,slo0.40,0.5,4547.61,0,4548.09,4547.3435271352555,4547.29,F1,True,4259286.285,-74920.00000001704,-95991.25000001704,1774907100|LONG,EXIT_STLINE,False,SuperTrend-p14x3-M15,LONG,L,0.5,1774930759.308,1774907100,1774908000.0,1774930500
4268991.80342562,slo0.40,0.5,4750.79,0,4750.75,4644.867251470914,4645.44,F1,True,4449077.375,9862281.500000037,9841210.250000037,1775080800|SHORT,EXIT_STLINE,False,SuperTrend-p14x3-M15,SHORT,S,0.5,1775105306.561,1775080800,1775081700.0,1775105100
5853522.1071477905,slo0.40,0.5,4630.3,0,4631.08,4667.728391800045,4667.73,F1,True,4337006.42,-3432272.499999966,-3453343.749999966,1775412000|SHORT,EXIT_STLINE,False,SuperTrend-p14x3-M15,SHORT,S,0.5,1775427629.478,1775412000,1775412900.0,1775427300
629177.3920741795,slo0.40,0.5,4660.88,0,4661.01,4667.728391800045,4667.82,F1,True,4365035.865,-637756.4999999523,-658827.7499999523,1775427300|SHORT,EXIT_STLINE,False,SuperTrend-p14x3-M15,SHORT,S,0.5,1775437660.905,1775427300,1775428200.0,1775437200
4933153.516873336,slo0.40,0.5,4673.44,0,4673.98,4666.79518333289,4666.58,F1,True,4377182.27,-693009.9999999659,-714081.2499999659,1775437200|LONG,EXIT_STLINE,False,SuperTrend-p14x3-M15,LONG,L,0.5,1775463662.449,1775437200,1775438100.0,1775463300
3065995.3985228078,slo0.40,0.5,4761.11,0,4761.12,4763.628097983361,4763.68,F1,True,4458788.88,-239744.0000000375,-260815.2500000375,1775759400|SHORT,EXIT_STLINE,False,SuperTrend-p14x3-M15,SHORT,S,0.5,1775807001.104,1775759400,1775760300.0,1775806200
5314196.016464533,slo0.40,0.5,4714.74,0,4715.48,4707.505438787904,4707.06,F1,True,4416047.02,-788532.9999999217,-809604.2499999217,1776027600|LONG,EXIT_STLINE,False,SuperTrend-p14x3-M15,LONG,L,0.5,1776066072.19,1776027600,1776028500.0,1776065400
329131.8870028308,slo0.40,0.5,4828.16,0,4828.65,4825.135511083792,4825.11,F1,True,4522030.725,-331520.99999999657,-352592.24999999657,1776205800|LONG,EXIT_STLINE,False,SuperTrend-p14x3-M15,LONG,L,0.5,1776207148.702,1776205800,1776206700.0,1776206700
2828750.1511998097,slo0.40,0.5,4823.75,0,4823.77,4824.134009807962,4824.19,F1,True,4517460.605,-39332.99999992164,-60404.24999992164,1776206700|SHORT,EXIT_STLINE,False,SuperTrend-p14x3-M15,SHORT,S,0.5,1776245909.119,1776206700,1776207600.0,1776245400
388722.71727725095,slo0.40,0.5,4807.49,0,4807.41,4811.560803174343,4811.65,F1,True,4502139.465,-397075.99999997957,-418147.24999997957,1776278700|SHORT,EXIT_STLINE,False,SuperTrend-p14x3-M15,SHORT,S,0.5,1776280294.447,1776278700,1776279600.0,1776279600
2320760.010204549,slo0.40,0.5,4812.39,0,4812.87,4815.041423676851,4815.01,F1,True,4507252.755,200411.00000003068,179339.75000003068,1776279600|LONG,EXIT_STLINE,False,SuperTrend-p14x3-M15,LONG,L,0.5,1776306513.077,1776279600,1776280500.0,1776305700
135659.17266287573,slo0.40,0.5,4816.06,0,4816.49,4815.041423676851,4815.03,F1,True,4510642.885,-136729.0000000034,-157800.2500000034,1776305700|LONG,EXIT_STLINE,False,SuperTrend-p14x3-M15,LONG,L,0.5,1776306878.441,1776305700,1776306600.0,1776306600
880176.6726628587,slo0.40,0.5,4823.99,0,4824.44,4815.041423676851,4814.99,F1,True,4518088.06,-884992.499999983,-906063.749999983,1776306600|LONG,EXIT_STLINE,False,SuperTrend-p14x3-M15,LONG,L,0.5,1776312184.613,1776306600,1776307500.0,1776312000
188476.0323628743,slo0.40,0.5,4795.82,0,4795.8,4797.812557740127,4798.05,F1,True,4491266.7,-210712.5,-231783.75,1776380400|SHORT,EXIT_STLINE,False,SuperTrend-p14x3-M15,SHORT,S,0.5,1776381490.93,1776380400,1776381300.0,1776381300
362665.03236292885,slo0.40,0.5,4793.99,0,4793.94,4797.812557740127,4797.9,F1,True,4489524.81,-370854.00000000343,-391925.25000000343,1776381300|SHORT,EXIT_STLINE,False,SuperTrend-p14x3-M15,SHORT,S,0.5,1776386046.422,1776381300,1776382200.0,1776385800
2280955.8287188252,slo0.40,0.5,4800.89,0,4801.37,4782.983989645532,4782.96,F1,True,4496483.005,-1724096.4999999863,-1745167.7499999863,1776385800|LONG,EXIT_STLINE,False,SuperTrend-p14x3-M15,LONG,L,0.5,1776393014.164,1776385800,1776386700.0,1776393000
264655.8696959332,slo0.40,0.5,4785.4,0,4785.81,4782.983989645532,4782.9,F1,True,4481911.065,-272521.50000007154,-293592.75000007154,1776393000|LONG,EXIT_STLINE,False,SuperTrend-p14x3-M15,LONG,L,0.5,1776397353.149,1776393000,1776393900.0,1776396600
2807588.1992192194,slo0.40,0.5,4790.3,0,4790.21,4788.884693092659,4788.89,F1,True,4486031.665,123617.99999997274,102546.74999997274,1776621600|SHORT,EXIT_STLINE,False,SuperTrend-p14x3-M15,SHORT,S,0.5,1776632686.933,1776621600,1776622500.0,1776632400
4434191.131417856,slo0.40,0.5,4793.53,0,4794.04,4810.010202077156,4809.96,F1,True,4489618.46,1490908.0000000068,1469836.7500000068,1776632400|LONG,EXIT_STLINE,False,SuperTrend-p14x3-M15,LONG,L,0.5,1776721241.194,1776632400,1776633300.0,1776720600
355851.0754744198,slo0.40,0.5,4813.36,0,4813.81,4810.010202077156,4810.01,F1,True,4508133.065,-355870.00000001705,-376941.25000001705,1776720600|LONG,EXIT_STLINE,False,SuperTrend-p14x3-M15,LONG,L,0.5,1776722029.004,1776720600,1776721500.0,1776721500
1996879.8188486889,slo0.40,0.5,4810.09,0,4810.14,4725.024971869151,4725.95,F1,True,4504696.11,7884393.5000000475,7863322.2500000475,1776721500|SHORT,EXIT_STLINE,False,SuperTrend-p14x3-M15,SHORT,S,0.5,1776794420.33,1776721500,1776722400.0,1776794400
192614.81499333945,slo0.40,0.5,4748.34,0,4748.62,4746.563248104716,4746.56,F1,True,4447082.63,-192918.9999999523,-213990.2499999523,1776837600|LONG,EXIT_STLINE,False,SuperTrend-p14x3-M15,LONG,L,0.5,1776847295.351,1776837600,1776838500.0,1776846600
2224761.9504127232,slo0.40,0.5,4746.62,0,4746.65,4736.7544660768135,4736.9,F1,True,4445237.725,913087.5,892016.25,1776846600|SHORT,EXIT_STLINE,False,SuperTrend-p14x3-M15,SHORT,S,0.5,1776889564.617,1776846600,1776847500.0,1776888900
5228901.319658385,slo0.40,0.5,4741.38,0,4741.84,4716.455401978586,4716.43,F1,True,4440733.16,-2379646.4999999865,-2400717.7499999865,1776888900|LONG,EXIT_STLINE,False,SuperTrend-p14x3-M15,LONG,L,0.5,1776895704.975,1776888900,1776889800.0,1776895200
4061088.3703969195,slo0.40,0.5,4707.27,0,4707.18,4715.345975708563,4715.35,F1,True,4408274.07,-765120.5000000069,-786191.7500000069,1776895200|SHORT,EXIT_STLINE,False,SuperTrend-p14x3-M15,SHORT,S,0.5,1776930888.036,1776895200,1776896100.0,1776930300
3065651.7943089954,slo0.40,0.5,4685.14,1,4686.44,4699.330852927488,4699.69,F1,True,4388851.06,-1240862.5,-1261933.75,1777226400|SHORT,EXIT_STLINE,False,SuperTrend-p14x3-M15,SHORT,S,0.5,1777237203.733,1777226400,1777228200.0,1777237200
621915.8766593069,slo0.40,0.5,4692.66,0,4692.69,4699.330852927488,4699.35,F1,True,4394704.185,-623709.0000000716,-644780.2500000716,1777237200|SHORT,EXIT_STLINE,False,SuperTrend-p14x3-M15,SHORT,S,0.5,1777239088.493,1777237200,1777238100.0,1777239000
145237.3766592933,slo0.40,0.5,4697.8,0,4697.78,4699.330852927488,4699.43,F1,True,4399470.97,-154522.5000000511,-175593.7500000511,1777239000|SHORT,EXIT_STLINE,False,SuperTrend-p14x3-M15,SHORT,S,0.5,1777239917.526,1777239000,1777239900.0,1777239900
2460157.1803941415,slo0.40,0.5,4702.49,0,4702.98,4704.355533123477,4704.32,F1,True,4404340.77,125491.00000001362,104419.75000001362,1777239900|LONG,EXIT_STLINE,False,SuperTrend-p14x3-M15,LONG,L,0.5,1777266594.984,1777239900,1777240800.0,1777266000
1545679.891411865,slo0.40,0.5,4697.75,0,4698.29,4681.78514264376,4681.58,F1,True,4399948.585,-1564891.5000000035,-1585962.7500000035,1777320000|LONG,EXIT_STLINE,False,SuperTrend-p14x3-M15,LONG,L,0.5,1777326649.425,1777320000,1777320900.0,1777326300
2473450.4699682887,slo0.40,0.5,4670.58,0,4670.52,4600.24647415806,4600.26,F1,True,4373941.98,6579849.0000000205,6558777.7500000205,1777326300|SHORT,EXIT_STLINE,False,SuperTrend-p14x3-M15,SHORT,S,0.5,1777366332.381,1777326300,1777327200.0,1777365900
363031.80490230623,slo0.40,0.5,4596.44,0,4596.37,4600.24647415806,4600.61,F1,True,4304500.505,-397075.99999997957,-418147.24999997957,1777399200|SHORT,EXIT_STLINE,False,SuperTrend-p14x3-M15,SHORT,S,0.5,1777406438.348,1777399200,1777400100.0,1777406400
2468081.1191647933,slo0.40,0.5,4607.24,0,4607.76,4581.436355122309,4581.15,F1,True,4315167.24,-2492026.5000000545,-2513097.7500000545,1777406400|LONG,EXIT_STLINE,False,SuperTrend-p14x3-M15,LONG,L,0.5,1777410269.794,1777406400,1777407300.0,1777410000
119276.84279579658,slo0.40,0.5,4582.46,0,4582.71,4581.436355122309,4581.38,F1,True,4291707.915,-124554.49999999319,-145625.7499999932,1777410000|LONG,EXIT_STLINE,False,SuperTrend-p14x3-M15,LONG,L,0.5,1777410913.643,1777410000,1777410900.0,1777410900
2556984.781955182,slo0.40,0.5,4580.28,0,4580.35,4607.653628210947,4607.7,F1,True,4289497.775,-2561327.499999949,-2582398.749999949,1777410900|SHORT,EXIT_STLINE,False,SuperTrend-p14x3-M15,SHORT,S,0.5,1777424625.325,1777410900,1777411800.0,1777424400
629667.7819551891,slo0.40,0.5,4600.91,0,4600.93,4554.840144919543,4555.73,F1,True,4308770.945,4232980.000000068,4211908.750000068,1777424400|SHORT,EXIT_STLINE,False,SuperTrend-p14x3-M15,SHORT,S,0.5,1777462805.881,1777424400,1777425300.0,1777462200
1031485.5575955375,slo0.40,0.5,4557.94,0,4557.92,4568.934261159589,4568.96,F1,True,4268492.08,-1033895.9999999966,-1054967.2499999967,1777492800|SHORT,EXIT_STLINE,False,SuperTrend-p14x3-M15,SHORT,S,0.5,1777495520.931,1777492800,1777493700.0,1777495500
2362689.4916589097,slo0.40,0.5,4569.74,0,4570.12,4551.797070866746,4551.7,F1,True,4279917.38,-1725033.0000000068,-1746104.2500000068,1777495500|LONG,EXIT_STLINE,False,SuperTrend-p14x3-M15,LONG,L,0.5,1777507402.571,1777495500,1777496400.0,1777507200
367382.3133292372,slo0.40,0.5,4555.23,0,4555.72,4551.797070866746,4551.76,F1,True,4266431.78,-370854.00000000343,-391925.25000000343,1777507200|LONG,EXIT_STLINE,False,SuperTrend-p14x3-M15,LONG,L,0.5,1777508347.9,1777507200,1777508100.0,1777508100
2693543.2941715014,slo0.40,0.5,4547.21,0,4547.12,4568.522750037549,4568.65,F1,True,4258377.88,-2016284.4999999763,-2037355.7499999763,1777508100|SHORT,EXIT_STLINE,False,SuperTrend-p14x3-M15,SHORT,S,0.5,1777513890.677,1777508100,1777509000.0,1777513500
566840.0410164003,slo0.40,0.5,4562.43,0,4562.47,4568.522750037549,4568.54,F1,True,4272753.155,-568455.4999999728,-589526.7499999728,1777513500|SHORT,EXIT_STLINE,False,SuperTrend-p14x3-M15,SHORT,S,0.5,1777515660.591,1777513500,1777514400.0,1777515300
2610614.1347148656,slo0.40,0.5,4569.29,0,4569.79,4609.790505355886,4609.76,F1,True,4279608.335,3743190.5000000237,3722119.2500000237,1777515300|LONG,EXIT_STLINE,False,SuperTrend-p14x3-M15,LONG,L,0.5,1777543201.527,1777515300,1777516200.0,1777543200
594233.344294885,slo0.40,0.5,4629.26,0,4629.25,4587.104530091125,4587.13,F1,True,4335292.625,3944537.9999999898,3923466.7499999898,1777587300|SHORT,EXIT_STLINE,False,SuperTrend-p14x3-M15,SHORT,S,0.5,1777623266.976,1777587300,1777588200.0,1777622400
104784.63819215949,slo0.40,0.5,4538.6,0,4538.67,4539.788896296766,4539.79,F1,True,4250464.455,-104887.99999998978,-125959.24999998978,1777928400|SHORT,EXIT_STLINE,False,SuperTrend-p14x3-M15,SHORT,S,0.5,1777929302.96,1777928400,1777929300.0,1777929300
195625.13819218334,slo0.40,0.5,4537.59,0,4537.7,4539.788896296766,4540.02,F1,True,4249556.05,-217268.00000005792,-238339.25000005792,1777929300|SHORT,EXIT_STLINE,False,SuperTrend-p14x3-M15,SHORT,S,0.5,1777930619.897,1777929300,1777930200.0,1777930200
282719.6381921254,slo0.40,0.5,4536.77,0,4536.77,4539.788896296766,4540.54,F1,True,4248685.105,-353060.4999999557,-374131.7499999557,1777930200|SHORT,EXIT_STLINE,False,SuperTrend-p14x3-M15,SHORT,S,0.5,1777931320.984,1777930200,1777931100.0,1777931100
2459741.247943561,slo0.40,0.5,4540.78,0,4541.38,4553.1994636058025,4553.15,F1,True,4253002.37,1102260.4999999558,1081189.2499999558,1777931100|LONG,EXIT_STLINE,False,SuperTrend-p14x3-M15,LONG,L,0.5,1777986580.34,1777931100,1777932000.0,1777986000
2181193.0782623603,slo0.40,0.5,4550.36,0,4550.41,4567.031135863362,4567.15,F1,True,4261458.965,-1567700.9999999795,-1588772.2499999795,1778004000|SHORT,EXIT_STLINE,False,SuperTrend-p14x3-M15,SHORT,S,0.5,1778007329.903,1778004000,1778004900.0,1778006700
3340427.0433463384,slo0.40,0.5,4573.14,0,4573.8,4682.431544721802,4682.37,F1,True,4283363.7,10167580.499999972,10146509.249999972,1778006700|LONG,EXIT_STLINE,False,SuperTrend-p14x3-M15,LONG,L,0.5,1778054631.639,1778006700,1778007600.0,1778054400
3173954.289701802,slo0.40,0.5,4709.56,0,4710.1,4724.726940506165,4724.68,F1,True,4411008.65,1365416.9999999932,1344345.7499999932,1778101200|LONG,EXIT_STLINE,False,SuperTrend-p14x3-M15,LONG,L,0.5,1778155295.483,1778101200,1778102100.0,1778155200
3670464.9106468093,slo0.40,0.5,4722.71,0,4723.27,4699.51739981479,4699.48,F1,True,4423342.355,-2227933.500000082,-2249004.750000082,1778190300|LONG,EXIT_STLINE,False,SuperTrend-p14x3-M15,LONG,L,0.5,1778210729.72,1778190300,1778191200.0,1778210100
125022.7500000034,slo0.50,0.5,4347.59,0,4347.59,4348.925,4349.02,F1,True,4071518.035,-133919.50000002724,-154990.75000002724,1767309300|SHORT,EXIT_STLINE,False,SuperTrend-p14x3-M15,SHORT,S,0.5,1767310213.14,1767309300,1767310200.0,1767310200
2517441.0076530892,slo0.50,0.5,4351.38,0,4351.88,4378.32760313827,4378.12,F1,True,4075535.62,2457375.9999999795,2436304.7499999795,1767310200|LONG,EXIT_STLINE,False,SuperTrend-p14x3-M15,LONG,L,0.5,1767349503.479,1767310200,1767311100.0,1767348900
409831.17061289406,slo0.50,0.5,4436.35,0,4436.85,4432.473799566334,4432.38,F1,True,4155110.0250000004,-418615.50000002387,-439686.75000002387,1767648600|LONG,EXIT_STLINE,False,SuperTrend-p14x3-M15,LONG,L,0.5,1767650564.826,1767648600,1767649500.0,1767650400
908049.1706128669,slo0.50,0.5,4441.72,0,4442.17,4448.803090416406,4448.58,F1,True,4160092.205,600296.4999999864,579225.2499999864,1767650400|LONG,EXIT_STLINE,False,SuperTrend-p14x3-M15,LONG,L,0.5,1767682031.237,1767650400,1767651300.0,1767681900
3130812.1120945886,slo0.50,0.5,4470.76,0,4470.81,4470.354609798658,4470.41,F1,True,4186913.5650000004,37460.000000051106,16388.750000051106,1767736800|SHORT,EXIT_STLINE,False,SuperTrend-p14x3-M15,SHORT,S,0.5,1767764217.95,1767736800,1767737700.0,1767763800
1080125.3692792538,slo0.50,0.5,4456.84,0,4457.49,4445.956360178545,4445.8,F1,True,4174439.385,-1094768.4999999625,-1115839.7499999625,1767823200|LONG,EXIT_STLINE,False,SuperTrend-p14x3-M15,LONG,L,0.5,1767825855.441,1767823200,1767824100.0,1767825000
177339.36927930836,slo0.50,0.5,4447.39,0,4447.85,4445.956360178545,4445.83,F1,True,4165411.5250000004,-189173.0000000409,-210244.2500000409,1767825000|LONG,EXIT_STLINE,False,SuperTrend-p14x3-M15,LONG,L,0.5,1767825924.548,1767825000,1767825900.0,1767825900
264433.86927925044,slo0.50,0.5,4448.28,0,4448.78,4445.956360178545,4445.2,F1,True,4166282.47,-335266.9999999932,-356338.2499999932,1767825900|LONG,EXIT_STLINE,False,SuperTrend-p14x3-M15,LONG,L,0.5,1767826840.089,1767825900,1767826800.0,1767826800
1976718.2781301027,slo0.50,0.5,4446.39,0,4446.2,4437.131526447649,4437.43,F1,True,4163866.3,821310.4999999558,800239.2499999558,1767826800|SHORT,EXIT_STLINE,False,SuperTrend-p14x3-M15,SHORT,S,0.5,1767872867.499,1767826800,1767827700.0,1767872700
172690.81446466903,slo0.50,0.5,4459.15,0,4459.58,4457.735997709934,4457.72,F1,True,4176396.67,-174188.99999996932,-195260.24999996932,1767909600|LONG,EXIT_STLINE,False,SuperTrend-p14x3-M15,LONG,L,0.5,1767910657.63,1767909600,1767910500.0,1767910500
2001101.8613044254,slo0.50,0.5,4457.22,0,4457.22,4478.587878924767,4478.63,F1,True,4174186.53,-2005046.4999999863,-2026117.7499999863,1767910500|SHORT,EXIT_STLINE,False,SuperTrend-p14x3-M15,SHORT,S,0.5,1767949248.59,1767910500,1767911400.0,1767949200
2715773.1554504386,slo0.50,0.5,4615.3,0,4615.8,4617.643679220687,4617.56,F1,True,4322696.7,164824.00000002043,143752.75000002043,1768341600|LONG,EXIT_STLINE,False,SuperTrend-p14x3-M15,LONG,L,0.5,1768390796.827,1768341600,1768342500.0,1768390200
450271.25522465643,slo0.50,0.5,4616.67,0,4617.17,4612.361978054195,4611.5,F1,True,4323979.705,-530995.5000000069,-552066.7500000069,1768420800|LONG,EXIT_STLINE,False,SuperTrend-p14x3-M15,LONG,L,0.5,1768421894.638,1768420800,1768421700.0,1768421700
2984957.01267359,slo0.50,0.5,4609.0,0,4608.98,4616.222358440838,4616.39,F1,True,4316309.77,-693946.5000000716,-715017.7500000716,1768421700|SHORT,EXIT_STLINE,False,SuperTrend-p14x3-M15,SHORT,S,0.5,1768462562.683,1768421700,1768422600.0,1768462200
528220.5286287888,slo0.50,0.5,4603.65,0,4604.14,4598.499631301348,4598.45,F1,True,4311777.11,-532868.5000000477,-553939.7500000477,1768514400|LONG,EXIT_STLINE,False,SuperTrend-p14x3-M15,LONG,L,0.5,1768518805.479,1768514400,1768515300.0,1768518000
1917453.4260422257,slo0.50,0.5,4598.06,0,4597.75,4614.086599766163,4614.11,F1,True,4305792.875,-1532113.9999999693,-1553185.2499999693,1768518000|SHORT,EXIT_STLINE,False,SuperTrend-p14x3-M15,SHORT,S,0.5,1768532140.03,1768518000,1768518900.0,1768531500
254409.5681011836,slo0.50,0.5,4611.37,0,4611.37,4614.086599766163,4614.12,F1,True,4318548.005,-257537.5,-278608.75,1768531500|SHORT,EXIT_STLINE,False,SuperTrend-p14x3-M15,SHORT,S,0.5,1768552568.676,1768531500,1768532400.0,1768552200
1822001.5907434549,slo0.50,0.5,4659.42,0,4659.49,4677.563590310515,4677.74,F1,True,4363612.385,-1709112.5,-1730183.75,1768857300|SHORT,EXIT_STLINE,False,SuperTrend-p14x3-M15,SHORT,S,0.5,1768869608.643,1768857300,1768858200.0,1768869000
81811.73257975624,slo0.50,0.5,4676.69,0,4676.69,4677.563590310515,4677.57,F1,True,4379720.185,-82412.00000001022,-103483.25000001022,1768869000|SHORT,EXIT_STLINE,False,SuperTrend-p14x3-M15,SHORT,S,0.5,1768869905.32,1768869000,1768869900.0,1768869900
1796222.1794628906,slo0.50,0.5,4680.03,0,4680.53,4843.086913860349,4842.84,F1,True,4383316.345,15200331.500000037,15179260.250000037,1768869900|LONG,EXIT_STLINE,False,SuperTrend-p14x3-M15,LONG,L,0.5,1768968059.668,1768869900,1768870800.0,1768968000
6371191.196764449,slo0.50,0.5,4778.3,0,4778.13,4829.717621316048,4829.97,F1,True,4474718.745,-4854816.000000014,-4875887.250000014,1769028300|SHORT,EXIT_STLINE,False,SuperTrend-p14x3-M15,SHORT,S,0.5,1769054546.969,1769028300,1769029200.0,1769054400
7659171.672882517,slo0.50,0.5,5071.3,0,5072.01,5061.6783217273705,5061.43,F1,True,4749937.365,-990816.9999999931,-1011888.2499999931,1769464800|LONG,EXIT_STLINE,False,SuperTrend-p14x3-M15,LONG,L,0.5,1769511942.105,1769464800,1769465700.0,1769511600
2746669.9894206948,slo0.50,0.5,5479.87,0,5480.28,5508.950511183289,5508.76,F1,True,5132282.22,2667152.0000000442,2646080.7500000442,1769637600|LONG,EXIT_STLINE,False,SuperTrend-p14x3-M15,LONG,L,0.5,1769665340.066,1769637600,1769638500.0,1769664600
16625831.727076989,slo0.50,0.5,5310.91,0,5309.65,4932.566953038626,4932.72,F1,True,4972487.225,35299494.49999995,35278423.24999995,1769724000|SHORT,EXIT_STLINE,False,SuperTrend-p14x3-M15,SHORT,S,0.5,1769791535.218,1769724000,1769724900.0,1769791500
459865.3800792551,slo0.50,0.5,4741.05,0,4741.66,4736.74953144603,4733.5,F1,True,4440564.59,-764183.9999999864,-785255.2499999864,1769976000|LONG,EXIT_STLINE,False,SuperTrend-p14x3-M15,LONG,L,0.5,1769976949.454,1769976000,1769976900.0,1769976900
18453776.851984184,slo0.50,0.5,4728.01,0,4728.01,4648.00392431443,4648.03,F1,True,4427781.365,7490127.000000045,7469055.750000045,1769976900|SHORT,EXIT_STLINE,False,SuperTrend-p14x3-M15,SHORT,S,0.5,1770009741.897,1769976900,1769977800.0,1770009300
13308773.032651505,slo0.50,0.5,4774.1,0,4774.6,4902.766846838563,4902.01,F1,True,4471412.9,11931946.499999987,11910875.249999987,1770065100|LONG,EXIT_STLINE,False,SuperTrend-p14x3-M15,LONG,L,0.5,1770132750.589,1770065100,1770066000.0,1770132600
9490039.465511043,slo0.50,0.5,5009.26,0,5010.25,4944.187261098407,4943.78,F1,True,4692099.125,-6224915.500000024,-6245986.750000024,1770235200|LONG,EXIT_STLINE,False,SuperTrend-p14x3-M15,LONG,L,0.5,1770243601.037,1770235200,1770236100.0,1770243300
773805.4981341335,slo0.50,0.5,4951.92,0,4952.45,4944.187261098407,4943.94,F1,True,4637969.425,-796961.5000000205,-818032.7500000205,1770243300|LONG,EXIT_STLINE,False,SuperTrend-p14x3-M15,LONG,L,0.5,1770246321.402,1770243300,1770244200.0,1770246000
9618798.313548896,slo0.50,0.5,4915.08,0,4915.24,4936.276612165991,4936.44,F1,True,4603122.26,-1985379.999999983,-2006451.249999983,1770246000|SHORT,EXIT_STLINE,False,SuperTrend-p14x3-M15,SHORT,S,0.5,1770265575.355,1770246000,1770246900.0,1770264900
182925.2920878414,slo0.50,0.5,4773.96,0,4774.02,4775.9732866213335,4777.33,F1,True,4470869.73,-309981.4999999523,-331052.7499999523,1770331500|SHORT,EXIT_STLINE,False,SuperTrend-p14x3-M15,SHORT,S,0.5,1770332402.033,1770331500,1770332400.0,1770332400
11391279.697402012,slo0.50,0.5,4787.59,0,4787.99,4982.418406964909,4981.66,F1,True,4483952.635,18137195.500000007,18116124.250000007,1770332400|LONG,EXIT_STLINE,False,SuperTrend-p14x3-M15,LONG,L,0.5,1770590211.436,1770332400,1770333300.0,1770589800
2586762.187736261,slo0.50,0.5,5009.5,0,5010.04,4982.418406964909,4982.21,F1,True,4691902.46,-2606279.499999993,-2627350.749999993,1770589800|LONG,EXIT_STLINE,False,SuperTrend-p14x3-M15,LONG,L,0.5,1770591528.928,1770589800,1770590700.0,1770590700
7220169.645244365,slo0.50,0.5,4982.43,0,4982.43,5039.933998048141,5040.2,F1,True,4666045.695,-5410160.499999955,-5431231.749999955,1770590700|SHORT,EXIT_STLINE,False,SuperTrend-p14x3-M15,SHORT,S,0.5,1770637503.356,1770590700,1770591600.0,1770637500
6704648.482729776,slo0.50,0.5,5013.04,0,5013.21,5063.616068081626,5063.73,F1,True,4694871.165,-4731197.999999955,-4752269.249999955,1770667200|SHORT,EXIT_STLINE,False,SuperTrend-p14x3-M15,SHORT,S,0.5,1770722185.775,1770667200,1770668100.0,1770722100
607628.1363877385,slo0.50,0.5,5046.55,0,5046.55,5053.038287628273,5053.09,F1,True,4726094.075,-612470.9999999966,-633542.2499999966,1770754500|SHORT,EXIT_STLINE,False,SuperTrend-p14x3-M15,SHORT,S,0.5,1770764356.198,1770754500,1770755400.0,1770763500
62585.13638776571,slo0.50,0.5,5052.37,0,5052.37,5053.038287628273,5053.15,F1,True,4731544.505,-73046.99999997615,-94118.24999997615,1770763500|SHORT,EXIT_STLINE,False,SuperTrend-p14x3-M15,SHORT,S,0.5,1770764400.662,1770763500,1770764400.0,1770764400
1492620.6363877214,slo0.50,0.5,5037.1,0,5037.1,5053.038287628273,5053.07,F1,True,4717244.15,-1495590.4999999388,-1516661.7499999388,1770764400|SHORT,EXIT_STLINE,False,SuperTrend-p14x3-M15,SHORT,S,0.5,1770767054.298,1770764400,1770765300.0,1770766200
3999943.4180115266,slo0.50,0.5,5053.82,0,5054.32,5079.262337351246,5079.21,F1,True,4733370.68,2330948.5000000307,2309877.2500000307,1770766200|LONG,EXIT_STLINE,False,SuperTrend-p14x3-M15,LONG,L,0.5,1770802868.561,1770766200,1770767100.0,1770802200
5842566.594078354,slo0.50,0.5,4969.78,0,4970.28,4943.932405015196,4943.9,F1,True,4654667.22,-2470487.0000000102,-2491558.2500000102,1770934500|LONG,EXIT_STLINE,False,SuperTrend-p14x3-M15,LONG,L,0.5,1770969639.663,1770934500,1770935400.0,1770969600
3810533.134651189,slo0.50,0.5,4994.51,0,4994.51,5010.677627792319,5011.35,F1,True,4677358.615,-1577066.0000000137,-1598137.2500000137,1771199100|SHORT,EXIT_STLINE,False,SuperTrend-p14x3-M15,SHORT,S,0.5,1771218143.574,1771199100,1771200000.0,1771218000
3643695.198905808,slo0.50,0.5,4904.81,0,4905.31,4910.828846442076,4910.71,F1,True,4593822.815,505709.99999996595,484638.74999996595,1771371000|LONG,EXIT_STLINE,False,SuperTrend-p14x3-M15,LONG,L,0.5,1771400288.784,1771371000,1771371900.0,1771399800
339904.0531631008,slo0.50,0.5,4976.8,0,4977.3,4973.670485283897,4973.07,F1,True,4661241.45,-396139.5000000443,-417210.7500000443,1771444800|LONG,EXIT_STLINE,False,SuperTrend-p14x3-M15,LONG,L,0.5,1771445838.48,1771444800,1771445700.0,1771445700
810027.0531630565,slo0.50,0.5,4981.82,0,4982.32,4973.670485283897,4973.63,F1,True,4665942.68,-813818.4999999625,-834889.7499999625,1771445700|LONG,EXIT_STLINE,False,SuperTrend-p14x3-M15,LONG,L,0.5,1771448163.794,1771445700,1771446600.0,1771447500
251873.0531630531,slo0.50,0.5,4975.86,0,4976.36,4973.670485283897,4973.65,F1,True,4660361.14,-253791.5000000034,-274862.7500000034,1771447500|LONG,EXIT_STLINE,False,SuperTrend-p14x3-M15,LONG,L,0.5,1771448416.495,1771447500,1771448400.0,1771448400
2872498.2129518776,slo0.50,0.5,4967.8,0,4967.8,4991.265088763702,4991.51,F1,True,4652344.7,-2220441.5000000033,-2241512.7500000033,1771448400|SHORT,EXIT_STLINE,False,SuperTrend-p14x3-M15,SHORT,S,0.5,1771467014.5,1771448400,1771449300.0,1771466400
98809.06272067923,slo0.50,0.5,4990.21,0,4990.21,4991.265088763702,4991.27,F1,True,4673331.665,-99269.00000003747,-120340.25000003747,1771466400|SHORT,EXIT_STLINE,False,SuperTrend-p14x3-M15,SHORT,S,0.5,1771468336.993,1771466400,1771467300.0,1771468200
2427727.8639336783,slo0.50,0.5,4995.85,0,4996.35,4998.105685816801,4997.84,F1,True,4679081.775,139538.49999997957,118467.24999997957,1771468200|LONG,EXIT_STLINE,False,SuperTrend-p14x3-M15,LONG,L,0.5,1771482969.338,1771468200,1771469100.0,1771482600
118213.90885630989,slo0.50,0.5,5013.29,0,5013.29,5014.55229480893,5014.64,F1,True,4694946.085,-126427.50000003407,-147498.75000003405,1771538400|SHORT,EXIT_STLINE,False,SuperTrend-p14x3-M15,SHORT,S,0.5,1771556457.351,1771538400,1771539300.0,1771556400
2518810.604169636,slo0.50,0.5,5016.46,0,5016.96,5009.014608744059,5009.0,F1,True,4698383.04,-745454.0000000034,-766525.2500000034,1771556400|LONG,EXIT_STLINE,False,SuperTrend-p14x3-M15,LONG,L,0.5,1771579857.819,1771556400,1771557300.0,1771579800
5421164.654367883,slo0.50,0.5,5185.16,0,5185.32,5152.928341519352,5154.12,F1,True,4856052.18,2921879.999999983,2900808.749999983,1771884000|SHORT,EXIT_STLINE,False,SuperTrend-p14x3-M15,SHORT,S,0.5,1771937143.609,1771884000,1771884900.0,1771937100
3695389.6542705237,slo0.50,0.5,5135.6,0,5135.6,5169.743538445213,5169.86,F1,True,4809489.4,-3208448.9999999353,-3229520.2499999353,1771963200|SHORT,EXIT_STLINE,False,SuperTrend-p14x3-M15,SHORT,S,0.5,1771970907.187,1771963200,1771964100.0,1771970400
5338760.851042368,slo0.50,0.5,5174.14,0,5175.27,5174.466348308905,5174.42,F1,True,4846640.355,-79602.50000003407,-100673.75000003407,1771970400|LONG,EXIT_STLINE,False,SuperTrend-p14x3-M15,LONG,L,0.5,1772004045.356,1771970400,1771971300.0,1772003700
541128.229224165,slo0.50,0.5,5187.49,0,5187.49,5193.268197856104,5193.3,F1,True,4858084.385,-544106.5000000375,-565177.7500000375,1772056800|SHORT,EXIT_STLINE,False,SuperTrend-p14x3-M15,SHORT,S,0.5,1772058059.148,1772056800,1772057700.0,1772057700
1206979.7292241342,slo0.50,0.5,5180.38,0,5180.38,5193.268197856104,5193.33,F1,True,4851425.87,-1212767.499999983,-1233838.749999983,1772057700|SHORT,EXIT_STLINE,False,SuperTrend-p14x3-M15,SHORT,S,0.5,1772059969.724,1772057700,1772058600.0,1772059500
178702.72922417516,slo0.50,0.5,5191.35,0,5191.36,5193.268197856104,5193.51,F1,True,4861708.64,-201347.5000000511,-222418.7500000511,1772059500|SHORT,EXIT_STLINE,False,SuperTrend-p14x3-M15,SHORT,S,0.5,1772060405.613,1772059500,1772060400.0,1772060400
977537.2292241513,slo0.50,0.5,5182.88,0,5182.83,5193.268197856104,5193.47,F1,True,4853720.295,-996436.0000000306,-1017507.2500000306,1772060400|SHORT,EXIT_STLINE,False,SuperTrend-p14x3-M15,SHORT,S,0.5,1772065105.668,1772060400,1772061300.0,1772064900
475573.22922418197,slo0.50,0.5,5188.19,0,5188.19,5193.268197856104,5193.28,F1,True,4858739.935,-476678.5000000136,-497749.7500000136,1772064900|SHORT,EXIT_STLINE,False,SuperTrend-p14x3-M15,SHORT,S,0.5,1772067572.799,1772064900,1772065800.0,1772066700
69132.22922416835,slo0.50,0.5,5192.53,0,5192.53,5193.268197856104,5193.27,F1,True,4862804.345,-69301.00000006473,-90372.25000006473,1772066700|SHORT,EXIT_STLINE,False,SuperTrend-p14x3-M15,SHORT,S,0.5,1772067613.448,1772066700,1772067600.0,1772067600
3100919.3598986673,slo0.50,0.5,5196.7,0,5197.2,5173.014114148736,5172.95,F1,True,4867177.8,-2271012.5,-2292083.75,1772067600|LONG,EXIT_STLINE,False,SuperTrend-p14x3-M15,LONG,L,0.5,1772084039.944,1772067600,1772068500.0,1772083800
876080.1905418661,slo0.50,0.5,5176.33,0,5176.83,5171.896575314539,5171.69,F1,True,4848101.295,-481361.0000000307,-502432.2500000307,1772143200|LONG,EXIT_STLINE,False,SuperTrend-p14x3-M15,LONG,L,0.5,1772175886.394,1772143200,1772144100.0,1772175600
5036955.456288685,slo0.50,0.5,5319.05,0,5319.03,5213.950303098263,5215.23,F1,True,4981271.595,9720870.000000017,9699798.750000017,1772505900|SHORT,EXIT_STLINE,False,SuperTrend-p14x3-M15,SHORT,S,0.5,1772531753.178,1772505900,1772506800.0,1772531100
6587276.39698529,slo0.50,0.5,5158.63,0,5159.84,5122.807832768296,5121.99,F1,True,4832190.16,-3544652.500000034,-3565723.750000034,1772575200|LONG,EXIT_STLINE,False,SuperTrend-p14x3-M15,LONG,L,0.5,1772593590.285,1772575200,1772576100.0,1772593200
1830123.9612491075,slo0.50,0.5,5142.39,0,5142.35,5158.232034023256,5157.81,F1,True,4815810.775,1447829.0000000035,1426757.7500000035,1772593200|LONG,EXIT_STLINE,False,SuperTrend-p14x3-M15,LONG,L,0.5,1772617283.165,1772593200,1772594100.0,1772616600
160115.4647908766,slo0.50,0.5,5173.33,0,5173.36,5175.069721994563,5175.61,F1,True,4844851.64,-210712.5,-231783.75,1772658900|SHORT,EXIT_STLINE,False,SuperTrend-p14x3-M15,SHORT,S,0.5,1772660538.375,1772658900,1772659800.0,1772659800
354907.4647908698,slo0.50,0.5,5171.28,0,5171.28,5175.069721994563,5175.1,F1,True,4842903.72,-357743.0000000579,-378814.2500000579,1772659800|SHORT,EXIT_STLINE,False,SuperTrend-p14x3-M15,SHORT,S,0.5,1772660958.937,1772659800,1772660700.0,1772660700
249082.96479085958,slo0.50,0.5,5172.41,0,5172.41,5175.069721994563,5175.39,F1,True,4843961.965,-279077.0000000443,-300148.2500000443,1772660700|SHORT,EXIT_STLINE,False,SuperTrend-p14x3-M15,SHORT,S,0.5,1772661653.945,1772660700,1772661600.0,1772661600
3411116.0019124947,slo0.50,0.5,5176.5,0,5177.0,5152.298857710186,5152.16,F1,True,4848260.5,-2326266.0000000135,-2347337.2500000135,1772661600|LONG,EXIT_STLINE,False,SuperTrend-p14x3-M15,LONG,L,0.5,1772679496.568,1772661600,1772662500.0,1772678700
4186545.7963315505,slo0.50,0.5,5148.32,0,5148.44,5174.871990957975,5175.53,F1,True,4821514.06,-2536978.5000000135,-2558049.7500000135,1772678700|SHORT,EXIT_STLINE,False,SuperTrend-p14x3-M15,SHORT,S,0.5,1772690903.62,1772678700,1772679600.0,1772690400
6121226.89954514,slo0.50,0.5,5118.52,0,5118.77,5095.680691730109,5095.39,F1,True,4793728.105,-2189537.0000000102,-2210608.2500000102,1772749800|LONG,EXIT_STLINE,False,SuperTrend-p14x3-M15,LONG,L,0.5,1772777585.347,1772749800,1772750700.0,1772776800
486349.195433847,slo0.50,0.5,5125.47,0,5126.29,5121.096735766857,5120.85,F1,True,4800770.585,-509455.9999999625,-530527.2499999625,1772998200|LONG,EXIT_STLINE,False,SuperTrend-p14x3-M15,LONG,L,0.5,1772999281.735,1772998200,1772999100.0,1772999100
879679.19543383,slo0.50,0.5,5129.99,0,5130.49,5121.096735766857,5121.07,F1,True,4804703.885,-882183.0000000069,-903254.2500000069,1772999100|LONG,EXIT_STLINE,False,SuperTrend-p14x3-M15,LONG,L,0.5,1773000156.18,1772999100,1773000000.0,1773000000
7920145.5897179535,slo0.50,0.5,5101.57,0,5101.65,5123.574701592284,5123.82,F1,True,4777695.225,-2076220.5000000068,-2097291.7500000065,1773000000|SHORT,EXIT_STLINE,False,SuperTrend-p14x3-M15,SHORT,S,0.5,1773024338.521,1773000000,1773000900.0,1773024300
4919987.906850035,slo0.50,0.5,5124.12,0,5124.62,5072.617914931972,5072.39,F1,True,4799206.63,-4891339.499999959,-4912410.749999959,1773024300|LONG,EXIT_STLINE,False,SuperTrend-p14x3-M15,LONG,L,0.5,1773053137.261,1773024300,1773025200.0,1773053100
4185839.70005944,slo0.50,0.5,5169.54,0,5170.19,5165.380393989338,5165.2,F1,True,4841882.935,-467313.49999997957,-488384.74999997957,1773268200|LONG,EXIT_STLINE,False,SuperTrend-p14x3-M15,LONG,L,0.5,1773307317.619,1773268200,1773269100.0,1773306900
253996.81030169132,slo0.50,0.5,5097.93,0,5097.93,5100.642192315021,5100.97,F1,True,4774211.445,-284695.99999999657,-305767.24999999657,1773348300|SHORT,EXIT_STLINE,False,SuperTrend-p14x3-M15,SHORT,S,0.5,1773349220.955,1773348300,1773349200.0,1773349200
3328223.0072605764,slo0.50,0.5,5105.83,0,5106.33,5096.9622942656615,5096.67,F1,True,4782078.045,-904658.9999999864,-925730.2499999864,1773349200|LONG,EXIT_STLINE,False,SuperTrend-p14x3-M15,LONG,L,0.5,1773372078.981,1773349200,1773350100.0,1773371700
3254854.409678917,slo0.50,0.5,5027.59,0,5028.09,5015.512185845592,5013.67,F1,True,4708806.285,-1350433.0000000068,-1371504.2500000068,1773701100|LONG,EXIT_STLINE,False,SuperTrend-p14x3-M15,LONG,L,0.5,1773716500.282,1773701100,1773702000.0,1773716400
5127697.30579791,slo0.50,0.5,4865.59,0,4866.09,4823.0093121005075,4821.61,F1,True,4557093.285,-4165552.0000000442,-4186623.2500000442,1773873000|LONG,EXIT_STLINE,False,SuperTrend-p14x3-M15,LONG,L,0.5,1773890393.215,1773873000,1773873900.0,1773890100
1345577.5185335437,slo0.50,0.5,4435.54,0,4435.37,4257.797426507816,4257.97,F1,True,4153724.005,16613509.999999966,16592438.749999966,1774218600|SHORT,EXIT_STLINE,False,SuperTrend-p14x3-M15,SHORT,S,0.5,1774243973.795,1774218600,1774219500.0,1774243800
10116302.596858645,slo0.50,0.5,4344.15,0,4344.24,4410.059049828868,4410.08,F1,True,4068380.76,-6165916.000000014,-6186987.250000014,1774301400|SHORT,EXIT_STLINE,False,SuperTrend-p14x3-M15,SHORT,S,0.5,1774324821.443,1774301400,1774302300.0,1774324800
5746368.474441904,slo0.50,0.5,4434.9,0,4435.33,4422.446330696219,4422.44,F1,True,4153686.545,-1207148.5000000307,-1228219.7500000307,1774566000|LONG,EXIT_STLINE,False,SuperTrend-p14x3-M15,LONG,L,0.5,1774591755.847,1774566000,1774566900.0,1774591200
1861528.4203502135,slo0.50,0.5,4496.94,0,4497.49,4477.612494176719,4477.54,F1,True,4211899.385,-1868317.499999983,-1889388.749999983,1774810800|LONG,EXIT_STLINE,False,SuperTrend-p14x3-M15,LONG,L,0.5,1774814759.972,1774810800,1774811700.0,1774814400
125257.42035021698,slo0.50,0.5,4478.39,0,4478.95,4477.612494176719,4477.33,F1,True,4194536.675,-151712.99999998978,-172784.24999998978,1774814400|LONG,EXIT_STLINE,False,SuperTrend-p14x3-M15,LONG,L,0.5,1774815586.634,1774814400,1774815300.0,1774815300
5947436.971957843,slo0.50,0.5,4472.23,0,4472.16,4495.657029758434,4495.85,F1,True,4188177.84,-2218568.5000000475,-2239639.7500000475,1774815300|SHORT,EXIT_STLINE,False,SuperTrend-p14x3-M15,SHORT,S,0.5,1774827843.759,1774815300,1774816200.0,1774827000
105546.33687736459,slo0.50,0.5,4494.46,0,4494.53,4495.657029758434,4495.87,F1,True,4209127.345,-125491.00000001362,-146562.25000001362,1774827000|SHORT,EXIT_STLINE,False,SuperTrend-p14x3-M15,SHORT,S,0.5,1774827953.317,1774827000,1774827900.0,1774827900
1366075.336877368,slo0.50,0.5,4481.05,0,4481.07,4495.657029758434,4496.37,F1,True,4196522.055,-1432845.000000017,-1453916.250000017,1774827900|SHORT,EXIT_STLINE,False,SuperTrend-p14x3-M15,SHORT,S,0.5,1774829129.56,1774827900,1774828800.0,1774828800
7196355.217653702,slo0.50,0.5,4504.45,0,4504.85,4528.359366950237,4528.28,F1,True,4218792.025,2194219.4999999423,2173148.2499999423,1774828800|LONG,EXIT_STLINE,False,SuperTrend-p14x3-M15,LONG,L,0.5,1774868125.551,1774828800,1774829700.0,1774867500
5132691.648225638,slo0.50,0.5,4547.61,0,4548.09,4547.243527135255,4547.19,F1,True,4259286.285,-84285.0000000511,-105356.2500000511,1774907100|LONG,EXIT_STLINE,False,SuperTrend-p14x3-M15,LONG,L,0.5,1774930762.223,1774907100,1774908000.0,1774930500
4278356.803425654,slo0.50,0.5,4750.79,0,4750.75,4644.967251470915,4645.44,F1,True,4449077.375,9862281.500000037,9841210.250000037,1775080800|SHORT,EXIT_STLINE,False,SuperTrend-p14x3-M15,SHORT,S,0.5,1775105306.561,1775080800,1775081700.0,1775105100
5862887.107147825,slo0.50,0.5,4630.3,0,4631.08,4667.828391800045,4667.88,F1,True,4337006.42,-3446320.000000017,-3467391.250000017,1775412000|SHORT,EXIT_STLINE,False,SuperTrend-p14x3-M15,SHORT,S,0.5,1775427629.919,1775412000,1775412900.0,1775427300
638542.3920742135,slo0.50,0.5,4660.88,0,4661.01,4667.828391800045,4667.85,F1,True,4365035.865,-640566.0000000136,-661637.2500000136,1775427300|SHORT,EXIT_STLINE,False,SuperTrend-p14x3-M15,SHORT,S,0.5,1775437660.962,1775427300,1775428200.0,1775437200
4942518.51687337,slo0.50,0.5,4673.44,0,4673.98,4666.695183332889,4666.58,F1,True,4377182.27,-693009.9999999659,-714081.2499999659,1775437200|LONG,EXIT_STLINE,False,SuperTrend-p14x3-M15,LONG,L,0.5,1775463662.449,1775437200,1775438100.0,1775463300
3075360.398522842,slo0.50,0.5,4761.11,0,4761.12,4763.728097983361,4763.74,F1,True,4458788.88,-245362.99999998978,-266434.24999998976,1775759400|SHORT,EXIT_STLINE,False,SuperTrend-p14x3-M15,SHORT,S,0.5,1775807001.518,1775759400,1775760300.0,1775806200
5323561.016464568,slo0.50,0.5,4714.74,0,4715.48,4707.405438787903,4707.06,F1,True,4416047.02,-788532.9999999217,-809604.2499999217,1776027600|LONG,EXIT_STLINE,False,SuperTrend-p14x3-M15,LONG,L,0.5,1776066072.19,1776027600,1776028500.0,1776065400
338496.88700286485,slo0.50,0.5,4828.16,0,4828.65,4825.035511083792,4825.0,F1,True,4522030.725,-341822.49999996595,-362893.74999996595,1776205800|LONG,EXIT_STLINE,False,SuperTrend-p14x3-M15,LONG,L,0.5,1776207149.113,1776205800,1776206700.0,1776206700
2838115.1511998437,slo0.50,0.5,4823.75,0,4823.77,4824.234009807962,4824.51,F1,True,4517460.605,-69300.99999997955,-90372.24999997955,1776206700|SHORT,EXIT_STLINE,False,SuperTrend-p14x3-M15,SHORT,S,0.5,1776245909.159,1776206700,1776207600.0,1776245400
398087.717277285,slo0.50,0.5,4807.49,0,4807.41,4811.6608031743435,4811.68,F1,True,4502139.465,-399885.50000004086,-420956.75000004086,1776278700|SHORT,EXIT_STLINE,False,SuperTrend-p14x3-M15,SHORT,S,0.5,1776280294.534,1776278700,1776279600.0,1776279600
2330125.010204583,slo0.50,0.5,4812.39,0,4812.87,4814.941423676851,4814.93,F1,True,4507252.755,192919.0000000375,171847.7500000375,1776279600|LONG,EXIT_STLINE,False,SuperTrend-p14x3-M15,LONG,L,0.5,1776306551.724,1776279600,1776280500.0,1776305700
145024.1726629098,slo0.50,0.5,4816.06,0,4816.49,4814.941423676851,4814.87,F1,True,4510642.885,-151712.99999998978,-172784.24999998978,1776305700|LONG,EXIT_STLINE,False,SuperTrend-p14x3-M15,LONG,L,0.5,1776306878.741,1776305700,1776306600.0,1776306600
889541.6726628927,slo0.50,0.5,4823.99,0,4824.44,4814.941423676851,4814.94,F1,True,4518088.06,-889675.0,-910746.25,1776306600|LONG,EXIT_STLINE,False,SuperTrend-p14x3-M15,LONG,L,0.5,1776312187.196,1776306600,1776307500.0,1776312000
197841.0323629084,slo0.50,0.5,4795.82,0,4795.8,4797.912557740127,4798.05,F1,True,4491266.7,-210712.5,-231783.75,1776380400|SHORT,EXIT_STLINE,False,SuperTrend-p14x3-M15,SHORT,S,0.5,1776381490.93,1776380400,1776381300.0,1776381300
372030.0323629629,slo0.50,0.5,4793.99,0,4793.94,4797.912557740127,4797.92,F1,True,4489524.81,-372727.0000000443,-393798.2500000443,1776381300|SHORT,EXIT_STLINE,False,SuperTrend-p14x3-M15,SHORT,S,0.5,1776386110.021,1776381300,1776382200.0,1776385800
2290320.8287188592,slo0.50,0.5,4800.89,0,4801.37,4782.883989645532,4782.88,F1,True,4496483.005,-1731588.4999999795,-1752659.7499999795,1776385800|LONG,EXIT_STLINE,False,SuperTrend-p14x3-M15,LONG,L,0.5,1776393149.532,1776385800,1776386700.0,1776393000
274020.86969596724,slo0.50,0.5,4785.4,0,4785.81,4782.883989645532,4782.76,F1,True,4481911.065,-285632.50000001705,-306703.75000001705,1776393000|LONG,EXIT_STLINE,False,SuperTrend-p14x3-M15,LONG,L,0.5,1776397353.196,1776393000,1776393900.0,1776396600
2816953.1992192534,slo0.50,0.5,4790.3,0,4790.21,4788.98469309266,4789.0,F1,True,4486031.665,113316.5000000034,92245.2500000034,1776621600|SHORT,EXIT_STLINE,False,SuperTrend-p14x3-M15,SHORT,S,0.5,1776632704.156,1776621600,1776622500.0,1776632400
4443556.131417889,slo0.50,0.5,4793.53,0,4794.04,4809.910202077155,4809.89,F1,True,4489618.46,1484352.500000034,1463281.250000034,1776632400|LONG,EXIT_STLINE,False,SuperTrend-p14x3-M15,LONG,L,0.5,1776721267.292,1776632400,1776633300.0,1776720600
365216.07547445386,slo0.50,0.5,4813.36,0,4813.81,4809.910202077155,4809.71,F1,True,4508133.065,-383965.00000003405,-405036.25000003405,1776720600|LONG,EXIT_STLINE,False,SuperTrend-p14x3-M15,LONG,L,0.5,1776722029.377,1776720600,1776721500.0,1776721500
2006244.8188487228,slo0.50,0.5,4810.09,0,4810.14,4725.1249718691515,4725.95,F1,True,4504696.11,7884393.5000000475,7863322.2500000475,1776721500|SHORT,EXIT_STLINE,False,SuperTrend-p14x3-M15,SHORT,S,0.5,1776794420.33,1776721500,1776722400.0,1776794400
201979.81499337353,slo0.50,0.5,4748.34,0,4748.62,4746.463248104716,4746.36,F1,True,4447082.63,-211649.00000002043,-232720.25000002043,1776837600|LONG,EXIT_STLINE,False,SuperTrend-p14x3-M15,LONG,L,0.5,1776847296.344,1776837600,1776838500.0,1776846600
2234126.950412757,slo0.50,0.5,4746.62,0,4746.65,4736.854466076814,4736.9,F1,True,4445237.725,913087.5,892016.25,1776846600|SHORT,EXIT_STLINE,False,SuperTrend-p14x3-M15,SHORT,S,0.5,1776889564.617,1776846600,1776847500.0,1776888900
5238266.319658418,slo0.50,0.5,4741.38,0,4741.84,4716.355401978586,4716.13,F1,True,4440733.16,-2407741.5000000033,-2428812.7500000033,1776888900|LONG,EXIT_STLINE,False,SuperTrend-p14x3-M15,LONG,L,0.5,1776895705.013,1776888900,1776889800.0,1776895200
4070453.3703969535,slo0.50,0.5,4707.27,0,4707.18,4715.445975708563,4715.47,F1,True,4408274.07,-776358.4999999966,-797429.7499999966,1776895200|SHORT,EXIT_STLINE,False,SuperTrend-p14x3-M15,SHORT,S,0.5,1776930896.377,1776895200,1776896100.0,1776930300
3075016.7943090294,slo0.50,0.5,4685.14,1,4686.44,4699.430852927489,4699.69,F1,True,4388851.06,-1240862.5,-1261933.75,1777226400|SHORT,EXIT_STLINE,False,SuperTrend-p14x3-M15,SHORT,S,0.5,1777237203.733,1777226400,1777228200.0,1777237200
631280.876659341,slo0.50,0.5,4692.66,0,4692.69,4699.430852927489,4699.49,F1,True,4394704.185,-636820.000000017,-657891.250000017,1777237200|SHORT,EXIT_STLINE,False,SuperTrend-p14x3-M15,SHORT,S,0.5,1777239088.937,1777237200,1777238100.0,1777239000
154602.37665932736,slo0.50,0.5,4697.8,0,4697.78,4699.430852927489,4699.44,F1,True,4399470.97,-155458.99999998638,-176530.24999998638,1777239000|SHORT,EXIT_STLINE,False,SuperTrend-p14x3-M15,SHORT,S,0.5,1777239917.578,1777239000,1777239900.0,1777239900
2469522.1803941755,slo0.50,0.5,4702.49,0,4702.98,4704.255533123476,4704.18,F1,True,4404340.77,112380.00000006813,91308.75000006813,1777239900|LONG,EXIT_STLINE,False,SuperTrend-p14x3-M15,LONG,L,0.5,1777266598.541,1777239900,1777240800.0,1777266000
1555044.891411899,slo0.50,0.5,4697.75,0,4698.29,4681.68514264376,4681.58,F1,True,4399948.585,-1564891.5000000035,-1585962.7500000035,1777320000|LONG,EXIT_STLINE,False,SuperTrend-p14x3-M15,LONG,L,0.5,1777326649.425,1777320000,1777320900.0,1777326300
2482815.469968323,slo0.50,0.5,4670.58,0,4670.52,4600.34647415806,4600.41,F1,True,4373941.98,6565801.500000055,6544730.250000055,1777326300|SHORT,EXIT_STLINE,False,SuperTrend-p14x3-M15,SHORT,S,0.5,1777366333.32,1777326300,1777327200.0,1777365900
372396.80490234034,slo0.50,0.5,4596.44,0,4596.37,4600.34647415806,4600.61,F1,True,4304500.505,-397075.99999997957,-418147.24999997957,1777399200|SHORT,EXIT_STLINE,False,SuperTrend-p14x3-M15,SHORT,S,0.5,1777406438.348,1777399200,1777400100.0,1777406400
2477446.1191648273,slo0.50,0.5,4607.24,0,4607.76,4581.336355122308,4581.15,F1,True,4315167.24,-2492026.5000000545,-2513097.7500000545,1777406400|LONG,EXIT_STLINE,False,SuperTrend-p14x3-M15,LONG,L,0.5,1777410269.794,1777406400,1777407300.0,1777410000
128641.84279583064,slo0.50,0.5,4582.46,0,4582.71,4581.336355122308,4581.31,F1,True,4291707.915,-131109.99999996592,-152181.24999996592,1777410000|LONG,EXIT_STLINE,False,SuperTrend-p14x3-M15,LONG,L,0.5,1777410913.938,1777410000,1777410900.0,1777410900
2566349.781955216,slo0.50,0.5,4580.28,0,4580.35,4607.753628210948,4607.79,F1,True,4289497.775,-2569755.9999999627,-2590827.2499999627,1777410900|SHORT,EXIT_STLINE,False,SuperTrend-p14x3-M15,SHORT,S,0.5,1777424627.4,1777410900,1777411800.0,1777424400
639032.7819552231,slo0.50,0.5,4600.91,0,4600.93,4554.940144919543,4555.73,F1,True,4308770.945,4232980.000000068,4211908.750000068,1777424400|SHORT,EXIT_STLINE,False,SuperTrend-p14x3-M15,SHORT,S,0.5,1777462805.881,1777424400,1777425300.0,1777462200
2372054.491658944,slo0.50,0.5,4569.74,0,4570.12,4551.697070866746,4551.64,F1,True,4279917.38,-1730651.999999959,-1751723.249999959,1777495500|LONG,EXIT_STLINE,False,SuperTrend-p14x3-M15,LONG,L,0.5,1777507402.604,1777495500,1777496400.0,1777507200
376747.31332927133,slo0.50,0.5,4555.23,0,4555.72,4551.697070866746,4551.39,F1,True,4266431.78,-405504.4999999932,-426575.7499999932,1777507200|LONG,EXIT_STLINE,False,SuperTrend-p14x3-M15,LONG,L,0.5,1777508413.904,1777507200,1777508100.0,1777508100
2702908.2941715354,slo0.50,0.5,4547.21,0,4547.12,4568.622750037549,4568.65,F1,True,4258377.88,-2016284.4999999763,-2037355.7499999763,1777508100|SHORT,EXIT_STLINE,False,SuperTrend-p14x3-M15,SHORT,S,0.5,1777513890.677,1777508100,1777509000.0,1777513500
576205.0410164343,slo0.50,0.5,4562.43,0,4562.47,4568.622750037549,4568.74,F1,True,4272753.155,-587185.4999999558,-608256.7499999558,1777513500|SHORT,EXIT_STLINE,False,SuperTrend-p14x3-M15,SHORT,S,0.5,1777515660.719,1777513500,1777514400.0,1777515300
2619979.1347148996,slo0.50,0.5,4569.29,0,4569.79,4609.690505355886,4609.6,F1,True,4279608.335,3728206.5000000373,3707135.2500000373,1777515300|LONG,EXIT_STLINE,False,SuperTrend-p14x3-M15,LONG,L,0.5,1777543201.557,1777515300,1777516200.0,1777543200
603598.3442949192,slo0.50,0.5,4629.26,0,4629.25,4587.204530091125,4587.24,F1,True,4335292.625,3934236.5000000205,3913165.2500000205,1777587300|SHORT,EXIT_STLINE,False,SuperTrend-p14x3-M15,SHORT,S,0.5,1777623267.012,1777587300,1777588200.0,1777622400
204990.13819221742,slo0.50,0.5,4537.59,0,4537.7,4539.888896296767,4540.02,F1,True,4249556.05,-217268.00000005792,-238339.25000005792,1777929300|SHORT,EXIT_STLINE,False,SuperTrend-p14x3-M15,SHORT,S,0.5,1777930619.897,1777929300,1777930200.0,1777930200
292084.6381921595,slo0.50,0.5,4536.77,0,4536.77,4539.888896296767,4540.54,F1,True,4248685.105,-353060.4999999557,-374131.7499999557,1777930200|SHORT,EXIT_STLINE,False,SuperTrend-p14x3-M15,SHORT,S,0.5,1777931320.984,1777930200,1777931100.0,1777931100
2469106.247943595,slo0.50,0.5,4540.78,0,4541.38,4553.099463605802,4553.09,F1,True,4253002.37,1096641.5000000035,1075570.2500000035,1777931100|LONG,EXIT_STLINE,False,SuperTrend-p14x3-M15,LONG,L,0.5,1777986628.291,1777931100,1777932000.0,1777986000
2190558.0782623943,slo0.50,0.5,4550.36,0,4550.41,4567.131135863362,4567.15,F1,True,4261458.965,-1567700.9999999795,-1588772.2499999795,1778004000|SHORT,EXIT_STLINE,False,SuperTrend-p14x3-M15,SHORT,S,0.5,1778007329.903,1778004000,1778004900.0,1778006700
3349792.043346373,slo0.50,0.5,4573.14,0,4573.8,4682.331544721802,4682.32,F1,True,4283363.7,10162897.999999955,10141826.749999955,1778006700|LONG,EXIT_STLINE,False,SuperTrend-p14x3-M15,LONG,L,0.5,1778054631.685,1778006700,1778007600.0,1778054400
3183319.2897018366,slo0.50,0.5,4709.56,0,4710.1,4724.626940506165,4724.58,F1,True,4411008.65,1356051.999999959,1334980.749999959,1778101200|LONG,EXIT_STLINE,False,SuperTrend-p14x3-M15,LONG,L,0.5,1778155295.897,1778101200,1778102100.0,1778155200
3679829.9106468433,slo0.50,0.5,4722.71,0,4723.27,4699.41739981479,4699.35,F1,True,4423342.355,-2240108.000000007,-2261179.250000007,1778190300|LONG,EXIT_STLINE,False,SuperTrend-p14x3-M15,LONG,L,0.5,1778210729.867,1778190300,1778191200.0,1778210100
148435.2500000034,slo0.75,0.5,4347.59,0,4347.59,4349.175,4349.23,F1,True,4071518.035,-153585.9999999455,-174657.2499999455,1767309300|SHORT,EXIT_STLINE,False,SuperTrend-p14x3-M15,SHORT,S,0.5,1767310214.032,1767309300,1767310200.0,1767310200
2540853.5076530892,slo0.75,0.5,4351.38,0,4351.88,4378.07760313827,4376.32,F1,True,4075535.62,2288805.9999999627,2267734.7499999627,1767310200|LONG,EXIT_STLINE,False,SuperTrend-p14x3-M15,LONG,L,0.5,1767349503.82,1767310200,1767311100.0,1767348900
433243.67061289406,slo0.75,0.5,4436.35,0,4436.85,4432.223799566334,4431.99,F1,True,4155110.0250000004,-455139.0000000545,-476210.2500000545,1767648600|LONG,EXIT_STLINE,False,SuperTrend-p14x3-M15,LONG,L,0.5,1767650565.004,1767648600,1767649500.0,1767650400
931461.6706128669,slo0.75,0.5,4441.72,0,4442.17,4448.553090416406,4448.39,F1,True,4160092.205,582503.0000000239,561431.7500000239,1767650400|LONG,EXIT_STLINE,False,SuperTrend-p14x3-M15,LONG,L,0.5,1767682065.333,1767650400,1767651300.0,1767681900
3154224.6120945886,slo0.75,0.5,4470.76,0,4470.81,4470.604609798658,4471.0,F1,True,4186913.5650000004,-17793.49999996252,-38864.74999996252,1767736800|SHORT,EXIT_STLINE,False,SuperTrend-p14x3-M15,SHORT,S,0.5,1767764275.41,1767736800,1767737700.0,1767763800
1103537.8692792538,slo0.75,0.5,4456.84,0,4457.49,4445.706360178545,4445.62,F1,True,4174439.385,-1111625.4999999898,-1132696.7499999898,1767823200|LONG,EXIT_STLINE,False,SuperTrend-p14x3-M15,LONG,L,0.5,1767825947.477,1767823200,1767824100.0,1767825900
287846.36927925044,slo0.75,0.5,4448.28,0,4448.78,4445.706360178545,4445.2,F1,True,4166282.47,-335266.9999999932,-356338.2499999932,1767825900|LONG,EXIT_STLINE,False,SuperTrend-p14x3-M15,LONG,L,0.5,1767826840.089,1767825900,1767826800.0,1767826800
2000130.7781301027,slo0.75,0.5,4446.39,0,4446.2,4437.381526447649,4437.43,F1,True,4163866.3,821310.4999999558,800239.2499999558,1767826800|SHORT,EXIT_STLINE,False,SuperTrend-p14x3-M15,SHORT,S,0.5,1767872867.499,1767826800,1767827700.0,1767872700
196103.31446466903,slo0.75,0.5,4459.15,0,4459.58,4457.485997709934,4457.48,F1,True,4176396.67,-196665.00000003408,-217736.25000003408,1767909600|LONG,EXIT_STLINE,False,SuperTrend-p14x3-M15,LONG,L,0.5,1767910660.166,1767909600,1767910500.0,1767910500
2024514.3613044254,slo0.75,0.5,4457.22,0,4457.22,4478.837878924767,4479.1,F1,True,4174186.53,-2049062.0000000102,-2070133.2500000102,1767910500|SHORT,EXIT_STLINE,False,SuperTrend-p14x3-M15,SHORT,S,0.5,1767949259.413,1767910500,1767911400.0,1767949200
2739185.6554504386,slo0.75,0.5,4615.3,0,4615.8,4617.393679220687,4617.37,F1,True,4322696.7,147030.49999997276,125959.24999997276,1768341600|LONG,EXIT_STLINE,False,SuperTrend-p14x3-M15,LONG,L,0.5,1768390797.303,1768341600,1768342500.0,1768390200
473683.75522465643,slo0.75,0.5,4616.67,0,4617.17,4612.111978054195,4611.5,F1,True,4323979.705,-530995.5000000069,-552066.7500000069,1768420800|LONG,EXIT_STLINE,False,SuperTrend-p14x3-M15,LONG,L,0.5,1768421894.638,1768420800,1768421700.0,1768421700
3008369.51267359,slo0.75,0.5,4609.0,0,4608.98,4616.472358440838,4616.52,F1,True,4316309.77,-706121.0000000817,-727192.2500000817,1768421700|SHORT,EXIT_STLINE,False,SuperTrend-p14x3-M15,SHORT,S,0.5,1768462616.867,1768421700,1768422600.0,1768462200
551633.0286287888,slo0.75,0.5,4603.65,0,4604.14,4598.249631301348,4598.12,F1,True,4311777.11,-563773.0000000409,-584844.2500000409,1768514400|LONG,EXIT_STLINE,False,SuperTrend-p14x3-M15,LONG,L,0.5,1768518806.359,1768514400,1768515300.0,1768518000
1940865.9260422257,slo0.75,0.5,4598.06,0,4597.75,4614.336599766163,4614.36,F1,True,4305792.875,-1555526.4999999693,-1576597.7499999693,1768518000|SHORT,EXIT_STLINE,False,SuperTrend-p14x3-M15,SHORT,S,0.5,1768532141.605,1768518000,1768518900.0,1768531500
277822.06810118357,slo0.75,0.5,4611.37,0,4611.37,4614.336599766163,4614.41,F1,True,4318548.005,-284695.99999999657,-305767.24999999657,1768531500|SHORT,EXIT_STLINE,False,SuperTrend-p14x3-M15,SHORT,S,0.5,1768552583.074,1768531500,1768532400.0,1768552200
1845414.0907434549,slo0.75,0.5,4659.42,0,4659.49,4677.813590310515,4677.88,F1,True,4363612.385,-1722223.5000000307,-1743294.7500000307,1768857300|SHORT,EXIT_STLINE,False,SuperTrend-p14x3-M15,SHORT,S,0.5,1768869610.556,1768857300,1768858200.0,1768869000
105224.23257975624,slo0.75,0.5,4676.69,0,4676.69,4677.813590310515,4677.83,F1,True,4379720.185,-106761.00000003066,-127832.25000003066,1768869000|SHORT,EXIT_STLINE,False,SuperTrend-p14x3-M15,SHORT,S,0.5,1768869954.887,1768869000,1768869900.0,1768869900
1819634.6794628906,slo0.75,0.5,4680.03,0,4680.53,4842.836913860349,4842.77,F1,True,4383316.345,15193776.000000065,15172704.750000065,1768869900|LONG,EXIT_STLINE,False,SuperTrend-p14x3-M15,LONG,L,0.5,1768968200.561,1768869900,1768870800.0,1768968000
6394603.696764449,slo0.75,0.5,4778.3,0,4778.13,4829.967621316048,4829.97,F1,True,4474718.745,-4854816.000000014,-4875887.250000014,1769028300|SHORT,EXIT_STLINE,False,SuperTrend-p14x3-M15,SHORT,S,0.5,1769054546.969,1769028300,1769029200.0,1769054400
7682584.172882517,slo0.75,0.5,5071.3,0,5072.01,5061.4283217273705,5061.41,F1,True,4749937.365,-992690.0000000341,-1013761.2500000341,1769464800|LONG,EXIT_STLINE,False,SuperTrend-p14x3-M15,LONG,L,0.5,1769511943.087,1769464800,1769465700.0,1769511600
2770082.4894206948,slo0.75,0.5,5479.87,0,5480.28,5508.700511183289,5508.69,F1,True,5132282.22,2660596.4999999865,2639525.2499999865,1769637600|LONG,EXIT_STLINE,False,SuperTrend-p14x3-M15,LONG,L,0.5,1769665340.214,1769637600,1769638500.0,1769664600
16649244.227076989,slo0.75,0.5,5310.91,0,5309.65,4932.816953038626,4933.5,F1,True,4972487.225,35226447.49999996,35205376.24999996,1769724000|SHORT,EXIT_STLINE,False,SuperTrend-p14x3-M15,SHORT,S,0.5,1769791535.762,1769724000,1769724900.0,1769791500
483277.8800792551,slo0.75,0.5,4741.05,0,4741.66,4736.49953144603,4733.5,F1,True,4440564.59,-764183.9999999864,-785255.2499999864,1769976000|LONG,EXIT_STLINE,False,SuperTrend-p14x3-M15,LONG,L,0.5,1769976949.454,1769976000,1769976900.0,1769976900
18477189.351984184,slo0.75,0.5,4728.01,0,4728.01,4648.25392431443,4649.53,F1,True,4427781.365,7349652.000000045,7328580.750000045,1769976900|SHORT,EXIT_STLINE,False,SuperTrend-p14x3-M15,SHORT,S,0.5,1770009742.349,1769976900,1769977800.0,1770009300
13332185.532651505,slo0.75,0.5,4774.1,0,4774.6,4902.516846838563,4902.01,F1,True,4471412.9,11931946.499999987,11910875.249999987,1770065100|LONG,EXIT_STLINE,False,SuperTrend-p14x3-M15,LONG,L,0.5,1770132750.589,1770065100,1770066000.0,1770132600
9513451.965511043,slo0.75,0.5,5009.26,0,5010.25,4943.937261098407,4943.78,F1,True,4692099.125,-6224915.500000024,-6245986.750000024,1770235200|LONG,EXIT_STLINE,False,SuperTrend-p14x3-M15,LONG,L,0.5,1770243601.037,1770235200,1770236100.0,1770243300
797217.9981341335,slo0.75,0.5,4951.92,0,4952.45,4943.937261098407,4943.78,F1,True,4637969.425,-811945.5000000069,-833016.7500000069,1770243300|LONG,EXIT_STLINE,False,SuperTrend-p14x3-M15,LONG,L,0.5,1770246321.523,1770243300,1770244200.0,1770246000
9642210.813548896,slo0.75,0.5,4915.08,0,4915.24,4936.526612165991,4937.24,F1,True,4603122.26,-2060300.0,-2081371.25,1770246000|SHORT,EXIT_STLINE,False,SuperTrend-p14x3-M15,SHORT,S,0.5,1770265576.555,1770246000,1770246900.0,1770264900
206337.7920878414,slo0.75,0.5,4773.96,0,4774.02,4776.2232866213335,4777.33,F1,True,4470869.73,-309981.4999999523,-331052.7499999523,1770331500|SHORT,EXIT_STLINE,False,SuperTrend-p14x3-M15,SHORT,S,0.5,1770332402.033,1770331500,1770332400.0,1770332400
11414692.197402012,slo0.75,0.5,4787.59,0,4787.99,4982.168406964909,4981.66,F1,True,4483952.635,18137195.500000007,18116124.250000007,1770332400|LONG,EXIT_STLINE,False,SuperTrend-p14x3-M15,LONG,L,0.5,1770590211.436,1770332400,1770333300.0,1770589800
2610174.687736261,slo0.75,0.5,5009.5,0,5010.04,4982.168406964909,4982.12,F1,True,4691902.46,-2614708.000000007,-2635779.250000007,1770589800|LONG,EXIT_STLINE,False,SuperTrend-p14x3-M15,LONG,L,0.5,1770591533.442,1770589800,1770590700.0,1770590700
7243582.145244365,slo0.75,0.5,4982.43,0,4982.43,5040.183998048141,5040.2,F1,True,4666045.695,-5410160.499999955,-5431231.749999955,1770590700|SHORT,EXIT_STLINE,False,SuperTrend-p14x3-M15,SHORT,S,0.5,1770637503.356,1770590700,1770591600.0,1770637500
6728060.982729776,slo0.75,0.5,5013.04,0,5013.21,5063.866068081626,5064.1,F1,True,4694871.165,-4765848.500000031,-4786919.750000031,1770667200|SHORT,EXIT_STLINE,False,SuperTrend-p14x3-M15,SHORT,S,0.5,1770722187.119,1770667200,1770668100.0,1770722100
631040.6363877385,slo0.75,0.5,5046.55,0,5046.55,5053.288287628273,5053.33,F1,True,4726094.075,-634946.9999999761,-656018.2499999761,1770754500|SHORT,EXIT_STLINE,False,SuperTrend-p14x3-M15,SHORT,S,0.5,1770764363.512,1770754500,1770755400.0,1770763500
85997.63638776571,slo0.75,0.5,5052.37,0,5052.37,5053.288287628273,5053.58,F1,True,4731544.505,-113316.5000000034,-134387.7500000034,1770763500|SHORT,EXIT_STLINE,False,SuperTrend-p14x3-M15,SHORT,S,0.5,1770764462.749,1770763500,1770764400.0,1770764400
1516033.1363877214,slo0.75,0.5,5037.1,0,5037.1,5053.288287628273,5053.36,F1,True,4717244.15,-1522748.9999999353,-1543820.2499999353,1770764400|SHORT,EXIT_STLINE,False,SuperTrend-p14x3-M15,SHORT,S,0.5,1770767055.398,1770764400,1770765300.0,1770766200
4023355.9180115266,slo0.75,0.5,5053.82,0,5054.32,5079.012337351246,5078.98,F1,True,4733370.68,2309408.9999999865,2288337.7499999865,1770766200|LONG,EXIT_STLINE,False,SuperTrend-p14x3-M15,LONG,L,0.5,1770802869.371,1770766200,1770767100.0,1770802200
5865979.094078354,slo0.75,0.5,4969.78,0,4970.28,4943.682405015196,4942.75,F1,True,4654667.22,-2578184.4999999763,-2599255.7499999763,1770934500|LONG,EXIT_STLINE,False,SuperTrend-p14x3-M15,LONG,L,0.5,1770969953.556,1770934500,1770935400.0,1770969600
3833945.634651189,slo0.75,0.5,4994.51,0,4994.51,5010.927627792319,5011.35,F1,True,4677358.615,-1577066.0000000137,-1598137.2500000137,1771199100|SHORT,EXIT_STLINE,False,SuperTrend-p14x3-M15,SHORT,S,0.5,1771218143.574,1771199100,1771200000.0,1771218000
3667107.698905808,slo0.75,0.5,4904.81,0,4905.31,4910.578846442076,4910.01,F1,True,4593822.815,440154.99999998295,419083.74999998295,1771371000|LONG,EXIT_STLINE,False,SuperTrend-p14x3-M15,LONG,L,0.5,1771400289.054,1771371000,1771371900.0,1771399800
363316.5531631008,slo0.75,0.5,4976.8,0,4977.3,4973.420485283897,4973.07,F1,True,4661241.45,-396139.5000000443,-417210.7500000443,1771444800|LONG,EXIT_STLINE,False,SuperTrend-p14x3-M15,LONG,L,0.5,1771445838.48,1771444800,1771445700.0,1771445700
833439.5531630565,slo0.75,0.5,4981.82,0,4982.32,4973.420485283897,4973.11,F1,True,4665942.68,-862516.5000000034,-883587.7500000034,1771445700|LONG,EXIT_STLINE,False,SuperTrend-p14x3-M15,LONG,L,0.5,1771448200.081,1771445700,1771446600.0,1771447500
275285.5531630531,slo0.75,0.5,4975.86,0,4976.36,4973.420485283897,4973.25,F1,True,4660361.14,-291251.4999999693,-312322.7499999693,1771447500|LONG,EXIT_STLINE,False,SuperTrend-p14x3-M15,LONG,L,0.5,1771448416.622,1771447500,1771448400.0,1771448400
2895910.7129518776,slo0.75,0.5,4967.8,0,4967.8,4991.515088763702,4991.52,F1,True,4652344.7,-2221378.0000000237,-2242449.2500000237,1771448400|SHORT,EXIT_STLINE,False,SuperTrend-p14x3-M15,SHORT,S,0.5,1771467014.863,1771448400,1771449300.0,1771466400
122221.56272067923,slo0.75,0.5,4990.21,0,4990.21,4991.515088763702,4991.53,F1,True,4673331.665,-123617.99999997274,-144689.24999997276,1771466400|SHORT,EXIT_STLINE,False,SuperTrend-p14x3-M15,SHORT,S,0.5,1771468358.287,1771466400,1771467300.0,1771468200
2451140.3639336783,slo0.75,0.5,4995.85,0,4996.35,4997.855685816801,4997.84,F1,True,4679081.775,139538.49999997957,118467.24999997957,1771468200|LONG,EXIT_STLINE,False,SuperTrend-p14x3-M15,LONG,L,0.5,1771482969.338,1771468200,1771469100.0,1771482600
141626.4088563099,slo0.75,0.5,5013.29,0,5013.29,5014.80229480893,5014.85,F1,True,4694946.085,-146094.0000000375,-167165.2500000375,1771538400|SHORT,EXIT_STLINE,False,SuperTrend-p14x3-M15,SHORT,S,0.5,1771556458.252,1771538400,1771539300.0,1771556400
2542223.104169636,slo0.75,0.5,5016.46,0,5016.96,5008.764608744059,5008.57,F1,True,4698383.04,-785723.5000000306,-806794.7500000306,1771556400|LONG,EXIT_STLINE,False,SuperTrend-p14x3-M15,LONG,L,0.5,1771579873.975,1771556400,1771557300.0,1771579800
5444577.154367883,slo0.75,0.5,5185.16,0,5185.32,5153.178341519352,5154.12,F1,True,4856052.18,2921879.999999983,2900808.749999983,1771884000|SHORT,EXIT_STLINE,False,SuperTrend-p14x3-M15,SHORT,S,0.5,1771937143.609,1771884000,1771884900.0,1771937100
3718802.1542705237,slo0.75,0.5,5135.6,0,5135.6,5169.993538445213,5170.43,F1,True,4809489.4,-3261829.499999993,-3282900.749999993,1771963200|SHORT,EXIT_STLINE,False,SuperTrend-p14x3-M15,SHORT,S,0.5,1771970909.872,1771963200,1771964100.0,1771970400
5362173.351042368,slo0.75,0.5,5174.14,0,5175.27,5174.216348308905,5174.13,F1,True,4846640.355,-106761.00000003066,-127832.25000003066,1771970400|LONG,EXIT_STLINE,False,SuperTrend-p14x3-M15,LONG,L,0.5,1772004298.205,1771970400,1771971300.0,1772003700
564540.729224165,slo0.75,0.5,5187.49,0,5187.49,5193.518197856104,5194.0,F1,True,4858084.385,-609661.5000000205,-630732.7500000205,1772056800|SHORT,EXIT_STLINE,False,SuperTrend-p14x3-M15,SHORT,S,0.5,1772058060.18,1772056800,1772057700.0,1772057700
1230392.2292241342,slo0.75,0.5,5180.38,0,5180.38,5193.518197856104,5193.52,F1,True,4851425.87,-1230561.0000000307,-1251632.2500000307,1772057700|SHORT,EXIT_STLINE,False,SuperTrend-p14x3-M15,SHORT,S,0.5,1772059971.494,1772057700,1772058600.0,1772059500
202115.22922417516,slo0.75,0.5,5191.35,0,5191.36,5193.518197856104,5193.62,F1,True,4861708.64,-211649.00000002043,-232720.25000002043,1772059500|SHORT,EXIT_STLINE,False,SuperTrend-p14x3-M15,SHORT,S,0.5,1772060405.886,1772059500,1772060400.0,1772060400
1000949.7292241513,slo0.75,0.5,5182.88,0,5182.83,5193.518197856104,5193.86,F1,True,4853720.295,-1032959.4999999761,-1054030.7499999763,1772060400|SHORT,EXIT_STLINE,False,SuperTrend-p14x3-M15,SHORT,S,0.5,1772065111.788,1772060400,1772061300.0,1772064900
498985.72922418197,slo0.75,0.5,5188.19,0,5188.19,5193.518197856104,5193.53,F1,True,4858739.935,-500091.0000000136,-521162.2500000136,1772064900|SHORT,EXIT_STLINE,False,SuperTrend-p14x3-M15,SHORT,S,0.5,1772067621.442,1772064900,1772065800.0,1772067600
3124331.8598986673,slo0.75,0.5,5196.7,0,5197.2,5172.764114148736,5171.22,F1,True,4867177.8,-2433026.999999959,-2454098.249999959,1772067600|LONG,EXIT_STLINE,False,SuperTrend-p14x3-M15,LONG,L,0.5,1772084040.307,1772067600,1772068500.0,1772083800
899492.6905418661,slo0.75,0.5,5176.33,0,5176.83,5171.646575314539,5171.26,F1,True,4848101.295,-521630.49999997276,-542701.7499999728,1772143200|LONG,EXIT_STLINE,False,SuperTrend-p14x3-M15,LONG,L,0.5,1772175886.703,1772143200,1772144100.0,1772175600
5060367.956288685,slo0.75,0.5,5319.05,0,5319.03,5214.200303098263,5215.23,F1,True,4981271.595,9720870.000000017,9699798.750000017,1772505900|SHORT,EXIT_STLINE,False,SuperTrend-p14x3-M15,SHORT,S,0.5,1772531753.178,1772505900,1772506800.0,1772531100
6610688.89698529,slo0.75,0.5,5158.63,0,5159.84,5122.557832768296,5121.99,F1,True,4832190.16,-3544652.500000034,-3565723.750000034,1772575200|LONG,EXIT_STLINE,False,SuperTrend-p14x3-M15,LONG,L,0.5,1772593590.285,1772575200,1772576100.0,1772593200
1853536.4612491075,slo0.75,0.5,5142.39,0,5142.35,5157.982034023256,5157.81,F1,True,4815810.775,1447829.0000000035,1426757.7500000035,1772593200|LONG,EXIT_STLINE,False,SuperTrend-p14x3-M15,LONG,L,0.5,1772617283.165,1772593200,1772594100.0,1772616600
183527.9647908766,slo0.75,0.5,5173.33,0,5173.36,5175.319721994563,5175.61,F1,True,4844851.64,-210712.5,-231783.75,1772658900|SHORT,EXIT_STLINE,False,SuperTrend-p14x3-M15,SHORT,S,0.5,1772660538.375,1772658900,1772659800.0,1772659800
378319.9647908698,slo0.75,0.5,5171.28,0,5171.28,5175.319721994563,5175.7,F1,True,4842903.72,-413933.0000000068,-435004.2500000068,1772659800|SHORT,EXIT_STLINE,False,SuperTrend-p14x3-M15,SHORT,S,0.5,1772660986.942,1772659800,1772660700.0,1772660700
272495.46479085955,slo0.75,0.5,5172.41,0,5172.41,5175.319721994563,5175.39,F1,True,4843961.965,-279077.0000000443,-300148.2500000443,1772660700|SHORT,EXIT_STLINE,False,SuperTrend-p14x3-M15,SHORT,S,0.5,1772661653.945,1772660700,1772661600.0,1772661600
3434528.5019124947,slo0.75,0.5,5176.5,0,5177.0,5152.048857710186,5152.02,F1,True,4848260.5,-2339376.999999959,-2360448.249999959,1772661600|LONG,EXIT_STLINE,False,SuperTrend-p14x3-M15,LONG,L,0.5,1772679496.7,1772661600,1772662500.0,1772678700
4209958.296331551,slo0.75,0.5,5148.32,0,5148.44,5175.121990957975,5175.53,F1,True,4821514.06,-2536978.5000000135,-2558049.7500000135,1772678700|SHORT,EXIT_STLINE,False,SuperTrend-p14x3-M15,SHORT,S,0.5,1772690903.62,1772678700,1772679600.0,1772690400
6144639.39954514,slo0.75,0.5,5118.52,0,5118.77,5095.430691730109,5095.39,F1,True,4793728.105,-2189537.0000000102,-2210608.2500000102,1772749800|LONG,EXIT_STLINE,False,SuperTrend-p14x3-M15,LONG,L,0.5,1772777585.347,1772749800,1772750700.0,1772776800
509761.695433847,slo0.75,0.5,5125.47,0,5126.29,5120.846735766857,5120.22,F1,True,4800770.585,-568455.4999999728,-589526.7499999728,1772998200|LONG,EXIT_STLINE,False,SuperTrend-p14x3-M15,LONG,L,0.5,1772999282.102,1772998200,1772999100.0,1772999100
903091.69543383,slo0.75,0.5,5129.99,0,5130.49,5120.846735766857,5120.2,F1,True,4804703.885,-963658.4999999966,-984729.7499999966,1772999100|LONG,EXIT_STLINE,False,SuperTrend-p14x3-M15,LONG,L,0.5,1773000178.098,1772999100,1773000000.0,1773000000
7943558.0897179535,slo0.75,0.5,5101.57,0,5101.65,5123.824701592284,5124.0,F1,True,4777695.225,-2093077.500000034,-2114148.750000034,1773000000|SHORT,EXIT_STLINE,False,SuperTrend-p14x3-M15,SHORT,S,0.5,1773024339.252,1773000000,1773000900.0,1773024300
4943400.406850035,slo0.75,0.5,5124.12,0,5124.62,5072.367914931972,5072.16,F1,True,4799206.63,-4912879.000000004,-4933950.250000004,1773024300|LONG,EXIT_STLINE,False,SuperTrend-p14x3-M15,LONG,L,0.5,1773053137.679,1773024300,1773025200.0,1773053100
4209252.20005944,slo0.75,0.5,5169.54,0,5170.19,5165.130393989338,5164.43,F1,True,4841882.935,-539423.9999999353,-560495.2499999353,1773268200|LONG,EXIT_STLINE,False,SuperTrend-p14x3-M15,LONG,L,0.5,1773307317.967,1773268200,1773269100.0,1773306900
277409.3103016913,slo0.75,0.5,5097.93,0,5097.93,5100.892192315021,5100.97,F1,True,4774211.445,-284695.99999999657,-305767.24999999657,1773348300|SHORT,EXIT_STLINE,False,SuperTrend-p14x3-M15,SHORT,S,0.5,1773349220.955,1773348300,1773349200.0,1773349200
3351635.5072605764,slo0.75,0.5,5105.83,0,5106.33,5096.7122942656615,5096.67,F1,True,4782078.045,-904658.9999999864,-925730.2499999864,1773349200|LONG,EXIT_STLINE,False,SuperTrend-p14x3-M15,LONG,L,0.5,1773372078.981,1773349200,1773350100.0,1773371700
3278266.909678917,slo0.75,0.5,5027.59,0,5028.09,5015.262185845592,5013.67,F1,True,4708806.285,-1350433.0000000068,-1371504.2500000068,1773701100|LONG,EXIT_STLINE,False,SuperTrend-p14x3-M15,LONG,L,0.5,1773716500.282,1773701100,1773702000.0,1773716400
5151109.80579791,slo0.75,0.5,4865.59,0,4866.09,4822.7593121005075,4821.61,F1,True,4557093.285,-4165552.0000000442,-4186623.2500000442,1773873000|LONG,EXIT_STLINE,False,SuperTrend-p14x3-M15,LONG,L,0.5,1773890393.215,1773873000,1773873900.0,1773890100
1368990.0185335437,slo0.75,0.5,4435.54,0,4435.37,4258.047426507816,4258.1,F1,True,4153724.005,16601335.499999955,16580264.249999955,1774218600|SHORT,EXIT_STLINE,False,SuperTrend-p14x3-M15,SHORT,S,0.5,1774243974.696,1774218600,1774219500.0,1774243800
10139715.096858645,slo0.75,0.5,4344.15,0,4344.24,4410.309049828868,4410.76,F1,True,4068380.76,-6229598.000000041,-6250669.250000041,1774301400|SHORT,EXIT_STLINE,False,SuperTrend-p14x3-M15,SHORT,S,0.5,1774324826.686,1774301400,1774302300.0,1774324800
5769780.974441904,slo0.75,0.5,4434.9,0,4435.33,4422.196330696219,4422.12,F1,True,4153686.545,-1237116.5000000035,-1258187.7500000035,1774566000|LONG,EXIT_STLINE,False,SuperTrend-p14x3-M15,LONG,L,0.5,1774591805.036,1774566000,1774566900.0,1774591200
1884940.9203502135,slo0.75,0.5,4496.94,0,4497.49,4477.362494176719,4477.24,F1,True,4211899.385,-1896412.5,-1917483.75,1774810800|LONG,EXIT_STLINE,False,SuperTrend-p14x3-M15,LONG,L,0.5,1774814760.044,1774810800,1774811700.0,1774814400
148669.920350217,slo0.75,0.5,4478.39,0,4478.95,4477.362494176719,4477.33,F1,True,4194536.675,-151712.99999998978,-172784.24999998978,1774814400|LONG,EXIT_STLINE,False,SuperTrend-p14x3-M15,LONG,L,0.5,1774815586.634,1774814400,1774815300.0,1774815300
5970849.471957843,slo0.75,0.5,4472.23,0,4472.16,4495.907029758434,4495.96,F1,True,4188177.84,-2228870.000000017,-2249941.250000017,1774815300|SHORT,EXIT_STLINE,False,SuperTrend-p14x3-M15,SHORT,S,0.5,1774827844.79,1774815300,1774816200.0,1774827000
128958.83687736459,slo0.75,0.5,4494.46,0,4494.53,4495.907029758434,4495.95,F1,True,4209127.345,-132983.0000000068,-154054.2500000068,1774827000|SHORT,EXIT_STLINE,False,SuperTrend-p14x3-M15,SHORT,S,0.5,1774827953.406,1774827000,1774827900.0,1774827900
1389487.836877368,slo0.75,0.5,4481.05,0,4481.07,4495.907029758434,4496.37,F1,True,4196522.055,-1432845.000000017,-1453916.250000017,1774827900|SHORT,EXIT_STLINE,False,SuperTrend-p14x3-M15,SHORT,S,0.5,1774829129.56,1774827900,1774828800.0,1774828800
7219767.717653702,slo0.75,0.5,4504.45,0,4504.85,4528.109366950237,4528.03,F1,True,4218792.025,2170806.9999999423,2149735.7499999423,1774828800|LONG,EXIT_STLINE,False,SuperTrend-p14x3-M15,LONG,L,0.5,1774868127.009,1774828800,1774829700.0,1774867500
5156104.148225638,slo0.75,0.5,4547.61,0,4548.09,4546.993527135255,4546.99,F1,True,4259286.285,-103015.00000003407,-124086.25000003407,1774907100|LONG,EXIT_STLINE,False,SuperTrend-p14x3-M15,LONG,L,0.5,1774930762.573,1774907100,1774908000.0,1774930500
4301769.303425654,slo0.75,0.5,4750.79,0,4750.75,4645.217251470915,4645.44,F1,True,4449077.375,9862281.500000037,9841210.250000037,1775080800|SHORT,EXIT_STLINE,False,SuperTrend-p14x3-M15,SHORT,S,0.5,1775105306.561,1775080800,1775081700.0,1775105100
5886299.607147825,slo0.75,0.5,4630.3,0,4631.08,4668.078391800045,4668.47,F1,True,4337006.42,-3501573.5000000307,-3522644.7500000307,1775412000|SHORT,EXIT_STLINE,False,SuperTrend-p14x3-M15,SHORT,S,0.5,1775427634.233,1775412000,1775412900.0,1775427300
661954.8920742135,slo0.75,0.5,4660.88,0,4661.01,4668.078391800045,4668.56,F1,True,4365035.865,-707057.500000017,-728128.750000017,1775427300|SHORT,EXIT_STLINE,False,SuperTrend-p14x3-M15,SHORT,S,0.5,1775437662.211,1775427300,1775428200.0,1775437200
4965931.01687337,slo0.75,0.5,4673.44,0,4673.98,4666.445183332889,4666.33,F1,True,4377182.27,-716422.4999999659,-737493.7499999659,1775437200|LONG,EXIT_STLINE,False,SuperTrend-p14x3-M15,LONG,L,0.5,1775463662.484,1775437200,1775438100.0,1775463300
3098772.898522842,slo0.75,0.5,4761.11,0,4761.12,4763.978097983361,4763.98,F1,True,4458788.88,-267838.9999999693,-288910.2499999693,1775759400|SHORT,EXIT_STLINE,False,SuperTrend-p14x3-M15,SHORT,S,0.5,1775807028.118,1775759400,1775760300.0,1775806200
5346973.516464568,slo0.75,0.5,4714.74,0,4715.48,4707.155438787903,4707.06,F1,True,4416047.02,-788532.9999999217,-809604.2499999217,1776027600|LONG,EXIT_STLINE,False,SuperTrend-p14x3-M15,LONG,L,0.5,1776066072.19,1776027600,1776028500.0,1776065400
361909.38700286485,slo0.75,0.5,4828.16,0,4828.65,4824.785511083792,4824.41,F1,True,4522030.725,-397075.99999997957,-418147.24999997957,1776205800|LONG,EXIT_STLINE,False,SuperTrend-p14x3-M15,LONG,L,0.5,1776207149.549,1776205800,1776206700.0,1776206700
2861527.6511998437,slo0.75,0.5,4823.75,0,4823.77,4824.484009807962,4824.51,F1,True,4517460.605,-69300.99999997955,-90372.24999997955,1776206700|SHORT,EXIT_STLINE,False,SuperTrend-p14x3-M15,SHORT,S,0.5,1776245909.159,1776206700,1776207600.0,1776245400
421500.217277285,slo0.75,0.5,4807.49,0,4807.41,4811.9108031743435,4812.05,F1,True,4502139.465,-434536.0000000307,-455607.2500000307,1776278700|SHORT,EXIT_STLINE,False,SuperTrend-p14x3-M15,SHORT,S,0.5,1776280307.268,1776278700,1776279600.0,1776279600
2353537.510204583,slo0.75,0.5,4812.39,0,4812.87,4814.691423676851,4814.5,F1,True,4507252.755,152649.50000001022,131578.25000001022,1776279600|LONG,EXIT_STLINE,False,SuperTrend-p14x3-M15,LONG,L,0.5,1776306552.325,1776279600,1776280500.0,1776305700
168436.6726629098,slo0.75,0.5,4816.06,0,4816.49,4814.691423676851,4814.63,F1,True,4510642.885,-174188.99999996932,-195260.24999996932,1776305700|LONG,EXIT_STLINE,False,SuperTrend-p14x3-M15,LONG,L,0.5,1776312210.996,1776305700,1776306600.0,1776312000
395442.5323629629,slo0.75,0.5,4793.99,0,4793.94,4798.162557740127,4798.3,F1,True,4489524.81,-408314.0000000545,-429385.2500000545,1776381300|SHORT,EXIT_STLINE,False,SuperTrend-p14x3-M15,SHORT,S,0.5,1776386112.433,1776381300,1776382200.0,1776385800
2313733.3287188592,slo0.75,0.5,4800.89,0,4801.37,4782.633989645532,4782.52,F1,True,4496483.005,-1765302.499999949,-1786373.749999949,1776385800|LONG,EXIT_STLINE,False,SuperTrend-p14x3-M15,LONG,L,0.5,1776393166.713,1776385800,1776386700.0,1776393000
297433.36969596724,slo0.75,0.5,4785.4,0,4785.81,4782.633989645532,4782.49,F1,True,4481911.065,-310918.0000000579,-331989.2500000579,1776393000|LONG,EXIT_STLINE,False,SuperTrend-p14x3-M15,LONG,L,0.5,1776397354.797,1776393000,1776393900.0,1776396600
2840365.6992192534,slo0.75,0.5,4790.3,0,4790.21,4789.23469309266,4789.47,F1,True,4486031.665,69300.99999997955,48229.749999979555,1776621600|SHORT,EXIT_STLINE,False,SuperTrend-p14x3-M15,SHORT,S,0.5,1776632704.239,1776621600,1776622500.0,1776632400
4466968.631417889,slo0.75,0.5,4793.53,0,4794.04,4809.660202077155,4809.25,F1,True,4489618.46,1424416.5000000035,1403345.2500000035,1776632400|LONG,EXIT_STLINE,False,SuperTrend-p14x3-M15,LONG,L,0.5,1776721275.674,1776632400,1776633300.0,1776720600
388628.57547445386,slo0.75,0.5,4813.36,0,4813.81,4809.660202077155,4809.66,F1,True,4508133.065,-388647.5000000511,-409718.7500000511,1776720600|LONG,EXIT_STLINE,False,SuperTrend-p14x3-M15,LONG,L,0.5,1776722039.403,1776720600,1776721500.0,1776721500
2029657.3188487228,slo0.75,0.5,4810.09,0,4810.14,4725.3749718691515,4725.95,F1,True,4504696.11,7884393.5000000475,7863322.2500000475,1776721500|SHORT,EXIT_STLINE,False,SuperTrend-p14x3-M15,SHORT,S,0.5,1776794420.33,1776721500,1776722400.0,1776794400
225392.31499337353,slo0.75,0.5,4748.34,0,4748.62,4746.213248104716,4746.21,F1,True,4447082.63,-225696.49999998638,-246767.74999998638,1776837600|LONG,EXIT_STLINE,False,SuperTrend-p14x3-M15,LONG,L,0.5,1776847299.361,1776837600,1776838500.0,1776846600
2257539.450412757,slo0.75,0.5,4746.62,0,4746.65,4737.104466076814,4737.42,F1,True,4445237.725,864389.4999999591,843318.2499999591,1776846600|SHORT,EXIT_STLINE,False,SuperTrend-p14x3-M15,SHORT,S,0.5,1776889575.082,1776846600,1776847500.0,1776888900
5261678.819658418,slo0.75,0.5,4741.38,0,4741.84,4716.105401978586,4716.06,F1,True,4440733.16,-2414296.9999999763,-2435368.2499999763,1776888900|LONG,EXIT_STLINE,False,SuperTrend-p14x3-M15,LONG,L,0.5,1776895705.055,1776888900,1776889800.0,1776895200
4093865.8703969535,slo0.75,0.5,4707.27,0,4707.18,4715.695975708563,4715.73,F1,True,4408274.07,-800707.4999999319,-821778.7499999319,1776895200|SHORT,EXIT_STLINE,False,SuperTrend-p14x3-M15,SHORT,S,0.5,1776930897.159,1776895200,1776896100.0,1776930300
3098429.2943090294,slo0.75,0.5,4685.14,1,4686.44,4699.680852927489,4699.69,F1,True,4388851.06,-1240862.5,-1261933.75,1777226400|SHORT,EXIT_STLINE,False,SuperTrend-p14x3-M15,SHORT,S,0.5,1777237203.733,1777226400,1777228200.0,1777237200
654693.376659341,slo0.75,0.5,4692.66,0,4692.69,4699.680852927489,4699.7,F1,True,4394704.185,-656486.5000000205,-677557.7500000205,1777237200|SHORT,EXIT_STLINE,False,SuperTrend-p14x3-M15,SHORT,S,0.5,1777239090.163,1777237200,1777238100.0,1777239000
178014.87665932736,slo0.75,0.5,4697.8,0,4697.78,4699.680852927489,4699.77,F1,True,4399470.97,-186363.50000006473,-207434.75000006473,1777239000|SHORT,EXIT_STLINE,False,SuperTrend-p14x3-M15,SHORT,S,0.5,1777239935.253,1777239000,1777239900.0,1777239900
2492934.6803941755,slo0.75,0.5,4702.49,0,4702.98,4704.005533123476,4703.87,F1,True,4404340.77,83348.50000003066,62277.25000003066,1777239900|LONG,EXIT_STLINE,False,SuperTrend-p14x3-M15,LONG,L,0.5,1777266612.21,1777239900,1777240800.0,1777266000
1578457.391411899,slo0.75,0.5,4697.75,0,4698.29,4681.43514264376,4681.39,F1,True,4399948.585,-1582684.999999966,-1603756.249999966,1777320000|LONG,EXIT_STLINE,False,SuperTrend-p14x3-M15,LONG,L,0.5,1777326758.2,1777320000,1777320900.0,1777326300
2506227.969968323,slo0.75,0.5,4670.58,0,4670.52,4600.59647415806,4600.61,F1,True,4373941.98,6547071.500000072,6526000.250000072,1777326300|SHORT,EXIT_STLINE,False,SuperTrend-p14x3-M15,SHORT,S,0.5,1777383610.127,1777326300,1777327200.0,1777383000
395809.30490234034,slo0.75,0.5,4596.44,0,4596.37,4600.59647415806,4600.61,F1,True,4304500.505,-397075.99999997957,-418147.24999997957,1777399200|SHORT,EXIT_STLINE,False,SuperTrend-p14x3-M15,SHORT,S,0.5,1777406438.348,1777399200,1777400100.0,1777406400
2500858.6191648273,slo0.75,0.5,4607.24,0,4607.76,4581.086355122308,4581.01,F1,True,4315167.24,-2505137.5,-2526208.75,1777406400|LONG,EXIT_STLINE,False,SuperTrend-p14x3-M15,LONG,L,0.5,1777410269.954,1777406400,1777407300.0,1777410000
152054.34279583066,slo0.75,0.5,4582.46,0,4582.71,4581.086355122308,4580.98,F1,True,4291707.915,-162014.5000000443,-183085.7500000443,1777410000|LONG,EXIT_STLINE,False,SuperTrend-p14x3-M15,LONG,L,0.5,1777411012.397,1777410000,1777410900.0,1777410900
2589762.281955216,slo0.75,0.5,4580.28,0,4580.35,4608.003628210948,4608.01,F1,True,4289497.775,-2590358.9999999865,-2611430.2499999865,1777410900|SHORT,EXIT_STLINE,False,SuperTrend-p14x3-M15,SHORT,S,0.5,1777424632.578,1777410900,1777411800.0,1777424400
662445.2819552231,slo0.75,0.5,4600.91,0,4600.93,4555.190144919543,4555.73,F1,True,4308770.945,4232980.000000068,4211908.750000068,1777424400|SHORT,EXIT_STLINE,False,SuperTrend-p14x3-M15,SHORT,S,0.5,1777462805.881,1777424400,1777425300.0,1777462200
2395466.991658944,slo0.75,0.5,4569.74,0,4570.12,4551.447070866746,4551.41,F1,True,4279917.38,-1752191.5000000035,-1773262.7500000035,1777495500|LONG,EXIT_STLINE,False,SuperTrend-p14x3-M15,LONG,L,0.5,1777507403.251,1777495500,1777496400.0,1777507200
400159.81332927133,slo0.75,0.5,4555.23,0,4555.72,4551.447070866746,4551.39,F1,True,4266431.78,-405504.4999999932,-426575.7499999932,1777507200|LONG,EXIT_STLINE,False,SuperTrend-p14x3-M15,LONG,L,0.5,1777508413.904,1777507200,1777508100.0,1777508100
2726320.7941715354,slo0.75,0.5,4547.21,0,4547.12,4568.872750037549,4569.08,F1,True,4258377.88,-2056554.0000000035,-2077625.2500000035,1777508100|SHORT,EXIT_STLINE,False,SuperTrend-p14x3-M15,SHORT,S,0.5,1777513892.193,1777508100,1777509000.0,1777513500
599617.5410164343,slo0.75,0.5,4562.43,0,4562.47,4568.872750037549,4568.95,F1,True,4272753.155,-606851.9999999591,-627923.2499999591,1777513500|SHORT,EXIT_STLINE,False,SuperTrend-p14x3-M15,SHORT,S,0.5,1777515842.194,1777513500,1777514400.0,1777515300
2643391.6347148996,slo0.75,0.5,4569.29,0,4569.79,4609.440505355886,4609.44,F1,True,4279608.335,3713222.499999966,3692151.249999966,1777515300|LONG,EXIT_STLINE,False,SuperTrend-p14x3-M15,LONG,L,0.5,1777543201.63,1777515300,1777516200.0,1777543200
627010.8442949192,slo0.75,0.5,4629.26,0,4629.25,4587.454530091125,4587.55,F1,True,4335292.625,3905204.999999983,3884133.749999983,1777587300|SHORT,EXIT_STLINE,False,SuperTrend-p14x3-M15,SHORT,S,0.5,1777623270.46,1777587300,1777588200.0,1777622400
228402.63819221742,slo0.75,0.5,4537.59,0,4537.7,4540.138896296767,4540.16,F1,True,4249556.05,-230379.0000000034,-251450.2500000034,1777929300|SHORT,EXIT_STLINE,False,SuperTrend-p14x3-M15,SHORT,S,0.5,1777930621.656,1777929300,1777930200.0,1777930200
315497.1381921595,slo0.75,0.5,4536.77,0,4536.77,4540.138896296767,4540.54,F1,True,4248685.105,-353060.4999999557,-374131.7499999557,1777930200|SHORT,EXIT_STLINE,False,SuperTrend-p14x3-M15,SHORT,S,0.5,1777931320.984,1777930200,1777931100.0,1777931100
2492518.747943595,slo0.75,0.5,4540.78,0,4541.38,4552.849463605802,4552.77,F1,True,4253002.37,1066673.5000000307,1045602.2500000307,1777931100|LONG,EXIT_STLINE,False,SuperTrend-p14x3-M15,LONG,L,0.5,1777996584.379,1777931100,1777932000.0,1777995900
2213970.5782623943,slo0.75,0.5,4550.36,0,4550.41,4567.381135863362,4567.62,F1,True,4261458.965,-1611716.5000000035,-1632787.7500000035,1778004000|SHORT,EXIT_STLINE,False,SuperTrend-p14x3-M15,SHORT,S,0.5,1778007330.055,1778004000,1778004900.0,1778006700
3373204.543346373,slo0.75,0.5,4573.14,0,4573.8,4682.081544721802,4681.75,F1,True,4283363.7,10109517.499999983,10088446.249999983,1778006700|LONG,EXIT_STLINE,False,SuperTrend-p14x3-M15,LONG,L,0.5,1778054632.451,1778006700,1778007600.0,1778054400
3206731.7897018366,slo0.75,0.5,4709.56,0,4710.1,4724.376940506165,4724.19,F1,True,4411008.65,1319528.4999999285,1298457.2499999285,1778101200|LONG,EXIT_STLINE,False,SuperTrend-p14x3-M15,LONG,L,0.5,1778155302.687,1778101200,1778102100.0,1778155200
3703242.4106468433,slo0.75,0.5,4722.71,0,4723.27,4699.16739981479,4699.01,F1,True,4423342.355,-2271949.0000000205,-2293020.2500000205,1778190300|LONG,EXIT_STLINE,False,SuperTrend-p14x3-M15,LONG,L,0.5,1778210731.597,1778190300,1778191200.0,1778210100
171847.7500000034,slo1.00,0.5,4347.59,0,4347.59,4349.425,4349.49,F1,True,4071518.035,-177934.99999996592,-199006.24999996592,1767309300|SHORT,EXIT_STLINE,False,SuperTrend-p14x3-M15,SHORT,S,0.5,1767310215.145,1767309300,1767310200.0,1767310200
2564266.0076530892,slo1.00,0.5,4351.38,0,4351.88,4377.82760313827,4376.32,F1,True,4075535.62,2288805.9999999627,2267734.7499999627,1767310200|LONG,EXIT_STLINE,False,SuperTrend-p14x3-M15,LONG,L,0.5,1767349503.82,1767310200,1767311100.0,1767348900
456656.17061289406,slo1.00,0.5,4436.35,0,4436.85,4431.973799566334,4431.69,F1,True,4155110.0250000004,-483234.00000007154,-504305.25000007154,1767648600|LONG,EXIT_STLINE,False,SuperTrend-p14x3-M15,LONG,L,0.5,1767650565.176,1767648600,1767649500.0,1767650400
954874.1706128669,slo1.00,0.5,4441.72,0,4442.17,4448.303090416406,4447.82,F1,True,4160092.205,529122.4999999659,508051.2499999659,1767650400|LONG,EXIT_STLINE,False,SuperTrend-p14x3-M15,LONG,L,0.5,1767682065.847,1767650400,1767651300.0,1767681900
3177637.1120945886,slo1.00,0.5,4470.76,0,4470.81,4470.854609798658,4471.0,F1,True,4186913.5650000004,-17793.49999996252,-38864.74999996252,1767736800|SHORT,EXIT_STLINE,False,SuperTrend-p14x3-M15,SHORT,S,0.5,1767764275.41,1767736800,1767737700.0,1767763800
1126950.3692792538,slo1.00,0.5,4456.84,0,4457.49,4445.456360178545,4445.34,F1,True,4174439.385,-1137847.499999966,-1158918.749999966,1767823200|LONG,EXIT_STLINE,False,SuperTrend-p14x3-M15,LONG,L,0.5,1767825958.607,1767823200,1767824100.0,1767825900
311258.86927925044,slo1.00,0.5,4448.28,0,4448.78,4445.456360178545,4445.2,F1,True,4166282.47,-335266.9999999932,-356338.2499999932,1767825900|LONG,EXIT_STLINE,False,SuperTrend-p14x3-M15,LONG,L,0.5,1767826840.089,1767825900,1767826800.0,1767826800
2023543.2781301027,slo1.00,0.5,4446.39,0,4446.2,4437.631526447649,4437.98,F1,True,4163866.3,769803.0000000239,748731.7500000239,1767826800|SHORT,EXIT_STLINE,False,SuperTrend-p14x3-M15,SHORT,S,0.5,1767872867.732,1767826800,1767827700.0,1767872700
219515.81446466903,slo1.00,0.5,4459.15,0,4459.58,4457.235997709934,4457.13,F1,True,4176396.67,-229442.49999998297,-250513.74999998297,1767909600|LONG,EXIT_STLINE,False,SuperTrend-p14x3-M15,LONG,L,0.5,1767910666.779,1767909600,1767910500.0,1767910500
2047926.8613044254,slo1.00,0.5,4457.22,0,4457.22,4479.087878924767,4479.1,F1,True,4174186.53,-2049062.0000000102,-2070133.2500000102,1767910500|SHORT,EXIT_STLINE,False,SuperTrend-p14x3-M15,SHORT,S,0.5,1767949259.413,1767910500,1767911400.0,1767949200
2762598.1554504386,slo1.00,0.5,4615.3,0,4615.8,4617.143679220687,4616.51,F1,True,4322696.7,66491.5000000034,45420.250000003405,1768341600|LONG,EXIT_STLINE,False,SuperTrend-p14x3-M15,LONG,L,0.5,1768390978.123,1768341600,1768342500.0,1768390200
3031782.01267359,slo1.00,0.5,4609.0,0,4608.98,4616.722358440838,4617.11,F1,True,4316309.77,-761374.5000000102,-782445.7500000102,1768421700|SHORT,EXIT_STLINE,False,SuperTrend-p14x3-M15,SHORT,S,0.5,1768462632.02,1768421700,1768422600.0,1768462200
575045.5286287888,slo1.00,0.5,4603.65,0,4604.14,4597.999631301348,4597.97,F1,True,4311777.11,-577820.5000000069,-598891.7500000069,1768514400|LONG,EXIT_STLINE,False,SuperTrend-p14x3-M15,LONG,L,0.5,1768518809.076,1768514400,1768515300.0,1768518000
1964278.4260422257,slo1.00,0.5,4598.06,0,4597.75,4614.586599766163,4614.64,F1,True,4305792.875,-1581748.5000000307,-1602819.7500000307,1768518000|SHORT,EXIT_STLINE,False,SuperTrend-p14x3-M15,SHORT,S,0.5,1768532145.256,1768518000,1768518900.0,1768531500
301234.56810118357,slo1.00,0.5,4611.37,0,4611.37,4614.586599766163,4614.77,F1,True,4318548.005,-318410.0000000511,-339481.2500000511,1768531500|SHORT,EXIT_STLINE,False,SuperTrend-p14x3-M15,SHORT,S,0.5,1768552886.115,1768531500,1768532400.0,1768552200
1868826.5907434549,slo1.00,0.5,4659.42,0,4659.49,4678.063590310515,4678.16,F1,True,4363612.385,-1748445.5000000068,-1769516.7500000068,1768857300|SHORT,EXIT_STLINE,False,SuperTrend-p14x3-M15,SHORT,S,0.5,1768869611.151,1768857300,1768858200.0,1768869000
128636.73257975624,slo1.00,0.5,4676.69,0,4676.69,4678.063590310515,4678.11,F1,True,4379720.185,-132983.0000000068,-154054.2500000068,1768869000|SHORT,EXIT_STLINE,False,SuperTrend-p14x3-M15,SHORT,S,0.5,1768870086.379,1768869000,1768869900.0,1768869900
1843047.1794628906,slo1.00,0.5,4680.03,0,4680.53,4842.586913860349,4842.5,F1,True,4383316.345,15168490.500000024,15147419.250000024,1768869900|LONG,EXIT_STLINE,False,SuperTrend-p14x3-M15,LONG,L,0.5,1768968202.548,1768869900,1768870800.0,1768968000
6418016.196764449,slo1.00,0.5,4778.3,0,4778.13,4830.217621316048,4830.5,F1,True,4474718.745,-4904450.49999999,-4925521.74999999,1769028300|SHORT,EXIT_STLINE,False,SuperTrend-p14x3-M15,SHORT,S,0.5,1769054555.284,1769028300,1769029200.0,1769054400
7705996.672882517,slo1.00,0.5,5071.3,0,5072.01,5061.1783217273705,5061.14,F1,True,4749937.365,-1017975.4999999898,-1039046.7499999898,1769464800|LONG,EXIT_STLINE,False,SuperTrend-p14x3-M15,LONG,L,0.5,1769511943.557,1769464800,1769465700.0,1769511600
2793494.9894206948,slo1.00,0.5,5479.87,0,5480.28,5508.450511183289,5508.22,F1,True,5132282.22,2616581.0000000475,2595509.7500000475,1769637600|LONG,EXIT_STLINE,False,SuperTrend-p14x3-M15,LONG,L,0.5,1769665422.848,1769637600,1769638500.0,1769664600
16672656.727076989,slo1.00,0.5,5310.91,0,5309.65,4933.066953038626,4933.5,F1,True,4972487.225,35226447.49999996,35205376.24999996,1769724000|SHORT,EXIT_STLINE,False,SuperTrend-p14x3-M15,SHORT,S,0.5,1769791535.762,1769724000,1769724900.0,1769791500
506690.3800792551,slo1.00,0.5,4741.05,0,4741.66,4736.24953144603,4733.5,F1,True,4440564.59,-764183.9999999864,-785255.2499999864,1769976000|LONG,EXIT_STLINE,False,SuperTrend-p14x3-M15,LONG,L,0.5,1769976949.454,1769976000,1769976900.0,1769976900
18500601.851984184,slo1.00,0.5,4728.01,0,4728.01,4648.50392431443,4649.53,F1,True,4427781.365,7349652.000000045,7328580.750000045,1769976900|SHORT,EXIT_STLINE,False,SuperTrend-p14x3-M15,SHORT,S,0.5,1770009742.349,1769976900,1769977800.0,1770009300
13355598.032651505,slo1.00,0.5,4774.1,0,4774.6,4902.266846838563,4902.01,F1,True,4471412.9,11931946.499999987,11910875.249999987,1770065100|LONG,EXIT_STLINE,False,SuperTrend-p14x3-M15,LONG,L,0.5,1770132750.589,1770065100,1770066000.0,1770132600
9536864.465511043,slo1.00,0.5,5009.26,0,5010.25,4943.687261098407,4943.49,F1,True,4692099.125,-6252074.0000000205,-6273145.2500000205,1770235200|LONG,EXIT_STLINE,False,SuperTrend-p14x3-M15,LONG,L,0.5,1770243663.256,1770235200,1770236100.0,1770243300
820630.4981341335,slo1.00,0.5,4951.92,0,4952.45,4943.687261098407,4943.51,F1,True,4637969.425,-837230.9999999625,-858302.2499999625,1770243300|LONG,EXIT_STLINE,False,SuperTrend-p14x3-M15,LONG,L,0.5,1770246321.742,1770243300,1770244200.0,1770246000
9665623.313548896,slo1.00,0.5,4915.08,0,4915.24,4936.776612165991,4937.24,F1,True,4603122.26,-2060300.0,-2081371.25,1770246000|SHORT,EXIT_STLINE,False,SuperTrend-p14x3-M15,SHORT,S,0.5,1770265576.555,1770246000,1770246900.0,1770264900
229750.2920878414,slo1.00,0.5,4773.96,0,4774.02,4776.4732866213335,4777.33,F1,True,4470869.73,-309981.4999999523,-331052.7499999523,1770331500|SHORT,EXIT_STLINE,False,SuperTrend-p14x3-M15,SHORT,S,0.5,1770332402.033,1770331500,1770332400.0,1770332400
11438104.697402012,slo1.00,0.5,4787.59,0,4787.99,4981.918406964909,4981.66,F1,True,4483952.635,18137195.500000007,18116124.250000007,1770332400|LONG,EXIT_STLINE,False,SuperTrend-p14x3-M15,LONG,L,0.5,1770590211.436,1770332400,1770333300.0,1770589800
2633587.187736261,slo1.00,0.5,5009.5,0,5010.04,4981.918406964909,4981.73,F1,True,4691902.46,-2651231.5000000373,-2672302.7500000373,1770589800|LONG,EXIT_STLINE,False,SuperTrend-p14x3-M15,LONG,L,0.5,1770591534.289,1770589800,1770590700.0,1770590700
7266994.645244365,slo1.00,0.5,4982.43,0,4982.43,5040.433998048141,5040.45,F1,True,4666045.695,-5433572.999999955,-5454644.249999955,1770590700|SHORT,EXIT_STLINE,False,SuperTrend-p14x3-M15,SHORT,S,0.5,1770638077.422,1770590700,1770591600.0,1770637500
6751473.482729776,slo1.00,0.5,5013.04,0,5013.21,5064.116068081626,5064.21,F1,True,4694871.165,-4776150.0,-4797221.25,1770667200|SHORT,EXIT_STLINE,False,SuperTrend-p14x3-M15,SHORT,S,0.5,1770722187.249,1770667200,1770668100.0,1770722100
654453.1363877385,slo1.00,0.5,5046.55,0,5046.55,5053.538287628273,5053.58,F1,True,4726094.075,-658359.4999999761,-679430.7499999761,1770754500|SHORT,EXIT_STLINE,False,SuperTrend-p14x3-M15,SHORT,S,0.5,1770764462.749,1770754500,1770755400.0,1770764400
1539445.6363877214,slo1.00,0.5,5037.1,0,5037.1,5053.538287628273,5053.6,F1,True,4717244.15,-1545225.0,-1566296.25,1770764400|SHORT,EXIT_STLINE,False,SuperTrend-p14x3-M15,SHORT,S,0.5,1770767056.169,1770764400,1770765300.0,1770766200
4046768.4180115266,slo1.00,0.5,5053.82,0,5054.32,5078.762337351246,5078.01,F1,True,4733370.68,2218568.5000000475,2197497.2500000475,1770766200|LONG,EXIT_STLINE,False,SuperTrend-p14x3-M15,LONG,L,0.5,1770802869.797,1770766200,1770767100.0,1770802200
5889391.594078354,slo1.00,0.5,4969.78,0,4970.28,4943.432405015196,4942.75,F1,True,4654667.22,-2578184.4999999763,-2599255.7499999763,1770934500|LONG,EXIT_STLINE,False,SuperTrend-p14x3-M15,LONG,L,0.5,1770969953.556,1770934500,1770935400.0,1770969600
3857358.134651189,slo1.00,0.5,4994.51,0,4994.51,5011.177627792319,5011.35,F1,True,4677358.615,-1577066.0000000137,-1598137.2500000137,1771199100|SHORT,EXIT_STLINE,False,SuperTrend-p14x3-M15,SHORT,S,0.5,1771218143.574,1771199100,1771200000.0,1771218000
3690520.198905808,slo1.00,0.5,4904.81,0,4905.31,4910.328846442076,4910.01,F1,True,4593822.815,440154.99999998295,419083.74999998295,1771371000|LONG,EXIT_STLINE,False,SuperTrend-p14x3-M15,LONG,L,0.5,1771400289.054,1771371000,1771371900.0,1771399800
386729.0531631008,slo1.00,0.5,4976.8,0,4977.3,4973.170485283897,4973.07,F1,True,4661241.45,-396139.5000000443,-417210.7500000443,1771444800|LONG,EXIT_STLINE,False,SuperTrend-p14x3-M15,LONG,L,0.5,1771445838.48,1771444800,1771445700.0,1771445700
856852.0531630565,slo1.00,0.5,4981.82,0,4982.32,4973.170485283897,4973.11,F1,True,4665942.68,-862516.5000000034,-883587.7500000034,1771445700|LONG,EXIT_STLINE,False,SuperTrend-p14x3-M15,LONG,L,0.5,1771448200.081,1771445700,1771446600.0,1771447500
298698.0531630531,slo1.00,0.5,4975.86,0,4976.36,4973.170485283897,4973.17,F1,True,4660361.14,-298743.4999999625,-319814.7499999625,1771447500|LONG,EXIT_STLINE,False,SuperTrend-p14x3-M15,LONG,L,0.5,1771448416.764,1771447500,1771448400.0,1771448400
2919323.2129518776,slo1.00,0.5,4967.8,0,4967.8,4991.765088763702,4991.85,F1,True,4652344.7,-2252282.500000017,-2273353.750000017,1771448400|SHORT,EXIT_STLINE,False,SuperTrend-p14x3-M15,SHORT,S,0.5,1771467018.407,1771448400,1771449300.0,1771466400
145634.06272067924,slo1.00,0.5,4990.21,0,4990.21,4991.765088763702,4991.78,F1,True,4673331.665,-147030.49999997276,-168101.74999997276,1771466400|SHORT,EXIT_STLINE,False,SuperTrend-p14x3-M15,SHORT,S,0.5,1771468478.001,1771466400,1771467300.0,1771468200
2474552.8639336783,slo1.00,0.5,4995.85,0,4996.35,4997.605685816801,4997.51,F1,True,4679081.775,108633.99999998638,87562.74999998638,1771468200|LONG,EXIT_STLINE,False,SuperTrend-p14x3-M15,LONG,L,0.5,1771482969.457,1771468200,1771469100.0,1771482600
165038.9088563099,slo1.00,0.5,5013.29,0,5013.29,5015.05229480893,5015.79,F1,True,4694946.085,-234125.0,-255196.25,1771538400|SHORT,EXIT_STLINE,False,SuperTrend-p14x3-M15,SHORT,S,0.5,1771556462.157,1771538400,1771539300.0,1771556400
2565635.604169636,slo1.00,0.5,5016.46,0,5016.96,5008.514608744059,5007.89,F1,True,4698383.04,-849405.4999999728,-870476.7499999728,1771556400|LONG,EXIT_STLINE,False,SuperTrend-p14x3-M15,LONG,L,0.5,1771579874.542,1771556400,1771557300.0,1771579800
5467989.654367883,slo1.00,0.5,5185.16,0,5185.32,5153.428341519352,5154.12,F1,True,4856052.18,2921879.999999983,2900808.749999983,1771884000|SHORT,EXIT_STLINE,False,SuperTrend-p14x3-M15,SHORT,S,0.5,1771937143.609,1771884000,1771884900.0,1771937100
3742214.6542705237,slo1.00,0.5,5135.6,0,5135.6,5170.243538445213,5170.43,F1,True,4809489.4,-3261829.499999993,-3282900.749999993,1771963200|SHORT,EXIT_STLINE,False,SuperTrend-p14x3-M15,SHORT,S,0.5,1771970909.872,1771963200,1771964100.0,1771970400
5385585.851042368,slo1.00,0.5,5174.14,0,5175.27,5173.966348308905,5173.93,F1,True,4846640.355,-125491.00000001362,-146562.25000001362,1771970400|LONG,EXIT_STLINE,False,SuperTrend-p14x3-M15,LONG,L,0.5,1772004300.579,1771970400,1771971300.0,1772003700
587953.229224165,slo1.00,0.5,5187.49,0,5187.49,5193.768197856104,5194.0,F1,True,4858084.385,-609661.5000000205,-630732.7500000205,1772056800|SHORT,EXIT_STLINE,False,SuperTrend-p14x3-M15,SHORT,S,0.5,1772058060.18,1772056800,1772057700.0,1772057700
1253804.7292241342,slo1.00,0.5,5180.38,0,5180.38,5193.768197856104,5194.21,F1,True,4851425.87,-1295179.4999999932,-1316250.7499999932,1772057700|SHORT,EXIT_STLINE,False,SuperTrend-p14x3-M15,SHORT,S,0.5,1772060115.0,1772057700,1772058600.0,1772059500
225527.72922417516,slo1.00,0.5,5191.35,0,5191.36,5193.768197856104,5193.88,F1,True,4861708.64,-235998.0000000409,-257069.2500000409,1772059500|SHORT,EXIT_STLINE,False,SuperTrend-p14x3-M15,SHORT,S,0.5,1772060427.903,1772059500,1772060400.0,1772060400
1024362.2292241513,slo1.00,0.5,5182.88,0,5182.83,5193.768197856104,5193.86,F1,True,4853720.295,-1032959.4999999761,-1054030.7499999763,1772060400|SHORT,EXIT_STLINE,False,SuperTrend-p14x3-M15,SHORT,S,0.5,1772065111.788,1772060400,1772061300.0,1772064900
522398.22922418197,slo1.00,0.5,5188.19,0,5188.19,5193.768197856104,5194.15,F1,True,4858739.935,-558154.0000000034,-579225.2500000034,1772064900|SHORT,EXIT_STLINE,False,SuperTrend-p14x3-M15,SHORT,S,0.5,1772067623.454,1772064900,1772065800.0,1772067600
3147744.3598986673,slo1.00,0.5,5196.7,0,5197.2,5172.514114148736,5171.22,F1,True,4867177.8,-2433026.999999959,-2454098.249999959,1772067600|LONG,EXIT_STLINE,False,SuperTrend-p14x3-M15,LONG,L,0.5,1772084040.307,1772067600,1772068500.0,1772083800
922905.1905418661,slo1.00,0.5,5176.33,0,5176.83,5171.396575314539,5171.26,F1,True,4848101.295,-521630.49999997276,-542701.7499999728,1772143200|LONG,EXIT_STLINE,False,SuperTrend-p14x3-M15,LONG,L,0.5,1772175886.703,1772143200,1772144100.0,1772175600
5083780.456288685,slo1.00,0.5,5319.05,0,5319.03,5214.450303098263,5215.23,F1,True,4981271.595,9720870.000000017,9699798.750000017,1772505900|SHORT,EXIT_STLINE,False,SuperTrend-p14x3-M15,SHORT,S,0.5,1772531753.178,1772505900,1772506800.0,1772531100
6634101.39698529,slo1.00,0.5,5158.63,0,5159.84,5122.307832768296,5121.99,F1,True,4832190.16,-3544652.500000034,-3565723.750000034,1772575200|LONG,EXIT_STLINE,False,SuperTrend-p14x3-M15,LONG,L,0.5,1772593590.285,1772575200,1772576100.0,1772593200
1876948.9612491075,slo1.00,0.5,5142.39,0,5142.35,5157.732034023256,5157.73,F1,True,4815810.775,1440336.999999925,1419265.749999925,1772593200|LONG,EXIT_STLINE,False,SuperTrend-p14x3-M15,LONG,L,0.5,1772617283.465,1772593200,1772594100.0,1772616600
206940.4647908766,slo1.00,0.5,5173.33,0,5173.36,5175.569721994563,5175.61,F1,True,4844851.64,-210712.5,-231783.75,1772658900|SHORT,EXIT_STLINE,False,SuperTrend-p14x3-M15,SHORT,S,0.5,1772660538.375,1772658900,1772659800.0,1772659800
401732.4647908698,slo1.00,0.5,5171.28,0,5171.28,5175.569721994563,5175.7,F1,True,4842903.72,-413933.0000000068,-435004.2500000068,1772659800|SHORT,EXIT_STLINE,False,SuperTrend-p14x3-M15,SHORT,S,0.5,1772660986.942,1772659800,1772660700.0,1772660700
295907.96479085955,slo1.00,0.5,5172.41,0,5172.41,5175.569721994563,5175.64,F1,True,4843961.965,-302489.5000000443,-323560.7500000443,1772660700|SHORT,EXIT_STLINE,False,SuperTrend-p14x3-M15,SHORT,S,0.5,1772661660.891,1772660700,1772661600.0,1772661600
3457941.0019124947,slo1.00,0.5,5176.5,0,5177.0,5151.798857710186,5151.73,F1,True,4848260.5,-2366535.500000041,-2387606.750000041,1772661600|LONG,EXIT_STLINE,False,SuperTrend-p14x3-M15,LONG,L,0.5,1772679498.407,1772661600,1772662500.0,1772678700
4233370.796331551,slo1.00,0.5,5148.32,0,5148.44,5175.371990957975,5175.53,F1,True,4821514.06,-2536978.5000000135,-2558049.7500000135,1772678700|SHORT,EXIT_STLINE,False,SuperTrend-p14x3-M15,SHORT,S,0.5,1772690903.62,1772678700,1772679600.0,1772690400
6168051.89954514,slo1.00,0.5,5118.52,0,5118.77,5095.180691730109,5094.94,F1,True,4793728.105,-2231679.500000078,-2252750.750000078,1772749800|LONG,EXIT_STLINE,False,SuperTrend-p14x3-M15,LONG,L,0.5,1772777587.315,1772749800,1772750700.0,1772776800
533174.195433847,slo1.00,0.5,5125.47,0,5126.29,5120.596735766857,5120.22,F1,True,4800770.585,-568455.4999999728,-589526.7499999728,1772998200|LONG,EXIT_STLINE,False,SuperTrend-p14x3-M15,LONG,L,0.5,1772999282.102,1772998200,1772999100.0,1772999100
926504.19543383,slo1.00,0.5,5129.99,0,5130.49,5120.596735766857,5120.2,F1,True,4804703.885,-963658.4999999966,-984729.7499999966,1772999100|LONG,EXIT_STLINE,False,SuperTrend-p14x3-M15,LONG,L,0.5,1773000178.098,1772999100,1773000000.0,1773000000
7966970.5897179535,slo1.00,0.5,5101.57,0,5101.65,5124.074701592284,5124.62,F1,True,4777695.225,-2151140.5000000237,-2172211.7500000237,1773000000|SHORT,EXIT_STLINE,False,SuperTrend-p14x3-M15,SHORT,S,0.5,1773024340.123,1773000000,1773000900.0,1773024300
4966812.906850035,slo1.00,0.5,5124.12,0,5124.62,5072.117914931972,5070.98,F1,True,4799206.63,-5023386.000000031,-5044457.250000031,1773024300|LONG,EXIT_STLINE,False,SuperTrend-p14x3-M15,LONG,L,0.5,1773053137.827,1773024300,1773025200.0,1773053100
4232664.70005944,slo1.00,0.5,5169.54,0,5170.19,5164.880393989338,5164.43,F1,True,4841882.935,-539423.9999999353,-560495.2499999353,1773268200|LONG,EXIT_STLINE,False,SuperTrend-p14x3-M15,LONG,L,0.5,1773307317.967,1773268200,1773269100.0,1773306900
300821.8103016913,slo1.00,0.5,5097.93,0,5097.93,5101.142192315021,5101.31,F1,True,4774211.445,-316537.00000001024,-337608.25000001024,1773348300|SHORT,EXIT_STLINE,False,SuperTrend-p14x3-M15,SHORT,S,0.5,1773349223.673,1773348300,1773349200.0,1773349200
3375048.0072605764,slo1.00,0.5,5105.83,0,5106.33,5096.4622942656615,5095.86,F1,True,4782078.045,-980515.5000000239,-1001586.7500000239,1773349200|LONG,EXIT_STLINE,False,SuperTrend-p14x3-M15,LONG,L,0.5,1773372133.068,1773349200,1773350100.0,1773371700
3301679.409678917,slo1.00,0.5,5027.59,0,5028.09,5015.012185845592,5013.67,F1,True,4708806.285,-1350433.0000000068,-1371504.2500000068,1773701100|LONG,EXIT_STLINE,False,SuperTrend-p14x3-M15,LONG,L,0.5,1773716500.282,1773701100,1773702000.0,1773716400
5174522.30579791,slo1.00,0.5,4865.59,0,4866.09,4822.5093121005075,4821.61,F1,True,4557093.285,-4165552.0000000442,-4186623.2500000442,1773873000|LONG,EXIT_STLINE,False,SuperTrend-p14x3-M15,LONG,L,0.5,1773890393.215,1773873000,1773873900.0,1773890100
1392402.5185335437,slo1.00,0.5,4435.54,0,4435.37,4258.297426507816,4258.71,F1,True,4153724.005,16544208.999999987,16523137.749999987,1774218600|SHORT,EXIT_STLINE,False,SuperTrend-p14x3-M15,SHORT,S,0.5,1774243974.841,1774218600,1774219500.0,1774243800
10163127.596858645,slo1.00,0.5,4344.15,0,4344.24,4410.559049828868,4410.76,F1,True,4068380.76,-6229598.000000041,-6250669.250000041,1774301400|SHORT,EXIT_STLINE,False,SuperTrend-p14x3-M15,SHORT,S,0.5,1774324826.686,1774301400,1774302300.0,1774324800
5793193.474441904,slo1.00,0.5,4434.9,0,4435.33,4421.946330696219,4421.91,F1,True,4153686.545,-1256783.0000000068,-1277854.2500000068,1774566000|LONG,EXIT_STLINE,False,SuperTrend-p14x3-M15,LONG,L,0.5,1774591806.934,1774566000,1774566900.0,1774591200
1908353.4203502135,slo1.00,0.5,4496.94,0,4497.49,4477.112494176719,4477.09,F1,True,4211899.385,-1910459.999999966,-1931531.249999966,1774810800|LONG,EXIT_STLINE,False,SuperTrend-p14x3-M15,LONG,L,0.5,1774814767.949,1774810800,1774811700.0,1774814400
172082.420350217,slo1.00,0.5,4478.39,0,4478.95,4477.112494176719,4477.06,F1,True,4194536.675,-176998.4999999455,-198069.7499999455,1774814400|LONG,EXIT_STLINE,False,SuperTrend-p14x3-M15,LONG,L,0.5,1774815589.054,1774814400,1774815300.0,1774815300
5994261.971957843,slo1.00,0.5,4472.23,0,4472.16,4496.157029758434,4496.2,F1,True,4188177.84,-2251345.9999999967,-2272417.2499999967,1774815300|SHORT,EXIT_STLINE,False,SuperTrend-p14x3-M15,SHORT,S,0.5,1774827845.21,1774815300,1774816200.0,1774827000
152371.3368773646,slo1.00,0.5,4494.46,0,4494.53,4496.157029758434,4496.35,F1,True,4209127.345,-170443.00000005792,-191514.25000005792,1774827000|SHORT,EXIT_STLINE,False,SuperTrend-p14x3-M15,SHORT,S,0.5,1774827953.754,1774827000,1774827900.0,1774827900
1412900.336877368,slo1.00,0.5,4481.05,0,4481.07,4496.157029758434,4496.37,F1,True,4196522.055,-1432845.000000017,-1453916.250000017,1774827900|SHORT,EXIT_STLINE,False,SuperTrend-p14x3-M15,SHORT,S,0.5,1774829129.56,1774827900,1774828800.0,1774828800
7243180.217653702,slo1.00,0.5,4504.45,0,4504.85,4527.859366950237,4527.14,F1,True,4218792.025,2087458.4999999965,2066387.2499999965,1774828800|LONG,EXIT_STLINE,False,SuperTrend-p14x3-M15,LONG,L,0.5,1774868127.679,1774828800,1774829700.0,1774867500
5179516.648225638,slo1.00,0.5,4547.61,0,4548.09,4546.743527135255,4546.73,F1,True,4259286.285,-127364.00000005451,-148435.2500000545,1774907100|LONG,EXIT_STLINE,False,SuperTrend-p14x3-M15,LONG,L,0.5,1774930768.018,1774907100,1774908000.0,1774930500
4325181.803425654,slo1.00,0.5,4750.79,0,4750.75,4645.467251470915,4645.65,F1,True,4449077.375,9842615.000000034,9821543.750000034,1775080800|SHORT,EXIT_STLINE,False,SuperTrend-p14x3-M15,SHORT,S,0.5,1775105310.261,1775080800,1775081700.0,1775105100
5909712.107147825,slo1.00,0.5,4630.3,0,4631.08,4668.328391800045,4668.47,F1,True,4337006.42,-3501573.5000000307,-3522644.7500000307,1775412000|SHORT,EXIT_STLINE,False,SuperTrend-p14x3-M15,SHORT,S,0.5,1775427634.233,1775412000,1775412900.0,1775427300
685367.3920742135,slo1.00,0.5,4660.88,0,4661.01,4668.328391800045,4668.56,F1,True,4365035.865,-707057.500000017,-728128.750000017,1775427300|SHORT,EXIT_STLINE,False,SuperTrend-p14x3-M15,SHORT,S,0.5,1775437662.211,1775427300,1775428200.0,1775437200
4989343.51687337,slo1.00,0.5,4673.44,0,4673.98,4666.195183332889,4665.94,F1,True,4377182.27,-752945.9999999966,-774017.2499999966,1775437200|LONG,EXIT_STLINE,False,SuperTrend-p14x3-M15,LONG,L,0.5,1775463665.603,1775437200,1775438100.0,1775463300
3122185.398522842,slo1.00,0.5,4761.11,0,4761.12,4764.228097983361,4764.3,F1,True,4458788.88,-297807.00000002724,-318878.25000002724,1775759400|SHORT,EXIT_STLINE,False,SuperTrend-p14x3-M15,SHORT,S,0.5,1775807054.674,1775759400,1775760300.0,1775806200
5370386.016464568,slo1.00,0.5,4714.74,0,4715.48,4706.905438787903,4706.73,F1,True,4416047.02,-819437.5,-840508.75,1776027600|LONG,EXIT_STLINE,False,SuperTrend-p14x3-M15,LONG,L,0.5,1776066072.288,1776027600,1776028500.0,1776065400
385321.88700286485,slo1.00,0.5,4828.16,0,4828.65,4824.535511083792,4824.41,F1,True,4522030.725,-397075.99999997957,-418147.24999997957,1776205800|LONG,EXIT_STLINE,False,SuperTrend-p14x3-M15,LONG,L,0.5,1776207149.549,1776205800,1776206700.0,1776206700
2884940.1511998437,slo1.00,0.5,4823.75,0,4823.77,4824.734009807962,4824.74,F1,True,4517460.605,-90840.49999993868,-111911.74999993868,1776206700|SHORT,EXIT_STLINE,False,SuperTrend-p14x3-M15,SHORT,S,0.5,1776245911.916,1776206700,1776207600.0,1776245400
444912.717277285,slo1.00,0.5,4807.49,0,4807.41,4812.1608031743435,4812.23,F1,True,4502139.465,-451392.99999997276,-472464.24999997276,1776278700|SHORT,EXIT_STLINE,False,SuperTrend-p14x3-M15,SHORT,S,0.5,1776280333.836,1776278700,1776279600.0,1776279600
2376950.010204583,slo1.00,0.5,4812.39,0,4812.87,4814.441423676851,4814.23,F1,True,4507252.755,127363.99999996934,106292.74999996934,1776279600|LONG,EXIT_STLINE,False,SuperTrend-p14x3-M15,LONG,L,0.5,1776306552.376,1776279600,1776280500.0,1776305700
191849.1726629098,slo1.00,0.5,4816.06,0,4816.49,4814.441423676851,4814.34,F1,True,4510642.885,-201347.49999996592,-222418.74999996592,1776305700|LONG,EXIT_STLINE,False,SuperTrend-p14x3-M15,LONG,L,0.5,1776312211.347,1776305700,1776306600.0,1776312000
418855.0323629629,slo1.00,0.5,4793.99,0,4793.94,4798.412557740127,4798.45,F1,True,4489524.81,-422361.50000002043,-443432.75000002043,1776381300|SHORT,EXIT_STLINE,False,SuperTrend-p14x3-M15,SHORT,S,0.5,1776386119.43,1776381300,1776382200.0,1776385800
2337145.8287188592,slo1.00,0.5,4800.89,0,4801.37,4782.383989645532,4782.36,F1,True,4496483.005,-1780286.5000000205,-1801357.7500000205,1776385800|LONG,EXIT_STLINE,False,SuperTrend-p14x3-M15,LONG,L,0.5,1776393167.277,1776385800,1776386700.0,1776393000
320845.86969596724,slo1.00,0.5,4785.4,0,4785.81,4782.383989645532,4782.32,F1,True,4481911.065,-326838.5000000647,-347909.7500000647,1776393000|LONG,EXIT_STLINE,False,SuperTrend-p14x3-M15,LONG,L,0.5,1776397357.592,1776393000,1776393900.0,1776396600
2863778.1992192534,slo1.00,0.5,4790.3,0,4790.21,4789.48469309266,4789.49,F1,True,4486031.665,67428.00000002385,46356.75000002385,1776621600|SHORT,EXIT_STLINE,False,SuperTrend-p14x3-M15,SHORT,S,0.5,1776633013.264,1776621600,1776622500.0,1776632400
4490381.131417889,slo1.00,0.5,4793.53,0,4794.04,4809.410202077155,4809.25,F1,True,4489618.46,1424416.5000000035,1403345.2500000035,1776632400|LONG,EXIT_STLINE,False,SuperTrend-p14x3-M15,LONG,L,0.5,1776721275.674,1776632400,1776633300.0,1776720600
412041.07547445386,slo1.00,0.5,4813.36,0,4813.81,4809.410202077155,4809.3,F1,True,4508133.065,-422361.50000002043,-443432.75000002043,1776720600|LONG,EXIT_STLINE,False,SuperTrend-p14x3-M15,LONG,L,0.5,1776722046.797,1776720600,1776721500.0,1776721500
2053069.8188487228,slo1.00,0.5,4810.09,0,4810.14,4725.6249718691515,4725.95,F1,True,4504696.11,7884393.5000000475,7863322.2500000475,1776721500|SHORT,EXIT_STLINE,False,SuperTrend-p14x3-M15,SHORT,S,0.5,1776794420.33,1776721500,1776722400.0,1776794400
248804.81499337353,slo1.00,0.5,4748.34,0,4748.62,4745.963248104716,4745.83,F1,True,4447082.63,-261283.4999999966,-282354.7499999966,1776837600|LONG,EXIT_STLINE,False,SuperTrend-p14x3-M15,LONG,L,0.5,1776847308.954,1776837600,1776838500.0,1776846600
2280951.950412757,slo1.00,0.5,4746.62,0,4746.65,4737.354466076814,4737.42,F1,True,4445237.725,864389.4999999591,843318.2499999591,1776846600|SHORT,EXIT_STLINE,False,SuperTrend-p14x3-M15,SHORT,S,0.5,1776889575.082,1776846600,1776847500.0,1776888900
5285091.319658418,slo1.00,0.5,4741.38,0,4741.84,4715.855401978586,4713.91,F1,True,4440733.16,-2615644.5000000275,-2636715.7500000275,1776888900|LONG,EXIT_STLINE,False,SuperTrend-p14x3-M15,LONG,L,0.5,1776895714.281,1776888900,1776889800.0,1776895200
4117278.3703969535,slo1.00,0.5,4707.27,0,4707.18,4715.945975708563,4715.97,F1,True,4408274.07,-823183.4999999966,-844254.7499999966,1776895200|SHORT,EXIT_STLINE,False,SuperTrend-p14x3-M15,SHORT,S,0.5,1776930931.454,1776895200,1776896100.0,1776930300
3121841.7943090294,slo1.00,0.5,4685.14,1,4686.44,4699.930852927489,4699.94,F1,True,4388851.06,-1264275.0,-1285346.25,1777226400|SHORT,EXIT_STLINE,False,SuperTrend-p14x3-M15,SHORT,S,0.5,1777237269.66,1777226400,1777228200.0,1777237200
678105.876659341,slo1.00,0.5,4692.66,0,4692.69,4699.930852927489,4699.95,F1,True,4394704.185,-679899.0000000205,-700970.2500000205,1777237200|SHORT,EXIT_STLINE,False,SuperTrend-p14x3-M15,SHORT,S,0.5,1777239100.877,1777237200,1777238100.0,1777239000
201427.37665932736,slo1.00,0.5,4697.8,0,4697.78,4699.930852927489,4699.94,F1,True,4399470.97,-202283.99999998638,-223355.24999998638,1777239000|SHORT,EXIT_STLINE,False,SuperTrend-p14x3-M15,SHORT,S,0.5,1777239936.425,1777239000,1777239900.0,1777239900
2516347.1803941755,slo1.00,0.5,4702.49,0,4702.98,4703.755533123476,4703.74,F1,True,4404340.77,71174.00000002045,50102.750000020445,1777239900|LONG,EXIT_STLINE,False,SuperTrend-p14x3-M15,LONG,L,0.5,1777266612.494,1777239900,1777240800.0,1777266000
1601869.891411899,slo1.00,0.5,4697.75,0,4698.29,4681.18514264376,4681.17,F1,True,4399948.585,-1603287.9999999898,-1624359.2499999898,1777320000|LONG,EXIT_STLINE,False,SuperTrend-p14x3-M15,LONG,L,0.5,1777326758.486,1777320000,1777320900.0,1777326300
2529640.469968323,slo1.00,0.5,4670.58,0,4670.52,4600.84647415806,4601.07,F1,True,4373941.98,6503992.500000068,6482921.250000068,1777326300|SHORT,EXIT_STLINE,False,SuperTrend-p14x3-M15,SHORT,S,0.5,1777383656.623,1777326300,1777327200.0,1777383000
419221.80490234034,slo1.00,0.5,4596.44,0,4596.37,4600.84647415806,4600.85,F1,True,4304500.505,-419552.0000000443,-440623.2500000443,1777399200|SHORT,EXIT_STLINE,False,SuperTrend-p14x3-M15,SHORT,S,0.5,1777406449.676,1777399200,1777400100.0,1777406400
2524271.1191648273,slo1.00,0.5,4607.24,0,4607.76,4580.836355122308,4580.75,F1,True,4315167.24,-2529486.5000000205,-2550557.7500000205,1777406400|LONG,EXIT_STLINE,False,SuperTrend-p14x3-M15,LONG,L,0.5,1777410271.591,1777406400,1777407300.0,1777410000
175466.84279583066,slo1.00,0.5,4582.46,0,4582.71,4580.836355122308,4580.66,F1,True,4291707.915,-191982.50000001703,-213053.75000001703,1777410000|LONG,EXIT_STLINE,False,SuperTrend-p14x3-M15,LONG,L,0.5,1777411013.25,1777410000,1777410900.0,1777410900
2613174.781955216,slo1.00,0.5,4580.28,0,4580.35,4555.440144919543,4555.73,F1,True,4289497.775,2305663.000000075,2284591.750000075,1777410900|SHORT,EXIT_STLINE,False,SuperTrend-p14x3-M15,SHORT,S,0.5,1777462805.881,1777410900,1777411800.0,1777462200
2418879.491658944,slo1.00,0.5,4569.74,0,4570.12,4551.197070866746,4551.18,F1,True,4279917.38,-1773730.9999999625,-1794802.2499999625,1777495500|LONG,EXIT_STLINE,False,SuperTrend-p14x3-M15,LONG,L,0.5,1777507403.379,1777495500,1777496400.0,1777507200
423572.31332927133,slo1.00,0.5,4555.23,0,4555.72,4551.197070866746,4551.16,F1,True,4266431.78,-427044.0000000375,-448115.2500000375,1777507200|LONG,EXIT_STLINE,False,SuperTrend-p14x3-M15,LONG,L,0.5,1777508433.613,1777507200,1777508100.0,1777508100
2749733.2941715354,slo1.00,0.5,4547.21,0,4547.12,4569.122750037549,4569.16,F1,True,4258377.88,-2064045.9999999965,-2085117.2499999965,1777508100|SHORT,EXIT_STLINE,False,SuperTrend-p14x3-M15,SHORT,S,0.5,1777513892.237,1777508100,1777509000.0,1777513500
623030.0410164343,slo1.00,0.5,4562.43,0,4562.47,4569.122750037549,4569.23,F1,True,4272753.155,-633073.9999999353,-654145.2499999353,1777513500|SHORT,EXIT_STLINE,False,SuperTrend-p14x3-M15,SHORT,S,0.5,1777515887.803,1777513500,1777514400.0,1777515300
2666804.1347148996,slo1.00,0.5,4569.29,0,4569.79,4609.190505355886,4609.04,F1,True,4279608.335,3675762.5,3654691.25,1777515300|LONG,EXIT_STLINE,False,SuperTrend-p14x3-M15,LONG,L,0.5,1777551360.884,1777515300,1777516200.0,1777551300
650423.3442949192,slo1.00,0.5,4629.26,0,4629.25,4587.704530091125,4587.87,F1,True,4335292.625,3875237.0000000102,3854165.7500000102,1777587300|SHORT,EXIT_STLINE,False,SuperTrend-p14x3-M15,SHORT,S,0.5,1777623271.898,1777587300,1777588200.0,1777622400
338909.6381921595,slo1.00,0.5,4536.77,0,4536.77,4540.388896296767,4540.54,F1,True,4248685.105,-353060.4999999557,-374131.7499999557,1777930200|SHORT,EXIT_STLINE,False,SuperTrend-p14x3-M15,SHORT,S,0.5,1777931320.984,1777930200,1777931100.0,1777931100
2515931.247943595,slo1.00,0.5,4540.78,0,4541.38,4552.599463605802,4552.43,F1,True,4253002.37,1034832.500000017,1013761.250000017,1777931100|LONG,EXIT_STLINE,False,SuperTrend-p14x3-M15,LONG,L,0.5,1777996587.254,1777931100,1777932000.0,1777995900
2237383.0782623943,slo1.00,0.5,4550.36,0,4550.41,4567.631135863362,4567.77,F1,True,4261458.965,-1625764.0000000545,-1646835.2500000545,1778004000|SHORT,EXIT_STLINE,False,SuperTrend-p14x3-M15,SHORT,S,0.5,1778007330.197,1778004000,1778004900.0,1778006700
3396617.043346373,slo1.00,0.5,4573.14,0,4573.8,4681.831544721802,4681.75,F1,True,4283363.7,10109517.499999983,10088446.249999983,1778006700|LONG,EXIT_STLINE,False,SuperTrend-p14x3-M15,LONG,L,0.5,1778054632.451,1778006700,1778007600.0,1778054400
3230144.2897018366,slo1.00,0.5,4709.56,0,4710.1,4724.126940506165,4724.05,F1,True,4411008.65,1306417.499999983,1285346.249999983,1778101200|LONG,EXIT_STLINE,False,SuperTrend-p14x3-M15,LONG,L,0.5,1778155302.794,1778101200,1778102100.0,1778155200
3726654.9106468433,slo1.00,0.5,4722.71,0,4723.27,4698.91739981479,4698.91,F1,True,4423342.355,-2281314.0000000545,-2302385.2500000545,1778190300|LONG,EXIT_STLINE,False,SuperTrend-p14x3-M15,LONG,L,0.5,1778210731.958,1778190300,1778191200.0,1778210100
