R1,arm,band,entry_bid,entry_delay_bars,entry_fill,exit_bid,exit_fill,ficha,level_slip,margin1,net1,net1_con_coste,pos_id,reason,same_bar,sid,side,side_l,spread,t_exit,t_in,t_in_exec,t_out
4455398.749999898,default,0.5,4450.43,0,4450.98,4463.08,4463.29,F1,False,4168342.7699999996,1152831.5000000375,1131760.2500000375,S7-TPNONE|F1|1767653100|LONG,EXIT_TRAIL,True,S7-TPNONE,LONG,L,0.5,1767667500,1767653100,1767654000.0,1767666600
4455398.749999898,default,0.5,4450.43,0,4450.98,4463.08,4463.29,F2,False,4168342.7699999996,1152831.5000000375,1131760.2500000375,S7-TPNONE|F2|1767653100|LONG,EXIT_TRAIL,True,S7-TPNONE,LONG,L,0.5,1767667500,1767653100,1767654000.0,1767666600
4455398.749999898,default,0.5,4450.43,0,4450.98,4463.08,4463.29,F3,False,4168342.7699999996,1152831.5000000375,1131760.2500000375,S7-TPNONE|F3|1767653100|LONG,EXIT_TRAIL,True,S7-TPNONE,LONG,L,0.5,1767667500,1767653100,1767654000.0,1767666600
8483753.500000013,default,0.5,4470.76,0,4470.81,4472.767939623006,4472.88,F1,True,4186913.5650000004,-193855.49999997276,-214926.74999997276,S7-TPNONE|F1|1767736800|SHORT,EXIT_SL_RAISED,False,S7-TPNONE,SHORT,S,0.5,1767741034.044,1767736800,1767737700.0,1767740400
8483753.500000013,default,0.5,4470.76,0,4470.81,4472.767939623006,4472.88,F2,True,4186913.5650000004,-193855.49999997276,-214926.74999997276,S7-TPNONE|F2|1767736800|SHORT,EXIT_SL_RAISED,False,S7-TPNONE,SHORT,S,0.5,1767741034.044,1767736800,1767737700.0,1767740400
8483753.500000013,default,0.5,4470.76,0,4470.81,4472.767939623006,4472.88,F3,True,4186913.5650000004,-193855.49999997276,-214926.74999997276,S7-TPNONE|F3|1767736800|SHORT,EXIT_SL_RAISED,False,S7-TPNONE,SHORT,S,0.5,1767741034.044,1767736800,1767737700.0,1767740400
1503550.7500001977,default,0.5,4474.68,0,4474.48,4454.742498687463,4454.76,F1,True,4190350.5199999996,1846777.9999999388,1825706.7499999388,S7-TPNONE|F1|1767746700|SHORT,EXIT_SL_RAISED,False,S7-TPNONE,SHORT,S,0.5,1767754800.079,1767746700,1767747600.0,1767754800
1503550.7500001977,default,0.5,4474.68,0,4474.48,4454.742498687463,4454.76,F2,True,4190350.5199999996,1846777.9999999388,1825706.7499999388,S7-TPNONE|F2|1767746700|SHORT,EXIT_SL_RAISED,False,S7-TPNONE,SHORT,S,0.5,1767754800.079,1767746700,1767747600.0,1767754800
1503550.7500001977,default,0.5,4474.68,0,4474.48,4454.742498687463,4454.76,F3,True,4190350.5199999996,1846777.9999999388,1825706.7499999388,S7-TPNONE|F3|1767746700|SHORT,EXIT_SL_RAISED,False,S7-TPNONE,SHORT,S,0.5,1767754800.079,1767746700,1767747600.0,1767754800
2376837.0000000102,default,0.5,4454.86,0,4454.87,4453.299804899329,4453.35,F1,True,4171985.755,142347.9999999557,121276.7499999557,S7-TPNONE|F1|1767755700|SHORT,EXIT_SL_RAISED,False,S7-TPNONE,SHORT,S,0.5,1767759696.126,1767755700,1767756600.0,1767759300
2376837.0000000102,default,0.5,4454.86,0,4454.87,4453.299804899329,4453.35,F2,True,4171985.755,142347.9999999557,121276.7499999557,S7-TPNONE|F2|1767755700|SHORT,EXIT_SL_RAISED,False,S7-TPNONE,SHORT,S,0.5,1767759696.126,1767755700,1767756600.0,1767759300
2376837.0000000102,default,0.5,4454.86,0,4454.87,4453.299804899329,4453.35,F3,True,4171985.755,142347.9999999557,121276.7499999557,S7-TPNONE|F3|1767755700|SHORT,EXIT_SL_RAISED,False,S7-TPNONE,SHORT,S,0.5,1767759696.126,1767755700,1767756600.0,1767759300
3631278.749999881,default,0.5,4435.53,0,4435.97,4428.439930802446,4428.42,F1,True,4154285.905,-707057.500000017,-728128.750000017,S7-TPNONE|F1|1767843000|LONG,EXIT_SL_RAISED,False,S7-TPNONE,LONG,L,0.5,1767848475.971,1767843000,1767843900.0,1767848400
3631278.749999881,default,0.5,4435.53,0,4435.97,4428.439930802446,4428.42,F2,True,4154285.905,-707057.500000017,-728128.750000017,S7-TPNONE|F2|1767843000|LONG,EXIT_SL_RAISED,False,S7-TPNONE,LONG,L,0.5,1767848475.971,1767843000,1767843900.0,1767848400
3631278.749999881,default,0.5,4435.53,0,4435.97,4428.439930802446,4428.42,F3,True,4154285.905,-707057.500000017,-728128.750000017,S7-TPNONE|F3|1767843000|LONG,EXIT_SL_RAISED,False,S7-TPNONE,LONG,L,0.5,1767848475.971,1767843000,1767843900.0,1767848400
2372622.749999833,default,0.5,4464.06,0,4464.05,4466.805911584289,4467.03,F1,True,4180582.825,-279076.99999995914,-300148.24999995914,S7-TPNONE|F1|1767916800|SHORT,EXIT_SL_RAISED,False,S7-TPNONE,SHORT,S,0.5,1767925801.59,1767916800,1767917700.0,1767925800
2372622.749999833,default,0.5,4464.06,0,4464.05,4466.805911584289,4467.03,F2,True,4180582.825,-279076.99999995914,-300148.24999995914,S7-TPNONE|F2|1767916800|SHORT,EXIT_SL_RAISED,False,S7-TPNONE,SHORT,S,0.5,1767925801.59,1767916800,1767917700.0,1767925800
2372622.749999833,default,0.5,4464.06,0,4464.05,4466.805911584289,4467.03,F3,True,4180582.825,-279076.99999995914,-300148.24999995914,S7-TPNONE|F3|1767916800|SHORT,EXIT_SL_RAISED,False,S7-TPNONE,SHORT,S,0.5,1767925801.59,1767916800,1767917700.0,1767925800
1290496.999999891,default,0.5,4572.26,0,4572.6,4572.127494890865,4572.1,F1,True,4282239.9,-46825.0,-67896.25,S7-TPNONE|F1|1768184100|LONG,EXIT_SL_RAISED,False,S7-TPNONE,LONG,L,0.5,1768187507.776,1768184100,1768185000.0,1768186800
1290496.999999891,default,0.5,4572.26,0,4572.6,4572.127494890865,4572.1,F2,True,4282239.9,-46825.0,-67896.25,S7-TPNONE|F2|1768184100|LONG,EXIT_SL_RAISED,False,S7-TPNONE,LONG,L,0.5,1768187507.776,1768184100,1768185000.0,1768186800
1290496.999999891,default,0.5,4572.26,0,4572.6,4572.127494890865,4572.1,F3,True,4282239.9,-46825.0,-67896.25,S7-TPNONE|F3|1768184100|LONG,EXIT_SL_RAISED,False,S7-TPNONE,LONG,L,0.5,1768187507.776,1768184100,1768185000.0,1768186800
4402954.750000031,default,0.5,4598.93,0,4599.68,4585.485464485997,4585.48,F1,True,4307600.32,-1329830.0000000682,-1350901.2500000682,S7-TPNONE|F1|1768250700|LONG,EXIT_SL_RAISED,False,S7-TPNONE,LONG,L,0.5,1768253871.897,1768250700,1768251600.0,1768253400
4402954.750000031,default,0.5,4598.93,0,4599.68,4585.485464485997,4585.48,F2,True,4307600.32,-1329830.0000000682,-1350901.2500000682,S7-TPNONE|F2|1768250700|LONG,EXIT_SL_RAISED,False,S7-TPNONE,LONG,L,0.5,1768253871.897,1768250700,1768251600.0,1768253400
4402954.750000031,default,0.5,4598.93,0,4599.68,4585.485464485997,4585.48,F3,True,4307600.32,-1329830.0000000682,-1350901.2500000682,S7-TPNONE|F3|1768250700|LONG,EXIT_SL_RAISED,False,S7-TPNONE,LONG,L,0.5,1768253871.897,1768250700,1768251600.0,1768253400
4607579.999999813,default,0.5,4581.59,0,4581.59,4589.895162155385,4589.92,F1,True,4290659.035,-780104.4999999931,-801175.7499999931,S7-TPNONE|F1|1768256100|SHORT,EXIT_SL_RAISED,False,S7-TPNONE,SHORT,S,0.5,1768259256.817,1768256100,1768257000.0,1768258800
4607579.999999813,default,0.5,4581.59,0,4581.59,4589.895162155385,4589.92,F2,True,4290659.035,-780104.4999999931,-801175.7499999931,S7-TPNONE|F2|1768256100|SHORT,EXIT_SL_RAISED,False,S7-TPNONE,SHORT,S,0.5,1768259256.817,1768256100,1768257000.0,1768258800
4607579.999999813,default,0.5,4581.59,0,4581.59,4589.895162155385,4589.92,F3,True,4290659.035,-780104.4999999931,-801175.7499999931,S7-TPNONE|F3|1768256100|SHORT,EXIT_SL_RAISED,False,S7-TPNONE,SHORT,S,0.5,1768259256.817,1768256100,1768257000.0,1768258800
2400717.750000191,default,0.5,4601.2,0,4601.68,4590.83424841009,4590.83,F1,True,4309473.32,-1016102.5000000341,-1037173.7500000341,S7-TPNONE|F1|1768270500|LONG,EXIT_SL_RAISED,False,S7-TPNONE,LONG,L,0.5,1768273217.24,1768270500,1768271400.0,1768273200
2400717.750000191,default,0.5,4601.2,0,4601.68,4590.83424841009,4590.83,F2,True,4309473.32,-1016102.5000000341,-1037173.7500000341,S7-TPNONE|F2|1768270500|LONG,EXIT_SL_RAISED,False,S7-TPNONE,LONG,L,0.5,1768273217.24,1768270500,1768271400.0,1768273200
2400717.750000191,default,0.5,4601.2,0,4601.68,4590.83424841009,4590.83,F3,True,4309473.32,-1016102.5000000341,-1037173.7500000341,S7-TPNONE|F3|1768270500|LONG,EXIT_SL_RAISED,False,S7-TPNONE,LONG,L,0.5,1768273217.24,1768270500,1768271400.0,1768273200
2573970.2500000545,default,0.5,4595.76,0,4596.26,4629.616915402366,4629.61,F1,True,4304397.49,3123227.499999949,3102156.249999949,S7-TPNONE|F1|1768334400|LONG,EXIT_SL_RAISED,False,S7-TPNONE,LONG,L,0.5,1768359360.202,1768334400,1768335300.0,1768358700
2573970.2500000545,default,0.5,4595.76,0,4596.26,4629.616915402366,4629.61,F2,True,4304397.49,3123227.499999949,3102156.249999949,S7-TPNONE|F2|1768334400|LONG,EXIT_SL_RAISED,False,S7-TPNONE,LONG,L,0.5,1768359360.202,1768334400,1768335300.0,1768358700
2573970.2500000545,default,0.5,4595.76,0,4596.26,4629.616915402366,4629.61,F3,True,4304397.49,3123227.499999949,3102156.249999949,S7-TPNONE|F3|1768334400|LONG,EXIT_SL_RAISED,False,S7-TPNONE,LONG,L,0.5,1768359360.202,1768334400,1768335300.0,1768358700
6240367.750000105,default,0.5,4616.67,0,4616.67,4617.151107815863,4617.19,F1,True,4323511.455,-48697.99999995571,-69769.2499999557,S7-TPNONE|F1|1768420800|SHORT,EXIT_SL_RAISED,False,S7-TPNONE,SHORT,S,0.5,1768424660.505,1768420800,1768421700.0,1768424400
6240367.750000105,default,0.5,4616.67,0,4616.67,4617.151107815863,4617.19,F2,True,4323511.455,-48697.99999995571,-69769.2499999557,S7-TPNONE|F2|1768420800|SHORT,EXIT_SL_RAISED,False,S7-TPNONE,SHORT,S,0.5,1768424660.505,1768420800,1768421700.0,1768424400
6240367.750000105,default,0.5,4616.67,0,4616.67,4617.151107815863,4617.19,F3,True,4323511.455,-48697.99999995571,-69769.2499999557,S7-TPNONE|F3|1768420800|SHORT,EXIT_SL_RAISED,False,S7-TPNONE,SHORT,S,0.5,1768424660.505,1768420800,1768421700.0,1768424400
4618349.7500000475,default,0.5,4591.32,0,4591.28,4596.954335330973,4597.38,F1,True,4299733.72,-571265.0000000341,-592336.2500000341,S7-TPNONE|F1|1768435200|SHORT,EXIT_SL_RAISED,False,S7-TPNONE,SHORT,S,0.5,1768440256.069,1768435200,1768436100.0,1768439700
4618349.7500000475,default,0.5,4591.32,0,4591.28,4596.954335330973,4597.38,F2,True,4299733.72,-571265.0000000341,-592336.2500000341,S7-TPNONE|F2|1768435200|SHORT,EXIT_SL_RAISED,False,S7-TPNONE,SHORT,S,0.5,1768440256.069,1768435200,1768436100.0,1768439700
4618349.7500000475,default,0.5,4591.32,0,4591.28,4596.954335330973,4597.38,F3,True,4299733.72,-571265.0000000341,-592336.2500000341,S7-TPNONE|F3|1768435200|SHORT,EXIT_SL_RAISED,False,S7-TPNONE,SHORT,S,0.5,1768440256.069,1768435200,1768436100.0,1768439700
4610857.750000055,default,0.5,4605.17,0,4605.76,4599.754818113246,4599.74,F1,True,4313294.24,-563773.0000000409,-584844.2500000409,S7-TPNONE|F1|1768446000|LONG,EXIT_SL_RAISED,False,S7-TPNONE,LONG,L,0.5,1768453006.405,1768446000,1768446900.0,1768452300
4610857.750000055,default,0.5,4605.17,0,4605.76,4599.754818113246,4599.74,F2,True,4313294.24,-563773.0000000409,-584844.2500000409,S7-TPNONE|F2|1768446000|LONG,EXIT_SL_RAISED,False,S7-TPNONE,LONG,L,0.5,1768453006.405,1768446000,1768446900.0,1768452300
4610857.750000055,default,0.5,4605.17,0,4605.76,4599.754818113246,4599.74,F3,True,4313294.24,-563773.0000000409,-584844.2500000409,S7-TPNONE|F3|1768446000|LONG,EXIT_SL_RAISED,False,S7-TPNONE,LONG,L,0.5,1768453006.405,1768446000,1768446900.0,1768452300
2720532.500000017,default,0.5,4595.79,0,4595.75,4600.397411633881,4600.42,F1,True,4303919.875,-437345.5000000068,-458416.7500000068,S7-TPNONE|F1|1768519800|SHORT,EXIT_SL_RAISED,False,S7-TPNONE,SHORT,S,0.5,1768526370.734,1768519800,1768520700.0,1768526100
2720532.500000017,default,0.5,4595.79,0,4595.75,4600.397411633881,4600.42,F2,True,4303919.875,-437345.5000000068,-458416.7500000068,S7-TPNONE|F2|1768519800|SHORT,EXIT_SL_RAISED,False,S7-TPNONE,SHORT,S,0.5,1768526370.734,1768519800,1768520700.0,1768526100
2720532.500000017,default,0.5,4595.79,0,4595.75,4600.397411633881,4600.42,F3,True,4303919.875,-437345.5000000068,-458416.7500000068,S7-TPNONE|F3|1768519800|SHORT,EXIT_SL_RAISED,False,S7-TPNONE,SHORT,S,0.5,1768526370.734,1768519800,1768520700.0,1768526100
1905777.499999949,default,0.5,4596.35,0,4596.35,4603.4147202761105,4603.55,F1,True,4304481.775,-674279.999999983,-695351.249999983,S7-TPNONE|F1|1768528800|SHORT,EXIT_SL_RAISED,False,S7-TPNONE,SHORT,S,0.5,1768530649.967,1768528800,1768529700.0,1768530600
1905777.499999949,default,0.5,4596.35,0,4596.35,4603.4147202761105,4603.55,F2,True,4304481.775,-674279.999999983,-695351.249999983,S7-TPNONE|F2|1768528800|SHORT,EXIT_SL_RAISED,False,S7-TPNONE,SHORT,S,0.5,1768530649.967,1768528800,1768529700.0,1768530600
1905777.499999949,default,0.5,4596.35,0,4596.35,4603.4147202761105,4603.55,F3,True,4304481.775,-674279.999999983,-695351.249999983,S7-TPNONE|F3|1768528800|SHORT,EXIT_SL_RAISED,False,S7-TPNONE,SHORT,S,0.5,1768530649.967,1768528800,1768529700.0,1768530600
4046616.5000000033,default,0.5,4595.8,0,4595.79,4603.7429742060085,4603.77,F1,True,4303957.335,-747327.0000000442,-768398.2500000442,S7-TPNONE|F1|1768534200|SHORT,EXIT_SL_RAISED,False,S7-TPNONE,SHORT,S,0.5,1768536379.963,1768534200,1768535100.0,1768536000
4046616.5000000033,default,0.5,4595.8,0,4595.79,4603.7429742060085,4603.77,F2,True,4303957.335,-747327.0000000442,-768398.2500000442,S7-TPNONE|F2|1768534200|SHORT,EXIT_SL_RAISED,False,S7-TPNONE,SHORT,S,0.5,1768536379.963,1768534200,1768535100.0,1768536000
4046616.5000000033,default,0.5,4595.8,0,4595.79,4603.7429742060085,4603.77,F3,True,4303957.335,-747327.0000000442,-768398.2500000442,S7-TPNONE|F3|1768534200|SHORT,EXIT_SL_RAISED,False,S7-TPNONE,SHORT,S,0.5,1768536379.963,1768534200,1768535100.0,1768536000
2345932.499999847,default,0.5,4668.77,0,4669.26,4667.152621270937,4666.96,F1,True,4372761.99,-215395.00000001703,-236466.25000001703,S7-TPNONE|F1|1768780800|LONG,EXIT_SL_RAISED,False,S7-TPNONE,LONG,L,0.5,1768796208.839,1768780800,1768781700.0,1768796100
2345932.499999847,default,0.5,4668.77,0,4669.26,4667.152621270937,4666.96,F2,True,4372761.99,-215395.00000001703,-236466.25000001703,S7-TPNONE|F2|1768780800|LONG,EXIT_SL_RAISED,False,S7-TPNONE,LONG,L,0.5,1768796208.839,1768780800,1768781700.0,1768796100
2345932.499999847,default,0.5,4668.77,0,4669.26,4667.152621270937,4666.96,F3,True,4372761.99,-215395.00000001703,-236466.25000001703,S7-TPNONE|F3|1768780800|LONG,EXIT_SL_RAISED,False,S7-TPNONE,LONG,L,0.5,1768796208.839,1768780800,1768781700.0,1768796100
4150568.000000143,default,0.5,4670.04,0,4670.54,4667.527099505794,4667.4,F1,True,4373960.71,-294061.0000000307,-315132.2500000307,S7-TPNONE|F1|1768860000|LONG,EXIT_SL_RAISED,False,S7-TPNONE,LONG,L,0.5,1768863429.097,1768860000,1768860900.0,1768862700
4150568.000000143,default,0.5,4670.04,0,4670.54,4667.527099505794,4667.4,F2,True,4373960.71,-294061.0000000307,-315132.2500000307,S7-TPNONE|F2|1768860000|LONG,EXIT_SL_RAISED,False,S7-TPNONE,LONG,L,0.5,1768863429.097,1768860000,1768860900.0,1768862700
4150568.000000143,default,0.5,4670.04,0,4670.54,4667.527099505794,4667.4,F3,True,4373960.71,-294061.0000000307,-315132.2500000307,S7-TPNONE|F3|1768860000|LONG,EXIT_SL_RAISED,False,S7-TPNONE,LONG,L,0.5,1768863429.097,1768860000,1768860900.0,1768862700
2491558.2500000442,default,0.5,4671.86,0,4672.36,4706.564644634071,4706.55,F1,True,4375665.14,3201893.5000000475,3180822.2500000475,S7-TPNONE|F1|1768864500|LONG,EXIT_SL_RAISED,False,S7-TPNONE,LONG,L,0.5,1768880401.553,1768864500,1768865400.0,1768879800
2491558.2500000442,default,0.5,4671.86,0,4672.36,4706.564644634071,4706.55,F2,True,4375665.14,3201893.5000000475,3180822.2500000475,S7-TPNONE|F2|1768864500|LONG,EXIT_SL_RAISED,False,S7-TPNONE,LONG,L,0.5,1768880401.553,1768864500,1768865400.0,1768879800
2491558.2500000442,default,0.5,4671.86,0,4672.36,4706.564644634071,4706.55,F3,True,4375665.14,3201893.5000000475,3180822.2500000475,S7-TPNONE|F3|1768864500|LONG,EXIT_SL_RAISED,False,S7-TPNONE,LONG,L,0.5,1768880401.553,1768864500,1768865400.0,1768879800
6453889.7499999115,default,0.5,4847.32,0,4847.32,4853.120193764177,4853.16,F1,True,4539515.18,-546916.0000000136,-567987.2500000136,S7-TPNONE|F1|1768967100|SHORT,EXIT_SL_RAISED,False,S7-TPNONE,SHORT,S,0.5,1768971083.655,1768967100,1768968000.0,1768970700
6453889.7499999115,default,0.5,4847.32,0,4847.32,4853.120193764177,4853.16,F2,True,4539515.18,-546916.0000000136,-567987.2500000136,S7-TPNONE|F2|1768967100|SHORT,EXIT_SL_RAISED,False,S7-TPNONE,SHORT,S,0.5,1768971083.655,1768967100,1768968000.0,1768970700
6453889.7499999115,default,0.5,4847.32,0,4847.32,4853.120193764177,4853.16,F3,True,4539515.18,-546916.0000000136,-567987.2500000136,S7-TPNONE|F3|1768967100|SHORT,EXIT_SL_RAISED,False,S7-TPNONE,SHORT,S,0.5,1768971083.655,1768967100,1768968000.0,1768970700
9214691.75000021,default,0.5,4814.73,0,4814.73,4799.844473239314,4799.86,F1,True,4508994.645,1392575.4999999898,1371504.2499999898,S7-TPNONE|F1|1769025600|SHORT,EXIT_SL_RAISED,False,S7-TPNONE,SHORT,S,0.5,1769033993.247,1769025600,1769026500.0,1769033700
9214691.75000021,default,0.5,4814.73,0,4814.73,4799.844473239314,4799.86,F2,True,4508994.645,1392575.4999999898,1371504.2499999898,S7-TPNONE|F2|1769025600|SHORT,EXIT_SL_RAISED,False,S7-TPNONE,SHORT,S,0.5,1769033993.247,1769025600,1769026500.0,1769033700
9214691.75000021,default,0.5,4814.73,0,4814.73,4799.844473239314,4799.86,F3,True,4508994.645,1392575.4999999898,1371504.2499999898,S7-TPNONE|F3|1769025600|SHORT,EXIT_SL_RAISED,False,S7-TPNONE,SHORT,S,0.5,1769033993.247,1769025600,1769026500.0,1769033700
2960276.4999999693,default,0.5,4793.32,0,4793.39,4795.521385651911,4795.62,F1,True,4489009.735,-208839.4999999591,-229910.7499999591,S7-TPNONE|F1|1769036400|SHORT,EXIT_SL_RAISED,False,S7-TPNONE,SHORT,S,0.5,1769042995.224,1769036400,1769037300.0,1769042700
2960276.4999999693,default,0.5,4793.32,0,4793.39,4795.521385651911,4795.62,F2,True,4489009.735,-208839.4999999591,-229910.7499999591,S7-TPNONE|F2|1769036400|SHORT,EXIT_SL_RAISED,False,S7-TPNONE,SHORT,S,0.5,1769042995.224,1769036400,1769037300.0,1769042700
2960276.4999999693,default,0.5,4793.32,0,4793.39,4795.521385651911,4795.62,F3,True,4489009.735,-208839.4999999591,-229910.7499999591,S7-TPNONE|F3|1769036400|SHORT,EXIT_SL_RAISED,False,S7-TPNONE,SHORT,S,0.5,1769042995.224,1769036400,1769037300.0,1769042700
2184386.249999898,default,0.5,4796.5,0,4797.0,4795.23,4795.23,F1,False,4492390.5,-165760.5000000409,-165760.5000000409,S7-TPNONE|F1|1769042700|LONG,reverse,False,S7-TPNONE,LONG,L,0.5,1769049000,1769042700,1769043600.0,1769048100
2184386.249999898,default,0.5,4796.5,0,4797.0,4795.23,4795.23,F2,False,4492390.5,-165760.5000000409,-165760.5000000409,S7-TPNONE|F2|1769042700|LONG,reverse,False,S7-TPNONE,LONG,L,0.5,1769049000,1769042700,1769043600.0,1769048100
2184386.249999898,default,0.5,4796.5,0,4797.0,4795.23,4795.23,F3,False,4492390.5,-165760.5000000409,-165760.5000000409,S7-TPNONE|F3|1769042700|LONG,reverse,False,S7-TPNONE,LONG,L,0.5,1769049000,1769042700,1769043600.0,1769048100
1734866.249999966,default,0.5,4795.23,0,4795.23,4810.610274663886,4810.89,F1,True,4490732.895,-1466559.0000000715,-1487630.2500000715,S7-TPNONE|F1|1769048100|SHORT,EXIT_SL_RAISED,False,S7-TPNONE,SHORT,S,0.5,1769050222.528,1769048100,1769049000.0,1769049900
1734866.249999966,default,0.5,4795.23,0,4795.23,4810.610274663886,4810.89,F2,True,4490732.895,-1466559.0000000715,-1487630.2500000715,S7-TPNONE|F2|1769048100|SHORT,EXIT_SL_RAISED,False,S7-TPNONE,SHORT,S,0.5,1769050222.528,1769048100,1769049000.0,1769049900
1734866.249999966,default,0.5,4795.23,0,4795.23,4810.610274663886,4810.89,F3,True,4490732.895,-1466559.0000000715,-1487630.2500000715,S7-TPNONE|F3|1769048100|SHORT,EXIT_SL_RAISED,False,S7-TPNONE,SHORT,S,0.5,1769050222.528,1769048100,1769049000.0,1769049900
6879060.7499999935,default,0.5,4821.16,0,4821.67,4824.366710560531,4824.31,F1,True,4515493.955,247236.00000003068,226164.75000003068,S7-TPNONE|F1|1769049900|LONG,EXIT_SL_RAISED,False,S7-TPNONE,LONG,L,0.5,1769058668.863,1769049900,1769050800.0,1769058000
6879060.7499999935,default,0.5,4821.16,0,4821.67,4824.366710560531,4824.31,F2,True,4515493.955,247236.00000003068,226164.75000003068,S7-TPNONE|F2|1769049900|LONG,EXIT_SL_RAISED,False,S7-TPNONE,LONG,L,0.5,1769058668.863,1769049900,1769050800.0,1769058000
6879060.7499999935,default,0.5,4821.16,0,4821.67,4824.366710560531,4824.31,F3,True,4515493.955,247236.00000003068,226164.75000003068,S7-TPNONE|F3|1769049900|LONG,EXIT_SL_RAISED,False,S7-TPNONE,LONG,L,0.5,1769058668.863,1769049900,1769050800.0,1769058000
5386748.000000041,default,0.5,4964.98,0,4965.48,4947.903558056472,4947.9,F1,True,4650172.02,-1646366.9999999932,-1667438.2499999932,S7-TPNONE|F1|1769118300|LONG,EXIT_SL_RAISED,False,S7-TPNONE,LONG,L,0.5,1769120300.053,1769118300,1769119200.0,1769120100
5386748.000000041,default,0.5,4964.98,0,4965.48,4947.903558056472,4947.9,F2,True,4650172.02,-1646366.9999999932,-1667438.2499999932,S7-TPNONE|F2|1769118300|LONG,EXIT_SL_RAISED,False,S7-TPNONE,LONG,L,0.5,1769120300.053,1769118300,1769119200.0,1769120100
5386748.000000041,default,0.5,4964.98,0,4965.48,4947.903558056472,4947.9,F3,True,4650172.02,-1646366.9999999932,-1667438.2499999932,S7-TPNONE|F3|1769118300|LONG,EXIT_SL_RAISED,False,S7-TPNONE,LONG,L,0.5,1769120300.053,1769118300,1769119200.0,1769120100
1935745.500000092,default,0.5,4956.7,0,4957.2,4955.208247498228,4955.01,F1,True,4642417.8,-205093.4999999625,-226164.7499999625,S7-TPNONE|F1|1769131800|LONG,EXIT_SL_RAISED,False,S7-TPNONE,LONG,L,0.5,1769137804.941,1769131800,1769132700.0,1769137200
1935745.500000092,default,0.5,4956.7,0,4957.2,4955.208247498228,4955.01,F2,True,4642417.8,-205093.4999999625,-226164.7499999625,S7-TPNONE|F2|1769131800|LONG,EXIT_SL_RAISED,False,S7-TPNONE,LONG,L,0.5,1769137804.941,1769131800,1769132700.0,1769137200
1935745.500000092,default,0.5,4956.7,0,4957.2,4955.208247498228,4955.01,F3,True,4642417.8,-205093.4999999625,-226164.7499999625,S7-TPNONE|F3|1769131800|LONG,EXIT_SL_RAISED,False,S7-TPNONE,LONG,L,0.5,1769137804.941,1769131800,1769132700.0,1769137200
5316978.750000136,default,0.5,5059.79,0,5059.75,5071.184049717375,5071.5,F1,True,4738455.875,-1100387.5,-1121458.75,S7-TPNONE|F1|1769392800|SHORT,EXIT_SL_RAISED,False,S7-TPNONE,SHORT,S,0.5,1769395746.371,1769392800,1769393700.0,1769395500
5316978.750000136,default,0.5,5059.79,0,5059.75,5071.184049717375,5071.5,F2,True,4738455.875,-1100387.5,-1121458.75,S7-TPNONE|F2|1769392800|SHORT,EXIT_SL_RAISED,False,S7-TPNONE,SHORT,S,0.5,1769395746.371,1769392800,1769393700.0,1769395500
5316978.750000136,default,0.5,5059.79,0,5059.75,5071.184049717375,5071.5,F3,True,4738455.875,-1100387.5,-1121458.75,S7-TPNONE|F3|1769392800|SHORT,EXIT_SL_RAISED,False,S7-TPNONE,SHORT,S,0.5,1769395746.371,1769392800,1769393700.0,1769395500
5743086.250000154,default,0.5,5074.23,0,5074.64,5077.78,5077.88,F1,False,4752400.36,303425.99999997957,282354.74999997957,S7-TPNONE|F1|1769395500|LONG,EXIT_TRAIL,True,S7-TPNONE,LONG,L,0.5,1769400000,1769395500,1769396400.0,1769399100
5743086.250000154,default,0.5,5074.23,0,5074.64,5077.78,5077.88,F2,False,4752400.36,303425.99999997957,282354.74999997957,S7-TPNONE|F2|1769395500|LONG,EXIT_TRAIL,True,S7-TPNONE,LONG,L,0.5,1769400000,1769395500,1769396400.0,1769399100
5743086.250000154,default,0.5,5074.23,0,5074.64,5077.78,5077.88,F3,False,4752400.36,303425.99999997957,282354.74999997957,S7-TPNONE|F3|1769395500|LONG,EXIT_TRAIL,True,S7-TPNONE,LONG,L,0.5,1769400000,1769395500,1769396400.0,1769399100
4865585.7499999935,default,0.5,5052.19,0,5052.68,5031.77,5031.71,F1,False,4731834.82,-1963840.5000000237,-1963840.5000000237,S7-TPNONE|F1|1769461200|LONG,reverse,False,S7-TPNONE,LONG,L,0.5,1769463900,1769461200,1769462100.0,1769463000
4865585.7499999935,default,0.5,5052.19,0,5052.68,5031.77,5031.71,F2,False,4731834.82,-1963840.5000000237,-1963840.5000000237,S7-TPNONE|F2|1769461200|LONG,reverse,False,S7-TPNONE,LONG,L,0.5,1769463900,1769461200,1769462100.0,1769463000
4865585.7499999935,default,0.5,5052.19,0,5052.68,5031.77,5031.71,F3,False,4731834.82,-1963840.5000000237,-1963840.5000000237,S7-TPNONE|F3|1769461200|LONG,reverse,False,S7-TPNONE,LONG,L,0.5,1769463900,1769461200,1769462100.0,1769463000
6532087.500000085,default,0.5,5031.77,0,5031.71,5043.248345894592,5043.28,F1,True,4712196.415,-1083530.4999999728,-1104601.7499999728,S7-TPNONE|F1|1769463000|SHORT,EXIT_SL_RAISED,False,S7-TPNONE,SHORT,S,0.5,1769465158.722,1769463000,1769463900.0,1769464800
6532087.500000085,default,0.5,5031.77,0,5031.71,5043.248345894592,5043.28,F2,True,4712196.415,-1083530.4999999728,-1104601.7499999728,S7-TPNONE|F2|1769463000|SHORT,EXIT_SL_RAISED,False,S7-TPNONE,SHORT,S,0.5,1769465158.722,1769463000,1769463900.0,1769464800
6532087.500000085,default,0.5,5031.77,0,5031.71,5043.248345894592,5043.28,F3,True,4712196.415,-1083530.4999999728,-1104601.7499999728,S7-TPNONE|F3|1769463000|SHORT,EXIT_SL_RAISED,False,S7-TPNONE,SHORT,S,0.5,1769465158.722,1769463000,1769463900.0,1769464800
5563746.499999986,default,0.5,5063.78,0,5064.28,5057.513749242495,5057.13,F1,True,4742698.22,-669597.4999999659,-690668.7499999659,S7-TPNONE|F1|1769468400|LONG,EXIT_SL_RAISED,False,S7-TPNONE,LONG,L,0.5,1769479886.462,1769468400,1769469300.0,1769479200
5563746.499999986,default,0.5,5063.78,0,5064.28,5057.513749242495,5057.13,F2,True,4742698.22,-669597.4999999659,-690668.7499999659,S7-TPNONE|F2|1769468400|LONG,EXIT_SL_RAISED,False,S7-TPNONE,LONG,L,0.5,1769479886.462,1769468400,1769469300.0,1769479200
5563746.499999986,default,0.5,5063.78,0,5064.28,5057.513749242495,5057.13,F3,True,4742698.22,-669597.4999999659,-690668.7499999659,S7-TPNONE|F3|1769468400|LONG,EXIT_SL_RAISED,False,S7-TPNONE,LONG,L,0.5,1769479886.462,1769468400,1769469300.0,1769479200
3096537.2500000475,default,0.5,5063.39,0,5063.58,5074.48,5074.96,F1,False,4742042.67,-1065737.0000000102,-1065737.0000000102,S7-TPNONE|F1|1769479200|SHORT,reverse,False,S7-TPNONE,SHORT,S,0.5,1769481900,1769479200,1769480100.0,1769481000
3096537.2500000475,default,0.5,5063.39,0,5063.58,5074.48,5074.96,F2,False,4742042.67,-1065737.0000000102,-1065737.0000000102,S7-TPNONE|F2|1769479200|SHORT,reverse,False,S7-TPNONE,SHORT,S,0.5,1769481900,1769479200,1769480100.0,1769481000
3096537.2500000475,default,0.5,5063.39,0,5063.58,5074.48,5074.96,F3,False,4742042.67,-1065737.0000000102,-1065737.0000000102,S7-TPNONE|F3|1769479200|SHORT,reverse,False,S7-TPNONE,SHORT,S,0.5,1769481900,1769479200,1769480100.0,1769481000
4859030.2500000205,default,0.5,5074.48,0,5074.96,5082.032470822277,5081.9,F1,True,4752700.04,649930.9999999625,628859.7499999625,S7-TPNONE|F1|1769481000|LONG,EXIT_SL_RAISED,False,S7-TPNONE,LONG,L,0.5,1769490410.245,1769481000,1769481900.0,1769490000
4859030.2500000205,default,0.5,5074.48,0,5074.96,5082.032470822277,5081.9,F2,True,4752700.04,649930.9999999625,628859.7499999625,S7-TPNONE|F2|1769481000|LONG,EXIT_SL_RAISED,False,S7-TPNONE,LONG,L,0.5,1769490410.245,1769481000,1769481900.0,1769490000
4859030.2500000205,default,0.5,5074.48,0,5074.96,5082.032470822277,5081.9,F3,True,4752700.04,649930.9999999625,628859.7499999625,S7-TPNONE|F3|1769481000|LONG,EXIT_SL_RAISED,False,S7-TPNONE,LONG,L,0.5,1769490410.245,1769481000,1769481900.0,1769490000
9843083.24999979,default,0.5,5190.91,0,5190.07,5289.96,5289.96,F1,False,4860500.555,9354698.50000003,9333627.25000003,S7-TPNONE|F1|1769551200|LONG,EXIT_TRAIL,True,S7-TPNONE,LONG,L,0.5,1769579100,1769551200,1769552100.0,1769578200
9843083.24999979,default,0.5,5190.91,0,5190.07,5289.96,5289.96,F2,False,4860500.555,9354698.50000003,9333627.25000003,S7-TPNONE|F2|1769551200|LONG,EXIT_TRAIL,True,S7-TPNONE,LONG,L,0.5,1769579100,1769551200,1769552100.0,1769578200
9843083.24999979,default,0.5,5190.91,0,5190.07,5289.96,5289.96,F3,False,4860500.555,9354698.50000003,9333627.25000003,S7-TPNONE|F3|1769551200|LONG,EXIT_TRAIL,True,S7-TPNONE,LONG,L,0.5,1769579100,1769551200,1769552100.0,1769578200
8211232.000000197,default,0.5,5525.67,0,5526.06,5524.834183398698,5523.08,F1,True,5175155.19,-279077.0000000443,-300148.2500000443,S7-TPNONE|F1|1769643000|LONG,EXIT_SL_RAISED,False,S7-TPNONE,LONG,L,0.5,1769653391.237,1769643000,1769643900.0,1769652900
8211232.000000197,default,0.5,5525.67,0,5526.06,5524.834183398698,5523.08,F2,True,5175155.19,-279077.0000000443,-300148.2500000443,S7-TPNONE|F2|1769643000|LONG,EXIT_SL_RAISED,False,S7-TPNONE,LONG,L,0.5,1769653391.237,1769643000,1769643900.0,1769652900
8211232.000000197,default,0.5,5525.67,0,5526.06,5524.834183398698,5523.08,F3,True,5175155.19,-279077.0000000443,-300148.2500000443,S7-TPNONE|F3|1769643000|LONG,EXIT_SL_RAISED,False,S7-TPNONE,LONG,L,0.5,1769653391.237,1769643000,1769643900.0,1769652900
33085140.250000156,default,0.5,5310.91,0,5309.65,5371.651979903135,5371.81,F1,True,4972487.225,-5821284.000000072,-5842355.250000072,S7-TPNONE|F1|1769724000|SHORT,EXIT_SL_RAISED,False,S7-TPNONE,SHORT,S,0.5,1769726078.631,1769724000,1769724900.0,1769725800
33085140.250000156,default,0.5,5310.91,0,5309.65,5371.651979903135,5371.81,F2,True,4972487.225,-5821284.000000072,-5842355.250000072,S7-TPNONE|F2|1769724000|SHORT,EXIT_SL_RAISED,False,S7-TPNONE,SHORT,S,0.5,1769726078.631,1769724000,1769724900.0,1769725800
33085140.250000156,default,0.5,5310.91,0,5309.65,5371.651979903135,5371.81,F3,True,4972487.225,-5821284.000000072,-5842355.250000072,S7-TPNONE|F3|1769724000|SHORT,EXIT_SL_RAISED,False,S7-TPNONE,SHORT,S,0.5,1769726078.631,1769724000,1769724900.0,1769725800
17544859.24999994,default,0.5,5184.7,0,5184.51,5179.210024239196,5179.8,F1,True,4855293.615,441091.50000000343,420020.25000000343,S7-TPNONE|F1|1769741100|SHORT,EXIT_SL_RAISED,False,S7-TPNONE,SHORT,S,0.5,1769749087.119,1769741100,1769742000.0,1769748300
17544859.24999994,default,0.5,5184.7,0,5184.51,5179.210024239196,5179.8,F2,True,4855293.615,441091.50000000343,420020.25000000343,S7-TPNONE|F2|1769741100|SHORT,EXIT_SL_RAISED,False,S7-TPNONE,SHORT,S,0.5,1769749087.119,1769741100,1769742000.0,1769748300
17544859.24999994,default,0.5,5184.7,0,5184.51,5179.210024239196,5179.8,F3,True,4855293.615,441091.50000000343,420020.25000000343,S7-TPNONE|F3|1769741100|SHORT,EXIT_SL_RAISED,False,S7-TPNONE,SHORT,S,0.5,1769749087.119,1769741100,1769742000.0,1769748300
23204597.00000006,default,0.5,4838.06,1,4741.16,4796.602780707185,4796.74,F1,True,4440096.34,-5205066.9999999935,-5226138.2499999935,S7-TPNONE|F1|1769795100|SHORT,EXIT_SL_RAISED,False,S7-TPNONE,SHORT,S,0.5,1769980112.896,1769795100,1769976900.0,1769979600
23204597.00000006,default,0.5,4838.06,1,4741.16,4796.602780707185,4796.74,F2,True,4440096.34,-5205066.9999999935,-5226138.2499999935,S7-TPNONE|F2|1769795100|SHORT,EXIT_SL_RAISED,False,S7-TPNONE,SHORT,S,0.5,1769980112.896,1769795100,1769976900.0,1769979600
23204597.00000006,default,0.5,4838.06,1,4741.16,4796.602780707185,4796.74,F3,True,4440096.34,-5205066.9999999935,-5226138.2499999935,S7-TPNONE|F3|1769795100|SHORT,EXIT_SL_RAISED,False,S7-TPNONE,SHORT,S,0.5,1769980112.896,1769795100,1769976900.0,1769979600
60088181.25000017,default,0.5,4643.74,0,4643.27,4743.683538143469,4743.9,F1,True,4348422.355,-9423999.499999925,-9445070.749999925,S7-TPNONE|F1|1769983200|SHORT,EXIT_SL_RAISED,False,S7-TPNONE,SHORT,S,0.5,1769988620.681,1769983200,1769984100.0,1769988600
60088181.25000017,default,0.5,4643.74,0,4643.27,4743.683538143469,4743.9,F2,True,4348422.355,-9423999.499999925,-9445070.749999925,S7-TPNONE|F2|1769983200|SHORT,EXIT_SL_RAISED,False,S7-TPNONE,SHORT,S,0.5,1769988620.681,1769983200,1769984100.0,1769988600
60088181.25000017,default,0.5,4643.74,0,4643.27,4743.683538143469,4743.9,F3,True,4348422.355,-9423999.499999925,-9445070.749999925,S7-TPNONE|F3|1769983200|SHORT,EXIT_SL_RAISED,False,S7-TPNONE,SHORT,S,0.5,1769988620.681,1769983200,1769984100.0,1769988600
12293903.750000136,default,0.5,4692.71,0,4691.91,4698.045507250292,4698.38,F1,True,4393973.715,-605915.5000000239,-626986.7500000239,S7-TPNONE|F1|1769990400|SHORT,EXIT_SL_RAISED,False,S7-TPNONE,SHORT,S,0.5,1769995198.893,1769990400,1769991300.0,1769994900
12293903.750000136,default,0.5,4692.71,0,4691.91,4698.045507250292,4698.38,F2,True,4393973.715,-605915.5000000239,-626986.7500000239,S7-TPNONE|F2|1769990400|SHORT,EXIT_SL_RAISED,False,S7-TPNONE,SHORT,S,0.5,1769995198.893,1769990400,1769991300.0,1769994900
12293903.750000136,default,0.5,4692.71,0,4691.91,4698.045507250292,4698.38,F3,True,4393973.715,-605915.5000000239,-626986.7500000239,S7-TPNONE|F3|1769990400|SHORT,EXIT_SL_RAISED,False,S7-TPNONE,SHORT,S,0.5,1769995198.893,1769990400,1769991300.0,1769994900
27775653.49999993,default,0.5,4575.2,0,4575.22,4500.726962157214,4501.32,F1,True,4284693.53,6920735.000000051,6899663.750000051,S7-TPNONE|F1|1769999400|SHORT,EXIT_SL_RAISED,False,S7-TPNONE,SHORT,S,0.5,1770004578.668,1769999400,1770000300.0,1770003900
27775653.49999993,default,0.5,4575.2,0,4575.22,4500.726962157214,4501.32,F2,True,4284693.53,6920735.000000051,6899663.750000051,S7-TPNONE|F2|1769999400|SHORT,EXIT_SL_RAISED,False,S7-TPNONE,SHORT,S,0.5,1770004578.668,1769999400,1770000300.0,1770003900
27775653.49999993,default,0.5,4575.2,0,4575.22,4500.726962157214,4501.32,F3,True,4284693.53,6920735.000000051,6899663.750000051,S7-TPNONE|F3|1769999400|SHORT,EXIT_SL_RAISED,False,S7-TPNONE,SHORT,S,0.5,1770004578.668,1769999400,1770000300.0,1770003900
20803879.249999955,default,0.5,4829.13,0,4829.84,4798.1249511158885,4798.1,F1,True,4523145.16,-2972450.9999999795,-2993522.2499999795,S7-TPNONE|F1|1770069600|LONG,EXIT_SL_RAISED,False,S7-TPNONE,LONG,L,0.5,1770073825.751,1770069600,1770070500.0,1770073200
20803879.249999955,default,0.5,4829.13,0,4829.84,4798.1249511158885,4798.1,F2,True,4523145.16,-2972450.9999999795,-2993522.2499999795,S7-TPNONE|F2|1770069600|LONG,EXIT_SL_RAISED,False,S7-TPNONE,LONG,L,0.5,1770073825.751,1770069600,1770070500.0,1770073200
20803879.249999955,default,0.5,4829.13,0,4829.84,4798.1249511158885,4798.1,F3,True,4523145.16,-2972450.9999999795,-2993522.2499999795,S7-TPNONE|F3|1770069600|LONG,EXIT_SL_RAISED,False,S7-TPNONE,LONG,L,0.5,1770073825.751,1770069600,1770070500.0,1770073200
12988318.500000132,default,0.5,4805.57,0,4805.78,4910.238054083316,4909.97,F1,True,4500612.97,9757393.500000048,9736322.250000048,S7-TPNONE|F1|1770078600|LONG,EXIT_SL_RAISED,False,S7-TPNONE,LONG,L,0.5,1770098579.241,1770078600,1770079500.0,1770098400
12988318.500000132,default,0.5,4805.57,0,4805.78,4910.238054083316,4909.97,F2,True,4500612.97,9757393.500000048,9736322.250000048,S7-TPNONE|F2|1770078600|LONG,EXIT_SL_RAISED,False,S7-TPNONE,LONG,L,0.5,1770098579.241,1770078600,1770079500.0,1770098400
12988318.500000132,default,0.5,4805.57,0,4805.78,4910.238054083316,4909.97,F3,True,4500612.97,9757393.500000048,9736322.250000048,S7-TPNONE|F3|1770078600|LONG,EXIT_SL_RAISED,False,S7-TPNONE,LONG,L,0.5,1770098579.241,1770078600,1770079500.0,1770098400
18157330.250000104,default,0.5,4932.57,0,4932.69,4961.119083327502,4961.58,F1,True,4619464.185,-2705548.5000000307,-2726619.7500000307,S7-TPNONE|F1|1770148800|SHORT,EXIT_SL_RAISED,False,S7-TPNONE,SHORT,S,0.5,1770152714.634,1770148800,1770149700.0,1770152400
18157330.250000104,default,0.5,4932.57,0,4932.69,4961.119083327502,4961.58,F2,True,4619464.185,-2705548.5000000307,-2726619.7500000307,S7-TPNONE|F2|1770148800|SHORT,EXIT_SL_RAISED,False,S7-TPNONE,SHORT,S,0.5,1770152714.634,1770148800,1770149700.0,1770152400
18157330.250000104,default,0.5,4932.57,0,4932.69,4961.119083327502,4961.58,F3,True,4619464.185,-2705548.5000000307,-2726619.7500000307,S7-TPNONE|F3|1770148800|SHORT,EXIT_SL_RAISED,False,S7-TPNONE,SHORT,S,0.5,1770152714.634,1770148800,1770149700.0,1770152400
13384457.999999836,default,0.5,4986.66,0,4987.15,5062.108723523551,5061.25,F1,True,4670465.975,6939465.000000034,6918393.750000034,S7-TPNONE|F1|1770152400|LONG,EXIT_SL_RAISED,False,S7-TPNONE,LONG,L,0.5,1770174459.17,1770152400,1770153300.0,1770174000
13384457.999999836,default,0.5,4986.66,0,4987.15,5062.108723523551,5061.25,F2,True,4670465.975,6939465.000000034,6918393.750000034,S7-TPNONE|F2|1770152400|LONG,EXIT_SL_RAISED,False,S7-TPNONE,LONG,L,0.5,1770174459.17,1770152400,1770153300.0,1770174000
13384457.999999836,default,0.5,4986.66,0,4987.15,5062.108723523551,5061.25,F3,True,4670465.975,6939465.000000034,6918393.750000034,S7-TPNONE|F3|1770152400|LONG,EXIT_SL_RAISED,False,S7-TPNONE,LONG,L,0.5,1770174459.17,1770152400,1770153300.0,1770174000
3823261.249999898,default,0.5,5076.53,0,5076.93,5065.139574420094,5064.96,F1,True,4754544.945,-1120990.5000000237,-1142061.7500000237,S7-TPNONE|F1|1770176700|LONG,EXIT_SL_RAISED,False,S7-TPNONE,LONG,L,0.5,1770185751.604,1770176700,1770177600.0,1770185700
3823261.249999898,default,0.5,5076.53,0,5076.93,5065.139574420094,5064.96,F2,True,4754544.945,-1120990.5000000237,-1142061.7500000237,S7-TPNONE|F2|1770176700|LONG,EXIT_SL_RAISED,False,S7-TPNONE,LONG,L,0.5,1770185751.604,1770176700,1770177600.0,1770185700
3823261.249999898,default,0.5,5076.53,0,5076.93,5065.139574420094,5064.96,F3,True,4754544.945,-1120990.5000000237,-1142061.7500000237,S7-TPNONE|F3|1770176700|LONG,EXIT_SL_RAISED,False,S7-TPNONE,LONG,L,0.5,1770185751.604,1770176700,1770177600.0,1770185700
8506229.499999823,default,0.5,4852.82,0,4852.82,4885.61,4886.11,F1,False,4544665.93,-3117608.4999999967,-3138679.7499999967,S7-TPNONE|F1|1770256800|SHORT,EXIT_TRAIL,True,S7-TPNONE,SHORT,S,0.5,1770259500,1770256800,1770257700.0,1770258600
8506229.499999823,default,0.5,4852.82,0,4852.82,4885.61,4886.11,F2,False,4544665.93,-3117608.4999999967,-3138679.7499999967,S7-TPNONE|F2|1770256800|SHORT,EXIT_TRAIL,True,S7-TPNONE,SHORT,S,0.5,1770259500,1770256800,1770257700.0,1770258600
8506229.499999823,default,0.5,4852.82,0,4852.82,4885.61,4886.11,F3,False,4544665.93,-3117608.4999999967,-3138679.7499999967,S7-TPNONE|F3|1770256800|SHORT,EXIT_TRAIL,True,S7-TPNONE,SHORT,S,0.5,1770259500,1770256800,1770257700.0,1770258600
12894668.500000048,default,0.5,4910.2,0,4910.75,4912.35,4912.26,F1,False,4598917.375,141411.50000002043,141411.50000002043,S7-TPNONE|F1|1770260400|LONG,reverse,False,S7-TPNONE,LONG,L,0.5,1770271200,1770260400,1770261300.0,1770270300
12894668.500000048,default,0.5,4910.2,0,4910.75,4912.35,4912.26,F2,False,4598917.375,141411.50000002043,141411.50000002043,S7-TPNONE|F2|1770260400|LONG,reverse,False,S7-TPNONE,LONG,L,0.5,1770271200,1770260400,1770261300.0,1770270300
12894668.500000048,default,0.5,4910.2,0,4910.75,4912.35,4912.26,F3,False,4598917.375,141411.50000002043,141411.50000002043,S7-TPNONE|F3|1770260400|LONG,reverse,False,S7-TPNONE,LONG,L,0.5,1770271200,1770260400,1770261300.0,1770270300
14822453.749999966,default,0.5,4773.96,0,4774.52,4858.535616476136,4858.22,F1,True,4471337.98,7838504.999999983,7817433.749999983,S7-TPNONE|F1|1770331500|LONG,EXIT_SL_RAISED,False,S7-TPNONE,LONG,L,0.5,1770348010.396,1770331500,1770332400.0,1770347700
14822453.749999966,default,0.5,4773.96,0,4774.52,4858.535616476136,4858.22,F2,True,4471337.98,7838504.999999983,7817433.749999983,S7-TPNONE|F2|1770331500|LONG,EXIT_SL_RAISED,False,S7-TPNONE,LONG,L,0.5,1770348010.396,1770331500,1770332400.0,1770347700
14822453.749999966,default,0.5,4773.96,0,4774.52,4858.535616476136,4858.22,F3,True,4471337.98,7838504.999999983,7817433.749999983,S7-TPNONE|F3|1770331500|LONG,EXIT_SL_RAISED,False,S7-TPNONE,LONG,L,0.5,1770348010.396,1770331500,1770332400.0,1770347700
10234072.000000147,default,0.5,4982.43,0,4982.43,5003.026845060601,5003.39,F1,True,4666045.695,-1962904.0000000035,-1983975.2500000035,S7-TPNONE|F1|1770590700|SHORT,EXIT_SL_RAISED,False,S7-TPNONE,SHORT,S,0.5,1770593567.245,1770590700,1770591600.0,1770593400
10234072.000000147,default,0.5,4982.43,0,4982.43,5003.026845060601,5003.39,F2,True,4666045.695,-1962904.0000000035,-1983975.2500000035,S7-TPNONE|F2|1770590700|SHORT,EXIT_SL_RAISED,False,S7-TPNONE,SHORT,S,0.5,1770593567.245,1770590700,1770591600.0,1770593400
10234072.000000147,default,0.5,4982.43,0,4982.43,5003.026845060601,5003.39,F3,True,4666045.695,-1962904.0000000035,-1983975.2500000035,S7-TPNONE|F3|1770590700|SHORT,EXIT_SL_RAISED,False,S7-TPNONE,SHORT,S,0.5,1770593567.245,1770590700,1770591600.0,1770593400
4739626.499999969,default,0.5,4995.57,0,4997.23,5020.325544975723,5020.47,F1,True,4679905.895,-2176426.0000000647,-2197497.2500000647,S7-TPNONE|F1|1770593400|SHORT,EXIT_SL_RAISED,False,S7-TPNONE,SHORT,S,0.5,1770595821.136,1770593400,1770594300.0,1770595200
4739626.499999969,default,0.5,4995.57,0,4997.23,5020.325544975723,5020.47,F2,True,4679905.895,-2176426.0000000647,-2197497.2500000647,S7-TPNONE|F2|1770593400|SHORT,EXIT_SL_RAISED,False,S7-TPNONE,SHORT,S,0.5,1770595821.136,1770593400,1770594300.0,1770595200
4739626.499999969,default,0.5,4995.57,0,4997.23,5020.325544975723,5020.47,F3,True,4679905.895,-2176426.0000000647,-2197497.2500000647,S7-TPNONE|F3|1770593400|SHORT,EXIT_SL_RAISED,False,S7-TPNONE,SHORT,S,0.5,1770595821.136,1770593400,1770594300.0,1770595200
4693269.7499999795,default,0.5,5036.86,0,5037.01,5019.778683354326,5019.74,F1,True,4717159.865,-1617335.500000041,-1638406.750000041,S7-TPNONE|F1|1770605100|LONG,EXIT_SL_RAISED,False,S7-TPNONE,LONG,L,0.5,1770607323.479,1770605100,1770606000.0,1770606900
4693269.7499999795,default,0.5,5036.86,0,5037.01,5019.778683354326,5019.74,F2,True,4717159.865,-1617335.500000041,-1638406.750000041,S7-TPNONE|F2|1770605100|LONG,EXIT_SL_RAISED,False,S7-TPNONE,LONG,L,0.5,1770607323.479,1770605100,1770606000.0,1770606900
4693269.7499999795,default,0.5,5036.86,0,5037.01,5019.778683354326,5019.74,F3,True,4717159.865,-1617335.500000041,-1638406.750000041,S7-TPNONE|F3|1770605100|LONG,EXIT_SL_RAISED,False,S7-TPNONE,LONG,L,0.5,1770607323.479,1770605100,1770606000.0,1770606900
26483283.49999991,default,0.5,5013.04,0,5013.21,5029.209785971889,5029.73,F1,True,4694871.165,-1547097.9999999558,-1568169.2499999558,S7-TPNONE|F1|1770667200|SHORT,EXIT_SL_RAISED,False,S7-TPNONE,SHORT,S,0.5,1770669751.711,1770667200,1770668100.0,1770669000
26483283.49999991,default,0.5,5013.04,0,5013.21,5029.209785971889,5029.73,F2,True,4694871.165,-1547097.9999999558,-1568169.2499999558,S7-TPNONE|F2|1770667200|SHORT,EXIT_SL_RAISED,False,S7-TPNONE,SHORT,S,0.5,1770669751.711,1770667200,1770668100.0,1770669000
26483283.49999991,default,0.5,5013.04,0,5013.21,5029.209785971889,5029.73,F3,True,4694871.165,-1547097.9999999558,-1568169.2499999558,S7-TPNONE|F3|1770667200|SHORT,EXIT_SL_RAISED,False,S7-TPNONE,SHORT,S,0.5,1770669751.711,1770667200,1770668100.0,1770669000
7499491.9999999935,default,0.5,5017.32,0,5017.1,5042.291780115852,5042.93,F1,True,4698514.15,-2418979.499999993,-2440050.749999993,S7-TPNONE|F1|1770675300|SHORT,EXIT_SL_RAISED,False,S7-TPNONE,SHORT,S,0.5,1770678432.214,1770675300,1770676200.0,1770678000
7499491.9999999935,default,0.5,5017.32,0,5017.1,5042.291780115852,5042.93,F2,True,4698514.15,-2418979.499999993,-2440050.749999993,S7-TPNONE|F2|1770675300|SHORT,EXIT_SL_RAISED,False,S7-TPNONE,SHORT,S,0.5,1770678432.214,1770675300,1770676200.0,1770678000
7499491.9999999935,default,0.5,5017.32,0,5017.1,5042.291780115852,5042.93,F3,True,4698514.15,-2418979.499999993,-2440050.749999993,S7-TPNONE|F3|1770675300|SHORT,EXIT_SL_RAISED,False,S7-TPNONE,SHORT,S,0.5,1770678432.214,1770675300,1770676200.0,1770678000
4077989.250000007,default,0.5,5026.74,0,5026.77,5032.495534040813,5032.86,F1,True,4707570.105,-570328.4999999284,-591399.7499999284,S7-TPNONE|F1|1770681600|SHORT,EXIT_SL_RAISED,False,S7-TPNONE,SHORT,S,0.5,1770691500.025,1770681600,1770682500.0,1770691500
4077989.250000007,default,0.5,5026.74,0,5026.77,5032.495534040813,5032.86,F2,True,4707570.105,-570328.4999999284,-591399.7499999284,S7-TPNONE|F2|1770681600|SHORT,EXIT_SL_RAISED,False,S7-TPNONE,SHORT,S,0.5,1770691500.025,1770681600,1770682500.0,1770691500
4077989.250000007,default,0.5,5026.74,0,5026.77,5032.495534040813,5032.86,F3,True,4707570.105,-570328.4999999284,-591399.7499999284,S7-TPNONE|F3|1770681600|SHORT,EXIT_SL_RAISED,False,S7-TPNONE,SHORT,S,0.5,1770691500.025,1770681600,1770682500.0,1770691500
3558231.749999734,default,0.5,5025.1,0,5025.1,5043.816867458365,5044.12,F1,True,4706006.15,-1781222.9999999558,-1802294.2499999558,S7-TPNONE|F1|1770696900|SHORT,EXIT_SL_RAISED,False,S7-TPNONE,SHORT,S,0.5,1770701916.372,1770696900,1770697800.0,1770701400
3558231.749999734,default,0.5,5025.1,0,5025.1,5043.816867458365,5044.12,F2,True,4706006.15,-1781222.9999999558,-1802294.2499999558,S7-TPNONE|F2|1770696900|SHORT,EXIT_SL_RAISED,False,S7-TPNONE,SHORT,S,0.5,1770701916.372,1770696900,1770697800.0,1770701400
3558231.749999734,default,0.5,5025.1,0,5025.1,5043.816867458365,5044.12,F3,True,4706006.15,-1781222.9999999558,-1802294.2499999558,S7-TPNONE|F3|1770696900|SHORT,EXIT_SL_RAISED,False,S7-TPNONE,SHORT,S,0.5,1770701916.372,1770696900,1770697800.0,1770701400
4117322.2500000987,default,0.5,5040.04,0,5040.54,5032.586264171117,5032.51,F1,True,4720465.71,-752009.4999999761,-773080.7499999761,S7-TPNONE|F1|1770758100|LONG,EXIT_SL_RAISED,False,S7-TPNONE,LONG,L,0.5,1770760804.48,1770758100,1770759000.0,1770760800
4117322.2500000987,default,0.5,5040.04,0,5040.54,5032.586264171117,5032.51,F2,True,4720465.71,-752009.4999999761,-773080.7499999761,S7-TPNONE|F2|1770758100|LONG,EXIT_SL_RAISED,False,S7-TPNONE,LONG,L,0.5,1770760804.48,1770758100,1770759000.0,1770760800
4117322.2500000987,default,0.5,5040.04,0,5040.54,5032.586264171117,5032.51,F3,True,4720465.71,-752009.4999999761,-773080.7499999761,S7-TPNONE|F3|1770758100|LONG,EXIT_SL_RAISED,False,S7-TPNONE,LONG,L,0.5,1770760804.48,1770758100,1770759000.0,1770760800
4232511.750000058,default,0.5,5043.96,0,5044.46,5035.371688905438,5035.35,F1,True,4724136.79,-853151.4999999694,-874222.7499999694,S7-TPNONE|F1|1770762600|LONG,EXIT_SL_RAISED,False,S7-TPNONE,LONG,L,0.5,1770765291.372,1770762600,1770763500.0,1770764400
4232511.750000058,default,0.5,5043.96,0,5044.46,5035.371688905438,5035.35,F2,True,4724136.79,-853151.4999999694,-874222.7499999694,S7-TPNONE|F2|1770762600|LONG,EXIT_SL_RAISED,False,S7-TPNONE,LONG,L,0.5,1770765291.372,1770762600,1770763500.0,1770764400
4232511.750000058,default,0.5,5043.96,0,5044.46,5035.371688905438,5035.35,F3,True,4724136.79,-853151.4999999694,-874222.7499999694,S7-TPNONE|F3|1770762600|LONG,EXIT_SL_RAISED,False,S7-TPNONE,LONG,L,0.5,1770765291.372,1770762600,1770763500.0,1770764400
4210035.7499999935,default,0.5,5053.82,0,5054.32,5045.518743710851,5045.39,F1,True,4733370.68,-836294.499999942,-857365.749999942,S7-TPNONE|F1|1770766200|LONG,EXIT_SL_RAISED,False,S7-TPNONE,LONG,L,0.5,1770775309.373,1770766200,1770767100.0,1770775200
4210035.7499999935,default,0.5,5053.82,0,5054.32,5045.518743710851,5045.39,F2,True,4733370.68,-836294.499999942,-857365.749999942,S7-TPNONE|F2|1770766200|LONG,EXIT_SL_RAISED,False,S7-TPNONE,LONG,L,0.5,1770775309.373,1770766200,1770767100.0,1770775200
4210035.7499999935,default,0.5,5053.82,0,5054.32,5045.518743710851,5045.39,F3,True,4733370.68,-836294.499999942,-857365.749999942,S7-TPNONE|F3|1770766200|LONG,EXIT_SL_RAISED,False,S7-TPNONE,LONG,L,0.5,1770775309.373,1770766200,1770767100.0,1770775200
3598969.5000000275,default,0.5,5062.18,0,5062.68,5054.141288174476,5053.45,F1,True,4741199.82,-864389.5000000442,-885460.7500000442,S7-TPNONE|F1|1770777000|LONG,EXIT_SL_RAISED,False,S7-TPNONE,LONG,L,0.5,1770783924.741,1770777000,1770777900.0,1770783300
3598969.5000000275,default,0.5,5062.18,0,5062.68,5054.141288174476,5053.45,F2,True,4741199.82,-864389.5000000442,-885460.7500000442,S7-TPNONE|F2|1770777000|LONG,EXIT_SL_RAISED,False,S7-TPNONE,LONG,L,0.5,1770783924.741,1770777000,1770777900.0,1770783300
3598969.5000000275,default,0.5,5062.18,0,5062.68,5054.141288174476,5053.45,F3,True,4741199.82,-864389.5000000442,-885460.7500000442,S7-TPNONE|F3|1770777000|LONG,EXIT_SL_RAISED,False,S7-TPNONE,LONG,L,0.5,1770783924.741,1770777000,1770777900.0,1770783300
2832912.500000085,default,0.5,5059.11,0,5059.05,5064.547270840476,5064.6,F1,True,4737800.325,-519757.50000001705,-540828.750000017,S7-TPNONE|F1|1770845400|SHORT,EXIT_SL_RAISED,False,S7-TPNONE,SHORT,S,0.5,1770850801.676,1770845400,1770846300.0,1770850800
2832912.500000085,default,0.5,5059.11,0,5059.05,5064.547270840476,5064.6,F2,True,4737800.325,-519757.50000001705,-540828.750000017,S7-TPNONE|F2|1770845400|SHORT,EXIT_SL_RAISED,False,S7-TPNONE,SHORT,S,0.5,1770850801.676,1770845400,1770846300.0,1770850800
2832912.500000085,default,0.5,5059.11,0,5059.05,5064.547270840476,5064.6,F3,True,4737800.325,-519757.50000001705,-540828.750000017,S7-TPNONE|F3|1770845400|SHORT,EXIT_SL_RAISED,False,S7-TPNONE,SHORT,S,0.5,1770850801.676,1770845400,1770846300.0,1770850800
4786451.4999998845,default,0.5,5059.9,0,5059.9,5067.3904545029145,5068.03,F1,True,4738596.35,-761374.5000000102,-782445.7500000102,S7-TPNONE|F1|1770855300|SHORT,EXIT_SL_RAISED,False,S7-TPNONE,SHORT,S,0.5,1770861480.318,1770855300,1770856200.0,1770860700
4786451.4999998845,default,0.5,5059.9,0,5059.9,5067.3904545029145,5068.03,F2,True,4738596.35,-761374.5000000102,-782445.7500000102,S7-TPNONE|F2|1770855300|SHORT,EXIT_SL_RAISED,False,S7-TPNONE,SHORT,S,0.5,1770861480.318,1770855300,1770856200.0,1770860700
4786451.4999998845,default,0.5,5059.9,0,5059.9,5067.3904545029145,5068.03,F3,True,4738596.35,-761374.5000000102,-782445.7500000102,S7-TPNONE|F3|1770855300|SHORT,EXIT_SL_RAISED,False,S7-TPNONE,SHORT,S,0.5,1770861480.318,1770855300,1770856200.0,1770860700
4906323.500000201,default,0.5,5055.35,0,5055.37,5063.547690137904,5064.07,F1,True,4734354.005,-814754.999999983,-835826.249999983,S7-TPNONE|F1|1770866100|SHORT,EXIT_SL_RAISED,False,S7-TPNONE,SHORT,S,0.5,1770869304.153,1770866100,1770867000.0,1770868800
4906323.500000201,default,0.5,5055.35,0,5055.37,5063.547690137904,5064.07,F2,True,4734354.005,-814754.999999983,-835826.249999983,S7-TPNONE|F2|1770866100|SHORT,EXIT_SL_RAISED,False,S7-TPNONE,SHORT,S,0.5,1770869304.153,1770866100,1770867000.0,1770868800
4906323.500000201,default,0.5,5055.35,0,5055.37,5063.547690137904,5064.07,F3,True,4734354.005,-814754.999999983,-835826.249999983,S7-TPNONE|F3|1770866100|SHORT,EXIT_SL_RAISED,False,S7-TPNONE,SHORT,S,0.5,1770869304.153,1770866100,1770867000.0,1770868800
10859654.000000004,default,0.5,4941.87,0,4942.37,4974.247902328484,4973.38,F1,True,4628529.505,2904086.5000000205,2883015.2500000205,S7-TPNONE|F1|1770930000|LONG,EXIT_SL_RAISED,False,S7-TPNONE,LONG,L,0.5,1770947374.191,1770930000,1770930900.0,1770947100
10859654.000000004,default,0.5,4941.87,0,4942.37,4974.247902328484,4973.38,F2,True,4628529.505,2904086.5000000205,2883015.2500000205,S7-TPNONE|F2|1770930000|LONG,EXIT_SL_RAISED,False,S7-TPNONE,LONG,L,0.5,1770947374.191,1770930000,1770930900.0,1770947100
10859654.000000004,default,0.5,4941.87,0,4942.37,4974.247902328484,4973.38,F3,True,4628529.505,2904086.5000000205,2883015.2500000205,S7-TPNONE|F3|1770930000|LONG,EXIT_SL_RAISED,False,S7-TPNONE,LONG,L,0.5,1770947374.191,1770930000,1770930900.0,1770947100
5976742.999999887,default,0.5,4963.96,0,4963.96,4966.842603038677,4967.55,F1,True,4648748.54,-336203.5000000136,-357274.7500000136,S7-TPNONE|F1|1770949800|SHORT,EXIT_SL_RAISED,False,S7-TPNONE,SHORT,S,0.5,1770955105.817,1770949800,1770950700.0,1770954300
5976742.999999887,default,0.5,4963.96,0,4963.96,4966.842603038677,4967.55,F2,True,4648748.54,-336203.5000000136,-357274.7500000136,S7-TPNONE|F2|1770949800|SHORT,EXIT_SL_RAISED,False,S7-TPNONE,SHORT,S,0.5,1770955105.817,1770949800,1770950700.0,1770954300
5976742.999999887,default,0.5,4963.96,0,4963.96,4966.842603038677,4967.55,F3,True,4648748.54,-336203.5000000136,-357274.7500000136,S7-TPNONE|F3|1770949800|SHORT,EXIT_SL_RAISED,False,S7-TPNONE,SHORT,S,0.5,1770955105.817,1770949800,1770950700.0,1770954300
5747300.499999905,default,0.5,4967.04,0,4967.52,4968.411235453044,4968.38,F1,True,4652082.48,80538.99999996934,59467.74999996934,S7-TPNONE|F1|1770954300|LONG,EXIT_SL_RAISED,False,S7-TPNONE,LONG,L,0.5,1770964144.211,1770954300,1770955200.0,1770963300
5747300.499999905,default,0.5,4967.04,0,4967.52,4968.411235453044,4968.38,F2,True,4652082.48,80538.99999996934,59467.74999996934,S7-TPNONE|F2|1770954300|LONG,EXIT_SL_RAISED,False,S7-TPNONE,LONG,L,0.5,1770964144.211,1770954300,1770955200.0,1770963300
5747300.499999905,default,0.5,4967.04,0,4967.52,4968.411235453044,4968.38,F3,True,4652082.48,80538.99999996934,59467.74999996934,S7-TPNONE|F3|1770954300|LONG,EXIT_SL_RAISED,False,S7-TPNONE,LONG,L,0.5,1770964144.211,1770954300,1770955200.0,1770963300
3305844.999999932,default,0.5,5029.16,0,5029.66,5010.13047498514,5009.6,F1,True,4710276.59,-1878618.9999999523,-1899690.2499999523,S7-TPNONE|F1|1771186500|LONG,EXIT_SL_RAISED,False,S7-TPNONE,LONG,L,0.5,1771189411.02,1771186500,1771187400.0,1771189200
3305844.999999932,default,0.5,5029.16,0,5029.66,5010.13047498514,5009.6,F2,True,4710276.59,-1878618.9999999523,-1899690.2499999523,S7-TPNONE|F2|1771186500|LONG,EXIT_SL_RAISED,False,S7-TPNONE,LONG,L,0.5,1771189411.02,1771186500,1771187400.0,1771189200
3305844.999999932,default,0.5,5029.16,0,5029.66,5010.13047498514,5009.6,F3,True,4710276.59,-1878618.9999999523,-1899690.2499999523,S7-TPNONE|F3|1771186500|LONG,EXIT_SL_RAISED,False,S7-TPNONE,LONG,L,0.5,1771189411.02,1771186500,1771187400.0,1771189200
3810150.2499999525,default,0.5,5012.12,0,5012.34,5027.975906916282,5028.17,F1,True,4694056.41,-1482479.4999999932,-1503550.7499999932,S7-TPNONE|F1|1771190100|SHORT,EXIT_SL_RAISED,False,S7-TPNONE,SHORT,S,0.5,1771193961.162,1771190100,1771191000.0,1771193700
3810150.2499999525,default,0.5,5012.12,0,5012.34,5027.975906916282,5028.17,F2,True,4694056.41,-1482479.4999999932,-1503550.7499999932,S7-TPNONE|F2|1771190100|SHORT,EXIT_SL_RAISED,False,S7-TPNONE,SHORT,S,0.5,1771193961.162,1771190100,1771191000.0,1771193700
3810150.2499999525,default,0.5,5012.12,0,5012.34,5027.975906916282,5028.17,F3,True,4694056.41,-1482479.4999999932,-1503550.7499999932,S7-TPNONE|F3|1771190100|SHORT,EXIT_SL_RAISED,False,S7-TPNONE,SHORT,S,0.5,1771193961.162,1771190100,1771191000.0,1771193700
6375223.749999898,default,0.5,5002.26,0,5002.26,4983.36,4983.86,F1,False,4684616.49,1723160.000000051,1702088.750000051,S7-TPNONE|F1|1771198200|SHORT,EXIT_TRAIL,True,S7-TPNONE,SHORT,S,0.5,1771208100,1771198200,1771199100.0,1771207200
6375223.749999898,default,0.5,5002.26,0,5002.26,4983.36,4983.86,F2,False,4684616.49,1723160.000000051,1702088.750000051,S7-TPNONE|F2|1771198200|SHORT,EXIT_TRAIL,True,S7-TPNONE,SHORT,S,0.5,1771208100,1771198200,1771199100.0,1771207200
6375223.749999898,default,0.5,5002.26,0,5002.26,4983.36,4983.86,F3,False,4684616.49,1723160.000000051,1702088.750000051,S7-TPNONE|F3|1771198200|SHORT,EXIT_TRAIL,True,S7-TPNONE,SHORT,S,0.5,1771208100,1771198200,1771199100.0,1771207200
2439582.499999847,default,0.5,4989.75,0,4989.75,4947.658984825343,4947.9,F1,True,4672900.875,3919252.500000034,3898181.250000034,S7-TPNONE|F1|1771273800|SHORT,EXIT_SL_RAISED,False,S7-TPNONE,SHORT,S,0.5,1771279693.86,1771273800,1771274700.0,1771279200
2439582.499999847,default,0.5,4989.75,0,4989.75,4947.658984825343,4947.9,F2,True,4672900.875,3919252.500000034,3898181.250000034,S7-TPNONE|F2|1771273800|SHORT,EXIT_SL_RAISED,False,S7-TPNONE,SHORT,S,0.5,1771279693.86,1771273800,1771274700.0,1771279200
2439582.499999847,default,0.5,4989.75,0,4989.75,4947.658984825343,4947.9,F3,True,4672900.875,3919252.500000034,3898181.250000034,S7-TPNONE|F3|1771273800|SHORT,EXIT_SL_RAISED,False,S7-TPNONE,SHORT,S,0.5,1771279693.86,1771273800,1771274700.0,1771279200
2442391.999999993,default,0.5,4957.34,0,4957.55,4886.3666873073535,4886.54,F1,True,4642745.575,6650086.5000000205,6629015.2500000205,S7-TPNONE|F1|1771281900|SHORT,EXIT_SL_RAISED,False,S7-TPNONE,SHORT,S,0.5,1771296403.701,1771281900,1771282800.0,1771296300
2442391.999999993,default,0.5,4957.34,0,4957.55,4886.3666873073535,4886.54,F2,True,4642745.575,6650086.5000000205,6629015.2500000205,S7-TPNONE|F2|1771281900|SHORT,EXIT_SL_RAISED,False,S7-TPNONE,SHORT,S,0.5,1771296403.701,1771281900,1771282800.0,1771296300
2442391.999999993,default,0.5,4957.34,0,4957.55,4886.3666873073535,4886.54,F3,True,4642745.575,6650086.5000000205,6629015.2500000205,S7-TPNONE|F3|1771281900|SHORT,EXIT_SL_RAISED,False,S7-TPNONE,SHORT,S,0.5,1771296403.701,1771281900,1771282800.0,1771296300
6947893.499999792,default,0.5,4858.97,0,4858.97,4878.675458252092,4879.12,F1,True,4550425.405,-1887047.499999966,-1908118.749999966,S7-TPNONE|F1|1771361100|SHORT,EXIT_SL_RAISED,False,S7-TPNONE,SHORT,S,0.5,1771364058.98,1771361100,1771362000.0,1771363800
6947893.499999792,default,0.5,4858.97,0,4858.97,4878.675458252092,4879.12,F2,True,4550425.405,-1887047.499999966,-1908118.749999966,S7-TPNONE|F2|1771361100|SHORT,EXIT_SL_RAISED,False,S7-TPNONE,SHORT,S,0.5,1771364058.98,1771361100,1771362000.0,1771363800
6947893.499999792,default,0.5,4858.97,0,4858.97,4878.675458252092,4879.12,F3,True,4550425.405,-1887047.499999966,-1908118.749999966,S7-TPNONE|F3|1771361100|SHORT,EXIT_SL_RAISED,False,S7-TPNONE,SHORT,S,0.5,1771364058.98,1771361100,1771362000.0,1771363800
4313050.749999942,default,0.5,4878.21,0,4878.71,4926.5728533986485,4926.37,F1,True,4568911.915,4463358.999999986,4442287.749999986,S7-TPNONE|F1|1771363800|LONG,EXIT_SL_RAISED,False,S7-TPNONE,LONG,L,0.5,1771384114.443,1771363800,1771364700.0,1771383600
4313050.749999942,default,0.5,4878.21,0,4878.71,4926.5728533986485,4926.37,F2,True,4568911.915,4463358.999999986,4442287.749999986,S7-TPNONE|F2|1771363800|LONG,EXIT_SL_RAISED,False,S7-TPNONE,LONG,L,0.5,1771384114.443,1771363800,1771364700.0,1771383600
4313050.749999942,default,0.5,4878.21,0,4878.71,4926.5728533986485,4926.37,F3,True,4568911.915,4463358.999999986,4442287.749999986,S7-TPNONE|F3|1771363800|LONG,EXIT_SL_RAISED,False,S7-TPNONE,LONG,L,0.5,1771384114.443,1771363800,1771364700.0,1771383600
2672771.000000082,default,0.5,4965.11,0,4965.11,4973.8112008042735,4973.97,F1,True,4649825.515,-829739.0000000545,-850810.2500000545,S7-TPNONE|F1|1771450200|SHORT,EXIT_SL_RAISED,False,S7-TPNONE,SHORT,S,0.5,1771455137.32,1771450200,1771451100.0,1771454700
2672771.000000082,default,0.5,4965.11,0,4965.11,4973.8112008042735,4973.97,F2,True,4649825.515,-829739.0000000545,-850810.2500000545,S7-TPNONE|F2|1771450200|SHORT,EXIT_SL_RAISED,False,S7-TPNONE,SHORT,S,0.5,1771455137.32,1771450200,1771451100.0,1771454700
2672771.000000082,default,0.5,4965.11,0,4965.11,4973.8112008042735,4973.97,F3,True,4649825.515,-829739.0000000545,-850810.2500000545,S7-TPNONE|F3|1771450200|SHORT,EXIT_SL_RAISED,False,S7-TPNONE,SHORT,S,0.5,1771455137.32,1771450200,1771451100.0,1771454700
1781222.9999999558,default,0.5,4968.04,0,4968.04,4977.59703005212,4977.61,F1,True,4652569.46,-896230.4999999728,-917301.7499999728,S7-TPNONE|F1|1771458300|SHORT,EXIT_SL_RAISED,False,S7-TPNONE,SHORT,S,0.5,1771461237.177,1771458300,1771459200.0,1771461000
1781222.9999999558,default,0.5,4968.04,0,4968.04,4977.59703005212,4977.61,F2,True,4652569.46,-896230.4999999728,-917301.7499999728,S7-TPNONE|F2|1771458300|SHORT,EXIT_SL_RAISED,False,S7-TPNONE,SHORT,S,0.5,1771461237.177,1771458300,1771459200.0,1771461000
1781222.9999999558,default,0.5,4968.04,0,4968.04,4977.59703005212,4977.61,F3,True,4652569.46,-896230.4999999728,-917301.7499999728,S7-TPNONE|F3|1771458300|SHORT,EXIT_SL_RAISED,False,S7-TPNONE,SHORT,S,0.5,1771461237.177,1771458300,1771459200.0,1771461000
4799562.500000085,default,0.5,4987.46,0,4987.46,4999.405907430028,4999.75,F1,True,4670756.29,-1150958.4999999965,-1172029.7499999965,S7-TPNONE|F1|1771533900|SHORT,EXIT_SL_RAISED,False,S7-TPNONE,SHORT,S,0.5,1771537938.908,1771533900,1771534800.0,1771537500
4799562.500000085,default,0.5,4987.46,0,4987.46,4999.405907430028,4999.75,F2,True,4670756.29,-1150958.4999999965,-1172029.7499999965,S7-TPNONE|F2|1771533900|SHORT,EXIT_SL_RAISED,False,S7-TPNONE,SHORT,S,0.5,1771537938.908,1771533900,1771534800.0,1771537500
4799562.500000085,default,0.5,4987.46,0,4987.46,4999.405907430028,4999.75,F3,True,4670756.29,-1150958.4999999965,-1172029.7499999965,S7-TPNONE|F3|1771533900|SHORT,EXIT_SL_RAISED,False,S7-TPNONE,SHORT,S,0.5,1771537938.908,1771533900,1771534800.0,1771537500
4331312.50000017,default,0.5,5006.38,0,5006.9,5000.253885940436,5000.24,F1,True,4688961.85,-623708.9999999864,-644780.2499999864,S7-TPNONE|F1|1771537500|LONG,EXIT_SL_RAISED,False,S7-TPNONE,LONG,L,0.5,1771539921.466,1771537500,1771538400.0,1771539300
4331312.50000017,default,0.5,5006.38,0,5006.9,5000.253885940436,5000.24,F2,True,4688961.85,-623708.9999999864,-644780.2499999864,S7-TPNONE|F2|1771537500|LONG,EXIT_SL_RAISED,False,S7-TPNONE,LONG,L,0.5,1771539921.466,1771537500,1771538400.0,1771539300
4331312.50000017,default,0.5,5006.38,0,5006.9,5000.253885940436,5000.24,F3,True,4688961.85,-623708.9999999864,-644780.2499999864,S7-TPNONE|F3|1771537500|LONG,EXIT_SL_RAISED,False,S7-TPNONE,LONG,L,0.5,1771539921.466,1771537500,1771538400.0,1771539300
4414660.999999776,default,0.5,4996.64,0,4996.6,4995.123874613719,4995.3,F1,True,4679315.9,121745.00000001704,100673.75000001704,S7-TPNONE|F1|1771542000|SHORT,EXIT_SL_RAISED,False,S7-TPNONE,SHORT,S,0.5,1771551049.94,1771542000,1771542900.0,1771551000
4414660.999999776,default,0.5,4996.64,0,4996.6,4995.123874613719,4995.3,F2,True,4679315.9,121745.00000001704,100673.75000001704,S7-TPNONE|F2|1771542000|SHORT,EXIT_SL_RAISED,False,S7-TPNONE,SHORT,S,0.5,1771551049.94,1771542000,1771542900.0,1771551000
4414660.999999776,default,0.5,4996.64,0,4996.6,4995.123874613719,4995.3,F3,True,4679315.9,121745.00000001704,100673.75000001704,S7-TPNONE|F3|1771542000|SHORT,EXIT_SL_RAISED,False,S7-TPNONE,SHORT,S,0.5,1771551049.94,1771542000,1771542900.0,1771551000
3618167.7499999353,default,0.5,5022.54,0,5023.04,5009.810108600179,5009.81,F1,True,4704076.96,-1238989.499999959,-1260060.749999959,S7-TPNONE|F1|1771560000|LONG,EXIT_SL_RAISED,False,S7-TPNONE,LONG,L,0.5,1771563384.427,1771560000,1771560900.0,1771562700
3618167.7499999353,default,0.5,5022.54,0,5023.04,5009.810108600179,5009.81,F2,True,4704076.96,-1238989.499999959,-1260060.749999959,S7-TPNONE|F2|1771560000|LONG,EXIT_SL_RAISED,False,S7-TPNONE,LONG,L,0.5,1771563384.427,1771560000,1771560900.0,1771562700
3618167.7499999353,default,0.5,5022.54,0,5023.04,5009.810108600179,5009.81,F3,True,4704076.96,-1238989.499999959,-1260060.749999959,S7-TPNONE|F3|1771560000|LONG,EXIT_SL_RAISED,False,S7-TPNONE,LONG,L,0.5,1771563384.427,1771560000,1771560900.0,1771562700
2975728.749999966,default,0.5,5152.6,0,5152.6,5138.489131566345,5138.56,F1,True,4825409.9,1314845.9999999965,1293774.7499999965,S7-TPNONE|F1|1771816500|SHORT,EXIT_SL_RAISED,False,S7-TPNONE,SHORT,S,0.5,1771826108.8,1771816500,1771817400.0,1771825500
2975728.749999966,default,0.5,5152.6,0,5152.6,5138.489131566345,5138.56,F2,True,4825409.9,1314845.9999999965,1293774.7499999965,S7-TPNONE|F2|1771816500|SHORT,EXIT_SL_RAISED,False,S7-TPNONE,SHORT,S,0.5,1771826108.8,1771816500,1771817400.0,1771825500
2975728.749999966,default,0.5,5152.6,0,5152.6,5138.489131566345,5138.56,F3,True,4825409.9,1314845.9999999965,1293774.7499999965,S7-TPNONE|F3|1771816500|SHORT,EXIT_SL_RAISED,False,S7-TPNONE,SHORT,S,0.5,1771826108.8,1771816500,1771817400.0,1771825500
3347051.0000000647,default,0.5,5223.72,0,5223.86,5167.938840670728,5168.04,F1,True,4892144.89,5227542.999999973,5206471.749999973,S7-TPNONE|F1|1771883100|SHORT,EXIT_SL_RAISED,False,S7-TPNONE,SHORT,S,0.5,1771885807.269,1771883100,1771884000.0,1771885800
3347051.0000000647,default,0.5,5223.72,0,5223.86,5167.938840670728,5168.04,F2,True,4892144.89,5227542.999999973,5206471.749999973,S7-TPNONE|F2|1771883100|SHORT,EXIT_SL_RAISED,False,S7-TPNONE,SHORT,S,0.5,1771885807.269,1771883100,1771884000.0,1771885800
3347051.0000000647,default,0.5,5223.72,0,5223.86,5167.938840670728,5168.04,F3,True,4892144.89,5227542.999999973,5206471.749999973,S7-TPNONE|F3|1771883100|SHORT,EXIT_SL_RAISED,False,S7-TPNONE,SHORT,S,0.5,1771885807.269,1771883100,1771884000.0,1771885800
4168361.5000001057,default,0.5,5182.45,0,5182.96,5167.920487590759,5167.58,F1,True,4853842.04,-1440337.0000000102,-1461408.2500000102,S7-TPNONE|F1|1771901100|LONG,EXIT_SL_RAISED,False,S7-TPNONE,LONG,L,0.5,1771903781.261,1771901100,1771902000.0,1771902900
4168361.5000001057,default,0.5,5182.45,0,5182.96,5167.920487590759,5167.58,F2,True,4853842.04,-1440337.0000000102,-1461408.2500000102,S7-TPNONE|F2|1771901100|LONG,EXIT_SL_RAISED,False,S7-TPNONE,LONG,L,0.5,1771903781.261,1771901100,1771902000.0,1771902900
4168361.5000001057,default,0.5,5182.45,0,5182.96,5167.920487590759,5167.58,F3,True,4853842.04,-1440337.0000000102,-1461408.2500000102,S7-TPNONE|F3|1771901100|LONG,EXIT_SL_RAISED,False,S7-TPNONE,LONG,L,0.5,1771903781.261,1771901100,1771902000.0,1771902900
8864440.750000061,default,0.5,5135.6,0,5135.6,5146.461769222607,5146.6,F1,True,4809489.4,-1030150.0,-1051221.25,S7-TPNONE|F1|1771963200|SHORT,EXIT_SL_RAISED,False,S7-TPNONE,SHORT,S,0.5,1771965754.307,1771963200,1771964100.0,1771965000
8864440.750000061,default,0.5,5135.6,0,5135.6,5146.461769222607,5146.6,F2,True,4809489.4,-1030150.0,-1051221.25,S7-TPNONE|F2|1771963200|SHORT,EXIT_SL_RAISED,False,S7-TPNONE,SHORT,S,0.5,1771965754.307,1771963200,1771964100.0,1771965000
8864440.750000061,default,0.5,5135.6,0,5135.6,5146.461769222607,5146.6,F3,True,4809489.4,-1030150.0,-1051221.25,S7-TPNONE|F3|1771963200|SHORT,EXIT_SL_RAISED,False,S7-TPNONE,SHORT,S,0.5,1771965754.307,1771963200,1771964100.0,1771965000
4295725.500000245,default,0.5,5152.15,0,5152.65,5174.571547889493,5174.44,F1,True,4825456.725,2040633.4999999965,2019562.2499999965,S7-TPNONE|F1|1771969500|LONG,EXIT_SL_RAISED,False,S7-TPNONE,LONG,L,0.5,1771977062.493,1771969500,1771970400.0,1771976700
4295725.500000245,default,0.5,5152.15,0,5152.65,5174.571547889493,5174.44,F2,True,4825456.725,2040633.4999999965,2019562.2499999965,S7-TPNONE|F2|1771969500|LONG,EXIT_SL_RAISED,False,S7-TPNONE,LONG,L,0.5,1771977062.493,1771969500,1771970400.0,1771976700
4295725.500000245,default,0.5,5152.15,0,5152.65,5174.571547889493,5174.44,F3,True,4825456.725,2040633.4999999965,2019562.2499999965,S7-TPNONE|F3|1771969500|LONG,EXIT_SL_RAISED,False,S7-TPNONE,LONG,L,0.5,1771977062.493,1771969500,1771970400.0,1771976700
2632969.749999809,default,0.5,5188.29,0,5188.74,5195.030674154452,5194.65,F1,True,4859255.01,553471.4999999864,532400.2499999864,S7-TPNONE|F1|1771984800|LONG,EXIT_SL_RAISED,False,S7-TPNONE,LONG,L,0.5,1771988592.437,1771984800,1771985700.0,1771988400
2632969.749999809,default,0.5,5188.29,0,5188.74,5195.030674154452,5194.65,F2,True,4859255.01,553471.4999999864,532400.2499999864,S7-TPNONE|F2|1771984800|LONG,EXIT_SL_RAISED,False,S7-TPNONE,LONG,L,0.5,1771988592.437,1771984800,1771985700.0,1771988400
2632969.749999809,default,0.5,5188.29,0,5188.74,5195.030674154452,5194.65,F3,True,4859255.01,553471.4999999864,532400.2499999864,S7-TPNONE|F3|1771984800|LONG,EXIT_SL_RAISED,False,S7-TPNONE,LONG,L,0.5,1771988592.437,1771984800,1771985700.0,1771988400
5589968.500000133,default,0.5,5162.89,0,5162.97,5174.202388618091,5174.55,F1,True,4835121.405,-1084466.9999999932,-1105538.2499999932,S7-TPNONE|F1|1772052300|SHORT,EXIT_SL_RAISED,False,S7-TPNONE,SHORT,S,0.5,1772054303.239,1772052300,1772053200.0,1772054100
5589968.500000133,default,0.5,5162.89,0,5162.97,5174.202388618091,5174.55,F2,True,4835121.405,-1084466.9999999932,-1105538.2499999932,S7-TPNONE|F2|1772052300|SHORT,EXIT_SL_RAISED,False,S7-TPNONE,SHORT,S,0.5,1772054303.239,1772052300,1772053200.0,1772054100
5589968.500000133,default,0.5,5162.89,0,5162.97,5174.202388618091,5174.55,F3,True,4835121.405,-1084466.9999999932,-1105538.2499999932,S7-TPNONE|F3|1772052300|SHORT,EXIT_SL_RAISED,False,S7-TPNONE,SHORT,S,0.5,1772054303.239,1772052300,1772053200.0,1772054100
6052131.25,default,0.5,5184.89,0,5185.62,5179.442071628454,5179.44,F1,True,4856333.13,-578757.0000000272,-599828.2500000272,S7-TPNONE|F1|1772054100|LONG,EXIT_SL_RAISED,False,S7-TPNONE,LONG,L,0.5,1772058535.693,1772054100,1772055000.0,1772057700
6052131.25,default,0.5,5184.89,0,5185.62,5179.442071628454,5179.44,F2,True,4856333.13,-578757.0000000272,-599828.2500000272,S7-TPNONE|F2|1772054100|LONG,EXIT_SL_RAISED,False,S7-TPNONE,LONG,L,0.5,1772058535.693,1772054100,1772055000.0,1772057700
6052131.25,default,0.5,5184.89,0,5185.62,5179.442071628454,5179.44,F3,True,4856333.13,-578757.0000000272,-599828.2500000272,S7-TPNONE|F3|1772054100|LONG,EXIT_SL_RAISED,False,S7-TPNONE,LONG,L,0.5,1772058535.693,1772054100,1772055000.0,1772057700
2987434.999999966,default,0.5,5180.66,0,5180.66,5187.08,5187.58,F1,False,4851688.09,-648058.0000000069,-648058.0000000069,S7-TPNONE|F1|1772061300|SHORT,reverse,False,S7-TPNONE,SHORT,S,0.5,1772064900,1772061300,1772062200.0,1772064000
2987434.999999966,default,0.5,5180.66,0,5180.66,5187.08,5187.58,F2,False,4851688.09,-648058.0000000069,-648058.0000000069,S7-TPNONE|F2|1772061300|SHORT,reverse,False,S7-TPNONE,SHORT,S,0.5,1772064900,1772061300,1772062200.0,1772064000
2987434.999999966,default,0.5,5180.66,0,5180.66,5187.08,5187.58,F3,False,4851688.09,-648058.0000000069,-648058.0000000069,S7-TPNONE|F3|1772061300|SHORT,reverse,False,S7-TPNONE,SHORT,S,0.5,1772064900,1772061300,1772062200.0,1772064000
1630914.7499999115,default,0.5,5187.08,0,5187.58,5191.904231569056,5191.79,F1,True,4858168.67,394266.50000000343,373195.25000000343,S7-TPNONE|F1|1772064000|LONG,EXIT_SL_RAISED,False,S7-TPNONE,LONG,L,0.5,1772074098.028,1772064000,1772064900.0,1772073900
1630914.7499999115,default,0.5,5187.08,0,5187.58,5191.904231569056,5191.79,F2,True,4858168.67,394266.50000000343,373195.25000000343,S7-TPNONE|F2|1772064000|LONG,EXIT_SL_RAISED,False,S7-TPNONE,LONG,L,0.5,1772074098.028,1772064000,1772064900.0,1772073900
1630914.7499999115,default,0.5,5187.08,0,5187.58,5191.904231569056,5191.79,F3,True,4858168.67,394266.50000000343,373195.25000000343,S7-TPNONE|F3|1772064000|LONG,EXIT_SL_RAISED,False,S7-TPNONE,LONG,L,0.5,1772074098.028,1772064000,1772064900.0,1772073900
2595509.749999843,default,0.5,5188.09,0,5188.44,5174.510968227439,5174.31,F1,True,4858974.06,-1323274.499999925,-1344345.749999925,S7-TPNONE|F1|1772140500|LONG,EXIT_SL_RAISED,False,S7-TPNONE,LONG,L,0.5,1772142300.47,1772140500,1772141400.0,1772142300
2595509.749999843,default,0.5,5188.09,0,5188.44,5174.510968227439,5174.31,F2,True,4858974.06,-1323274.499999925,-1344345.749999925,S7-TPNONE|F2|1772140500|LONG,EXIT_SL_RAISED,False,S7-TPNONE,LONG,L,0.5,1772142300.47,1772140500,1772141400.0,1772142300
2595509.749999843,default,0.5,5188.09,0,5188.44,5174.510968227439,5174.31,F3,True,4858974.06,-1323274.499999925,-1344345.749999925,S7-TPNONE|F3|1772140500|LONG,EXIT_SL_RAISED,False,S7-TPNONE,LONG,L,0.5,1772142300.47,1772140500,1772141400.0,1772142300
5663015.500000024,default,0.5,5188.3,0,5188.77,5184.867119180905,5184.83,F1,True,4859283.105,-368981.0000000477,-390052.2500000477,S7-TPNONE|F1|1772145000|LONG,EXIT_SL_RAISED,False,S7-TPNONE,LONG,L,0.5,1772148207.571,1772145000,1772145900.0,1772147700
5663015.500000024,default,0.5,5188.3,0,5188.77,5184.867119180905,5184.83,F2,True,4859283.105,-368981.0000000477,-390052.2500000477,S7-TPNONE|F2|1772145000|LONG,EXIT_SL_RAISED,False,S7-TPNONE,LONG,L,0.5,1772148207.571,1772145000,1772145900.0,1772147700
5663015.500000024,default,0.5,5188.3,0,5188.77,5184.867119180905,5184.83,F3,True,4859283.105,-368981.0000000477,-390052.2500000477,S7-TPNONE|F3|1772145000|LONG,EXIT_SL_RAISED,False,S7-TPNONE,LONG,L,0.5,1772148207.571,1772145000,1772145900.0,1772147700
1269425.749999942,default,0.5,5186.45,0,5186.95,5189.055374253179,5188.74,F1,True,4857578.675,167633.4999999966,146562.2499999966,S7-TPNONE|F1|1772154000|LONG,EXIT_SL_RAISED,False,S7-TPNONE,LONG,L,0.5,1772164431.034,1772154000,1772154900.0,1772163900
1269425.749999942,default,0.5,5186.45,0,5186.95,5189.055374253179,5188.74,F2,True,4857578.675,167633.4999999966,146562.2499999966,S7-TPNONE|F2|1772154000|LONG,EXIT_SL_RAISED,False,S7-TPNONE,LONG,L,0.5,1772164431.034,1772154000,1772154900.0,1772163900
1269425.749999942,default,0.5,5186.45,0,5186.95,5189.055374253179,5188.74,F3,True,4857578.675,167633.4999999966,146562.2499999966,S7-TPNONE|F3|1772154000|LONG,EXIT_SL_RAISED,False,S7-TPNONE,LONG,L,0.5,1772164431.034,1772154000,1772154900.0,1772163900
11014176.500000054,default,0.5,5117.11,0,5117.58,5161.354886642423,5161.23,F1,True,4792613.67,4087822.499999966,4066751.249999966,S7-TPNONE|F1|1772568000|LONG,EXIT_SL_RAISED,False,S7-TPNONE,LONG,L,0.5,1772582102.138,1772568000,1772568900.0,1772581500
11014176.500000054,default,0.5,5117.11,0,5117.58,5161.354886642423,5161.23,F2,True,4792613.67,4087822.499999966,4066751.249999966,S7-TPNONE|F2|1772568000|LONG,EXIT_SL_RAISED,False,S7-TPNONE,LONG,L,0.5,1772582102.138,1772568000,1772568900.0,1772581500
11014176.500000054,default,0.5,5117.11,0,5117.58,5161.354886642423,5161.23,F3,True,4792613.67,4087822.499999966,4066751.249999966,S7-TPNONE|F3|1772568000|LONG,EXIT_SL_RAISED,False,S7-TPNONE,LONG,L,0.5,1772582102.138,1772568000,1772568900.0,1772581500
5585286.0000001155,default,0.5,5174.41,0,5174.83,5153.954513068317,5153.82,F1,True,4846228.295,-1967586.5000000205,-1988657.7500000205,S7-TPNONE|F1|1772585100|LONG,EXIT_SL_RAISED,False,S7-TPNONE,LONG,L,0.5,1772588572.222,1772585100,1772586000.0,1772587800
5585286.0000001155,default,0.5,5174.41,0,5174.83,5153.954513068317,5153.82,F2,True,4846228.295,-1967586.5000000205,-1988657.7500000205,S7-TPNONE|F2|1772585100|LONG,EXIT_SL_RAISED,False,S7-TPNONE,LONG,L,0.5,1772588572.222,1772585100,1772586000.0,1772587800
5585286.0000001155,default,0.5,5174.41,0,5174.83,5153.954513068317,5153.82,F3,True,4846228.295,-1967586.5000000205,-1988657.7500000205,S7-TPNONE|F3|1772585100|LONG,EXIT_SL_RAISED,False,S7-TPNONE,LONG,L,0.5,1772588572.222,1772585100,1772586000.0,1772587800
4548580.500000058,default,0.5,5160.27,0,5161.24,5151.189934588055,5150.99,F1,True,4833501.26,-959912.5,-980983.75,S7-TPNONE|F1|1772595900|LONG,EXIT_SL_RAISED,False,S7-TPNONE,LONG,L,0.5,1772600965.568,1772595900,1772596800.0,1772600400
4548580.500000058,default,0.5,5160.27,0,5161.24,5151.189934588055,5150.99,F2,True,4833501.26,-959912.5,-980983.75,S7-TPNONE|F2|1772595900|LONG,EXIT_SL_RAISED,False,S7-TPNONE,LONG,L,0.5,1772600965.568,1772595900,1772596800.0,1772600400
4548580.500000058,default,0.5,5160.27,0,5161.24,5151.189934588055,5150.99,F3,True,4833501.26,-959912.5,-980983.75,S7-TPNONE|F3|1772595900|LONG,EXIT_SL_RAISED,False,S7-TPNONE,LONG,L,0.5,1772600965.568,1772595900,1772596800.0,1772600400
3051116.999999993,default,0.5,5178.57,0,5179.07,5177.344405492401,5177.33,F1,True,4850199.055,-162950.99999997957,-184022.24999997957,S7-TPNONE|F1|1772665200|LONG,EXIT_SL_RAISED,False,S7-TPNONE,LONG,L,0.5,1772672425.495,1772665200,1772666100.0,1772672400
3051116.999999993,default,0.5,5178.57,0,5179.07,5177.344405492401,5177.33,F2,True,4850199.055,-162950.99999997957,-184022.24999997957,S7-TPNONE|F2|1772665200|LONG,EXIT_SL_RAISED,False,S7-TPNONE,LONG,L,0.5,1772672425.495,1772665200,1772666100.0,1772672400
3051116.999999993,default,0.5,5178.57,0,5179.07,5177.344405492401,5177.33,F3,True,4850199.055,-162950.99999997957,-184022.24999997957,S7-TPNONE|F3|1772665200|LONG,EXIT_SL_RAISED,False,S7-TPNONE,LONG,L,0.5,1772672425.495,1772665200,1772666100.0,1772672400
4748055.000000068,default,0.5,5083.5,0,5083.48,5088.892280830273,5088.94,F1,True,4760679.02,-511329.00000000343,-532400.2500000035,S7-TPNONE|F1|1772746200|SHORT,EXIT_SL_RAISED,False,S7-TPNONE,SHORT,S,0.5,1772749854.322,1772746200,1772747100.0,1772749800
4748055.000000068,default,0.5,5083.5,0,5083.48,5088.892280830273,5088.94,F2,True,4760679.02,-511329.00000000343,-532400.2500000035,S7-TPNONE|F2|1772746200|SHORT,EXIT_SL_RAISED,False,S7-TPNONE,SHORT,S,0.5,1772749854.322,1772746200,1772747100.0,1772749800
4748055.000000068,default,0.5,5083.5,0,5083.48,5088.892280830273,5088.94,F3,True,4760679.02,-511329.00000000343,-532400.2500000035,S7-TPNONE|F3|1772746200|SHORT,EXIT_SL_RAISED,False,S7-TPNONE,SHORT,S,0.5,1772749854.322,1772746200,1772747100.0,1772749800
11240341.249999966,default,0.5,5118.52,0,5118.77,5125.925345865055,5125.67,F1,True,4793728.105,646184.9999999659,625113.7499999659,S7-TPNONE|F1|1772749800|LONG,EXIT_SL_RAISED,False,S7-TPNONE,LONG,L,0.5,1772762419.183,1772749800,1772750700.0,1772762400
11240341.249999966,default,0.5,5118.52,0,5118.77,5125.925345865055,5125.67,F2,True,4793728.105,646184.9999999659,625113.7499999659,S7-TPNONE|F2|1772749800|LONG,EXIT_SL_RAISED,False,S7-TPNONE,LONG,L,0.5,1772762419.183,1772749800,1772750700.0,1772762400
11240341.249999966,default,0.5,5118.52,0,5118.77,5125.925345865055,5125.67,F3,True,4793728.105,646184.9999999659,625113.7499999659,S7-TPNONE|F3|1772749800|LONG,EXIT_SL_RAISED,False,S7-TPNONE,LONG,L,0.5,1772762419.183,1772749800,1772750700.0,1772762400
17265782.249999896,default,0.5,5125.47,0,5125.79,5067.289042268102,5067.33,F1,True,4800302.335,5474779.000000004,5453707.750000004,S7-TPNONE|F1|1772998200|SHORT,EXIT_SL_RAISED,False,S7-TPNONE,SHORT,S,0.5,1773007941.228,1772998200,1772999100.0,1773007200
17265782.249999896,default,0.5,5125.47,0,5125.79,5067.289042268102,5067.33,F2,True,4800302.335,5474779.000000004,5453707.750000004,S7-TPNONE|F2|1772998200|SHORT,EXIT_SL_RAISED,False,S7-TPNONE,SHORT,S,0.5,1773007941.228,1772998200,1772999100.0,1773007200
17265782.249999896,default,0.5,5125.47,0,5125.79,5067.289042268102,5067.33,F3,True,4800302.335,5474779.000000004,5453707.750000004,S7-TPNONE|F3|1772998200|SHORT,EXIT_SL_RAISED,False,S7-TPNONE,SHORT,S,0.5,1773007941.228,1772998200,1772999100.0,1773007200
13013135.749999823,default,0.5,5094.32,0,5094.82,5113.151457465987,5113.13,F1,True,4771298.93,1714731.5000000375,1693660.2500000375,S7-TPNONE|F1|1773010800|LONG,EXIT_SL_RAISED,False,S7-TPNONE,LONG,L,0.5,1773027806.367,1773010800,1773011700.0,1773027000
13013135.749999823,default,0.5,5094.32,0,5094.82,5113.151457465987,5113.13,F2,True,4771298.93,1714731.5000000375,1693660.2500000375,S7-TPNONE|F2|1773010800|LONG,EXIT_SL_RAISED,False,S7-TPNONE,LONG,L,0.5,1773027806.367,1773010800,1773011700.0,1773027000
13013135.749999823,default,0.5,5094.32,0,5094.82,5113.151457465987,5113.13,F3,True,4771298.93,1714731.5000000375,1693660.2500000375,S7-TPNONE|F3|1773010800|LONG,EXIT_SL_RAISED,False,S7-TPNONE,LONG,L,0.5,1773027806.367,1773010800,1773011700.0,1773027000
4560755.000000068,default,0.5,5097.45,0,5097.63,5110.040695298338,5110.05,F1,True,4773930.495,-1163133.0000000068,-1184204.2500000068,S7-TPNONE|F1|1773027900|SHORT,EXIT_SL_RAISED,False,S7-TPNONE,SHORT,S,0.5,1773036544.4,1773027900,1773028800.0,1773036000
4560755.000000068,default,0.5,5097.45,0,5097.63,5110.040695298338,5110.05,F2,True,4773930.495,-1163133.0000000068,-1184204.2500000068,S7-TPNONE|F2|1773027900|SHORT,EXIT_SL_RAISED,False,S7-TPNONE,SHORT,S,0.5,1773036544.4,1773027900,1773028800.0,1773036000
4560755.000000068,default,0.5,5097.45,0,5097.63,5110.040695298338,5110.05,F3,True,4773930.495,-1163133.0000000068,-1184204.2500000068,S7-TPNONE|F3|1773027900|SHORT,EXIT_SL_RAISED,False,S7-TPNONE,SHORT,S,0.5,1773036544.4,1773027900,1773028800.0,1773036000
5529095.999999741,default,0.5,5152.67,0,5153.32,5136.031594697848,5135.94,F1,True,4826084.18,-1627637.0000000102,-1648708.2500000102,S7-TPNONE|F1|1773085500|LONG,EXIT_SL_RAISED,False,S7-TPNONE,LONG,L,0.5,1773090026.428,1773085500,1773086400.0,1773090000
5529095.999999741,default,0.5,5152.67,0,5153.32,5136.031594697848,5135.94,F2,True,4826084.18,-1627637.0000000102,-1648708.2500000102,S7-TPNONE|F2|1773085500|LONG,EXIT_SL_RAISED,False,S7-TPNONE,LONG,L,0.5,1773090026.428,1773085500,1773086400.0,1773090000
5529095.999999741,default,0.5,5152.67,0,5153.32,5136.031594697848,5135.94,F3,True,4826084.18,-1627637.0000000102,-1648708.2500000102,S7-TPNONE|F3|1773085500|LONG,EXIT_SL_RAISED,False,S7-TPNONE,LONG,L,0.5,1773090026.428,1773085500,1773086400.0,1773090000
8520745.249999885,default,0.5,5143.18,0,5143.68,5164.941005851594,5164.82,F1,True,4817056.32,1979760.9999999455,1958689.7499999455,S7-TPNONE|F1|1773093600|LONG,EXIT_SL_RAISED,False,S7-TPNONE,LONG,L,0.5,1773100745.838,1773093600,1773094500.0,1773099900
8520745.249999885,default,0.5,5143.18,0,5143.68,5164.941005851594,5164.82,F2,True,4817056.32,1979760.9999999455,1958689.7499999455,S7-TPNONE|F2|1773093600|LONG,EXIT_SL_RAISED,False,S7-TPNONE,LONG,L,0.5,1773100745.838,1773093600,1773094500.0,1773099900
8520745.249999885,default,0.5,5143.18,0,5143.68,5164.941005851594,5164.82,F3,True,4817056.32,1979760.9999999455,1958689.7499999455,S7-TPNONE|F3|1773093600|LONG,EXIT_SL_RAISED,False,S7-TPNONE,LONG,L,0.5,1773100745.838,1773093600,1773094500.0,1773099900
3142425.749999857,default,0.5,5172.73,0,5173.23,5166.91398823164,5166.89,F1,True,4844729.895,-593740.9999999284,-614812.2499999284,S7-TPNONE|F1|1773108000|LONG,EXIT_SL_RAISED,False,S7-TPNONE,LONG,L,0.5,1773116440.837,1773108000,1773108900.0,1773116100
3142425.749999857,default,0.5,5172.73,0,5173.23,5166.91398823164,5166.89,F2,True,4844729.895,-593740.9999999284,-614812.2499999284,S7-TPNONE|F2|1773108000|LONG,EXIT_SL_RAISED,False,S7-TPNONE,LONG,L,0.5,1773116440.837,1773108000,1773108900.0,1773116100
3142425.749999857,default,0.5,5172.73,0,5173.23,5166.91398823164,5166.89,F3,True,4844729.895,-593740.9999999284,-614812.2499999284,S7-TPNONE|F3|1773108000|LONG,EXIT_SL_RAISED,False,S7-TPNONE,LONG,L,0.5,1773116440.837,1773108000,1773108900.0,1773116100
2894721.4999999013,default,0.5,5190.56,0,5190.56,5201.608104064555,5201.75,F1,True,4860959.44,-1047943.4999999625,-1069014.7499999625,S7-TPNONE|F1|1773170100|SHORT,EXIT_SL_RAISED,False,S7-TPNONE,SHORT,S,0.5,1773177516.436,1773170100,1773171000.0,1773177300
2894721.4999999013,default,0.5,5190.56,0,5190.56,5201.608104064555,5201.75,F2,True,4860959.44,-1047943.4999999625,-1069014.7499999625,S7-TPNONE|F2|1773170100|SHORT,EXIT_SL_RAISED,False,S7-TPNONE,SHORT,S,0.5,1773177516.436,1773170100,1773171000.0,1773177300
2894721.4999999013,default,0.5,5190.56,0,5190.56,5201.608104064555,5201.75,F3,True,4860959.44,-1047943.4999999625,-1069014.7499999625,S7-TPNONE|F3|1773170100|SHORT,EXIT_SL_RAISED,False,S7-TPNONE,SHORT,S,0.5,1773177516.436,1773170100,1773171000.0,1773177300
4413256.250000255,default,0.5,5201.47,0,5201.36,5216.207149415743,5216.27,F1,True,4871073.64,-1396321.5000000715,-1417392.7500000715,S7-TPNONE|F1|1773183600|SHORT,EXIT_SL_RAISED,False,S7-TPNONE,SHORT,S,0.5,1773186652.23,1773183600,1773184500.0,1773186300
4413256.250000255,default,0.5,5201.47,0,5201.36,5216.207149415743,5216.27,F2,True,4871073.64,-1396321.5000000715,-1417392.7500000715,S7-TPNONE|F2|1773183600|SHORT,EXIT_SL_RAISED,False,S7-TPNONE,SHORT,S,0.5,1773186652.23,1773183600,1773184500.0,1773186300
4413256.250000255,default,0.5,5201.47,0,5201.36,5216.207149415743,5216.27,F3,True,4871073.64,-1396321.5000000715,-1417392.7500000715,S7-TPNONE|F3|1773183600|SHORT,EXIT_SL_RAISED,False,S7-TPNONE,SHORT,S,0.5,1773186652.23,1773183600,1773184500.0,1773186300
2688691.5000000885,default,0.5,5203.16,0,5203.16,5203.195096965799,5203.22,F1,True,4872759.34,-5619.000000037477,-26690.25000003748,S7-TPNONE|F1|1773189900|SHORT,EXIT_SL_RAISED,False,S7-TPNONE,SHORT,S,0.5,1773198483.491,1773189900,1773190800.0,1773198000
2688691.5000000885,default,0.5,5203.16,0,5203.16,5203.195096965799,5203.22,F2,True,4872759.34,-5619.000000037477,-26690.25000003748,S7-TPNONE|F2|1773189900|SHORT,EXIT_SL_RAISED,False,S7-TPNONE,SHORT,S,0.5,1773198483.491,1773189900,1773190800.0,1773198000
2688691.5000000885,default,0.5,5203.16,0,5203.16,5203.195096965799,5203.22,F3,True,4872759.34,-5619.000000037477,-26690.25000003748,S7-TPNONE|F3|1773189900|SHORT,EXIT_SL_RAISED,False,S7-TPNONE,SHORT,S,0.5,1773198483.491,1773189900,1773190800.0,1773198000
4643167.000000078,default,0.5,5194.72,0,5194.72,5197.749323837683,5197.9,F1,True,4864855.28,-297806.9999999421,-318878.2499999421,S7-TPNONE|F1|1773199800|SHORT,EXIT_SL_RAISED,False,S7-TPNONE,SHORT,S,0.5,1773206046.423,1773199800,1773200700.0,1773205200
4643167.000000078,default,0.5,5194.72,0,5194.72,5197.749323837683,5197.9,F2,True,4864855.28,-297806.9999999421,-318878.2499999421,S7-TPNONE|F2|1773199800|SHORT,EXIT_SL_RAISED,False,S7-TPNONE,SHORT,S,0.5,1773206046.423,1773199800,1773200700.0,1773205200
4643167.000000078,default,0.5,5194.72,0,5194.72,5197.749323837683,5197.9,F3,True,4864855.28,-297806.9999999421,-318878.2499999421,S7-TPNONE|F3|1773199800|SHORT,EXIT_SL_RAISED,False,S7-TPNONE,SHORT,S,0.5,1773206046.423,1773199800,1773200700.0,1773205200
4802840.250000156,default,0.5,5174.99,0,5175.03,5166.930037308439,5166.97,F1,True,4846415.595,754818.9999999523,733747.7499999523,S7-TPNONE|F1|1773255600|SHORT,EXIT_SL_RAISED,False,S7-TPNONE,SHORT,S,0.5,1773258547.165,1773255600,1773256500.0,1773258300
4802840.250000156,default,0.5,5174.99,0,5175.03,5166.930037308439,5166.97,F2,True,4846415.595,754818.9999999523,733747.7499999523,S7-TPNONE|F2|1773255600|SHORT,EXIT_SL_RAISED,False,S7-TPNONE,SHORT,S,0.5,1773258547.165,1773255600,1773256500.0,1773258300
4802840.250000156,default,0.5,5174.99,0,5175.03,5166.930037308439,5166.97,F3,True,4846415.595,754818.9999999523,733747.7499999523,S7-TPNONE|F3|1773255600|SHORT,EXIT_SL_RAISED,False,S7-TPNONE,SHORT,S,0.5,1773258547.165,1773255600,1773256500.0,1773258300
12028874.249999888,default,0.5,5138.96,0,5138.96,5153.059802577175,5153.41,F1,True,4812636.04,-1353242.499999983,-1374313.749999983,S7-TPNONE|F1|1773258300|SHORT,EXIT_SL_RAISED,False,S7-TPNONE,SHORT,S,0.5,1773260113.33,1773258300,1773259200.0,1773260100
12028874.249999888,default,0.5,5138.96,0,5138.96,5153.059802577175,5153.41,F2,True,4812636.04,-1353242.499999983,-1374313.749999983,S7-TPNONE|F2|1773258300|SHORT,EXIT_SL_RAISED,False,S7-TPNONE,SHORT,S,0.5,1773260113.33,1773258300,1773259200.0,1773260100
12028874.249999888,default,0.5,5138.96,0,5138.96,5153.059802577175,5153.41,F3,True,4812636.04,-1353242.499999983,-1374313.749999983,S7-TPNONE|F3|1773258300|SHORT,EXIT_SL_RAISED,False,S7-TPNONE,SHORT,S,0.5,1773260113.33,1773258300,1773259200.0,1773260100
5126400.999999895,default,0.5,5169.54,0,5170.19,5158.018556275321,5157.98,F1,True,4841882.935,-1143466.5000000035,-1164537.7500000035,S7-TPNONE|F1|1773268200|LONG,EXIT_SL_RAISED,False,S7-TPNONE,LONG,L,0.5,1773272513.363,1773268200,1773269100.0,1773271800
5126400.999999895,default,0.5,5169.54,0,5170.19,5158.018556275321,5157.98,F2,True,4841882.935,-1143466.5000000035,-1164537.7500000035,S7-TPNONE|F2|1773268200|LONG,EXIT_SL_RAISED,False,S7-TPNONE,LONG,L,0.5,1773272513.363,1773268200,1773269100.0,1773271800
5126400.999999895,default,0.5,5169.54,0,5170.19,5158.018556275321,5157.98,F3,True,4841882.935,-1143466.5000000035,-1164537.7500000035,S7-TPNONE|F3|1773268200|LONG,EXIT_SL_RAISED,False,S7-TPNONE,LONG,L,0.5,1773272513.363,1773268200,1773269100.0,1773271800
5021512.99999999,default,0.5,5157.34,0,5157.37,5150.6034736093225,5151.57,F1,True,4829877.005,543170.000000017,522098.750000017,S7-TPNONE|F1|1773271800|SHORT,EXIT_SL_RAISED,False,S7-TPNONE,SHORT,S,0.5,1773283044.639,1773271800,1773272700.0,1773282600
5021512.99999999,default,0.5,5157.34,0,5157.37,5150.6034736093225,5151.57,F2,True,4829877.005,543170.000000017,522098.750000017,S7-TPNONE|F2|1773271800|SHORT,EXIT_SL_RAISED,False,S7-TPNONE,SHORT,S,0.5,1773283044.639,1773271800,1773272700.0,1773282600
5021512.99999999,default,0.5,5157.34,0,5157.37,5150.6034736093225,5151.57,F3,True,4829877.005,543170.000000017,522098.750000017,S7-TPNONE|F3|1773271800|SHORT,EXIT_SL_RAISED,False,S7-TPNONE,SHORT,S,0.5,1773283044.639,1773271800,1773272700.0,1773282600
5089409.2499999385,default,0.5,5124.02,0,5124.49,5114.76161410943,5114.71,F1,True,4799084.885,-915896.9999999761,-936968.2499999761,S7-TPNONE|F1|1773355500|LONG,EXIT_SL_RAISED,False,S7-TPNONE,LONG,L,0.5,1773359181.438,1773355500,1773356400.0,1773359100
5089409.2499999385,default,0.5,5124.02,0,5124.49,5114.76161410943,5114.71,F2,True,4799084.885,-915896.9999999761,-936968.2499999761,S7-TPNONE|F2|1773355500|LONG,EXIT_SL_RAISED,False,S7-TPNONE,LONG,L,0.5,1773359181.438,1773355500,1773356400.0,1773359100
5089409.2499999385,default,0.5,5124.02,0,5124.49,5114.76161410943,5114.71,F3,True,4799084.885,-915896.9999999761,-936968.2499999761,S7-TPNONE|F3|1773355500|LONG,EXIT_SL_RAISED,False,S7-TPNONE,LONG,L,0.5,1773359181.438,1773355500,1773356400.0,1773359100
2019093.999999867,default,0.5,5115.48,0,5115.98,5105.727696431483,5105.13,F1,True,4791115.27,-1016102.4999999489,-1037173.7499999489,S7-TPNONE|F1|1773362700|LONG,EXIT_SL_RAISED,False,S7-TPNONE,LONG,L,0.5,1773365083.337,1773362700,1773363600.0,1773364500
2019093.999999867,default,0.5,5115.48,0,5115.98,5105.727696431483,5105.13,F2,True,4791115.27,-1016102.4999999489,-1037173.7499999489,S7-TPNONE|F2|1773362700|LONG,EXIT_SL_RAISED,False,S7-TPNONE,LONG,L,0.5,1773365083.337,1773362700,1773363600.0,1773364500
2019093.999999867,default,0.5,5115.48,0,5115.98,5105.727696431483,5105.13,F3,True,4791115.27,-1016102.4999999489,-1037173.7499999489,S7-TPNONE|F3|1773362700|LONG,EXIT_SL_RAISED,False,S7-TPNONE,LONG,L,0.5,1773365083.337,1773362700,1773363600.0,1773364500
1873000.0,default,0.5,5005.88,1,5004.08,5011.778228290614,5011.9,F1,True,4686320.92,-732342.9999999728,-753414.2499999728,S7-TPNONE|F1|1773683100|SHORT,EXIT_SL_RAISED,False,S7-TPNONE,SHORT,S,0.5,1773693150.263,1773683100,1773688500.0,1773693000
1873000.0,default,0.5,5005.88,1,5004.08,5011.778228290614,5011.9,F2,True,4686320.92,-732342.9999999728,-753414.2499999728,S7-TPNONE|F2|1773683100|SHORT,EXIT_SL_RAISED,False,S7-TPNONE,SHORT,S,0.5,1773693150.263,1773683100,1773688500.0,1773693000
1873000.0,default,0.5,5005.88,1,5004.08,5011.778228290614,5011.9,F3,True,4686320.92,-732342.9999999728,-753414.2499999728,S7-TPNONE|F3|1773683100|SHORT,EXIT_SL_RAISED,False,S7-TPNONE,SHORT,S,0.5,1773693150.263,1773683100,1773688500.0,1773693000
3427589.999999949,default,0.5,5006.38,0,5006.38,5011.434990732124,5011.45,F1,True,4688474.87,-474805.49999997276,-495876.74999997276,S7-TPNONE|F1|1773694800|SHORT,EXIT_SL_RAISED,False,S7-TPNONE,SHORT,S,0.5,1773699088.903,1773694800,1773695700.0,1773698400
3427589.999999949,default,0.5,5006.38,0,5006.38,5011.434990732124,5011.45,F2,True,4688474.87,-474805.49999997276,-495876.74999997276,S7-TPNONE|F2|1773694800|SHORT,EXIT_SL_RAISED,False,S7-TPNONE,SHORT,S,0.5,1773699088.903,1773694800,1773695700.0,1773698400
3427589.999999949,default,0.5,5006.38,0,5006.38,5011.434990732124,5011.45,F3,True,4688474.87,-474805.49999997276,-495876.74999997276,S7-TPNONE|F3|1773694800|SHORT,EXIT_SL_RAISED,False,S7-TPNONE,SHORT,S,0.5,1773699088.903,1773694800,1773695700.0,1773698400
2124450.2499999525,default,0.5,5032.35,0,5032.86,5032.249641346697,5032.23,F1,True,4713273.39,-58999.50000001022,-80070.75000001022,S7-TPNONE|F1|1773710100|LONG,EXIT_SL_RAISED,False,S7-TPNONE,LONG,L,0.5,1773715249.846,1773710100,1773711000.0,1773714600
2124450.2499999525,default,0.5,5032.35,0,5032.86,5032.249641346697,5032.23,F2,True,4713273.39,-58999.50000001022,-80070.75000001022,S7-TPNONE|F2|1773710100|LONG,EXIT_SL_RAISED,False,S7-TPNONE,LONG,L,0.5,1773715249.846,1773710100,1773711000.0,1773714600
2124450.2499999525,default,0.5,5032.35,0,5032.86,5032.249641346697,5032.23,F3,True,4713273.39,-58999.50000001022,-80070.75000001022,S7-TPNONE|F3|1773710100|LONG,EXIT_SL_RAISED,False,S7-TPNONE,LONG,L,0.5,1773715249.846,1773710100,1773711000.0,1773714600
1276449.499999925,default,0.5,5006.08,1,5002.98,4995.738422480875,4995.73,F1,True,4685290.77,-678962.5,-700033.75,S7-TPNONE|F1|1773769500|LONG,EXIT_SL_RAISED,False,S7-TPNONE,LONG,L,0.5,1773776664.772,1773769500,1773774900.0,1773775800
1276449.499999925,default,0.5,5006.08,1,5002.98,4995.738422480875,4995.73,F2,True,4685290.77,-678962.5,-700033.75,S7-TPNONE|F2|1773769500|LONG,EXIT_SL_RAISED,False,S7-TPNONE,LONG,L,0.5,1773776664.772,1773769500,1773774900.0,1773775800
1276449.499999925,default,0.5,5006.08,1,5002.98,4995.738422480875,4995.73,F3,True,4685290.77,-678962.5,-700033.75,S7-TPNONE|F3|1773769500|LONG,EXIT_SL_RAISED,False,S7-TPNONE,LONG,L,0.5,1773776664.772,1773769500,1773774900.0,1773775800
1095236.7499998023,default,0.5,5002.07,0,5002.57,5002.320095502843,5002.25,F1,True,4684906.805,-29967.999999972744,-51039.249999972744,S7-TPNONE|F1|1773779400|LONG,EXIT_SL_RAISED,False,S7-TPNONE,LONG,L,0.5,1773783001.772,1773779400,1773780300.0,1773783000
1095236.7499998023,default,0.5,5002.07,0,5002.57,5002.320095502843,5002.25,F2,True,4684906.805,-29967.999999972744,-51039.249999972744,S7-TPNONE|F2|1773779400|LONG,EXIT_SL_RAISED,False,S7-TPNONE,LONG,L,0.5,1773783001.772,1773779400,1773780300.0,1773783000
1095236.7499998023,default,0.5,5002.07,0,5002.57,5002.320095502843,5002.25,F3,True,4684906.805,-29967.999999972744,-51039.249999972744,S7-TPNONE|F3|1773779400|LONG,EXIT_SL_RAISED,False,S7-TPNONE,LONG,L,0.5,1773783001.772,1773779400,1773780300.0,1773783000
5483207.499999932,default,0.5,5011.33,0,5011.83,5004.562919179019,5004.29,F1,True,4693578.795,-706120.9999999966,-727192.2499999966,S7-TPNONE|F1|1773784800|LONG,EXIT_SL_RAISED,False,S7-TPNONE,LONG,L,0.5,1773786919.19,1773784800,1773785700.0,1773786600
5483207.499999932,default,0.5,5011.33,0,5011.83,5004.562919179019,5004.29,F2,True,4693578.795,-706120.9999999966,-727192.2499999966,S7-TPNONE|F2|1773784800|LONG,EXIT_SL_RAISED,False,S7-TPNONE,LONG,L,0.5,1773786919.19,1773784800,1773785700.0,1773786600
5483207.499999932,default,0.5,5011.33,0,5011.83,5004.562919179019,5004.29,F3,True,4693578.795,-706120.9999999966,-727192.2499999966,S7-TPNONE|F3|1773784800|LONG,EXIT_SL_RAISED,False,S7-TPNONE,LONG,L,0.5,1773786919.19,1773784800,1773785700.0,1773786600
3732420.7499997886,default,0.5,4843.16,0,4843.66,4845.468078986663,4845.39,F1,True,4536087.59,162014.5000000443,140943.2500000443,S7-TPNONE|F1|1773867600|LONG,EXIT_SL_RAISED,False,S7-TPNONE,LONG,L,0.5,1773875102.694,1773867600,1773868500.0,1773874800
3732420.7499997886,default,0.5,4843.16,0,4843.66,4845.468078986663,4845.39,F2,True,4536087.59,162014.5000000443,140943.2500000443,S7-TPNONE|F2|1773867600|LONG,EXIT_SL_RAISED,False,S7-TPNONE,LONG,L,0.5,1773875102.694,1773867600,1773868500.0,1773874800
3732420.7499997886,default,0.5,4843.16,0,4843.66,4845.468078986663,4845.39,F3,True,4536087.59,162014.5000000443,140943.2500000443,S7-TPNONE|F3|1773867600|LONG,EXIT_SL_RAISED,False,S7-TPNONE,LONG,L,0.5,1773875102.694,1773867600,1773868500.0,1773874800
3192996.7499998533,default,0.5,4864.37,0,4864.64,4850.71,4850.72,F1,False,4555735.36,-1303608.0000000068,-1303608.0000000068,S7-TPNONE|F1|1773878400|LONG,reverse,False,S7-TPNONE,LONG,L,0.5,1773882000,1773878400,1773879300.0,1773881100
3192996.7499998533,default,0.5,4864.37,0,4864.64,4850.71,4850.72,F2,False,4555735.36,-1303608.0000000068,-1303608.0000000068,S7-TPNONE|F2|1773878400|LONG,reverse,False,S7-TPNONE,LONG,L,0.5,1773882000,1773878400,1773879300.0,1773881100
3192996.7499998533,default,0.5,4864.37,0,4864.64,4850.71,4850.72,F3,False,4555735.36,-1303608.0000000068,-1303608.0000000068,S7-TPNONE|F3|1773878400|LONG,reverse,False,S7-TPNONE,LONG,L,0.5,1773882000,1773878400,1773879300.0,1773881100
2069665.0000001192,default,0.5,4850.71,0,4850.72,4770.253931064294,4770.44,F1,True,4542699.28,7518222.0000000615,7497150.7500000615,S7-TPNONE|F1|1773881100|SHORT,EXIT_SL_RAISED,False,S7-TPNONE,SHORT,S,0.5,1773892892.952,1773881100,1773882000.0,1773892800
2069665.0000001192,default,0.5,4850.71,0,4850.72,4770.253931064294,4770.44,F2,True,4542699.28,7518222.0000000615,7497150.7500000615,S7-TPNONE|F2|1773881100|SHORT,EXIT_SL_RAISED,False,S7-TPNONE,SHORT,S,0.5,1773892892.952,1773881100,1773882000.0,1773892800
2069665.0000001192,default,0.5,4850.71,0,4850.72,4770.253931064294,4770.44,F3,True,4542699.28,7518222.0000000615,7497150.7500000615,S7-TPNONE|F3|1773881100|SHORT,EXIT_SL_RAISED,False,S7-TPNONE,SHORT,S,0.5,1773892892.952,1773881100,1773882000.0,1773892800
4573397.749999833,default,0.5,4636.3,0,4636.16,4661.75,4662.59,F1,False,4341763.84,-2475169.5000000275,-2475169.5000000275,S7-TPNONE|F1|1773949500|SHORT,reverse,False,S7-TPNONE,SHORT,S,0.5,1773954900,1773949500,1773950400.0,1773954000
4573397.749999833,default,0.5,4636.3,0,4636.16,4661.75,4662.59,F2,False,4341763.84,-2475169.5000000275,-2475169.5000000275,S7-TPNONE|F2|1773949500|SHORT,reverse,False,S7-TPNONE,SHORT,S,0.5,1773954900,1773949500,1773950400.0,1773954000
4573397.749999833,default,0.5,4636.3,0,4636.16,4661.75,4662.59,F3,False,4341763.84,-2475169.5000000275,-2475169.5000000275,S7-TPNONE|F3|1773949500|SHORT,reverse,False,S7-TPNONE,SHORT,S,0.5,1773954900,1773949500,1773950400.0,1773954000
6575166.499999918,default,0.5,4661.75,0,4662.59,4649.83553474521,4649.33,F1,True,4366515.535,-1241799.0000000205,-1262870.2500000205,S7-TPNONE|F1|1773954000|LONG,EXIT_SL_RAISED,False,S7-TPNONE,LONG,L,0.5,1773958753.938,1773954000,1773954900.0,1773958500
6575166.499999918,default,0.5,4661.75,0,4662.59,4649.83553474521,4649.33,F2,True,4366515.535,-1241799.0000000205,-1262870.2500000205,S7-TPNONE|F2|1773954000|LONG,EXIT_SL_RAISED,False,S7-TPNONE,LONG,L,0.5,1773958753.938,1773954000,1773954900.0,1773958500
6575166.499999918,default,0.5,4661.75,0,4662.59,4649.83553474521,4649.33,F3,True,4366515.535,-1241799.0000000205,-1262870.2500000205,S7-TPNONE|F3|1773954000|LONG,EXIT_SL_RAISED,False,S7-TPNONE,LONG,L,0.5,1773958753.938,1773954000,1773954900.0,1773958500
1705834.7499999285,default,0.5,4719.52,0,4720.02,4701.805000000001,4701.35,F1,True,4420298.73,-1748445.5000000068,-1769516.7500000068,S7-TPNONE|F1|1773972900|LONG,EXIT_INITSL,False,S7-TPNONE,LONG,L,0.5,1773974875.933,1773972900,1773973800.0,1773974700
1705834.7499999285,default,0.5,4719.52,0,4720.02,4701.805000000001,4701.35,F2,True,4420298.73,-1748445.5000000068,-1769516.7500000068,S7-TPNONE|F2|1773972900|LONG,EXIT_INITSL,False,S7-TPNONE,LONG,L,0.5,1773974875.933,1773972900,1773973800.0,1773974700
1705834.7499999285,default,0.5,4719.52,0,4720.02,4701.805000000001,4701.35,F3,True,4420298.73,-1748445.5000000068,-1769516.7500000068,S7-TPNONE|F3|1773972900|LONG,EXIT_INITSL,False,S7-TPNONE,LONG,L,0.5,1773974875.933,1773972900,1773973800.0,1773974700
12212428.250000147,default,0.5,4464.69,0,4464.69,4372.0515764470565,4372.94,F1,True,4181182.1849999996,8592387.5,8571316.25,S7-TPNONE|F1|1774212300|SHORT,EXIT_SL_RAISED,False,S7-TPNONE,SHORT,S,0.5,1774217054.253,1774212300,1774213200.0,1774216800
12212428.250000147,default,0.5,4464.69,0,4464.69,4372.0515764470565,4372.94,F2,True,4181182.1849999996,8592387.5,8571316.25,S7-TPNONE|F2|1774212300|SHORT,EXIT_SL_RAISED,False,S7-TPNONE,SHORT,S,0.5,1774217054.253,1774212300,1774213200.0,1774216800
12212428.250000147,default,0.5,4464.69,0,4464.69,4372.0515764470565,4372.94,F3,True,4181182.1849999996,8592387.5,8571316.25,S7-TPNONE|F3|1774212300|SHORT,EXIT_SL_RAISED,False,S7-TPNONE,SHORT,S,0.5,1774217054.253,1774212300,1774213200.0,1774216800
8497332.750000054,default,0.5,4414.44,0,4414.94,4407.914554665511,4407.69,F1,True,4134591.3099999996,-678962.5,-700033.75,S7-TPNONE|F1|1774293300|LONG,EXIT_SL_RAISED,False,S7-TPNONE,LONG,L,0.5,1774300634.149,1774293300,1774294200.0,1774300500
8497332.750000054,default,0.5,4414.44,0,4414.94,4407.914554665511,4407.69,F2,True,4134591.3099999996,-678962.5,-700033.75,S7-TPNONE|F2|1774293300|LONG,EXIT_SL_RAISED,False,S7-TPNONE,LONG,L,0.5,1774300634.149,1774293300,1774294200.0,1774300500
8497332.750000054,default,0.5,4414.44,0,4414.94,4407.914554665511,4407.69,F3,True,4134591.3099999996,-678962.5,-700033.75,S7-TPNONE|F3|1774293300|LONG,EXIT_SL_RAISED,False,S7-TPNONE,LONG,L,0.5,1774300634.149,1774293300,1774294200.0,1774300500
17051791.999999993,default,0.5,4378.11,0,4377.84,4377.636225824125,4377.66,F1,True,4099847.16,16857.000000027256,-4214.249999972744,S7-TPNONE|F1|1774300500|SHORT,EXIT_SL_RAISED,False,S7-TPNONE,SHORT,S,0.5,1774302801.687,1774300500,1774301400.0,1774302300
17051791.999999993,default,0.5,4378.11,0,4377.84,4377.636225824125,4377.66,F2,True,4099847.16,16857.000000027256,-4214.249999972744,S7-TPNONE|F2|1774300500|SHORT,EXIT_SL_RAISED,False,S7-TPNONE,SHORT,S,0.5,1774302801.687,1774300500,1774301400.0,1774302300
17051791.999999993,default,0.5,4378.11,0,4377.84,4377.636225824125,4377.66,F3,True,4099847.16,16857.000000027256,-4214.249999972744,S7-TPNONE|F3|1774300500|SHORT,EXIT_SL_RAISED,False,S7-TPNONE,SHORT,S,0.5,1774302801.687,1774300500,1774301400.0,1774302300
15333782.750000054,default,0.5,4321.32,0,4321.56,4355.408306611977,4355.53,F1,True,4047140.9400000004,-3181290.4999999385,-3202361.7499999385,S7-TPNONE|F1|1774305000|SHORT,EXIT_SL_RAISED,False,S7-TPNONE,SHORT,S,0.5,1774308631.84,1774305000,1774305900.0,1774308600
15333782.750000054,default,0.5,4321.32,0,4321.56,4355.408306611977,4355.53,F2,True,4047140.9400000004,-3181290.4999999385,-3202361.7499999385,S7-TPNONE|F2|1774305000|SHORT,EXIT_SL_RAISED,False,S7-TPNONE,SHORT,S,0.5,1774308631.84,1774305000,1774305900.0,1774308600
15333782.750000054,default,0.5,4321.32,0,4321.56,4355.408306611977,4355.53,F3,True,4047140.9400000004,-3181290.4999999385,-3202361.7499999385,S7-TPNONE|F3|1774305000|SHORT,EXIT_SL_RAISED,False,S7-TPNONE,SHORT,S,0.5,1774308631.84,1774305000,1774305900.0,1774308600
8339532.500000102,default,0.5,4341.64,0,4341.52,4356.8574159919735,4357.02,F1,True,4065833.4800000004,-1451575.0,-1472646.25,S7-TPNONE|F1|1774312200|SHORT,EXIT_SL_RAISED,False,S7-TPNONE,SHORT,S,0.5,1774320056.584,1774312200,1774313100.0,1774319400
8339532.500000102,default,0.5,4341.64,0,4341.52,4356.8574159919735,4357.02,F2,True,4065833.4800000004,-1451575.0,-1472646.25,S7-TPNONE|F2|1774312200|SHORT,EXIT_SL_RAISED,False,S7-TPNONE,SHORT,S,0.5,1774320056.584,1774312200,1774313100.0,1774319400
8339532.500000102,default,0.5,4341.64,0,4341.52,4356.8574159919735,4357.02,F3,True,4065833.4800000004,-1451575.0,-1472646.25,S7-TPNONE|F3|1774312200|SHORT,EXIT_SL_RAISED,False,S7-TPNONE,SHORT,S,0.5,1774320056.584,1774312200,1774313100.0,1774319400
4134179.2499999558,default,0.5,4511.59,0,4511.58,4516.429117797284,4516.43,F1,True,4225094.67,-454202.50000003405,-475273.75000003405,S7-TPNONE|F1|1774466100|SHORT,EXIT_SL_RAISED,False,S7-TPNONE,SHORT,S,0.5,1774472767.165,1774466100,1774467000.0,1774472400
4134179.2499999558,default,0.5,4511.59,0,4511.58,4516.429117797284,4516.43,F2,True,4225094.67,-454202.50000003405,-475273.75000003405,S7-TPNONE|F2|1774466100|SHORT,EXIT_SL_RAISED,False,S7-TPNONE,SHORT,S,0.5,1774472767.165,1774466100,1774467000.0,1774472400
4134179.2499999558,default,0.5,4511.59,0,4511.58,4516.429117797284,4516.43,F3,True,4225094.67,-454202.50000003405,-475273.75000003405,S7-TPNONE|F3|1774466100|SHORT,EXIT_SL_RAISED,False,S7-TPNONE,SHORT,S,0.5,1774472767.165,1774466100,1774467000.0,1774472400
4489581.000000133,default,0.5,4535.48,0,4535.89,4513.175081844107,4512.91,F1,True,4247860.985,-2152077.0000000442,-2173148.2500000442,S7-TPNONE|F1|1774478700|LONG,EXIT_SL_RAISED,False,S7-TPNONE,LONG,L,0.5,1774481873.738,1774478700,1774479600.0,1774481400
4489581.000000133,default,0.5,4535.48,0,4535.89,4513.175081844107,4512.91,F2,True,4247860.985,-2152077.0000000442,-2173148.2500000442,S7-TPNONE|F2|1774478700|LONG,EXIT_SL_RAISED,False,S7-TPNONE,LONG,L,0.5,1774481873.738,1774478700,1774479600.0,1774481400
4489581.000000133,default,0.5,4535.48,0,4535.89,4513.175081844107,4512.91,F3,True,4247860.985,-2152077.0000000442,-2173148.2500000442,S7-TPNONE|F3|1774478700|LONG,EXIT_SL_RAISED,False,S7-TPNONE,LONG,L,0.5,1774481873.738,1774478700,1774479600.0,1774481400
1816341.7499999558,default,0.5,4520.64,0,4521.29,4506.0438252416025,4505.86,F1,True,4234188.085,-1445019.5000000272,-1466090.7500000272,S7-TPNONE|F1|1774487700|LONG,EXIT_SL_RAISED,False,S7-TPNONE,LONG,L,0.5,1774491470.188,1774487700,1774488600.0,1774491300
1816341.7499999558,default,0.5,4520.64,0,4521.29,4506.0438252416025,4505.86,F2,True,4234188.085,-1445019.5000000272,-1466090.7500000272,S7-TPNONE|F2|1774487700|LONG,EXIT_SL_RAISED,False,S7-TPNONE,LONG,L,0.5,1774491470.188,1774487700,1774488600.0,1774491300
1816341.7499999558,default,0.5,4520.64,0,4521.29,4506.0438252416025,4505.86,F3,True,4234188.085,-1445019.5000000272,-1466090.7500000272,S7-TPNONE|F3|1774487700|LONG,EXIT_SL_RAISED,False,S7-TPNONE,LONG,L,0.5,1774491470.188,1774487700,1774488600.0,1774491300
9279310.250000173,default,0.5,4400.76,0,4401.45,4392.99,4392.52,F1,False,4121957.925,-836294.499999942,-836294.499999942,S7-TPNONE|F1|1774551600|LONG,reverse,False,S7-TPNONE,LONG,L,0.5,1774556100,1774551600,1774552500.0,1774555200
9279310.250000173,default,0.5,4400.76,0,4401.45,4392.99,4392.52,F2,False,4121957.925,-836294.499999942,-836294.499999942,S7-TPNONE|F2|1774551600|LONG,reverse,False,S7-TPNONE,LONG,L,0.5,1774556100,1774551600,1774552500.0,1774555200
9279310.250000173,default,0.5,4400.76,0,4401.45,4392.99,4392.52,F3,False,4121957.925,-836294.499999942,-836294.499999942,S7-TPNONE|F3|1774551600|LONG,reverse,False,S7-TPNONE,LONG,L,0.5,1774556100,1774551600,1774552500.0,1774555200
7734553.499999844,default,0.5,4392.99,0,4392.52,4402.768767760691,4402.84,F1,True,4113594.9800000004,-966467.9999999728,-987539.2499999728,S7-TPNONE|F1|1774555200|SHORT,EXIT_SL_RAISED,False,S7-TPNONE,SHORT,S,0.5,1774563891.886,1774555200,1774556100.0,1774563300
7734553.499999844,default,0.5,4392.99,0,4392.52,4402.768767760691,4402.84,F2,True,4113594.9800000004,-966467.9999999728,-987539.2499999728,S7-TPNONE|F2|1774555200|SHORT,EXIT_SL_RAISED,False,S7-TPNONE,SHORT,S,0.5,1774563891.886,1774555200,1774556100.0,1774563300
7734553.499999844,default,0.5,4392.99,0,4392.52,4402.768767760691,4402.84,F3,True,4113594.9800000004,-966467.9999999728,-987539.2499999728,S7-TPNONE|F3|1774555200|SHORT,EXIT_SL_RAISED,False,S7-TPNONE,SHORT,S,0.5,1774563891.886,1774555200,1774556100.0,1774563300
1631383.0000001772,default,0.5,4434.01,0,4434.49,4454.5294110855,4454.51,F1,True,4152899.885,1874873.000000041,1853801.750000041,S7-TPNONE|F1|1774574100|LONG,EXIT_SL_RAISED,False,S7-TPNONE,LONG,L,0.5,1774580285.786,1774574100,1774575000.0,1774579500
1631383.0000001772,default,0.5,4434.01,0,4434.49,4454.5294110855,4454.51,F2,True,4152899.885,1874873.000000041,1853801.750000041,S7-TPNONE|F2|1774574100|LONG,EXIT_SL_RAISED,False,S7-TPNONE,LONG,L,0.5,1774580285.786,1774574100,1774575000.0,1774579500
1631383.0000001772,default,0.5,4434.01,0,4434.49,4454.5294110855,4454.51,F3,True,4152899.885,1874873.000000041,1853801.750000041,S7-TPNONE|F3|1774574100|LONG,EXIT_SL_RAISED,False,S7-TPNONE,LONG,L,0.5,1774580285.786,1774574100,1774575000.0,1774579500
6687078.249999891,default,0.5,4509.08,0,4509.61,4484.321739606933,4484.15,F1,True,4223249.765,-2384329.0000000033,-2405400.2500000033,S7-TPNONE|F1|1774811700|LONG,EXIT_SL_RAISED,False,S7-TPNONE,LONG,L,0.5,1774814344.736,1774811700,1774812600.0,1774813500
6687078.249999891,default,0.5,4509.08,0,4509.61,4484.321739606933,4484.15,F2,True,4223249.765,-2384329.0000000033,-2405400.2500000033,S7-TPNONE|F2|1774811700|LONG,EXIT_SL_RAISED,False,S7-TPNONE,LONG,L,0.5,1774814344.736,1774811700,1774812600.0,1774813500
6687078.249999891,default,0.5,4509.08,0,4509.61,4484.321739606933,4484.15,F3,True,4223249.765,-2384329.0000000033,-2405400.2500000033,S7-TPNONE|F3|1774811700|LONG,EXIT_SL_RAISED,False,S7-TPNONE,LONG,L,0.5,1774814344.736,1774811700,1774812600.0,1774813500
9717124.000000106,default,0.5,4471.11,0,4471.86,4487.8046446872095,4487.78,F1,True,4187896.889999999,1490908.0000000068,1469836.7500000068,S7-TPNONE|F1|1774823400|LONG,EXIT_SL_RAISED,False,S7-TPNONE,LONG,L,0.5,1774833212.164,1774823400,1774824300.0,1774832400
9717124.000000106,default,0.5,4471.11,0,4471.86,4487.8046446872095,4487.78,F2,True,4187896.889999999,1490908.0000000068,1469836.7500000068,S7-TPNONE|F2|1774823400|LONG,EXIT_SL_RAISED,False,S7-TPNONE,LONG,L,0.5,1774833212.164,1774823400,1774824300.0,1774832400
9717124.000000106,default,0.5,4471.11,0,4471.86,4487.8046446872095,4487.78,F3,True,4187896.889999999,1490908.0000000068,1469836.7500000068,S7-TPNONE|F3|1774823400|LONG,EXIT_SL_RAISED,False,S7-TPNONE,LONG,L,0.5,1774833212.164,1774823400,1774824300.0,1774832400
5381129.0000000885,default,0.5,4498.8,0,4498.75,4516.934639570616,4516.94,F1,True,4213079.375,-1703493.4999999625,-1724564.7499999625,S7-TPNONE|F1|1774900800|SHORT,EXIT_SL_RAISED,False,S7-TPNONE,SHORT,S,0.5,1774903405.517,1774900800,1774901700.0,1774902600
5381129.0000000885,default,0.5,4498.8,0,4498.75,4516.934639570616,4516.94,F2,True,4213079.375,-1703493.4999999625,-1724564.7499999625,S7-TPNONE|F2|1774900800|SHORT,EXIT_SL_RAISED,False,S7-TPNONE,SHORT,S,0.5,1774903405.517,1774900800,1774901700.0,1774902600
5381129.0000000885,default,0.5,4498.8,0,4498.75,4516.934639570616,4516.94,F3,True,4213079.375,-1703493.4999999625,-1724564.7499999625,S7-TPNONE|F3|1774900800|SHORT,EXIT_SL_RAISED,False,S7-TPNONE,SHORT,S,0.5,1774903405.517,1774900800,1774901700.0,1774902600
10051454.499999993,default,0.5,4535.95,0,4536.43,4589.249591534368,4589.05,F1,True,4248366.695,4927862.99999999,4906791.74999999,S7-TPNONE|F1|1774906200|LONG,EXIT_SL_RAISED,False,S7-TPNONE,LONG,L,0.5,1774911739.122,1774906200,1774907100.0,1774911600
10051454.499999993,default,0.5,4535.95,0,4536.43,4589.249591534368,4589.05,F2,True,4248366.695,4927862.99999999,4906791.74999999,S7-TPNONE|F2|1774906200|LONG,EXIT_SL_RAISED,False,S7-TPNONE,LONG,L,0.5,1774911739.122,1774906200,1774907100.0,1774911600
10051454.499999993,default,0.5,4535.95,0,4536.43,4589.249591534368,4589.05,F3,True,4248366.695,4927862.99999999,4906791.74999999,S7-TPNONE|F3|1774906200|LONG,EXIT_SL_RAISED,False,S7-TPNONE,LONG,L,0.5,1774911739.122,1774906200,1774907100.0,1774911600
1605160.9999999455,default,0.5,4563.91,0,4564.45,4563.915,4563.87,F1,True,4274607.425,-54316.99999999319,-75388.24999999319,S7-TPNONE|F1|1774920600|LONG,EXIT_SL_RAISED,False,S7-TPNONE,LONG,L,0.5,1774926034.52,1774920600,1774921500.0,1774926000
1605160.9999999455,default,0.5,4563.91,0,4564.45,4563.915,4563.87,F2,True,4274607.425,-54316.99999999319,-75388.24999999319,S7-TPNONE|F2|1774920600|LONG,EXIT_SL_RAISED,False,S7-TPNONE,LONG,L,0.5,1774926034.52,1774920600,1774921500.0,1774926000
1605160.9999999455,default,0.5,4563.91,0,4564.45,4563.915,4563.87,F3,True,4274607.425,-54316.99999999319,-75388.24999999319,S7-TPNONE|F3|1774920600|LONG,EXIT_SL_RAISED,False,S7-TPNONE,LONG,L,0.5,1774926034.52,1774920600,1774921500.0,1774926000
4034910.2500000033,default,0.5,4682.28,0,4682.79,4699.305295471505,4699.15,F1,True,4385432.835,1532113.9999999693,1511042.7499999693,S7-TPNONE|F1|1774988100|LONG,EXIT_SL_RAISED,False,S7-TPNONE,LONG,L,0.5,1774994750.276,1774988100,1774989000.0,1774994400
4034910.2500000033,default,0.5,4682.28,0,4682.79,4699.305295471505,4699.15,F2,True,4385432.835,1532113.9999999693,1511042.7499999693,S7-TPNONE|F2|1774988100|LONG,EXIT_SL_RAISED,False,S7-TPNONE,LONG,L,0.5,1774994750.276,1774988100,1774989000.0,1774994400
4034910.2500000033,default,0.5,4682.28,0,4682.79,4699.305295471505,4699.15,F3,True,4385432.835,1532113.9999999693,1511042.7499999693,S7-TPNONE|F3|1774988100|LONG,EXIT_SL_RAISED,False,S7-TPNONE,LONG,L,0.5,1774994750.276,1774988100,1774989000.0,1774994400
8222469.999999932,default,0.5,4687.66,0,4687.75,4685.466149602074,4685.62,F1,True,4390077.875,199474.50000001022,178403.25000001022,S7-TPNONE|F1|1774996200|SHORT,EXIT_SL_RAISED,False,S7-TPNONE,SHORT,S,0.5,1775009775.575,1774996200,1774997100.0,1775009700
8222469.999999932,default,0.5,4687.66,0,4687.75,4685.466149602074,4685.62,F2,True,4390077.875,199474.50000001022,178403.25000001022,S7-TPNONE|F2|1774996200|SHORT,EXIT_SL_RAISED,False,S7-TPNONE,SHORT,S,0.5,1775009775.575,1774996200,1774997100.0,1775009700
8222469.999999932,default,0.5,4687.66,0,4687.75,4685.466149602074,4685.62,F3,True,4390077.875,199474.50000001022,178403.25000001022,S7-TPNONE|F3|1774996200|SHORT,EXIT_SL_RAISED,False,S7-TPNONE,SHORT,S,0.5,1775009775.575,1774996200,1774997100.0,1775009700
1961030.9999998773,default,0.5,4758.08,1,4760.01,4770.11726803751,4770.48,F1,True,4457749.365,-980515.4999999386,-1001586.7499999386,S7-TPNONE|F1|1775065500|SHORT,EXIT_SL_RAISED,False,S7-TPNONE,SHORT,S,0.5,1775071504.523,1775065500,1775070900.0,1775070900
1961030.9999998773,default,0.5,4758.08,1,4760.01,4770.11726803751,4770.48,F2,True,4457749.365,-980515.4999999386,-1001586.7499999386,S7-TPNONE|F2|1775065500|SHORT,EXIT_SL_RAISED,False,S7-TPNONE,SHORT,S,0.5,1775071504.523,1775065500,1775070900.0,1775070900
1961030.9999998773,default,0.5,4758.08,1,4760.01,4770.11726803751,4770.48,F3,True,4457749.365,-980515.4999999386,-1001586.7499999386,S7-TPNONE|F3|1775065500|SHORT,EXIT_SL_RAISED,False,S7-TPNONE,SHORT,S,0.5,1775071504.523,1775065500,1775070900.0,1775070900
5880283.500000082,default,0.5,4791.06,0,4791.57,4781.551039566865,4781.2,F1,True,4487305.305,-971150.4999999898,-992221.7499999898,S7-TPNONE|F1|1775073600|LONG,EXIT_SL_RAISED,False,S7-TPNONE,LONG,L,0.5,1775076352.909,1775073600,1775074500.0,1775076300
5880283.500000082,default,0.5,4791.06,0,4791.57,4781.551039566865,4781.2,F2,True,4487305.305,-971150.4999999898,-992221.7499999898,S7-TPNONE|F2|1775073600|LONG,EXIT_SL_RAISED,False,S7-TPNONE,LONG,L,0.5,1775076352.909,1775073600,1775074500.0,1775076300
5880283.500000082,default,0.5,4791.06,0,4791.57,4781.551039566865,4781.2,F3,True,4487305.305,-971150.4999999898,-992221.7499999898,S7-TPNONE|F3|1775073600|LONG,EXIT_SL_RAISED,False,S7-TPNONE,LONG,L,0.5,1775076352.909,1775073600,1775074500.0,1775076300
17905879.99999998,default,0.5,4750.79,0,4750.75,4689.75,4690.2,F1,False,4449077.375,5670507.500000017,5649436.250000017,S7-TPNONE|F1|1775080800|SHORT,EXIT_TRAIL,True,S7-TPNONE,SHORT,S,0.5,1775083500,1775080800,1775081700.0,1775082600
17905879.99999998,default,0.5,4750.79,0,4750.75,4689.75,4690.2,F2,False,4449077.375,5670507.500000017,5649436.250000017,S7-TPNONE|F2|1775080800|SHORT,EXIT_TRAIL,True,S7-TPNONE,SHORT,S,0.5,1775083500,1775080800,1775081700.0,1775082600
17905879.99999998,default,0.5,4750.79,0,4750.75,4689.75,4690.2,F3,False,4449077.375,5670507.500000017,5649436.250000017,S7-TPNONE|F3|1775080800|SHORT,EXIT_TRAIL,True,S7-TPNONE,SHORT,S,0.5,1775083500,1775080800,1775081700.0,1775082600
17327591.249999966,default,0.5,4630.3,0,4631.08,4645.46,4646.76,F1,False,4337006.42,-1468432.0000000272,-1489503.2500000272,S7-TPNONE|F1|1775412000|SHORT,EXIT_TRAIL,True,S7-TPNONE,SHORT,S,0.5,1775415600,1775412000,1775412900.0,1775414700
17327591.249999966,default,0.5,4630.3,0,4631.08,4645.46,4646.76,F2,False,4337006.42,-1468432.0000000272,-1489503.2500000272,S7-TPNONE|F2|1775412000|SHORT,EXIT_TRAIL,True,S7-TPNONE,SHORT,S,0.5,1775415600,1775412000,1775412900.0,1775414700
17327591.249999966,default,0.5,4630.3,0,4631.08,4645.46,4646.76,F3,False,4337006.42,-1468432.0000000272,-1489503.2500000272,S7-TPNONE|F3|1775412000|SHORT,EXIT_TRAIL,True,S7-TPNONE,SHORT,S,0.5,1775415600,1775412000,1775412900.0,1775414700
7408651.499999969,default,0.5,4632.38,0,4632.37,4628.376816139308,4628.54,F1,True,4338214.505,358679.4999999932,337608.2499999932,S7-TPNONE|F1|1775415600|SHORT,EXIT_SL_RAISED,False,S7-TPNONE,SHORT,S,0.5,1775422881.246,1775415600,1775416500.0,1775422800
7408651.499999969,default,0.5,4632.38,0,4632.37,4628.376816139308,4628.54,F2,True,4338214.505,358679.4999999932,337608.2499999932,S7-TPNONE|F2|1775415600|SHORT,EXIT_SL_RAISED,False,S7-TPNONE,SHORT,S,0.5,1775422881.246,1775415600,1775416500.0,1775422800
7408651.499999969,default,0.5,4632.38,0,4632.37,4628.376816139308,4628.54,F3,True,4338214.505,358679.4999999932,337608.2499999932,S7-TPNONE|F3|1775415600|SHORT,EXIT_SL_RAISED,False,S7-TPNONE,SHORT,S,0.5,1775422881.246,1775415600,1775416500.0,1775422800
6687078.2500000615,default,0.5,4641.59,0,4642.16,4643.816860399073,4643.76,F1,True,4347382.84,149840.00000003408,128768.75000003408,S7-TPNONE|F1|1775422800|LONG,EXIT_SL_RAISED,False,S7-TPNONE,LONG,L,0.5,1775430060.732,1775422800,1775423700.0,1775430000
6687078.2500000615,default,0.5,4641.59,0,4642.16,4643.816860399073,4643.76,F2,True,4347382.84,149840.00000003408,128768.75000003408,S7-TPNONE|F2|1775422800|LONG,EXIT_SL_RAISED,False,S7-TPNONE,LONG,L,0.5,1775430060.732,1775422800,1775423700.0,1775430000
6687078.2500000615,default,0.5,4641.59,0,4642.16,4643.816860399073,4643.76,F3,True,4347382.84,149840.00000003408,128768.75000003408,S7-TPNONE|F3|1775422800|LONG,EXIT_SL_RAISED,False,S7-TPNONE,LONG,L,0.5,1775430060.732,1775422800,1775423700.0,1775430000
5916338.749999846,default,0.5,4632.85,0,4632.96,4648.694282032652,4648.81,F1,True,4338767.04,-1484352.500000034,-1505423.750000034,S7-TPNONE|F1|1775430000|SHORT,EXIT_SL_RAISED,False,S7-TPNONE,SHORT,S,0.5,1775435697.385,1775430000,1775430900.0,1775435400
5916338.749999846,default,0.5,4632.85,0,4632.96,4648.694282032652,4648.81,F2,True,4338767.04,-1484352.500000034,-1505423.750000034,S7-TPNONE|F2|1775430000|SHORT,EXIT_SL_RAISED,False,S7-TPNONE,SHORT,S,0.5,1775435697.385,1775430000,1775430900.0,1775435400
5916338.749999846,default,0.5,4632.85,0,4632.96,4648.694282032652,4648.81,F3,True,4338767.04,-1484352.500000034,-1505423.750000034,S7-TPNONE|F3|1775430000|SHORT,EXIT_SL_RAISED,False,S7-TPNONE,SHORT,S,0.5,1775435697.385,1775430000,1775430900.0,1775435400
6011861.749999887,default,0.5,4660.83,0,4661.28,4646.676722608577,4646.5,F1,True,4365288.72,-1384146.9999999763,-1405218.2499999763,S7-TPNONE|F1|1775440800|LONG,EXIT_SL_RAISED,False,S7-TPNONE,LONG,L,0.5,1775445505.629,1775440800,1775441700.0,1775445300
6011861.749999887,default,0.5,4660.83,0,4661.28,4646.676722608577,4646.5,F2,True,4365288.72,-1384146.9999999763,-1405218.2499999763,S7-TPNONE|F2|1775440800|LONG,EXIT_SL_RAISED,False,S7-TPNONE,LONG,L,0.5,1775445505.629,1775440800,1775441700.0,1775445300
6011861.749999887,default,0.5,4660.83,0,4661.28,4646.676722608577,4646.5,F3,True,4365288.72,-1384146.9999999763,-1405218.2499999763,S7-TPNONE|F3|1775440800|LONG,EXIT_SL_RAISED,False,S7-TPNONE,LONG,L,0.5,1775445505.629,1775440800,1775441700.0,1775445300
4986862.5,default,0.5,4664.23,0,4664.68,4688.267591666445,4688.17,F1,True,4368472.82,2199838.4999999795,2178767.2499999795,S7-TPNONE|F1|1775446200|LONG,EXIT_SL_RAISED,False,S7-TPNONE,LONG,L,0.5,1775456075.008,1775446200,1775447100.0,1775455200
4986862.5,default,0.5,4664.23,0,4664.68,4688.267591666445,4688.17,F2,True,4368472.82,2199838.4999999795,2178767.2499999795,S7-TPNONE|F2|1775446200|LONG,EXIT_SL_RAISED,False,S7-TPNONE,LONG,L,0.5,1775456075.008,1775446200,1775447100.0,1775455200
4986862.5,default,0.5,4664.23,0,4664.68,4688.267591666445,4688.17,F3,True,4368472.82,2199838.4999999795,2178767.2499999795,S7-TPNONE|F3|1775446200|LONG,EXIT_SL_RAISED,False,S7-TPNONE,LONG,L,0.5,1775456075.008,1775446200,1775447100.0,1775455200
2283186.999999925,default,0.5,4654.36,0,4654.41,4660.670757466704,4660.95,F1,True,4358854.965,-612470.9999999966,-633542.2499999966,S7-TPNONE|F1|1775502900|SHORT,EXIT_SL_RAISED,False,S7-TPNONE,SHORT,S,0.5,1775508300.168,1775502900,1775503800.0,1775508300
2283186.999999925,default,0.5,4654.36,0,4654.41,4660.670757466704,4660.95,F2,True,4358854.965,-612470.9999999966,-633542.2499999966,S7-TPNONE|F2|1775502900|SHORT,EXIT_SL_RAISED,False,S7-TPNONE,SHORT,S,0.5,1775508300.168,1775502900,1775503800.0,1775508300
2283186.999999925,default,0.5,4654.36,0,4654.41,4660.670757466704,4660.95,F3,True,4358854.965,-612470.9999999966,-633542.2499999966,S7-TPNONE|F3|1775502900|SHORT,EXIT_SL_RAISED,False,S7-TPNONE,SHORT,S,0.5,1775508300.168,1775502900,1775503800.0,1775508300
10841860.500000041,default,0.5,4640.51,0,4640.56,4654.62,4655.28,F1,False,4345884.44,-1378527.9999999388,-1399599.2499999388,S7-TPNONE|F1|1775509200|SHORT,EXIT_TRAIL,True,S7-TPNONE,SHORT,S,0.5,1775511000,1775509200,1775510100.0,1775510100
10841860.500000041,default,0.5,4640.51,0,4640.56,4654.62,4655.28,F2,False,4345884.44,-1378527.9999999388,-1399599.2499999388,S7-TPNONE|F2|1775509200|SHORT,EXIT_TRAIL,True,S7-TPNONE,SHORT,S,0.5,1775511000,1775509200,1775510100.0,1775510100
10841860.500000041,default,0.5,4640.51,0,4640.56,4654.62,4655.28,F3,False,4345884.44,-1378527.9999999388,-1399599.2499999388,S7-TPNONE|F3|1775509200|SHORT,EXIT_TRAIL,True,S7-TPNONE,SHORT,S,0.5,1775511000,1775509200,1775510100.0,1775510100
9839805.499999972,default,0.5,4641.4,0,4641.38,4636.3999607244095,4636.67,F1,True,4346652.37,441091.50000000343,420020.25000000343,S7-TPNONE|F1|1775511000|SHORT,EXIT_SL_RAISED,False,S7-TPNONE,SHORT,S,0.5,1775514612.338,1775511000,1775511900.0,1775514600
9839805.499999972,default,0.5,4641.4,0,4641.38,4636.3999607244095,4636.67,F2,True,4346652.37,441091.50000000343,420020.25000000343,S7-TPNONE|F2|1775511000|SHORT,EXIT_SL_RAISED,False,S7-TPNONE,SHORT,S,0.5,1775514612.338,1775511000,1775511900.0,1775514600
9839805.499999972,default,0.5,4641.4,0,4641.38,4636.3999607244095,4636.67,F3,True,4346652.37,441091.50000000343,420020.25000000343,S7-TPNONE|F3|1775511000|SHORT,EXIT_SL_RAISED,False,S7-TPNONE,SHORT,S,0.5,1775514612.338,1775511000,1775511900.0,1775514600
4574334.250000109,default,0.5,4662.19,0,4662.7,4648.306071215261,4648.24,F1,True,4366618.55,-1354179.0000000035,-1375250.2500000035,S7-TPNONE|F1|1775521800|LONG,EXIT_SL_RAISED,False,S7-TPNONE,LONG,L,0.5,1775525057.999,1775521800,1775522700.0,1775524500
4574334.250000109,default,0.5,4662.19,0,4662.7,4648.306071215261,4648.24,F2,True,4366618.55,-1354179.0000000035,-1375250.2500000035,S7-TPNONE|F2|1775521800|LONG,EXIT_SL_RAISED,False,S7-TPNONE,LONG,L,0.5,1775525057.999,1775521800,1775522700.0,1775524500
4574334.250000109,default,0.5,4662.19,0,4662.7,4648.306071215261,4648.24,F3,True,4366618.55,-1354179.0000000035,-1375250.2500000035,S7-TPNONE|F3|1775521800|LONG,EXIT_SL_RAISED,False,S7-TPNONE,LONG,L,0.5,1775525057.999,1775521800,1775522700.0,1775524500
4148226.750000177,default,0.5,4652.29,0,4652.75,4639.378981134551,4639.15,F1,True,4357300.375,-1273640.000000034,-1294711.250000034,S7-TPNONE|F1|1775529000|LONG,EXIT_SL_RAISED,False,S7-TPNONE,LONG,L,0.5,1775532407.55,1775529000,1775529900.0,1775531700
4148226.750000177,default,0.5,4652.29,0,4652.75,4639.378981134551,4639.15,F2,True,4357300.375,-1273640.000000034,-1294711.250000034,S7-TPNONE|F2|1775529000|LONG,EXIT_SL_RAISED,False,S7-TPNONE,LONG,L,0.5,1775532407.55,1775529000,1775529900.0,1775531700
4148226.750000177,default,0.5,4652.29,0,4652.75,4639.378981134551,4639.15,F3,True,4357300.375,-1273640.000000034,-1294711.250000034,S7-TPNONE|F3|1775529000|LONG,EXIT_SL_RAISED,False,S7-TPNONE,LONG,L,0.5,1775532407.55,1775529000,1775529900.0,1775531700
2074347.500000051,default,0.5,4803.45,0,4804.11,4822.469179137591,4822.34,F1,True,4499049.015,1707239.5000000442,1686168.2500000442,S7-TPNONE|F1|1775609100|LONG,EXIT_SL_RAISED,False,S7-TPNONE,LONG,L,0.5,1775614132.746,1775609100,1775610000.0,1775613600
2074347.500000051,default,0.5,4803.45,0,4804.11,4822.469179137591,4822.34,F2,True,4499049.015,1707239.5000000442,1686168.2500000442,S7-TPNONE|F2|1775609100|LONG,EXIT_SL_RAISED,False,S7-TPNONE,LONG,L,0.5,1775614132.746,1775609100,1775610000.0,1775613600
2074347.500000051,default,0.5,4803.45,0,4804.11,4822.469179137591,4822.34,F3,True,4499049.015,1707239.5000000442,1686168.2500000442,S7-TPNONE|F3|1775609100|LONG,EXIT_SL_RAISED,False,S7-TPNONE,LONG,L,0.5,1775614132.746,1775609100,1775610000.0,1775613600
3810150.2500000373,default,0.5,4712.59,0,4712.66,4717.1316458692145,4717.79,F1,True,4413406.09,-480424.50000001024,-501495.75000001024,S7-TPNONE|F1|1775673000|SHORT,EXIT_SL_RAISED,False,S7-TPNONE,SHORT,S,0.5,1775680967.157,1775673000,1775673900.0,1775680200
3810150.2500000373,default,0.5,4712.59,0,4712.66,4717.1316458692145,4717.79,F2,True,4413406.09,-480424.50000001024,-501495.75000001024,S7-TPNONE|F2|1775673000|SHORT,EXIT_SL_RAISED,False,S7-TPNONE,SHORT,S,0.5,1775680967.157,1775673000,1775673900.0,1775680200
3810150.2500000373,default,0.5,4712.59,0,4712.66,4717.1316458692145,4717.79,F3,True,4413406.09,-480424.50000001024,-501495.75000001024,S7-TPNONE|F3|1775673000|SHORT,EXIT_SL_RAISED,False,S7-TPNONE,SHORT,S,0.5,1775680967.157,1775673000,1775673900.0,1775680200
7180613.750000017,default,0.5,4720.44,0,4720.94,4714.002980851763,4713.89,F1,True,4421160.31,-660232.4999999319,-681303.7499999319,S7-TPNONE|F1|1775682000|LONG,EXIT_SL_RAISED,False,S7-TPNONE,LONG,L,0.5,1775689868.88,1775682000,1775682900.0,1775689200
7180613.750000017,default,0.5,4720.44,0,4720.94,4714.002980851763,4713.89,F2,True,4421160.31,-660232.4999999319,-681303.7499999319,S7-TPNONE|F2|1775682000|LONG,EXIT_SL_RAISED,False,S7-TPNONE,LONG,L,0.5,1775689868.88,1775682000,1775682900.0,1775689200
7180613.750000017,default,0.5,4720.44,0,4720.94,4714.002980851763,4713.89,F3,True,4421160.31,-660232.4999999319,-681303.7499999319,S7-TPNONE|F3|1775682000|LONG,EXIT_SL_RAISED,False,S7-TPNONE,LONG,L,0.5,1775689868.88,1775682000,1775682900.0,1775689200
2820738.000000075,default,0.5,4720.66,0,4721.36,4710.349969548695,4709.91,F1,True,4421553.64,-1072292.499999983,-1093363.749999983,S7-TPNONE|F1|1775694600|LONG,EXIT_SL_RAISED,False,S7-TPNONE,LONG,L,0.5,1775699493.288,1775694600,1775695500.0,1775699100
2820738.000000075,default,0.5,4720.66,0,4721.36,4710.349969548695,4709.91,F2,True,4421553.64,-1072292.499999983,-1093363.749999983,S7-TPNONE|F2|1775694600|LONG,EXIT_SL_RAISED,False,S7-TPNONE,LONG,L,0.5,1775699493.288,1775694600,1775695500.0,1775699100
2820738.000000075,default,0.5,4720.66,0,4721.36,4710.349969548695,4709.91,F3,True,4421553.64,-1072292.499999983,-1093363.749999983,S7-TPNONE|F3|1775694600|LONG,EXIT_SL_RAISED,False,S7-TPNONE,LONG,L,0.5,1775699493.288,1775694600,1775695500.0,1775699100
5360994.2500000745,default,0.5,4713.35,0,4713.1,4720.399940410536,4720.42,F1,True,4413818.15,-685517.9999999728,-706589.2499999728,S7-TPNONE|F1|1775699100|SHORT,EXIT_SL_RAISED,False,S7-TPNONE,SHORT,S,0.5,1775704008.884,1775699100,1775700000.0,1775703600
5360994.2500000745,default,0.5,4713.35,0,4713.1,4720.399940410536,4720.42,F2,True,4413818.15,-685517.9999999728,-706589.2499999728,S7-TPNONE|F2|1775699100|SHORT,EXIT_SL_RAISED,False,S7-TPNONE,SHORT,S,0.5,1775704008.884,1775699100,1775700000.0,1775703600
5360994.2500000745,default,0.5,4713.35,0,4713.1,4720.399940410536,4720.42,F3,True,4413818.15,-685517.9999999728,-706589.2499999728,S7-TPNONE|F3|1775699100|SHORT,EXIT_SL_RAISED,False,S7-TPNONE,SHORT,S,0.5,1775704008.884,1775699100,1775700000.0,1775703600
2284591.750000126,default,0.5,4764.32,0,4764.46,4763.715013588408,4763.72,F1,True,4461916.79,69300.99999997955,48229.749999979555,S7-TPNONE|F1|1775758500|SHORT,EXIT_SL_RAISED,False,S7-TPNONE,SHORT,S,0.5,1775768402.892,1775758500,1775759400.0,1775768400
2284591.750000126,default,0.5,4764.32,0,4764.46,4763.715013588408,4763.72,F2,True,4461916.79,69300.99999997955,48229.749999979555,S7-TPNONE|F2|1775758500|SHORT,EXIT_SL_RAISED,False,S7-TPNONE,SHORT,S,0.5,1775768402.892,1775758500,1775759400.0,1775768400
2284591.750000126,default,0.5,4764.32,0,4764.46,4763.715013588408,4763.72,F3,True,4461916.79,69300.99999997955,48229.749999979555,S7-TPNONE|F3|1775758500|SHORT,EXIT_SL_RAISED,False,S7-TPNONE,SHORT,S,0.5,1775768402.892,1775758500,1775759400.0,1775768400
5106734.5000000615,default,0.5,4771.68,0,4772.17,4759.073670265033,4759.06,F1,True,4469137.205,-1227751.4999999693,-1248822.7499999693,S7-TPNONE|F1|1775770200|LONG,EXIT_SL_RAISED,False,S7-TPNONE,LONG,L,0.5,1775772234.187,1775770200,1775771100.0,1775772000
5106734.5000000615,default,0.5,4771.68,0,4772.17,4759.073670265033,4759.06,F2,True,4469137.205,-1227751.4999999693,-1248822.7499999693,S7-TPNONE|F2|1775770200|LONG,EXIT_SL_RAISED,False,S7-TPNONE,LONG,L,0.5,1775772234.187,1775770200,1775771100.0,1775772000
5106734.5000000615,default,0.5,4771.68,0,4772.17,4759.073670265033,4759.06,F3,True,4469137.205,-1227751.4999999693,-1248822.7499999693,S7-TPNONE|F3|1775770200|LONG,EXIT_SL_RAISED,False,S7-TPNONE,LONG,L,0.5,1775772234.187,1775770200,1775771100.0,1775772000
5212558.999999986,default,0.5,4752.16,0,4752.25,4752.99885603812,4753.41,F1,True,4450482.125,-108633.99999998638,-129705.24999998638,S7-TPNONE|F1|1775772000|SHORT,EXIT_SL_RAISED,False,S7-TPNONE,SHORT,S,0.5,1775775600.019,1775772000,1775772900.0,1775775600
5212558.999999986,default,0.5,4752.16,0,4752.25,4752.99885603812,4753.41,F2,True,4450482.125,-108633.99999998638,-129705.24999998638,S7-TPNONE|F2|1775772000|SHORT,EXIT_SL_RAISED,False,S7-TPNONE,SHORT,S,0.5,1775775600.019,1775772000,1775772900.0,1775775600
5212558.999999986,default,0.5,4752.16,0,4752.25,4752.99885603812,4753.41,F3,True,4450482.125,-108633.99999998638,-129705.24999998638,S7-TPNONE|F3|1775772000|SHORT,EXIT_SL_RAISED,False,S7-TPNONE,SHORT,S,0.5,1775775600.019,1775772000,1775772900.0,1775775600
2430217.499999898,default,0.5,4758.45,0,4758.41,4753.909049033234,4753.95,F1,True,4456250.965,417679.00000000343,396607.75000000343,S7-TPNONE|F1|1775781900|SHORT,EXIT_SL_RAISED,False,S7-TPNONE,SHORT,S,0.5,1775791204.633,1775781900,1775782800.0,1775790900
2430217.499999898,default,0.5,4758.45,0,4758.41,4753.909049033234,4753.95,F2,True,4456250.965,417679.00000000343,396607.75000000343,S7-TPNONE|F2|1775781900|SHORT,EXIT_SL_RAISED,False,S7-TPNONE,SHORT,S,0.5,1775791204.633,1775781900,1775782800.0,1775790900
2430217.499999898,default,0.5,4758.45,0,4758.41,4753.909049033234,4753.95,F3,True,4456250.965,417679.00000000343,396607.75000000343,S7-TPNONE|F3|1775781900|SHORT,EXIT_SL_RAISED,False,S7-TPNONE,SHORT,S,0.5,1775791204.633,1775781900,1775782800.0,1775790900
3362503.249999891,default,0.5,4718.65,0,4718.65,4726.700739437241,4726.62,F1,True,4419015.725,746390.5000000239,725319.2500000239,S7-TPNONE|F1|1776040200|LONG,EXIT_SL_RAISED,False,S7-TPNONE,LONG,L,0.5,1776055246.651,1776040200,1776041100.0,1776054600
3362503.249999891,default,0.5,4718.65,0,4718.65,4726.700739437241,4726.62,F2,True,4419015.725,746390.5000000239,725319.2500000239,S7-TPNONE|F2|1776040200|LONG,EXIT_SL_RAISED,False,S7-TPNONE,LONG,L,0.5,1776055246.651,1776040200,1776041100.0,1776054600
3362503.249999891,default,0.5,4718.65,0,4718.65,4726.700739437241,4726.62,F3,True,4419015.725,746390.5000000239,725319.2500000239,S7-TPNONE|F3|1776040200|LONG,EXIT_SL_RAISED,False,S7-TPNONE,LONG,L,0.5,1776055246.651,1776040200,1776041100.0,1776054600
4683904.7500001155,default,0.5,4775.83,0,4776.46,4763.414838635953,4763.37,F1,True,4473154.79,-1225878.5000000137,-1246949.7500000137,S7-TPNONE|F1|1776114000|LONG,EXIT_SL_RAISED,False,S7-TPNONE,LONG,L,0.5,1776117451.256,1776114000,1776114900.0,1776116700
4683904.7500001155,default,0.5,4775.83,0,4776.46,4763.414838635953,4763.37,F2,True,4473154.79,-1225878.5000000137,-1246949.7500000137,S7-TPNONE|F2|1776114000|LONG,EXIT_SL_RAISED,False,S7-TPNONE,LONG,L,0.5,1776117451.256,1776114000,1776114900.0,1776116700
4683904.7500001155,default,0.5,4775.83,0,4776.46,4763.414838635953,4763.37,F3,True,4473154.79,-1225878.5000000137,-1246949.7500000137,S7-TPNONE|F3|1776114000|LONG,EXIT_SL_RAISED,False,S7-TPNONE,LONG,L,0.5,1776117451.256,1776114000,1776114900.0,1776116700
2666215.4999999385,default,0.5,4775.76,0,4776.28,4765.697121256601,4765.66,F1,True,4472986.22,-994562.9999999898,-1015634.2499999898,S7-TPNONE|F1|1776125700|LONG,EXIT_SL_RAISED,False,S7-TPNONE,LONG,L,0.5,1776129113.122,1776125700,1776126600.0,1776128400
2666215.4999999385,default,0.5,4775.76,0,4776.28,4765.697121256601,4765.66,F2,True,4472986.22,-994562.9999999898,-1015634.2499999898,S7-TPNONE|F2|1776125700|LONG,EXIT_SL_RAISED,False,S7-TPNONE,LONG,L,0.5,1776129113.122,1776125700,1776126600.0,1776128400
2666215.4999999385,default,0.5,4775.76,0,4776.28,4765.697121256601,4765.66,F3,True,4472986.22,-994562.9999999898,-1015634.2499999898,S7-TPNONE|F3|1776125700|LONG,EXIT_SL_RAISED,False,S7-TPNONE,LONG,L,0.5,1776129113.122,1776125700,1776126600.0,1776128400
2413828.749999966,default,0.5,4759.88,0,4759.82,4770.613649040867,4771.49,F1,True,4457571.43,-1092895.5000000068,-1113966.7500000068,S7-TPNONE|F1|1776131100|SHORT,EXIT_SL_RAISED,False,S7-TPNONE,SHORT,S,0.5,1776134731.902,1776131100,1776132000.0,1776134700
2413828.749999966,default,0.5,4759.88,0,4759.82,4770.613649040867,4771.49,F2,True,4457571.43,-1092895.5000000068,-1113966.7500000068,S7-TPNONE|F2|1776131100|SHORT,EXIT_SL_RAISED,False,S7-TPNONE,SHORT,S,0.5,1776134731.902,1776131100,1776132000.0,1776134700
2413828.749999966,default,0.5,4759.88,0,4759.82,4770.613649040867,4771.49,F3,True,4457571.43,-1092895.5000000068,-1113966.7500000068,S7-TPNONE|F3|1776131100|SHORT,EXIT_SL_RAISED,False,S7-TPNONE,SHORT,S,0.5,1776134731.902,1776131100,1776132000.0,1776134700
4589318.250000181,default,0.5,4781.92,0,4782.46,4783.78085873517,4783.66,F1,True,4478773.79,112379.99999998296,91308.74999998296,S7-TPNONE|F1|1776134700|LONG,EXIT_SL_RAISED,False,S7-TPNONE,LONG,L,0.5,1776136823.088,1776134700,1776135600.0,1776136500
4589318.250000181,default,0.5,4781.92,0,4782.46,4783.78085873517,4783.66,F2,True,4478773.79,112379.99999998296,91308.74999998296,S7-TPNONE|F2|1776134700|LONG,EXIT_SL_RAISED,False,S7-TPNONE,LONG,L,0.5,1776136823.088,1776134700,1776135600.0,1776136500
4589318.250000181,default,0.5,4781.92,0,4782.46,4783.78085873517,4783.66,F3,True,4478773.79,112379.99999998296,91308.74999998296,S7-TPNONE|F3|1776134700|LONG,EXIT_SL_RAISED,False,S7-TPNONE,LONG,L,0.5,1776136823.088,1776134700,1776135600.0,1776136500
2533232.499999932,default,0.5,4842.15,0,4842.71,4832.211390365125,4832.21,F1,True,4535197.915,-983325.0,-1004396.25,S7-TPNONE|F1|1776195000|LONG,EXIT_SL_RAISED,False,S7-TPNONE,LONG,L,0.5,1776197590.558,1776195000,1776195900.0,1776196800
2533232.499999932,default,0.5,4842.15,0,4842.71,4832.211390365125,4832.21,F2,True,4535197.915,-983325.0,-1004396.25,S7-TPNONE|F2|1776195000|LONG,EXIT_SL_RAISED,False,S7-TPNONE,LONG,L,0.5,1776197590.558,1776195000,1776195900.0,1776196800
2533232.499999932,default,0.5,4842.15,0,4842.71,4832.211390365125,4832.21,F3,True,4535197.915,-983325.0,-1004396.25,S7-TPNONE|F3|1776195000|LONG,EXIT_SL_RAISED,False,S7-TPNONE,LONG,L,0.5,1776197590.558,1776195000,1776195900.0,1776196800
7790275.2499999525,default,0.5,4850.11,0,4850.57,4850.83,4850.71,F1,False,4542558.805,13111.000000030663,-7960.249999969337,S7-TPNONE|F1|1776200400|LONG,EXIT_TRAIL,True,S7-TPNONE,LONG,L,0.5,1776202200,1776200400,1776201300.0,1776201300
7790275.2499999525,default,0.5,4850.11,0,4850.57,4850.83,4850.71,F2,False,4542558.805,13111.000000030663,-7960.249999969337,S7-TPNONE|F2|1776200400|LONG,EXIT_TRAIL,True,S7-TPNONE,LONG,L,0.5,1776202200,1776200400,1776201300.0,1776201300
7790275.2499999525,default,0.5,4850.11,0,4850.57,4850.83,4850.71,F3,False,4542558.805,13111.000000030663,-7960.249999969337,S7-TPNONE|F3|1776200400|LONG,EXIT_TRAIL,True,S7-TPNONE,LONG,L,0.5,1776202200,1776200400,1776201300.0,1776201300
4263416.249999796,default,0.5,4834.49,0,4834.49,4829.048171744141,4829.14,F1,True,4527499.885,501027.4999999489,479956.2499999489,S7-TPNONE|F1|1776204900|SHORT,EXIT_SL_RAISED,False,S7-TPNONE,SHORT,S,0.5,1776215797.641,1776204900,1776205800.0,1776215700
4263416.249999796,default,0.5,4834.49,0,4834.49,4829.048171744141,4829.14,F2,True,4527499.885,501027.4999999489,479956.2499999489,S7-TPNONE|F2|1776204900|SHORT,EXIT_SL_RAISED,False,S7-TPNONE,SHORT,S,0.5,1776215797.641,1776204900,1776205800.0,1776215700
4263416.249999796,default,0.5,4834.49,0,4834.49,4829.048171744141,4829.14,F3,True,4527499.885,501027.4999999489,479956.2499999489,S7-TPNONE|F3|1776204900|SHORT,EXIT_SL_RAISED,False,S7-TPNONE,SHORT,S,0.5,1776215797.641,1776204900,1776205800.0,1776215700
4609921.250000119,default,0.5,4816.65,0,4816.7,4816.618976645072,4816.66,F1,True,4510839.55,3745.999999996593,-17325.250000003405,S7-TPNONE|F1|1776216600|SHORT,EXIT_SL_RAISED,False,S7-TPNONE,SHORT,S,0.5,1776229026.214,1776216600,1776217500.0,1776228300
4609921.250000119,default,0.5,4816.65,0,4816.7,4816.618976645072,4816.66,F2,True,4510839.55,3745.999999996593,-17325.250000003405,S7-TPNONE|F2|1776216600|SHORT,EXIT_SL_RAISED,False,S7-TPNONE,SHORT,S,0.5,1776229026.214,1776216600,1776217500.0,1776228300
4609921.250000119,default,0.5,4816.65,0,4816.7,4816.618976645072,4816.66,F3,True,4510839.55,3745.999999996593,-17325.250000003405,S7-TPNONE|F3|1776216600|SHORT,EXIT_SL_RAISED,False,S7-TPNONE,SHORT,S,0.5,1776229026.214,1776216600,1776217500.0,1776228300
5303399.500000095,default,0.5,4832.49,0,4833.02,4825.548530767473,4825.48,F1,True,4526123.23,-706121.0000000817,-727192.2500000817,S7-TPNONE|F1|1776285000|LONG,EXIT_SL_RAISED,False,S7-TPNONE,LONG,L,0.5,1776287920.977,1776285000,1776285900.0,1776287700
5303399.500000095,default,0.5,4832.49,0,4833.02,4825.548530767473,4825.48,F2,True,4526123.23,-706121.0000000817,-727192.2500000817,S7-TPNONE|F2|1776285000|LONG,EXIT_SL_RAISED,False,S7-TPNONE,LONG,L,0.5,1776287920.977,1776285000,1776285900.0,1776287700
5303399.500000095,default,0.5,4832.49,0,4833.02,4825.548530767473,4825.48,F3,True,4526123.23,-706121.0000000817,-727192.2500000817,S7-TPNONE|F3|1776285000|LONG,EXIT_SL_RAISED,False,S7-TPNONE,LONG,L,0.5,1776287920.977,1776285000,1776285900.0,1776287700
2619858.749999949,default,0.5,4826.42,0,4826.87,4828.441732421395,4828.42,F1,True,4520363.755,145157.50000001703,124086.25000001703,S7-TPNONE|F1|1776294000|LONG,EXIT_SL_RAISED,False,S7-TPNONE,LONG,L,0.5,1776303144.546,1776294000,1776294900.0,1776303000
2619858.749999949,default,0.5,4826.42,0,4826.87,4828.441732421395,4828.42,F2,True,4520363.755,145157.50000001703,124086.25000001703,S7-TPNONE|F2|1776294000|LONG,EXIT_SL_RAISED,False,S7-TPNONE,LONG,L,0.5,1776303144.546,1776294000,1776294900.0,1776303000
2619858.749999949,default,0.5,4826.42,0,4826.87,4828.441732421395,4828.42,F3,True,4520363.755,145157.50000001703,124086.25000001703,S7-TPNONE|F3|1776294000|LONG,EXIT_SL_RAISED,False,S7-TPNONE,LONG,L,0.5,1776303144.546,1776294000,1776294900.0,1776303000
2305662.9999998193,default,0.5,4825.87,0,4826.47,4819.661675476544,4819.62,F1,True,4519989.155,-641502.5000000341,-662573.7500000341,S7-TPNONE|F1|1776307500|LONG,EXIT_SL_RAISED,False,S7-TPNONE,LONG,L,0.5,1776309645.791,1776307500,1776308400.0,1776309300
2305662.9999998193,default,0.5,4825.87,0,4826.47,4819.661675476544,4819.62,F2,True,4519989.155,-641502.5000000341,-662573.7500000341,S7-TPNONE|F2|1776307500|LONG,EXIT_SL_RAISED,False,S7-TPNONE,LONG,L,0.5,1776309645.791,1776307500,1776308400.0,1776309300
2305662.9999998193,default,0.5,4825.87,0,4826.47,4819.661675476544,4819.62,F3,True,4519989.155,-641502.5000000341,-662573.7500000341,S7-TPNONE|F3|1776307500|LONG,EXIT_SL_RAISED,False,S7-TPNONE,LONG,L,0.5,1776309645.791,1776307500,1776308400.0,1776309300
1840690.7500001465,default,0.5,4795.16,1,4794.28,4788.854307438698,4788.83,F1,True,4489843.22,-510392.49999998295,-531463.749999983,S7-TPNONE|F1|1776362400|LONG,EXIT_SL_RAISED,False,S7-TPNONE,LONG,L,0.5,1776369653.327,1776362400,1776364200.0,1776369600
1840690.7500001465,default,0.5,4795.16,1,4794.28,4788.854307438698,4788.83,F2,True,4489843.22,-510392.49999998295,-531463.749999983,S7-TPNONE|F2|1776362400|LONG,EXIT_SL_RAISED,False,S7-TPNONE,LONG,L,0.5,1776369653.327,1776362400,1776364200.0,1776369600
1840690.7500001465,default,0.5,4795.16,1,4794.28,4788.854307438698,4788.83,F3,True,4489843.22,-510392.49999998295,-531463.749999983,S7-TPNONE|F3|1776362400|LONG,EXIT_SL_RAISED,False,S7-TPNONE,LONG,L,0.5,1776369653.327,1776362400,1776364200.0,1776369600
2027522.500000051,default,0.5,4798.36,0,4799.01,4792.1765524718,4792.16,F1,True,4494272.865,-641502.5000000341,-662573.7500000341,S7-TPNONE|F1|1776371400|LONG,EXIT_SL_RAISED,False,S7-TPNONE,LONG,L,0.5,1776373278.228,1776371400,1776372300.0,1776373200
2027522.500000051,default,0.5,4798.36,0,4799.01,4792.1765524718,4792.16,F2,True,4494272.865,-641502.5000000341,-662573.7500000341,S7-TPNONE|F2|1776371400|LONG,EXIT_SL_RAISED,False,S7-TPNONE,LONG,L,0.5,1776373278.228,1776371400,1776372300.0,1776373200
2027522.500000051,default,0.5,4798.36,0,4799.01,4792.1765524718,4792.16,F3,True,4494272.865,-641502.5000000341,-662573.7500000341,S7-TPNONE|F3|1776371400|LONG,EXIT_SL_RAISED,False,S7-TPNONE,LONG,L,0.5,1776373278.228,1776371400,1776372300.0,1776373200
7764989.7499999115,default,0.5,4778.87,0,4778.73,4779.7090695523775,4779.8,F1,True,4475280.645,-100205.50000005792,-121276.75000005792,S7-TPNONE|F1|1776373200|SHORT,EXIT_SL_RAISED,False,S7-TPNONE,SHORT,S,0.5,1776376152.894,1776373200,1776374100.0,1776375900
7764989.7499999115,default,0.5,4778.87,0,4778.73,4779.7090695523775,4779.8,F2,True,4475280.645,-100205.50000005792,-121276.75000005792,S7-TPNONE|F2|1776373200|SHORT,EXIT_SL_RAISED,False,S7-TPNONE,SHORT,S,0.5,1776376152.894,1776373200,1776374100.0,1776375900
7764989.7499999115,default,0.5,4778.87,0,4778.73,4779.7090695523775,4779.8,F3,True,4475280.645,-100205.50000005792,-121276.75000005792,S7-TPNONE|F3|1776373200|SHORT,EXIT_SL_RAISED,False,S7-TPNONE,SHORT,S,0.5,1776376152.894,1776373200,1776374100.0,1776375900
4187559.7500000987,default,0.5,4795.82,0,4796.3,4796.206994822766,4795.99,F1,True,4491734.95,-29031.50000003748,-50102.75000003748,S7-TPNONE|F1|1776380400|LONG,EXIT_SL_RAISED,False,S7-TPNONE,LONG,L,0.5,1776390253.654,1776380400,1776381300.0,1776389400
4187559.7500000987,default,0.5,4795.82,0,4796.3,4796.206994822766,4795.99,F2,True,4491734.95,-29031.50000003748,-50102.75000003748,S7-TPNONE|F2|1776380400|LONG,EXIT_SL_RAISED,False,S7-TPNONE,LONG,L,0.5,1776390253.654,1776380400,1776381300.0,1776389400
4187559.7500000987,default,0.5,4795.82,0,4796.3,4796.206994822766,4795.99,F3,True,4491734.95,-29031.50000003748,-50102.75000003748,S7-TPNONE|F3|1776380400|LONG,EXIT_SL_RAISED,False,S7-TPNONE,LONG,L,0.5,1776390253.654,1776380400,1776381300.0,1776389400
7578626.249999846,default,0.5,4793.53,0,4794.04,4795.226366328217,4795.15,F1,True,4489618.46,103951.49999996934,82880.24999996934,S7-TPNONE|F1|1776632400|LONG,EXIT_SL_RAISED,False,S7-TPNONE,LONG,L,0.5,1776638618.205,1776632400,1776633300.0,1776637800
7578626.249999846,default,0.5,4793.53,0,4794.04,4795.226366328217,4795.15,F2,True,4489618.46,103951.49999996934,82880.24999996934,S7-TPNONE|F2|1776632400|LONG,EXIT_SL_RAISED,False,S7-TPNONE,LONG,L,0.5,1776638618.205,1776632400,1776633300.0,1776637800
7578626.249999846,default,0.5,4793.53,0,4794.04,4795.226366328217,4795.15,F3,True,4489618.46,103951.49999996934,82880.24999996934,S7-TPNONE|F3|1776632400|LONG,EXIT_SL_RAISED,False,S7-TPNONE,LONG,L,0.5,1776638618.205,1776632400,1776633300.0,1776637800
2461590.249999816,default,0.5,4791.43,0,4791.49,4793.429499415175,4793.5,F1,True,4487230.385,-188236.50000002043,-209307.75000002043,S7-TPNONE|F1|1776639600|SHORT,EXIT_SL_RAISED,False,S7-TPNONE,SHORT,S,0.5,1776650550.229,1776639600,1776640500.0,1776650400
2461590.249999816,default,0.5,4791.43,0,4791.49,4793.429499415175,4793.5,F2,True,4487230.385,-188236.50000002043,-209307.75000002043,S7-TPNONE|F2|1776639600|SHORT,EXIT_SL_RAISED,False,S7-TPNONE,SHORT,S,0.5,1776650550.229,1776639600,1776640500.0,1776650400
2461590.249999816,default,0.5,4791.43,0,4791.49,4793.429499415175,4793.5,F3,True,4487230.385,-188236.50000002043,-209307.75000002043,S7-TPNONE|F3|1776639600|SHORT,EXIT_SL_RAISED,False,S7-TPNONE,SHORT,S,0.5,1776650550.229,1776639600,1776640500.0,1776650400
3304908.4999999115,default,0.5,4795.24,0,4795.75,4791.67918562792,4791.66,F1,True,4491219.875,-383028.5000000136,-404099.7500000136,S7-TPNONE|F1|1776653100|LONG,EXIT_SL_RAISED,False,S7-TPNONE,LONG,L,0.5,1776655835.033,1776653100,1776654000.0,1776655800
3304908.4999999115,default,0.5,4795.24,0,4795.75,4791.67918562792,4791.66,F2,True,4491219.875,-383028.5000000136,-404099.7500000136,S7-TPNONE|F2|1776653100|LONG,EXIT_SL_RAISED,False,S7-TPNONE,LONG,L,0.5,1776655835.033,1776653100,1776654000.0,1776655800
3304908.4999999115,default,0.5,4795.24,0,4795.75,4791.67918562792,4791.66,F3,True,4491219.875,-383028.5000000136,-404099.7500000136,S7-TPNONE|F3|1776653100|LONG,EXIT_SL_RAISED,False,S7-TPNONE,LONG,L,0.5,1776655835.033,1776653100,1776654000.0,1776655800
3176139.7499999967,default,0.5,4819.64,0,4819.63,4794.947691564047,4794.96,F1,True,4513583.495,2310345.500000007,2289274.250000007,S7-TPNONE|F1|1776716100|SHORT,EXIT_SL_RAISED,False,S7-TPNONE,SHORT,S,0.5,1776735401.202,1776716100,1776717000.0,1776735000
3176139.7499999967,default,0.5,4819.64,0,4819.63,4794.947691564047,4794.96,F2,True,4513583.495,2310345.500000007,2289274.250000007,S7-TPNONE|F2|1776716100|SHORT,EXIT_SL_RAISED,False,S7-TPNONE,SHORT,S,0.5,1776735401.202,1776716100,1776717000.0,1776735000
3176139.7499999967,default,0.5,4819.64,0,4819.63,4794.947691564047,4794.96,F3,True,4513583.495,2310345.500000007,2289274.250000007,S7-TPNONE|F3|1776716100|SHORT,EXIT_SL_RAISED,False,S7-TPNONE,SHORT,S,0.5,1776735401.202,1776716100,1776717000.0,1776735000
4581826.249999932,default,0.5,4765.97,0,4766.5,4760.310381193115,4760.3,F1,True,4463827.25,-580629.999999983,-601701.249999983,S7-TPNONE|F1|1776820500|LONG,EXIT_SL_RAISED,False,S7-TPNONE,LONG,L,0.5,1776823321.117,1776820500,1776821400.0,1776823200
4581826.249999932,default,0.5,4765.97,0,4766.5,4760.310381193115,4760.3,F2,True,4463827.25,-580629.999999983,-601701.249999983,S7-TPNONE|F2|1776820500|LONG,EXIT_SL_RAISED,False,S7-TPNONE,LONG,L,0.5,1776823321.117,1776820500,1776821400.0,1776823200
4581826.249999932,default,0.5,4765.97,0,4766.5,4760.310381193115,4760.3,F3,True,4463827.25,-580629.999999983,-601701.249999983,S7-TPNONE|F3|1776820500|LONG,EXIT_SL_RAISED,False,S7-TPNONE,LONG,L,0.5,1776823321.117,1776820500,1776821400.0,1776823200
2231679.499999993,default,0.5,4766.88,0,4767.15,4761.72633655535,4761.56,F1,True,4464435.975,-523503.49999992846,-544574.7499999285,S7-TPNONE|F1|1776824100|LONG,EXIT_SL_RAISED,False,S7-TPNONE,LONG,L,0.5,1776829547.871,1776824100,1776825000.0,1776829500
2231679.499999993,default,0.5,4766.88,0,4767.15,4761.72633655535,4761.56,F2,True,4464435.975,-523503.49999992846,-544574.7499999285,S7-TPNONE|F2|1776824100|LONG,EXIT_SL_RAISED,False,S7-TPNONE,LONG,L,0.5,1776829547.871,1776824100,1776825000.0,1776829500
2231679.499999993,default,0.5,4766.88,0,4767.15,4761.72633655535,4761.56,F3,True,4464435.975,-523503.49999992846,-544574.7499999285,S7-TPNONE|F3|1776824100|LONG,EXIT_SL_RAISED,False,S7-TPNONE,LONG,L,0.5,1776829547.871,1776824100,1776825000.0,1776829500
1591113.4999998943,default,0.5,4760.51,0,4760.94,4752.893949184326,4752.8,F1,True,4458620.31,-762310.9999999455,-783382.2499999455,S7-TPNONE|F1|1776834000|LONG,EXIT_SL_RAISED,False,S7-TPNONE,LONG,L,0.5,1776837333.876,1776834000,1776834900.0,1776836700
1591113.4999998943,default,0.5,4760.51,0,4760.94,4752.893949184326,4752.8,F2,True,4458620.31,-762310.9999999455,-783382.2499999455,S7-TPNONE|F2|1776834000|LONG,EXIT_SL_RAISED,False,S7-TPNONE,LONG,L,0.5,1776837333.876,1776834000,1776834900.0,1776836700
1591113.4999998943,default,0.5,4760.51,0,4760.94,4752.893949184326,4752.8,F3,True,4458620.31,-762310.9999999455,-783382.2499999455,S7-TPNONE|F3|1776834000|LONG,EXIT_SL_RAISED,False,S7-TPNONE,LONG,L,0.5,1776837333.876,1776834000,1776834900.0,1776836700
1905777.500000034,default,0.5,4755.04,0,4755.18,4755.657615244128,4755.67,F1,True,4453226.07,-45888.499999979555,-66959.74999997955,S7-TPNONE|F1|1776836700|SHORT,EXIT_SL_RAISED,False,S7-TPNONE,SHORT,S,0.5,1776838875.788,1776836700,1776837600.0,1776838500
1905777.500000034,default,0.5,4755.04,0,4755.18,4755.657615244128,4755.67,F2,True,4453226.07,-45888.499999979555,-66959.74999997955,S7-TPNONE|F2|1776836700|SHORT,EXIT_SL_RAISED,False,S7-TPNONE,SHORT,S,0.5,1776838875.788,1776836700,1776837600.0,1776838500
1905777.500000034,default,0.5,4755.04,0,4755.18,4755.657615244128,4755.67,F3,True,4453226.07,-45888.499999979555,-66959.74999997955,S7-TPNONE|F3|1776836700|SHORT,EXIT_SL_RAISED,False,S7-TPNONE,SHORT,S,0.5,1776838875.788,1776836700,1776837600.0,1776838500
2767357.499999932,default,0.5,4746.62,0,4746.65,4749.94,4750.4,F1,False,4445237.725,-351187.5,-372258.75,S7-TPNONE|F1|1776846600|SHORT,EXIT_TRAIL,True,S7-TPNONE,SHORT,S,0.5,1776850200,1776846600,1776847500.0,1776849300
2767357.499999932,default,0.5,4746.62,0,4746.65,4749.94,4750.4,F2,False,4445237.725,-351187.5,-372258.75,S7-TPNONE|F2|1776846600|SHORT,EXIT_TRAIL,True,S7-TPNONE,SHORT,S,0.5,1776850200,1776846600,1776847500.0,1776849300
2767357.499999932,default,0.5,4746.62,0,4746.65,4749.94,4750.4,F3,False,4445237.725,-351187.5,-372258.75,S7-TPNONE|F3|1776846600|SHORT,EXIT_TRAIL,True,S7-TPNONE,SHORT,S,0.5,1776850200,1776846600,1776847500.0,1776849300
4704507.75000014,default,0.5,4755.14,0,4755.72,4748.055409611136,4747.99,F1,True,4453731.78,-723914.5000000442,-744985.7500000442,S7-TPNONE|F1|1776850200|LONG,EXIT_SL_RAISED,False,S7-TPNONE,LONG,L,0.5,1776852214.337,1776850200,1776851100.0,1776852000
4704507.75000014,default,0.5,4755.14,0,4755.72,4748.055409611136,4747.99,F2,True,4453731.78,-723914.5000000442,-744985.7500000442,S7-TPNONE|F2|1776850200|LONG,EXIT_SL_RAISED,False,S7-TPNONE,LONG,L,0.5,1776852214.337,1776850200,1776851100.0,1776852000
4704507.75000014,default,0.5,4755.14,0,4755.72,4748.055409611136,4747.99,F3,True,4453731.78,-723914.5000000442,-744985.7500000442,S7-TPNONE|F3|1776850200|LONG,EXIT_SL_RAISED,False,S7-TPNONE,LONG,L,0.5,1776852214.337,1776850200,1776851100.0,1776852000
1958689.7499999965,default,0.5,4730.26,0,4730.13,4741.1331874264515,4741.38,F1,True,4429766.745,-1053562.5,-1074633.75,S7-TPNONE|F1|1776867300|SHORT,EXIT_SL_RAISED,False,S7-TPNONE,SHORT,S,0.5,1776869141.557,1776867300,1776868200.0,1776869100
1958689.7499999965,default,0.5,4730.26,0,4730.13,4741.1331874264515,4741.38,F2,True,4429766.745,-1053562.5,-1074633.75,S7-TPNONE|F2|1776867300|SHORT,EXIT_SL_RAISED,False,S7-TPNONE,SHORT,S,0.5,1776869141.557,1776867300,1776868200.0,1776869100
1958689.7499999965,default,0.5,4730.26,0,4730.13,4741.1331874264515,4741.38,F3,True,4429766.745,-1053562.5,-1074633.75,S7-TPNONE|F3|1776867300|SHORT,EXIT_SL_RAISED,False,S7-TPNONE,SHORT,S,0.5,1776869141.557,1776867300,1776868200.0,1776869100
2327670.7500000442,default,0.5,4744.22,0,4744.86,4735.8588536915695,4735.21,F1,True,4443561.39,-903722.4999999659,-924793.7499999659,S7-TPNONE|F1|1776870900|LONG,EXIT_SL_RAISED,False,S7-TPNONE,LONG,L,0.5,1776881969.147,1776870900,1776871800.0,1776881700
2327670.7500000442,default,0.5,4744.22,0,4744.86,4735.8588536915695,4735.21,F2,True,4443561.39,-903722.4999999659,-924793.7499999659,S7-TPNONE|F2|1776870900|LONG,EXIT_SL_RAISED,False,S7-TPNONE,LONG,L,0.5,1776881969.147,1776870900,1776871800.0,1776881700
2327670.7500000442,default,0.5,4744.22,0,4744.86,4735.8588536915695,4735.21,F3,True,4443561.39,-903722.4999999659,-924793.7499999659,S7-TPNONE|F3|1776870900|LONG,EXIT_SL_RAISED,False,S7-TPNONE,LONG,L,0.5,1776881969.147,1776870900,1776871800.0,1776881700
9611767.75000002,default,0.5,4699.13,0,4699.22,4741.38,4741.84,F1,False,4400819.53,-3991362.9999999898,-4012434.2499999898,S7-TPNONE|F1|1776888000|SHORT,EXIT_TRAIL,True,S7-TPNONE,SHORT,S,0.5,1776889800,1776888000,1776888900.0,1776888900
9611767.75000002,default,0.5,4699.13,0,4699.22,4741.38,4741.84,F2,False,4400819.53,-3991362.9999999898,-4012434.2499999898,S7-TPNONE|F2|1776888000|SHORT,EXIT_TRAIL,True,S7-TPNONE,SHORT,S,0.5,1776889800,1776888000,1776888900.0,1776888900
9611767.75000002,default,0.5,4699.13,0,4699.22,4741.38,4741.84,F3,False,4400819.53,-3991362.9999999898,-4012434.2499999898,S7-TPNONE|F3|1776888000|SHORT,EXIT_TRAIL,True,S7-TPNONE,SHORT,S,0.5,1776889800,1776888000,1776888900.0,1776888900
15789390.000000034,default,0.5,4741.38,0,4741.84,4737.827700989293,4737.73,F1,True,4440733.16,-384901.5000000545,-405972.7500000545,S7-TPNONE|F1|1776888900|LONG,EXIT_SL_RAISED,False,S7-TPNONE,LONG,L,0.5,1776892270.675,1776888900,1776889800.0,1776891600
15789390.000000034,default,0.5,4741.38,0,4741.84,4737.827700989293,4737.73,F2,True,4440733.16,-384901.5000000545,-405972.7500000545,S7-TPNONE|F2|1776888900|LONG,EXIT_SL_RAISED,False,S7-TPNONE,LONG,L,0.5,1776892270.675,1776888900,1776889800.0,1776891600
15789390.000000034,default,0.5,4741.38,0,4741.84,4737.827700989293,4737.73,F3,True,4440733.16,-384901.5000000545,-405972.7500000545,S7-TPNONE|F3|1776888900|LONG,EXIT_SL_RAISED,False,S7-TPNONE,LONG,L,0.5,1776892270.675,1776888900,1776889800.0,1776891600
4650659.000000072,default,0.5,4723.08,0,4723.11,4706.017162695334,4706.13,F1,True,4423192.515,1590176.999999959,1569105.749999959,S7-TPNONE|F1|1776894300|SHORT,EXIT_SL_RAISED,False,S7-TPNONE,SHORT,S,0.5,1776908755.798,1776894300,1776895200.0,1776908700
4650659.000000072,default,0.5,4723.08,0,4723.11,4706.017162695334,4706.13,F2,True,4423192.515,1590176.999999959,1569105.749999959,S7-TPNONE|F2|1776894300|SHORT,EXIT_SL_RAISED,False,S7-TPNONE,SHORT,S,0.5,1776908755.798,1776894300,1776895200.0,1776908700
4650659.000000072,default,0.5,4723.08,0,4723.11,4706.017162695334,4706.13,F3,True,4423192.515,1590176.999999959,1569105.749999959,S7-TPNONE|F3|1776894300|SHORT,EXIT_SL_RAISED,False,S7-TPNONE,SHORT,S,0.5,1776908755.798,1776894300,1776895200.0,1776908700
4359875.750000027,default,0.5,4713.32,0,4713.93,4707.785177356089,4707.74,F1,True,4414595.445,-579693.5000000477,-600764.7500000477,S7-TPNONE|F1|1776908700|LONG,EXIT_SL_RAISED,False,S7-TPNONE,LONG,L,0.5,1776913264.757,1776908700,1776909600.0,1776913200
4359875.750000027,default,0.5,4713.32,0,4713.93,4707.785177356089,4707.74,F2,True,4414595.445,-579693.5000000477,-600764.7500000477,S7-TPNONE|F2|1776908700|LONG,EXIT_SL_RAISED,False,S7-TPNONE,LONG,L,0.5,1776913264.757,1776908700,1776909600.0,1776913200
4359875.750000027,default,0.5,4713.32,0,4713.93,4707.785177356089,4707.74,F3,True,4414595.445,-579693.5000000477,-600764.7500000477,S7-TPNONE|F3|1776908700|LONG,EXIT_SL_RAISED,False,S7-TPNONE,LONG,L,0.5,1776913264.757,1776908700,1776909600.0,1776913200
3063759.7499999283,default,0.5,4705.34,0,4705.8,4696.535781339642,4696.18,F1,True,4406981.7,-900912.9999999898,-921984.2499999898,S7-TPNONE|F1|1776975300|LONG,EXIT_SL_RAISED,False,S7-TPNONE,LONG,L,0.5,1776979918.95,1776975300,1776976200.0,1776979800
3063759.7499999283,default,0.5,4705.34,0,4705.8,4696.535781339642,4696.18,F2,True,4406981.7,-900912.9999999898,-921984.2499999898,S7-TPNONE|F2|1776975300|LONG,EXIT_SL_RAISED,False,S7-TPNONE,LONG,L,0.5,1776979918.95,1776975300,1776976200.0,1776979800
3063759.7499999283,default,0.5,4705.34,0,4705.8,4696.535781339642,4696.18,F3,True,4406981.7,-900912.9999999898,-921984.2499999898,S7-TPNONE|F3|1776975300|LONG,EXIT_SL_RAISED,False,S7-TPNONE,LONG,L,0.5,1776979918.95,1776975300,1776976200.0,1776979800
3876641.7499999558,default,0.5,4690.82,0,4690.7,4671.953586100535,4672.22,F1,True,4392840.55,1730651.999999959,1709580.749999959,S7-TPNONE|F1|1776979800|SHORT,EXIT_SL_RAISED,False,S7-TPNONE,SHORT,S,0.5,1776991610.768,1776979800,1776980700.0,1776991500
3876641.7499999558,default,0.5,4690.82,0,4690.7,4671.953586100535,4672.22,F2,True,4392840.55,1730651.999999959,1709580.749999959,S7-TPNONE|F2|1776979800|SHORT,EXIT_SL_RAISED,False,S7-TPNONE,SHORT,S,0.5,1776991610.768,1776979800,1776980700.0,1776991500
3876641.7499999558,default,0.5,4690.82,0,4690.7,4671.953586100535,4672.22,F3,True,4392840.55,1730651.999999959,1709580.749999959,S7-TPNONE|F3|1776979800|SHORT,EXIT_SL_RAISED,False,S7-TPNONE,SHORT,S,0.5,1776991610.768,1776979800,1776980700.0,1776991500
3797039.250000092,default,0.5,4671.32,0,4671.31,4680.109046565462,4680.11,F1,True,4374681.815,-824119.9999999319,-845191.2499999319,S7-TPNONE|F1|1776996900|SHORT,EXIT_SL_RAISED,False,S7-TPNONE,SHORT,S,0.5,1777000279.349,1776996900,1776997800.0,1776999600
3797039.250000092,default,0.5,4671.32,0,4671.31,4680.109046565462,4680.11,F2,True,4374681.815,-824119.9999999319,-845191.2499999319,S7-TPNONE|F2|1776996900|SHORT,EXIT_SL_RAISED,False,S7-TPNONE,SHORT,S,0.5,1777000279.349,1776996900,1776997800.0,1776999600
3797039.250000092,default,0.5,4671.32,0,4671.31,4680.109046565462,4680.11,F3,True,4374681.815,-824119.9999999319,-845191.2499999319,S7-TPNONE|F3|1776996900|SHORT,EXIT_SL_RAISED,False,S7-TPNONE,SHORT,S,0.5,1777000279.349,1776996900,1776997800.0,1776999600
8120391.500000174,default,0.5,4685.14,1,4686.44,4682.63632434884,4682.65,F1,True,4388851.06,354933.49999999657,333862.24999999657,S7-TPNONE|F1|1777226400|SHORT,EXIT_SL_RAISED,False,S7-TPNONE,SHORT,S,0.5,1777236451.032,1777226400,1777228200.0,1777236300
8120391.500000174,default,0.5,4685.14,1,4686.44,4682.63632434884,4682.65,F2,True,4388851.06,354933.49999999657,333862.24999999657,S7-TPNONE|F2|1777226400|SHORT,EXIT_SL_RAISED,False,S7-TPNONE,SHORT,S,0.5,1777236451.032,1777226400,1777228200.0,1777236300
8120391.500000174,default,0.5,4685.14,1,4686.44,4682.63632434884,4682.65,F3,True,4388851.06,354933.49999999657,333862.24999999657,S7-TPNONE|F3|1777226400|SHORT,EXIT_SL_RAISED,False,S7-TPNONE,SHORT,S,0.5,1777236451.032,1777226400,1777228200.0,1777236300
5855934.499999891,default,0.5,4670.58,0,4670.52,4677.15,4677.6,F1,False,4373941.98,-663041.9999999931,-684113.2499999931,S7-TPNONE|F1|1777326300|SHORT,EXIT_TRAIL,True,S7-TPNONE,SHORT,S,0.5,1777328100,1777326300,1777327200.0,1777327200
5855934.499999891,default,0.5,4670.58,0,4670.52,4677.15,4677.6,F2,False,4373941.98,-663041.9999999931,-684113.2499999931,S7-TPNONE|F2|1777326300|SHORT,EXIT_TRAIL,True,S7-TPNONE,SHORT,S,0.5,1777328100,1777326300,1777327200.0,1777327200
5855934.499999891,default,0.5,4670.58,0,4670.52,4677.15,4677.6,F3,False,4373941.98,-663041.9999999931,-684113.2499999931,S7-TPNONE|F3|1777326300|SHORT,EXIT_TRAIL,True,S7-TPNONE,SHORT,S,0.5,1777328100,1777326300,1777327200.0,1777327200
1179989.999999949,default,0.5,4671.86,0,4671.75,4657.369626170663,4657.39,F1,True,4375093.875,1344813.9999999693,1323742.7499999693,S7-TPNONE|F1|1777332600|SHORT,EXIT_SL_RAISED,False,S7-TPNONE,SHORT,S,0.5,1777339213.426,1777332600,1777333500.0,1777338900
1179989.999999949,default,0.5,4671.86,0,4671.75,4657.369626170663,4657.39,F2,True,4375093.875,1344813.9999999693,1323742.7499999693,S7-TPNONE|F2|1777332600|SHORT,EXIT_SL_RAISED,False,S7-TPNONE,SHORT,S,0.5,1777339213.426,1777332600,1777333500.0,1777338900
1179989.999999949,default,0.5,4671.86,0,4671.75,4657.369626170663,4657.39,F3,True,4375093.875,1344813.9999999693,1323742.7499999693,S7-TPNONE|F3|1777332600|SHORT,EXIT_SL_RAISED,False,S7-TPNONE,SHORT,S,0.5,1777339213.426,1777332600,1777333500.0,1777338900
11141540.499999853,default,0.5,4624.72,0,4624.78,4636.3373446417445,4636.37,F1,True,4331106.47,-1085403.5000000137,-1106474.7500000137,S7-TPNONE|F1|1777339800|SHORT,EXIT_SL_RAISED,False,S7-TPNONE,SHORT,S,0.5,1777341927.366,1777339800,1777340700.0,1777341600
11141540.499999853,default,0.5,4624.72,0,4624.78,4636.3373446417445,4636.37,F2,True,4331106.47,-1085403.5000000137,-1106474.7500000137,S7-TPNONE|F2|1777339800|SHORT,EXIT_SL_RAISED,False,S7-TPNONE,SHORT,S,0.5,1777341927.366,1777339800,1777340700.0,1777341600
11141540.499999853,default,0.5,4624.72,0,4624.78,4636.3373446417445,4636.37,F3,True,4331106.47,-1085403.5000000137,-1106474.7500000137,S7-TPNONE|F3|1777339800|SHORT,EXIT_SL_RAISED,False,S7-TPNONE,SHORT,S,0.5,1777341927.366,1777339800,1777340700.0,1777341600
4834681.25000017,default,0.5,4607.24,0,4607.76,4597.188307735357,4597.17,F1,True,4315167.24,-991753.5000000136,-1012824.7500000136,S7-TPNONE|F1|1777406400|LONG,EXIT_SL_RAISED,False,S7-TPNONE,LONG,L,0.5,1777409444.705,1777406400,1777407300.0,1777409100
4834681.25000017,default,0.5,4607.24,0,4607.76,4597.188307735357,4597.17,F2,True,4315167.24,-991753.5000000136,-1012824.7500000136,S7-TPNONE|F2|1777406400|LONG,EXIT_SL_RAISED,False,S7-TPNONE,LONG,L,0.5,1777409444.705,1777406400,1777407300.0,1777409100
4834681.25000017,default,0.5,4607.24,0,4607.76,4597.188307735357,4597.17,F3,True,4315167.24,-991753.5000000136,-1012824.7500000136,S7-TPNONE|F3|1777406400|LONG,EXIT_SL_RAISED,False,S7-TPNONE,LONG,L,0.5,1777409444.705,1777406400,1777407300.0,1777409100
7376342.250000031,default,0.5,4582.46,0,4582.21,4591.326814105473,4591.38,F1,True,4291239.665,-858770.5000000069,-879841.7500000069,S7-TPNONE|F1|1777410000|SHORT,EXIT_SL_RAISED,False,S7-TPNONE,SHORT,S,0.5,1777412540.936,1777410000,1777410900.0,1777411800
7376342.250000031,default,0.5,4582.46,0,4582.21,4591.326814105473,4591.38,F2,True,4291239.665,-858770.5000000069,-879841.7500000069,S7-TPNONE|F2|1777410000|SHORT,EXIT_SL_RAISED,False,S7-TPNONE,SHORT,S,0.5,1777412540.936,1777410000,1777410900.0,1777411800
7376342.250000031,default,0.5,4582.46,0,4582.21,4591.326814105473,4591.38,F3,True,4291239.665,-858770.5000000069,-879841.7500000069,S7-TPNONE|F3|1777410000|SHORT,EXIT_SL_RAISED,False,S7-TPNONE,SHORT,S,0.5,1777412540.936,1777410000,1777410900.0,1777411800
3228583.7499997783,default,0.5,4584.62,0,4584.61,4600.79,4601.27,F1,False,4293487.265,-1560209.0000000715,-1581280.2500000715,S7-TPNONE|F1|1777412700|SHORT,EXIT_TRAIL,True,S7-TPNONE,SHORT,S,0.5,1777414500,1777412700,1777413600.0,1777413600
3228583.7499997783,default,0.5,4584.62,0,4584.61,4600.79,4601.27,F2,False,4293487.265,-1560209.0000000715,-1581280.2500000715,S7-TPNONE|F2|1777412700|SHORT,EXIT_TRAIL,True,S7-TPNONE,SHORT,S,0.5,1777414500,1777412700,1777413600.0,1777413600
3228583.7499997783,default,0.5,4584.62,0,4584.61,4600.79,4601.27,F3,False,4293487.265,-1560209.0000000715,-1581280.2500000715,S7-TPNONE|F3|1777412700|SHORT,EXIT_TRAIL,True,S7-TPNONE,SHORT,S,0.5,1777414500,1777412700,1777413600.0,1777413600
5725292.7500000205,default,0.5,4600.79,0,4601.27,4593.63,4593.61,F1,False,4309089.355,-717359.0000000716,-717359.0000000716,S7-TPNONE|F1|1777413600|LONG,reverse,False,S7-TPNONE,LONG,L,0.5,1777419900,1777413600,1777414500.0,1777419000
5725292.7500000205,default,0.5,4600.79,0,4601.27,4593.63,4593.61,F2,False,4309089.355,-717359.0000000716,-717359.0000000716,S7-TPNONE|F2|1777413600|LONG,reverse,False,S7-TPNONE,LONG,L,0.5,1777419900,1777413600,1777414500.0,1777419000
5725292.7500000205,default,0.5,4600.79,0,4601.27,4593.63,4593.61,F3,False,4309089.355,-717359.0000000716,-717359.0000000716,S7-TPNONE|F3|1777413600|LONG,reverse,False,S7-TPNONE,LONG,L,0.5,1777419900,1777413600,1777414500.0,1777419000
1988657.7499999693,default,0.5,4593.63,0,4593.61,4600.67,4601.24,F1,False,4301915.765,-714549.5000000102,-714549.5000000102,S7-TPNONE|F1|1777419000|SHORT,reverse,False,S7-TPNONE,SHORT,S,0.5,1777421700,1777419000,1777419900.0,1777420800
1988657.7499999693,default,0.5,4593.63,0,4593.61,4600.67,4601.24,F2,False,4301915.765,-714549.5000000102,-714549.5000000102,S7-TPNONE|F2|1777419000|SHORT,reverse,False,S7-TPNONE,SHORT,S,0.5,1777421700,1777419000,1777419900.0,1777420800
1988657.7499999693,default,0.5,4593.63,0,4593.61,4600.67,4601.24,F3,False,4301915.765,-714549.5000000102,-714549.5000000102,S7-TPNONE|F3|1777419000|SHORT,reverse,False,S7-TPNONE,SHORT,S,0.5,1777421700,1777419000,1777419900.0,1777420800
2492494.7499999795,default,0.5,4600.67,0,4601.24,4596.713623666589,4596.71,F1,True,4309061.26,-424234.49999997613,-445305.74999997613,S7-TPNONE|F1|1777420800|LONG,EXIT_SL_RAISED,False,S7-TPNONE,LONG,L,0.5,1777426330.6,1777420800,1777421700.0,1777426200
2492494.7499999795,default,0.5,4600.67,0,4601.24,4596.713623666589,4596.71,F2,True,4309061.26,-424234.49999997613,-445305.74999997613,S7-TPNONE|F2|1777420800|LONG,EXIT_SL_RAISED,False,S7-TPNONE,LONG,L,0.5,1777426330.6,1777420800,1777421700.0,1777426200
2492494.7499999795,default,0.5,4600.67,0,4601.24,4596.713623666589,4596.71,F3,True,4309061.26,-424234.49999997613,-445305.74999997613,S7-TPNONE|F3|1777420800|LONG,EXIT_SL_RAISED,False,S7-TPNONE,LONG,L,0.5,1777426330.6,1777420800,1777421700.0,1777426200
3671079.999999898,default,0.5,4588.4,0,4588.42,4569.526068547311,4569.61,F1,True,4297055.33,1761556.5000000375,1740485.2500000375,S7-TPNONE|F1|1777428000|SHORT,EXIT_SL_RAISED,False,S7-TPNONE,SHORT,S,0.5,1777437902.052,1777428000,1777428900.0,1777437900
3671079.999999898,default,0.5,4588.4,0,4588.42,4569.526068547311,4569.61,F2,True,4297055.33,1761556.5000000375,1740485.2500000375,S7-TPNONE|F2|1777428000|SHORT,EXIT_SL_RAISED,False,S7-TPNONE,SHORT,S,0.5,1777437902.052,1777428000,1777428900.0,1777437900
3671079.999999898,default,0.5,4588.4,0,4588.42,4569.526068547311,4569.61,F3,True,4297055.33,1761556.5000000375,1740485.2500000375,S7-TPNONE|F3|1777428000|SHORT,EXIT_SL_RAISED,False,S7-TPNONE,SHORT,S,0.5,1777437902.052,1777428000,1777428900.0,1777437900
4354725.000000085,default,0.5,4562.18,0,4562.13,4552.660741088862,4552.68,F1,True,4272434.745,884992.499999983,863921.249999983,S7-TPNONE|F1|1777501800|SHORT,EXIT_SL_RAISED,False,S7-TPNONE,SHORT,S,0.5,1777511283.915,1777501800,1777502700.0,1777510800
4354725.000000085,default,0.5,4562.18,0,4562.13,4552.660741088862,4552.68,F2,True,4272434.745,884992.499999983,863921.249999983,S7-TPNONE|F2|1777501800|SHORT,EXIT_SL_RAISED,False,S7-TPNONE,SHORT,S,0.5,1777511283.915,1777501800,1777502700.0,1777510800
4354725.000000085,default,0.5,4562.18,0,4562.13,4552.660741088862,4552.68,F3,True,4272434.745,884992.499999983,863921.249999983,S7-TPNONE|F3|1777501800|SHORT,EXIT_SL_RAISED,False,S7-TPNONE,SHORT,S,0.5,1777511283.915,1777501800,1777502700.0,1777510800
4014307.2500000647,default,0.5,4563.8,0,4564.24,4613.094049675162,4612.89,F1,True,4274410.76,4556072.500000051,4535001.250000051,S7-TPNONE|F1|1777512600|LONG,EXIT_SL_RAISED,False,S7-TPNONE,LONG,L,0.5,1777522817.258,1777512600,1777513500.0,1777522500
4014307.2500000647,default,0.5,4563.8,0,4564.24,4613.094049675162,4612.89,F2,True,4274410.76,4556072.500000051,4535001.250000051,S7-TPNONE|F2|1777512600|LONG,EXIT_SL_RAISED,False,S7-TPNONE,LONG,L,0.5,1777522817.258,1777512600,1777513500.0,1777522500
4014307.2500000647,default,0.5,4563.8,0,4564.24,4613.094049675162,4612.89,F3,True,4274410.76,4556072.500000051,4535001.250000051,S7-TPNONE|F3|1777512600|LONG,EXIT_SL_RAISED,False,S7-TPNONE,LONG,L,0.5,1777522817.258,1777512600,1777513500.0,1777522500
4548580.499999887,default,0.5,4630.72,0,4631.28,4625.727940269926,4625.7,F1,True,4337193.72,-522566.9999999932,-543638.2499999932,S7-TPNONE|F1|1777586400|LONG,EXIT_SL_RAISED,False,S7-TPNONE,LONG,L,0.5,1777588951.63,1777586400,1777587300.0,1777588200
4548580.499999887,default,0.5,4630.72,0,4631.28,4625.727940269926,4625.7,F2,True,4337193.72,-522566.9999999932,-543638.2499999932,S7-TPNONE|F2|1777586400|LONG,EXIT_SL_RAISED,False,S7-TPNONE,LONG,L,0.5,1777588951.63,1777586400,1777587300.0,1777588200
4548580.499999887,default,0.5,4630.72,0,4631.28,4625.727940269926,4625.7,F3,True,4337193.72,-522566.9999999932,-543638.2499999932,S7-TPNONE|F3|1777586400|LONG,EXIT_SL_RAISED,False,S7-TPNONE,LONG,L,0.5,1777588951.63,1777586400,1777587300.0,1777588200
1905777.500000034,default,0.5,4609.73,0,4609.69,4571.157265045563,4571.22,F1,True,4316974.685,3602715.4999999385,3581644.2499999385,S7-TPNONE|F1|1777599000|SHORT,EXIT_SL_RAISED,False,S7-TPNONE,SHORT,S,0.5,1777616549.05,1777599000,1777599900.0,1777616100
1905777.500000034,default,0.5,4609.73,0,4609.69,4571.157265045563,4571.22,F2,True,4316974.685,3602715.4999999385,3581644.2499999385,S7-TPNONE|F2|1777599000|SHORT,EXIT_SL_RAISED,False,S7-TPNONE,SHORT,S,0.5,1777616549.05,1777599000,1777599900.0,1777616100
1905777.500000034,default,0.5,4609.73,0,4609.69,4571.157265045563,4571.22,F3,True,4316974.685,3602715.4999999385,3581644.2499999385,S7-TPNONE|F3|1777599000|SHORT,EXIT_SL_RAISED,False,S7-TPNONE,SHORT,S,0.5,1777616549.05,1777599000,1777599900.0,1777616100
3069378.7500001364,default,0.5,4627.97,0,4628.51,4615.078427508073,4615.01,F1,True,4334599.615,-1264275.0,-1285346.25,S7-TPNONE|F1|1777833000|LONG,EXIT_SL_RAISED,False,S7-TPNONE,LONG,L,0.5,1777835304.706,1777833000,1777833900.0,1777834800
3069378.7500001364,default,0.5,4627.97,0,4628.51,4615.078427508073,4615.01,F2,True,4334599.615,-1264275.0,-1285346.25,S7-TPNONE|F2|1777833000|LONG,EXIT_SL_RAISED,False,S7-TPNONE,LONG,L,0.5,1777835304.706,1777833000,1777833900.0,1777834800
3069378.7500001364,default,0.5,4627.97,0,4628.51,4615.078427508073,4615.01,F3,True,4334599.615,-1264275.0,-1285346.25,S7-TPNONE|F3|1777833000|LONG,EXIT_SL_RAISED,False,S7-TPNONE,LONG,L,0.5,1777835304.706,1777833000,1777833900.0,1777834800
2794515.9999999283,default,0.5,4614.87,0,4614.89,4606.640519090414,4606.78,F1,True,4321844.485,759501.5000000545,738430.2500000545,S7-TPNONE|F1|1777834800|SHORT,EXIT_SL_RAISED,False,S7-TPNONE,SHORT,S,0.5,1777845092.571,1777834800,1777835700.0,1777844700
2794515.9999999283,default,0.5,4614.87,0,4614.89,4606.640519090414,4606.78,F2,True,4321844.485,759501.5000000545,738430.2500000545,S7-TPNONE|F2|1777834800|SHORT,EXIT_SL_RAISED,False,S7-TPNONE,SHORT,S,0.5,1777845092.571,1777834800,1777835700.0,1777844700
2794515.9999999283,default,0.5,4614.87,0,4614.89,4606.640519090414,4606.78,F3,True,4321844.485,759501.5000000545,738430.2500000545,S7-TPNONE|F3|1777834800|SHORT,EXIT_SL_RAISED,False,S7-TPNONE,SHORT,S,0.5,1777845092.571,1777834800,1777835700.0,1777844700
4157591.7499999558,default,0.5,4612.9,0,4613.37,4603.322690172042,4603.16,F1,True,4320421.005,-956166.5000000034,-977237.7500000034,S7-TPNONE|F1|1777844700|LONG,EXIT_SL_RAISED,False,S7-TPNONE,LONG,L,0.5,1777846566.208,1777844700,1777845600.0,1777846500
4157591.7499999558,default,0.5,4612.9,0,4613.37,4603.322690172042,4603.16,F2,True,4320421.005,-956166.5000000034,-977237.7500000034,S7-TPNONE|F2|1777844700|LONG,EXIT_SL_RAISED,False,S7-TPNONE,LONG,L,0.5,1777846566.208,1777844700,1777845600.0,1777846500
4157591.7499999558,default,0.5,4612.9,0,4613.37,4603.322690172042,4603.16,F3,True,4320421.005,-956166.5000000034,-977237.7500000034,S7-TPNONE|F3|1777844700|LONG,EXIT_SL_RAISED,False,S7-TPNONE,LONG,L,0.5,1777846566.208,1777844700,1777845600.0,1777846500
2305663.000000075,default,0.5,4609.85,0,4610.4,4603.269179996319,4603.26,F1,True,4317639.6,-668660.9999999455,-689732.2499999455,S7-TPNONE|F1|1777849200|LONG,EXIT_SL_RAISED,False,S7-TPNONE,LONG,L,0.5,1777856624.083,1777849200,1777850100.0,1777856400
2305663.000000075,default,0.5,4609.85,0,4610.4,4603.269179996319,4603.26,F2,True,4317639.6,-668660.9999999455,-689732.2499999455,S7-TPNONE|F2|1777849200|LONG,EXIT_SL_RAISED,False,S7-TPNONE,LONG,L,0.5,1777856624.083,1777849200,1777850100.0,1777856400
2305663.000000075,default,0.5,4609.85,0,4610.4,4603.269179996319,4603.26,F3,True,4317639.6,-668660.9999999455,-689732.2499999455,S7-TPNONE|F3|1777849200|LONG,EXIT_SL_RAISED,False,S7-TPNONE,LONG,L,0.5,1777856624.083,1777849200,1777850100.0,1777856400
1505891.9999999932,default,0.5,4523.63,1,4521.58,4518.3,4518.35,F1,False,4234459.67,-302489.49999995914,-302489.49999995914,S7-TPNONE|F1|1777913100|LONG,reverse,False,S7-TPNONE,LONG,L,0.5,1777923900,1777913100,1777918500.0,1777923000
1505891.9999999932,default,0.5,4523.63,1,4521.58,4518.3,4518.35,F2,False,4234459.67,-302489.49999995914,-302489.49999995914,S7-TPNONE|F2|1777913100|LONG,reverse,False,S7-TPNONE,LONG,L,0.5,1777923900,1777913100,1777918500.0,1777923000
1505891.9999999932,default,0.5,4523.63,1,4521.58,4518.3,4518.35,F3,False,4234459.67,-302489.49999995914,-302489.49999995914,S7-TPNONE|F3|1777913100|LONG,reverse,False,S7-TPNONE,LONG,L,0.5,1777923900,1777913100,1777918500.0,1777923000
953825.249999782,default,0.5,4518.3,0,4518.35,4527.271948148384,4527.42,F1,True,4231434.775,-849405.4999999728,-870476.7499999728,S7-TPNONE|F1|1777923000|SHORT,EXIT_SL_RAISED,False,S7-TPNONE,SHORT,S,0.5,1777925611.54,1777923000,1777923900.0,1777924800
953825.249999782,default,0.5,4518.3,0,4518.35,4527.271948148384,4527.42,F2,True,4231434.775,-849405.4999999728,-870476.7499999728,S7-TPNONE|F2|1777923000|SHORT,EXIT_SL_RAISED,False,S7-TPNONE,SHORT,S,0.5,1777925611.54,1777923000,1777923900.0,1777924800
953825.249999782,default,0.5,4518.3,0,4518.35,4527.271948148384,4527.42,F3,True,4231434.775,-849405.4999999728,-870476.7499999728,S7-TPNONE|F3|1777923000|SHORT,EXIT_SL_RAISED,False,S7-TPNONE,SHORT,S,0.5,1777925611.54,1777923000,1777923900.0,1777924800
4150567.9999999725,default,0.5,4540.16,0,4540.66,4541.291194565933,4541.23,F1,True,4252328.09,53380.499999972744,32309.249999972744,S7-TPNONE|F1|1777942800|LONG,EXIT_SL_RAISED,False,S7-TPNONE,LONG,L,0.5,1777947460.004,1777942800,1777943700.0,1777947300
4150567.9999999725,default,0.5,4540.16,0,4540.66,4541.291194565933,4541.23,F2,True,4252328.09,53380.499999972744,32309.249999972744,S7-TPNONE|F2|1777942800|LONG,EXIT_SL_RAISED,False,S7-TPNONE,LONG,L,0.5,1777947460.004,1777942800,1777943700.0,1777947300
4150567.9999999725,default,0.5,4540.16,0,4540.66,4541.291194565933,4541.23,F3,True,4252328.09,53380.499999972744,32309.249999972744,S7-TPNONE|F3|1777942800|LONG,EXIT_SL_RAISED,False,S7-TPNONE,LONG,L,0.5,1777947460.004,1777942800,1777943700.0,1777947300
4098123.99999985,default,0.5,4546.16,0,4546.65,4546.528615560322,4546.46,F1,True,4257937.725,-17793.49999996252,-38864.74999996252,S7-TPNONE|F1|1777948200|LONG,EXIT_SL_RAISED,False,S7-TPNONE,LONG,L,0.5,1777952825.457,1777948200,1777949100.0,1777952700
4098123.99999985,default,0.5,4546.16,0,4546.65,4546.528615560322,4546.46,F2,True,4257937.725,-17793.49999996252,-38864.74999996252,S7-TPNONE|F2|1777948200|LONG,EXIT_SL_RAISED,False,S7-TPNONE,LONG,L,0.5,1777952825.457,1777948200,1777949100.0,1777952700
4098123.99999985,default,0.5,4546.16,0,4546.65,4546.528615560322,4546.46,F3,True,4257937.725,-17793.49999996252,-38864.74999996252,S7-TPNONE|F3|1777948200|LONG,EXIT_SL_RAISED,False,S7-TPNONE,LONG,L,0.5,1777952825.457,1777948200,1777949100.0,1777952700
9582736.249999898,default,0.5,4573.14,0,4573.8,4657.303757667023,4657.29,F1,True,4283363.7,7818838.4999999795,7797767.2499999795,S7-TPNONE|F1|1778006700|LONG,EXIT_SL_RAISED,False,S7-TPNONE,LONG,L,0.5,1778037340.673,1778006700,1778007600.0,1778037300
9582736.249999898,default,0.5,4573.14,0,4573.8,4657.303757667023,4657.29,F2,True,4283363.7,7818838.4999999795,7797767.2499999795,S7-TPNONE|F2|1778006700|LONG,EXIT_SL_RAISED,False,S7-TPNONE,LONG,L,0.5,1778037340.673,1778006700,1778007600.0,1778037300
9582736.249999898,default,0.5,4573.14,0,4573.8,4657.303757667023,4657.29,F3,True,4283363.7,7818838.4999999795,7797767.2499999795,S7-TPNONE|F3|1778006700|LONG,EXIT_SL_RAISED,False,S7-TPNONE,LONG,L,0.5,1778037340.673,1778006700,1778007600.0,1778037300
8424285.749999993,default,0.5,4709.56,0,4710.1,4703.256532419619,4703.21,F1,True,4411008.65,-645248.5000000306,-666319.7500000306,S7-TPNONE|F1|1778101200|LONG,EXIT_SL_RAISED,False,S7-TPNONE,LONG,L,0.5,1778103001.733,1778101200,1778102100.0,1778103000
8424285.749999993,default,0.5,4709.56,0,4710.1,4703.256532419619,4703.21,F2,True,4411008.65,-645248.5000000306,-666319.7500000306,S7-TPNONE|F2|1778101200|LONG,EXIT_SL_RAISED,False,S7-TPNONE,LONG,L,0.5,1778103001.733,1778101200,1778102100.0,1778103000
8424285.749999993,default,0.5,4709.56,0,4710.1,4703.256532419619,4703.21,F3,True,4411008.65,-645248.5000000306,-666319.7500000306,S7-TPNONE|F3|1778101200|LONG,EXIT_SL_RAISED,False,S7-TPNONE,LONG,L,0.5,1778103001.733,1778101200,1778102100.0,1778103000
3426185.2500000033,default,0.5,4703.37,0,4703.82,4735.958000990271,4735.91,F1,True,4405127.43,3005228.5000000135,2984157.2500000135,S7-TPNONE|F1|1778117400|LONG,EXIT_SL_RAISED,False,S7-TPNONE,LONG,L,0.5,1778122504.524,1778117400,1778118300.0,1778121900
3426185.2500000033,default,0.5,4703.37,0,4703.82,4735.958000990271,4735.91,F2,True,4405127.43,3005228.5000000135,2984157.2500000135,S7-TPNONE|F2|1778117400|LONG,EXIT_SL_RAISED,False,S7-TPNONE,LONG,L,0.5,1778122504.524,1778117400,1778118300.0,1778121900
3426185.2500000033,default,0.5,4703.37,0,4703.82,4735.958000990271,4735.91,F3,True,4405127.43,3005228.5000000135,2984157.2500000135,S7-TPNONE|F3|1778117400|LONG,EXIT_SL_RAISED,False,S7-TPNONE,LONG,L,0.5,1778122504.524,1778117400,1778118300.0,1778121900
5726229.249999955,default,0.5,4713.92,0,4714.15,4716.328175982291,4716.31,F1,True,4414801.475,202284.00000007154,181212.75000007154,S7-TPNONE|F1|1778187600|LONG,EXIT_SL_RAISED,False,S7-TPNONE,LONG,L,0.5,1778193317.473,1778187600,1778188500.0,1778193000
5726229.249999955,default,0.5,4713.92,0,4714.15,4716.328175982291,4716.31,F2,True,4414801.475,202284.00000007154,181212.75000007154,S7-TPNONE|F2|1778187600|LONG,EXIT_SL_RAISED,False,S7-TPNONE,LONG,L,0.5,1778193317.473,1778187600,1778188500.0,1778193000
5726229.249999955,default,0.5,4713.92,0,4714.15,4716.328175982291,4716.31,F3,True,4414801.475,202284.00000007154,181212.75000007154,S7-TPNONE|F3|1778187600|LONG,EXIT_SL_RAISED,False,S7-TPNONE,LONG,L,0.5,1778193317.473,1778187600,1778188500.0,1778193000
4201138.9999998845,default,0.5,4733.47,0,4733.98,4719.425399914009,4719.23,F1,True,4433372.27,-1381337.5,-1402408.75,S7-TPNONE|F1|1778206500|LONG,EXIT_SL_RAISED,False,S7-TPNONE,LONG,L,0.5,1778209901.858,1778206500,1778207400.0,1778209200
4201138.9999998845,default,0.5,4733.47,0,4733.98,4719.425399914009,4719.23,F2,True,4433372.27,-1381337.5,-1402408.75,S7-TPNONE|F2|1778206500|LONG,EXIT_SL_RAISED,False,S7-TPNONE,LONG,L,0.5,1778209901.858,1778206500,1778207400.0,1778209200
4201138.9999998845,default,0.5,4733.47,0,4733.98,4719.425399914009,4719.23,F3,True,4433372.27,-1381337.5,-1402408.75,S7-TPNONE|F3|1778206500|LONG,EXIT_SL_RAISED,False,S7-TPNONE,LONG,L,0.5,1778209901.858,1778206500,1778207400.0,1778209200
6170130.2500000205,default,0.5,4683.46,0,4683.27,4691.94,4692.47,F1,False,4385882.355,-861579.999999983,-882651.249999983,S7-TPNONE|F1|1778445900|SHORT,EXIT_TRAIL,True,S7-TPNONE,SHORT,S,0.5,1778447700,1778445900,1778446800.0,1778446800
6170130.2500000205,default,0.5,4683.46,0,4683.27,4691.94,4692.47,F2,False,4385882.355,-861579.999999983,-882651.249999983,S7-TPNONE|F2|1778445900|SHORT,EXIT_TRAIL,True,S7-TPNONE,SHORT,S,0.5,1778447700,1778445900,1778446800.0,1778446800
6170130.2500000205,default,0.5,4683.46,0,4683.27,4691.94,4692.47,F3,False,4385882.355,-861579.999999983,-882651.249999983,S7-TPNONE|F3|1778445900|SHORT,EXIT_TRAIL,True,S7-TPNONE,SHORT,S,0.5,1778447700,1778445900,1778446800.0,1778446800
4654873.249999908,default,0.5,4698.77,0,4699.29,4685.082473226955,4685.01,F1,True,4400885.085,-1337321.9999999763,-1358393.2499999763,S7-TPNONE|F1|1778447700|LONG,EXIT_SL_RAISED,False,S7-TPNONE,LONG,L,0.5,1778450122.373,1778447700,1778448600.0,1778449500
4654873.249999908,default,0.5,4698.77,0,4699.29,4685.082473226955,4685.01,F2,True,4400885.085,-1337321.9999999763,-1358393.2499999763,S7-TPNONE|F2|1778447700|LONG,EXIT_SL_RAISED,False,S7-TPNONE,LONG,L,0.5,1778450122.373,1778447700,1778448600.0,1778449500
4654873.249999908,default,0.5,4698.77,0,4699.29,4685.082473226955,4685.01,F3,True,4400885.085,-1337321.9999999763,-1358393.2499999763,S7-TPNONE|F3|1778447700|LONG,EXIT_SL_RAISED,False,S7-TPNONE,LONG,L,0.5,1778450122.373,1778447700,1778448600.0,1778449500
4689055.500000143,default,0.5,4685.53,0,4685.48,4694.973231166319,4694.99,F1,True,4387952.02,-890611.5000000205,-911682.7500000205,S7-TPNONE|F1|1778449500|SHORT,EXIT_SL_RAISED,False,S7-TPNONE,SHORT,S,0.5,1778452318.953,1778449500,1778450400.0,1778452200
4689055.500000143,default,0.5,4685.53,0,4685.48,4694.973231166319,4694.99,F2,True,4387952.02,-890611.5000000205,-911682.7500000205,S7-TPNONE|F2|1778449500|SHORT,EXIT_SL_RAISED,False,S7-TPNONE,SHORT,S,0.5,1778452318.953,1778449500,1778450400.0,1778452200
4689055.500000143,default,0.5,4685.53,0,4685.48,4694.973231166319,4694.99,F3,True,4387952.02,-890611.5000000205,-911682.7500000205,S7-TPNONE|F3|1778449500|SHORT,EXIT_SL_RAISED,False,S7-TPNONE,SHORT,S,0.5,1778452318.953,1778449500,1778450400.0,1778452200
5095028.249999976,default,0.5,4681.54,0,4681.37,4663.496300843476,4663.61,F1,True,4384103.005,1663224.0000000205,1642152.7500000205,S7-TPNONE|F1|1778453100|SHORT,EXIT_SL_RAISED,False,S7-TPNONE,SHORT,S,0.5,1778465313.243,1778453100,1778454000.0,1778464800
5095028.249999976,default,0.5,4681.54,0,4681.37,4663.496300843476,4663.61,F2,True,4384103.005,1663224.0000000205,1642152.7500000205,S7-TPNONE|F2|1778453100|SHORT,EXIT_SL_RAISED,False,S7-TPNONE,SHORT,S,0.5,1778465313.243,1778453100,1778454000.0,1778464800
5095028.249999976,default,0.5,4681.54,0,4681.37,4663.496300843476,4663.61,F3,True,4384103.005,1663224.0000000205,1642152.7500000205,S7-TPNONE|F3|1778453100|SHORT,EXIT_SL_RAISED,False,S7-TPNONE,SHORT,S,0.5,1778465313.243,1778453100,1778454000.0,1778464800
4455398.749999898,p10,0.5,4450.43,0,4450.98,4463.08,4463.29,F1,False,4168342.7699999996,1152831.5000000375,1131760.2500000375,S7-TPNONE|F1|1767653100|LONG,EXIT_TRAIL,True,S7-TPNONE,LONG,L,0.5,1767667500,1767653100,1767654000.0,1767666600
4455398.749999898,p10,0.5,4450.43,0,4450.98,4463.08,4463.29,F2,False,4168342.7699999996,1152831.5000000375,1131760.2500000375,S7-TPNONE|F2|1767653100|LONG,EXIT_TRAIL,True,S7-TPNONE,LONG,L,0.5,1767667500,1767653100,1767654000.0,1767666600
4455398.749999898,p10,0.5,4450.43,0,4450.98,4463.08,4463.29,F3,False,4168342.7699999996,1152831.5000000375,1131760.2500000375,S7-TPNONE|F3|1767653100|LONG,EXIT_TRAIL,True,S7-TPNONE,LONG,L,0.5,1767667500,1767653100,1767654000.0,1767666600
1290496.999999891,p10,0.5,4572.26,0,4572.6,4572.127494890865,4572.1,F1,True,4282239.9,-46825.0,-67896.25,S7-TPNONE|F1|1768184100|LONG,EXIT_SL_RAISED,False,S7-TPNONE,LONG,L,0.5,1768187507.776,1768184100,1768185000.0,1768186800
1290496.999999891,p10,0.5,4572.26,0,4572.6,4572.127494890865,4572.1,F2,True,4282239.9,-46825.0,-67896.25,S7-TPNONE|F2|1768184100|LONG,EXIT_SL_RAISED,False,S7-TPNONE,LONG,L,0.5,1768187507.776,1768184100,1768185000.0,1768186800
1290496.999999891,p10,0.5,4572.26,0,4572.6,4572.127494890865,4572.1,F3,True,4282239.9,-46825.0,-67896.25,S7-TPNONE|F3|1768184100|LONG,EXIT_SL_RAISED,False,S7-TPNONE,LONG,L,0.5,1768187507.776,1768184100,1768185000.0,1768186800
4402954.750000031,p10,0.5,4598.93,0,4599.68,4585.485464485997,4585.48,F1,True,4307600.32,-1329830.0000000682,-1350901.2500000682,S7-TPNONE|F1|1768250700|LONG,EXIT_SL_RAISED,False,S7-TPNONE,LONG,L,0.5,1768253871.897,1768250700,1768251600.0,1768253400
4402954.750000031,p10,0.5,4598.93,0,4599.68,4585.485464485997,4585.48,F2,True,4307600.32,-1329830.0000000682,-1350901.2500000682,S7-TPNONE|F2|1768250700|LONG,EXIT_SL_RAISED,False,S7-TPNONE,LONG,L,0.5,1768253871.897,1768250700,1768251600.0,1768253400
4402954.750000031,p10,0.5,4598.93,0,4599.68,4585.485464485997,4585.48,F3,True,4307600.32,-1329830.0000000682,-1350901.2500000682,S7-TPNONE|F3|1768250700|LONG,EXIT_SL_RAISED,False,S7-TPNONE,LONG,L,0.5,1768253871.897,1768250700,1768251600.0,1768253400
2400717.750000191,p10,0.5,4601.2,0,4601.68,4590.83424841009,4590.83,F1,True,4309473.32,-1016102.5000000341,-1037173.7500000341,S7-TPNONE|F1|1768270500|LONG,EXIT_SL_RAISED,False,S7-TPNONE,LONG,L,0.5,1768273217.24,1768270500,1768271400.0,1768273200
2400717.750000191,p10,0.5,4601.2,0,4601.68,4590.83424841009,4590.83,F2,True,4309473.32,-1016102.5000000341,-1037173.7500000341,S7-TPNONE|F2|1768270500|LONG,EXIT_SL_RAISED,False,S7-TPNONE,LONG,L,0.5,1768273217.24,1768270500,1768271400.0,1768273200
2400717.750000191,p10,0.5,4601.2,0,4601.68,4590.83424841009,4590.83,F3,True,4309473.32,-1016102.5000000341,-1037173.7500000341,S7-TPNONE|F3|1768270500|LONG,EXIT_SL_RAISED,False,S7-TPNONE,LONG,L,0.5,1768273217.24,1768270500,1768271400.0,1768273200
2573970.2500000545,p10,0.5,4595.76,0,4596.26,4629.616915402366,4629.61,F1,True,4304397.49,3123227.499999949,3102156.249999949,S7-TPNONE|F1|1768334400|LONG,EXIT_SL_RAISED,False,S7-TPNONE,LONG,L,0.5,1768359360.202,1768334400,1768335300.0,1768358700
2573970.2500000545,p10,0.5,4595.76,0,4596.26,4629.616915402366,4629.61,F2,True,4304397.49,3123227.499999949,3102156.249999949,S7-TPNONE|F2|1768334400|LONG,EXIT_SL_RAISED,False,S7-TPNONE,LONG,L,0.5,1768359360.202,1768334400,1768335300.0,1768358700
2573970.2500000545,p10,0.5,4595.76,0,4596.26,4629.616915402366,4629.61,F3,True,4304397.49,3123227.499999949,3102156.249999949,S7-TPNONE|F3|1768334400|LONG,EXIT_SL_RAISED,False,S7-TPNONE,LONG,L,0.5,1768359360.202,1768334400,1768335300.0,1768358700
4618349.7500000475,p10,0.5,4591.32,0,4591.28,4596.954335330973,4597.38,F1,True,4299733.72,-571265.0000000341,-592336.2500000341,S7-TPNONE|F1|1768435200|SHORT,EXIT_SL_RAISED,False,S7-TPNONE,SHORT,S,0.5,1768440256.069,1768435200,1768436100.0,1768439700
4618349.7500000475,p10,0.5,4591.32,0,4591.28,4596.954335330973,4597.38,F2,True,4299733.72,-571265.0000000341,-592336.2500000341,S7-TPNONE|F2|1768435200|SHORT,EXIT_SL_RAISED,False,S7-TPNONE,SHORT,S,0.5,1768440256.069,1768435200,1768436100.0,1768439700
4618349.7500000475,p10,0.5,4591.32,0,4591.28,4596.954335330973,4597.38,F3,True,4299733.72,-571265.0000000341,-592336.2500000341,S7-TPNONE|F3|1768435200|SHORT,EXIT_SL_RAISED,False,S7-TPNONE,SHORT,S,0.5,1768440256.069,1768435200,1768436100.0,1768439700
1470304.999999983,p10,0.5,4595.26,0,4595.47,4600.812053908806,4600.88,F1,True,4303657.655,-506646.4999999864,-527717.7499999864,S7-TPNONE|F1|1768522500|SHORT,EXIT_SL_RAISED,False,S7-TPNONE,SHORT,S,0.5,1768527924.889,1768522500,1768523400.0,1768527900
1470304.999999983,p10,0.5,4595.26,0,4595.47,4600.812053908806,4600.88,F2,True,4303657.655,-506646.4999999864,-527717.7499999864,S7-TPNONE|F2|1768522500|SHORT,EXIT_SL_RAISED,False,S7-TPNONE,SHORT,S,0.5,1768527924.889,1768522500,1768523400.0,1768527900
1470304.999999983,p10,0.5,4595.26,0,4595.47,4600.812053908806,4600.88,F3,True,4303657.655,-506646.4999999864,-527717.7499999864,S7-TPNONE|F3|1768522500|SHORT,EXIT_SL_RAISED,False,S7-TPNONE,SHORT,S,0.5,1768527924.889,1768522500,1768523400.0,1768527900
1905777.499999949,p10,0.5,4596.35,0,4596.35,4603.4147202761105,4603.55,F1,True,4304481.775,-674279.999999983,-695351.249999983,S7-TPNONE|F1|1768528800|SHORT,EXIT_SL_RAISED,False,S7-TPNONE,SHORT,S,0.5,1768530649.967,1768528800,1768529700.0,1768530600
1905777.499999949,p10,0.5,4596.35,0,4596.35,4603.4147202761105,4603.55,F2,True,4304481.775,-674279.999999983,-695351.249999983,S7-TPNONE|F2|1768528800|SHORT,EXIT_SL_RAISED,False,S7-TPNONE,SHORT,S,0.5,1768530649.967,1768528800,1768529700.0,1768530600
1905777.499999949,p10,0.5,4596.35,0,4596.35,4603.4147202761105,4603.55,F3,True,4304481.775,-674279.999999983,-695351.249999983,S7-TPNONE|F3|1768528800|SHORT,EXIT_SL_RAISED,False,S7-TPNONE,SHORT,S,0.5,1768530649.967,1768528800,1768529700.0,1768530600
4046616.5000000033,p10,0.5,4595.8,0,4595.79,4603.7429742060085,4603.77,F1,True,4303957.335,-747327.0000000442,-768398.2500000442,S7-TPNONE|F1|1768534200|SHORT,EXIT_SL_RAISED,False,S7-TPNONE,SHORT,S,0.5,1768536379.963,1768534200,1768535100.0,1768536000
4046616.5000000033,p10,0.5,4595.8,0,4595.79,4603.7429742060085,4603.77,F2,True,4303957.335,-747327.0000000442,-768398.2500000442,S7-TPNONE|F2|1768534200|SHORT,EXIT_SL_RAISED,False,S7-TPNONE,SHORT,S,0.5,1768536379.963,1768534200,1768535100.0,1768536000
4046616.5000000033,p10,0.5,4595.8,0,4595.79,4603.7429742060085,4603.77,F3,True,4303957.335,-747327.0000000442,-768398.2500000442,S7-TPNONE|F3|1768534200|SHORT,EXIT_SL_RAISED,False,S7-TPNONE,SHORT,S,0.5,1768536379.963,1768534200,1768535100.0,1768536000
2345932.499999847,p10,0.5,4668.77,0,4669.26,4667.152621270937,4666.96,F1,True,4372761.99,-215395.00000001703,-236466.25000001703,S7-TPNONE|F1|1768780800|LONG,EXIT_SL_RAISED,False,S7-TPNONE,LONG,L,0.5,1768796208.839,1768780800,1768781700.0,1768796100
2345932.499999847,p10,0.5,4668.77,0,4669.26,4667.152621270937,4666.96,F2,True,4372761.99,-215395.00000001703,-236466.25000001703,S7-TPNONE|F2|1768780800|LONG,EXIT_SL_RAISED,False,S7-TPNONE,LONG,L,0.5,1768796208.839,1768780800,1768781700.0,1768796100
2345932.499999847,p10,0.5,4668.77,0,4669.26,4667.152621270937,4666.96,F3,True,4372761.99,-215395.00000001703,-236466.25000001703,S7-TPNONE|F3|1768780800|LONG,EXIT_SL_RAISED,False,S7-TPNONE,LONG,L,0.5,1768796208.839,1768780800,1768781700.0,1768796100
4150568.000000143,p10,0.5,4670.04,0,4670.54,4667.527099505794,4667.4,F1,True,4373960.71,-294061.0000000307,-315132.2500000307,S7-TPNONE|F1|1768860000|LONG,EXIT_SL_RAISED,False,S7-TPNONE,LONG,L,0.5,1768863429.097,1768860000,1768860900.0,1768862700
4150568.000000143,p10,0.5,4670.04,0,4670.54,4667.527099505794,4667.4,F2,True,4373960.71,-294061.0000000307,-315132.2500000307,S7-TPNONE|F2|1768860000|LONG,EXIT_SL_RAISED,False,S7-TPNONE,LONG,L,0.5,1768863429.097,1768860000,1768860900.0,1768862700
4150568.000000143,p10,0.5,4670.04,0,4670.54,4667.527099505794,4667.4,F3,True,4373960.71,-294061.0000000307,-315132.2500000307,S7-TPNONE|F3|1768860000|LONG,EXIT_SL_RAISED,False,S7-TPNONE,LONG,L,0.5,1768863429.097,1768860000,1768860900.0,1768862700
2491558.2500000442,p10,0.5,4671.86,0,4672.36,4706.564644634071,4706.55,F1,True,4375665.14,3201893.5000000475,3180822.2500000475,S7-TPNONE|F1|1768864500|LONG,EXIT_SL_RAISED,False,S7-TPNONE,LONG,L,0.5,1768880401.553,1768864500,1768865400.0,1768879800
2491558.2500000442,p10,0.5,4671.86,0,4672.36,4706.564644634071,4706.55,F2,True,4375665.14,3201893.5000000475,3180822.2500000475,S7-TPNONE|F2|1768864500|LONG,EXIT_SL_RAISED,False,S7-TPNONE,LONG,L,0.5,1768880401.553,1768864500,1768865400.0,1768879800
2491558.2500000442,p10,0.5,4671.86,0,4672.36,4706.564644634071,4706.55,F3,True,4375665.14,3201893.5000000475,3180822.2500000475,S7-TPNONE|F3|1768864500|LONG,EXIT_SL_RAISED,False,S7-TPNONE,LONG,L,0.5,1768880401.553,1768864500,1768865400.0,1768879800
1734866.249999966,p10,0.5,4795.23,0,4795.23,4810.610274663886,4810.89,F1,True,4490732.895,-1466559.0000000715,-1487630.2500000715,S7-TPNONE|F1|1769048100|SHORT,EXIT_SL_RAISED,False,S7-TPNONE,SHORT,S,0.5,1769050222.528,1769048100,1769049000.0,1769049900
1734866.249999966,p10,0.5,4795.23,0,4795.23,4810.610274663886,4810.89,F2,True,4490732.895,-1466559.0000000715,-1487630.2500000715,S7-TPNONE|F2|1769048100|SHORT,EXIT_SL_RAISED,False,S7-TPNONE,SHORT,S,0.5,1769050222.528,1769048100,1769049000.0,1769049900
1734866.249999966,p10,0.5,4795.23,0,4795.23,4810.610274663886,4810.89,F3,True,4490732.895,-1466559.0000000715,-1487630.2500000715,S7-TPNONE|F3|1769048100|SHORT,EXIT_SL_RAISED,False,S7-TPNONE,SHORT,S,0.5,1769050222.528,1769048100,1769049000.0,1769049900
5386748.000000041,p10,0.5,4964.98,0,4965.48,4947.903558056472,4947.9,F1,True,4650172.02,-1646366.9999999932,-1667438.2499999932,S7-TPNONE|F1|1769118300|LONG,EXIT_SL_RAISED,False,S7-TPNONE,LONG,L,0.5,1769120300.053,1769118300,1769119200.0,1769120100
5386748.000000041,p10,0.5,4964.98,0,4965.48,4947.903558056472,4947.9,F2,True,4650172.02,-1646366.9999999932,-1667438.2499999932,S7-TPNONE|F2|1769118300|LONG,EXIT_SL_RAISED,False,S7-TPNONE,LONG,L,0.5,1769120300.053,1769118300,1769119200.0,1769120100
5386748.000000041,p10,0.5,4964.98,0,4965.48,4947.903558056472,4947.9,F3,True,4650172.02,-1646366.9999999932,-1667438.2499999932,S7-TPNONE|F3|1769118300|LONG,EXIT_SL_RAISED,False,S7-TPNONE,LONG,L,0.5,1769120300.053,1769118300,1769119200.0,1769120100
1935745.500000092,p10,0.5,4956.7,0,4957.2,4955.208247498228,4955.01,F1,True,4642417.8,-205093.4999999625,-226164.7499999625,S7-TPNONE|F1|1769131800|LONG,EXIT_SL_RAISED,False,S7-TPNONE,LONG,L,0.5,1769137804.941,1769131800,1769132700.0,1769137200
1935745.500000092,p10,0.5,4956.7,0,4957.2,4955.208247498228,4955.01,F2,True,4642417.8,-205093.4999999625,-226164.7499999625,S7-TPNONE|F2|1769131800|LONG,EXIT_SL_RAISED,False,S7-TPNONE,LONG,L,0.5,1769137804.941,1769131800,1769132700.0,1769137200
1935745.500000092,p10,0.5,4956.7,0,4957.2,4955.208247498228,4955.01,F3,True,4642417.8,-205093.4999999625,-226164.7499999625,S7-TPNONE|F3|1769131800|LONG,EXIT_SL_RAISED,False,S7-TPNONE,LONG,L,0.5,1769137804.941,1769131800,1769132700.0,1769137200
5743086.250000154,p10,0.5,5074.23,0,5074.64,5077.78,5077.88,F1,False,4752400.36,303425.99999997957,282354.74999997957,S7-TPNONE|F1|1769395500|LONG,EXIT_TRAIL,True,S7-TPNONE,LONG,L,0.5,1769400000,1769395500,1769396400.0,1769399100
5743086.250000154,p10,0.5,5074.23,0,5074.64,5077.78,5077.88,F2,False,4752400.36,303425.99999997957,282354.74999997957,S7-TPNONE|F2|1769395500|LONG,EXIT_TRAIL,True,S7-TPNONE,LONG,L,0.5,1769400000,1769395500,1769396400.0,1769399100
5743086.250000154,p10,0.5,5074.23,0,5074.64,5077.78,5077.88,F3,False,4752400.36,303425.99999997957,282354.74999997957,S7-TPNONE|F3|1769395500|LONG,EXIT_TRAIL,True,S7-TPNONE,LONG,L,0.5,1769400000,1769395500,1769396400.0,1769399100
4865585.7499999935,p10,0.5,5052.19,0,5052.68,5031.77,5031.71,F1,False,4731834.82,-1963840.5000000237,-1963840.5000000237,S7-TPNONE|F1|1769461200|LONG,reverse,False,S7-TPNONE,LONG,L,0.5,1769463900,1769461200,1769462100.0,1769463000
4865585.7499999935,p10,0.5,5052.19,0,5052.68,5031.77,5031.71,F2,False,4731834.82,-1963840.5000000237,-1963840.5000000237,S7-TPNONE|F2|1769461200|LONG,reverse,False,S7-TPNONE,LONG,L,0.5,1769463900,1769461200,1769462100.0,1769463000
4865585.7499999935,p10,0.5,5052.19,0,5052.68,5031.77,5031.71,F3,False,4731834.82,-1963840.5000000237,-1963840.5000000237,S7-TPNONE|F3|1769461200|LONG,reverse,False,S7-TPNONE,LONG,L,0.5,1769463900,1769461200,1769462100.0,1769463000
5563746.499999986,p10,0.5,5063.78,0,5064.28,5057.513749242495,5057.13,F1,True,4742698.22,-669597.4999999659,-690668.7499999659,S7-TPNONE|F1|1769468400|LONG,EXIT_SL_RAISED,False,S7-TPNONE,LONG,L,0.5,1769479886.462,1769468400,1769469300.0,1769479200
5563746.499999986,p10,0.5,5063.78,0,5064.28,5057.513749242495,5057.13,F2,True,4742698.22,-669597.4999999659,-690668.7499999659,S7-TPNONE|F2|1769468400|LONG,EXIT_SL_RAISED,False,S7-TPNONE,LONG,L,0.5,1769479886.462,1769468400,1769469300.0,1769479200
5563746.499999986,p10,0.5,5063.78,0,5064.28,5057.513749242495,5057.13,F3,True,4742698.22,-669597.4999999659,-690668.7499999659,S7-TPNONE|F3|1769468400|LONG,EXIT_SL_RAISED,False,S7-TPNONE,LONG,L,0.5,1769479886.462,1769468400,1769469300.0,1769479200
4859030.2500000205,p10,0.5,5074.48,0,5074.96,5082.032470822277,5081.9,F1,True,4752700.04,649930.9999999625,628859.7499999625,S7-TPNONE|F1|1769481000|LONG,EXIT_SL_RAISED,False,S7-TPNONE,LONG,L,0.5,1769490410.245,1769481000,1769481900.0,1769490000
4859030.2500000205,p10,0.5,5074.48,0,5074.96,5082.032470822277,5081.9,F2,True,4752700.04,649930.9999999625,628859.7499999625,S7-TPNONE|F2|1769481000|LONG,EXIT_SL_RAISED,False,S7-TPNONE,LONG,L,0.5,1769490410.245,1769481000,1769481900.0,1769490000
4859030.2500000205,p10,0.5,5074.48,0,5074.96,5082.032470822277,5081.9,F3,True,4752700.04,649930.9999999625,628859.7499999625,S7-TPNONE|F3|1769481000|LONG,EXIT_SL_RAISED,False,S7-TPNONE,LONG,L,0.5,1769490410.245,1769481000,1769481900.0,1769490000
9843083.24999979,p10,0.5,5190.91,0,5190.07,5289.96,5289.96,F1,False,4860500.555,9354698.50000003,9333627.25000003,S7-TPNONE|F1|1769551200|LONG,EXIT_TRAIL,True,S7-TPNONE,LONG,L,0.5,1769579100,1769551200,1769552100.0,1769578200
9843083.24999979,p10,0.5,5190.91,0,5190.07,5289.96,5289.96,F2,False,4860500.555,9354698.50000003,9333627.25000003,S7-TPNONE|F2|1769551200|LONG,EXIT_TRAIL,True,S7-TPNONE,LONG,L,0.5,1769579100,1769551200,1769552100.0,1769578200
9843083.24999979,p10,0.5,5190.91,0,5190.07,5289.96,5289.96,F3,False,4860500.555,9354698.50000003,9333627.25000003,S7-TPNONE|F3|1769551200|LONG,EXIT_TRAIL,True,S7-TPNONE,LONG,L,0.5,1769579100,1769551200,1769552100.0,1769578200
8211232.000000197,p10,0.5,5525.67,0,5526.06,5524.834183398698,5523.08,F1,True,5175155.19,-279077.0000000443,-300148.2500000443,S7-TPNONE|F1|1769643000|LONG,EXIT_SL_RAISED,False,S7-TPNONE,LONG,L,0.5,1769653391.237,1769643000,1769643900.0,1769652900
8211232.000000197,p10,0.5,5525.67,0,5526.06,5524.834183398698,5523.08,F2,True,5175155.19,-279077.0000000443,-300148.2500000443,S7-TPNONE|F2|1769643000|LONG,EXIT_SL_RAISED,False,S7-TPNONE,LONG,L,0.5,1769653391.237,1769643000,1769643900.0,1769652900
8211232.000000197,p10,0.5,5525.67,0,5526.06,5524.834183398698,5523.08,F3,True,5175155.19,-279077.0000000443,-300148.2500000443,S7-TPNONE|F3|1769643000|LONG,EXIT_SL_RAISED,False,S7-TPNONE,LONG,L,0.5,1769653391.237,1769643000,1769643900.0,1769652900
33085140.250000156,p10,0.5,5310.91,0,5309.65,5371.651979903135,5371.81,F1,True,4972487.225,-5821284.000000072,-5842355.250000072,S7-TPNONE|F1|1769724000|SHORT,EXIT_SL_RAISED,False,S7-TPNONE,SHORT,S,0.5,1769726078.631,1769724000,1769724900.0,1769725800
33085140.250000156,p10,0.5,5310.91,0,5309.65,5371.651979903135,5371.81,F2,True,4972487.225,-5821284.000000072,-5842355.250000072,S7-TPNONE|F2|1769724000|SHORT,EXIT_SL_RAISED,False,S7-TPNONE,SHORT,S,0.5,1769726078.631,1769724000,1769724900.0,1769725800
33085140.250000156,p10,0.5,5310.91,0,5309.65,5371.651979903135,5371.81,F3,True,4972487.225,-5821284.000000072,-5842355.250000072,S7-TPNONE|F3|1769724000|SHORT,EXIT_SL_RAISED,False,S7-TPNONE,SHORT,S,0.5,1769726078.631,1769724000,1769724900.0,1769725800
17544859.24999994,p10,0.5,5184.7,0,5184.51,5179.210024239196,5179.8,F1,True,4855293.615,441091.50000000343,420020.25000000343,S7-TPNONE|F1|1769741100|SHORT,EXIT_SL_RAISED,False,S7-TPNONE,SHORT,S,0.5,1769749087.119,1769741100,1769742000.0,1769748300
17544859.24999994,p10,0.5,5184.7,0,5184.51,5179.210024239196,5179.8,F2,True,4855293.615,441091.50000000343,420020.25000000343,S7-TPNONE|F2|1769741100|SHORT,EXIT_SL_RAISED,False,S7-TPNONE,SHORT,S,0.5,1769749087.119,1769741100,1769742000.0,1769748300
17544859.24999994,p10,0.5,5184.7,0,5184.51,5179.210024239196,5179.8,F3,True,4855293.615,441091.50000000343,420020.25000000343,S7-TPNONE|F3|1769741100|SHORT,EXIT_SL_RAISED,False,S7-TPNONE,SHORT,S,0.5,1769749087.119,1769741100,1769742000.0,1769748300
23204597.00000006,p10,0.5,4838.06,1,4741.16,4796.602780707185,4796.74,F1,True,4440096.34,-5205066.9999999935,-5226138.2499999935,S7-TPNONE|F1|1769795100|SHORT,EXIT_SL_RAISED,False,S7-TPNONE,SHORT,S,0.5,1769980112.896,1769795100,1769976900.0,1769979600
23204597.00000006,p10,0.5,4838.06,1,4741.16,4796.602780707185,4796.74,F2,True,4440096.34,-5205066.9999999935,-5226138.2499999935,S7-TPNONE|F2|1769795100|SHORT,EXIT_SL_RAISED,False,S7-TPNONE,SHORT,S,0.5,1769980112.896,1769795100,1769976900.0,1769979600
23204597.00000006,p10,0.5,4838.06,1,4741.16,4796.602780707185,4796.74,F3,True,4440096.34,-5205066.9999999935,-5226138.2499999935,S7-TPNONE|F3|1769795100|SHORT,EXIT_SL_RAISED,False,S7-TPNONE,SHORT,S,0.5,1769980112.896,1769795100,1769976900.0,1769979600
60088181.25000017,p10,0.5,4643.74,0,4643.27,4743.683538143469,4743.9,F1,True,4348422.355,-9423999.499999925,-9445070.749999925,S7-TPNONE|F1|1769983200|SHORT,EXIT_SL_RAISED,False,S7-TPNONE,SHORT,S,0.5,1769988620.681,1769983200,1769984100.0,1769988600
60088181.25000017,p10,0.5,4643.74,0,4643.27,4743.683538143469,4743.9,F2,True,4348422.355,-9423999.499999925,-9445070.749999925,S7-TPNONE|F2|1769983200|SHORT,EXIT_SL_RAISED,False,S7-TPNONE,SHORT,S,0.5,1769988620.681,1769983200,1769984100.0,1769988600
60088181.25000017,p10,0.5,4643.74,0,4643.27,4743.683538143469,4743.9,F3,True,4348422.355,-9423999.499999925,-9445070.749999925,S7-TPNONE|F3|1769983200|SHORT,EXIT_SL_RAISED,False,S7-TPNONE,SHORT,S,0.5,1769988620.681,1769983200,1769984100.0,1769988600
12293903.750000136,p10,0.5,4692.71,0,4691.91,4698.045507250292,4698.38,F1,True,4393973.715,-605915.5000000239,-626986.7500000239,S7-TPNONE|F1|1769990400|SHORT,EXIT_SL_RAISED,False,S7-TPNONE,SHORT,S,0.5,1769995198.893,1769990400,1769991300.0,1769994900
12293903.750000136,p10,0.5,4692.71,0,4691.91,4698.045507250292,4698.38,F2,True,4393973.715,-605915.5000000239,-626986.7500000239,S7-TPNONE|F2|1769990400|SHORT,EXIT_SL_RAISED,False,S7-TPNONE,SHORT,S,0.5,1769995198.893,1769990400,1769991300.0,1769994900
12293903.750000136,p10,0.5,4692.71,0,4691.91,4698.045507250292,4698.38,F3,True,4393973.715,-605915.5000000239,-626986.7500000239,S7-TPNONE|F3|1769990400|SHORT,EXIT_SL_RAISED,False,S7-TPNONE,SHORT,S,0.5,1769995198.893,1769990400,1769991300.0,1769994900
27775653.49999993,p10,0.5,4575.2,0,4575.22,4500.726962157214,4501.32,F1,True,4284693.53,6920735.000000051,6899663.750000051,S7-TPNONE|F1|1769999400|SHORT,EXIT_SL_RAISED,False,S7-TPNONE,SHORT,S,0.5,1770004578.668,1769999400,1770000300.0,1770003900
27775653.49999993,p10,0.5,4575.2,0,4575.22,4500.726962157214,4501.32,F2,True,4284693.53,6920735.000000051,6899663.750000051,S7-TPNONE|F2|1769999400|SHORT,EXIT_SL_RAISED,False,S7-TPNONE,SHORT,S,0.5,1770004578.668,1769999400,1770000300.0,1770003900
27775653.49999993,p10,0.5,4575.2,0,4575.22,4500.726962157214,4501.32,F3,True,4284693.53,6920735.000000051,6899663.750000051,S7-TPNONE|F3|1769999400|SHORT,EXIT_SL_RAISED,False,S7-TPNONE,SHORT,S,0.5,1770004578.668,1769999400,1770000300.0,1770003900
13384457.999999836,p10,0.5,4986.66,0,4987.15,5062.108723523551,5061.25,F1,True,4670465.975,6939465.000000034,6918393.750000034,S7-TPNONE|F1|1770152400|LONG,EXIT_SL_RAISED,False,S7-TPNONE,LONG,L,0.5,1770174459.17,1770152400,1770153300.0,1770174000
13384457.999999836,p10,0.5,4986.66,0,4987.15,5062.108723523551,5061.25,F2,True,4670465.975,6939465.000000034,6918393.750000034,S7-TPNONE|F2|1770152400|LONG,EXIT_SL_RAISED,False,S7-TPNONE,LONG,L,0.5,1770174459.17,1770152400,1770153300.0,1770174000
13384457.999999836,p10,0.5,4986.66,0,4987.15,5062.108723523551,5061.25,F3,True,4670465.975,6939465.000000034,6918393.750000034,S7-TPNONE|F3|1770152400|LONG,EXIT_SL_RAISED,False,S7-TPNONE,LONG,L,0.5,1770174459.17,1770152400,1770153300.0,1770174000
3823261.249999898,p10,0.5,5076.53,0,5076.93,5065.139574420094,5064.96,F1,True,4754544.945,-1120990.5000000237,-1142061.7500000237,S7-TPNONE|F1|1770176700|LONG,EXIT_SL_RAISED,False,S7-TPNONE,LONG,L,0.5,1770185751.604,1770176700,1770177600.0,1770185700
3823261.249999898,p10,0.5,5076.53,0,5076.93,5065.139574420094,5064.96,F2,True,4754544.945,-1120990.5000000237,-1142061.7500000237,S7-TPNONE|F2|1770176700|LONG,EXIT_SL_RAISED,False,S7-TPNONE,LONG,L,0.5,1770185751.604,1770176700,1770177600.0,1770185700
3823261.249999898,p10,0.5,5076.53,0,5076.93,5065.139574420094,5064.96,F3,True,4754544.945,-1120990.5000000237,-1142061.7500000237,S7-TPNONE|F3|1770176700|LONG,EXIT_SL_RAISED,False,S7-TPNONE,LONG,L,0.5,1770185751.604,1770176700,1770177600.0,1770185700
8506229.499999823,p10,0.5,4852.82,0,4852.82,4885.61,4886.11,F1,False,4544665.93,-3117608.4999999967,-3138679.7499999967,S7-TPNONE|F1|1770256800|SHORT,EXIT_TRAIL,True,S7-TPNONE,SHORT,S,0.5,1770259500,1770256800,1770257700.0,1770258600
8506229.499999823,p10,0.5,4852.82,0,4852.82,4885.61,4886.11,F2,False,4544665.93,-3117608.4999999967,-3138679.7499999967,S7-TPNONE|F2|1770256800|SHORT,EXIT_TRAIL,True,S7-TPNONE,SHORT,S,0.5,1770259500,1770256800,1770257700.0,1770258600
8506229.499999823,p10,0.5,4852.82,0,4852.82,4885.61,4886.11,F3,False,4544665.93,-3117608.4999999967,-3138679.7499999967,S7-TPNONE|F3|1770256800|SHORT,EXIT_TRAIL,True,S7-TPNONE,SHORT,S,0.5,1770259500,1770256800,1770257700.0,1770258600
4693269.7499999795,p10,0.5,5036.86,0,5037.01,5019.778683354326,5019.74,F1,True,4717159.865,-1617335.500000041,-1638406.750000041,S7-TPNONE|F1|1770605100|LONG,EXIT_SL_RAISED,False,S7-TPNONE,LONG,L,0.5,1770607323.479,1770605100,1770606000.0,1770606900
4693269.7499999795,p10,0.5,5036.86,0,5037.01,5019.778683354326,5019.74,F2,True,4717159.865,-1617335.500000041,-1638406.750000041,S7-TPNONE|F2|1770605100|LONG,EXIT_SL_RAISED,False,S7-TPNONE,LONG,L,0.5,1770607323.479,1770605100,1770606000.0,1770606900
4693269.7499999795,p10,0.5,5036.86,0,5037.01,5019.778683354326,5019.74,F3,True,4717159.865,-1617335.500000041,-1638406.750000041,S7-TPNONE|F3|1770605100|LONG,EXIT_SL_RAISED,False,S7-TPNONE,LONG,L,0.5,1770607323.479,1770605100,1770606000.0,1770606900
4451184.499999891,p10,0.5,5057.04,0,5057.54,5045.518743710851,5045.39,F1,True,4736386.21,-1137847.499999966,-1158918.749999966,S7-TPNONE|F1|1770768900|LONG,EXIT_SL_RAISED,False,S7-TPNONE,LONG,L,0.5,1770775309.373,1770768900,1770769800.0,1770775200
4451184.499999891,p10,0.5,5057.04,0,5057.54,5045.518743710851,5045.39,F2,True,4736386.21,-1137847.499999966,-1158918.749999966,S7-TPNONE|F2|1770768900|LONG,EXIT_SL_RAISED,False,S7-TPNONE,LONG,L,0.5,1770775309.373,1770768900,1770769800.0,1770775200
4451184.499999891,p10,0.5,5057.04,0,5057.54,5045.518743710851,5045.39,F3,True,4736386.21,-1137847.499999966,-1158918.749999966,S7-TPNONE|F3|1770768900|LONG,EXIT_SL_RAISED,False,S7-TPNONE,LONG,L,0.5,1770775309.373,1770768900,1770769800.0,1770775200
3598969.5000000275,p10,0.5,5062.18,0,5062.68,5054.141288174476,5053.45,F1,True,4741199.82,-864389.5000000442,-885460.7500000442,S7-TPNONE|F1|1770777000|LONG,EXIT_SL_RAISED,False,S7-TPNONE,LONG,L,0.5,1770783924.741,1770777000,1770777900.0,1770783300
3598969.5000000275,p10,0.5,5062.18,0,5062.68,5054.141288174476,5053.45,F2,True,4741199.82,-864389.5000000442,-885460.7500000442,S7-TPNONE|F2|1770777000|LONG,EXIT_SL_RAISED,False,S7-TPNONE,LONG,L,0.5,1770783924.741,1770777000,1770777900.0,1770783300
3598969.5000000275,p10,0.5,5062.18,0,5062.68,5054.141288174476,5053.45,F3,True,4741199.82,-864389.5000000442,-885460.7500000442,S7-TPNONE|F3|1770777000|LONG,EXIT_SL_RAISED,False,S7-TPNONE,LONG,L,0.5,1770783924.741,1770777000,1770777900.0,1770783300
5976742.999999887,p10,0.5,4963.96,0,4963.96,4966.842603038677,4967.55,F1,True,4648748.54,-336203.5000000136,-357274.7500000136,S7-TPNONE|F1|1770949800|SHORT,EXIT_SL_RAISED,False,S7-TPNONE,SHORT,S,0.5,1770955105.817,1770949800,1770950700.0,1770954300
5976742.999999887,p10,0.5,4963.96,0,4963.96,4966.842603038677,4967.55,F2,True,4648748.54,-336203.5000000136,-357274.7500000136,S7-TPNONE|F2|1770949800|SHORT,EXIT_SL_RAISED,False,S7-TPNONE,SHORT,S,0.5,1770955105.817,1770949800,1770950700.0,1770954300
5976742.999999887,p10,0.5,4963.96,0,4963.96,4966.842603038677,4967.55,F3,True,4648748.54,-336203.5000000136,-357274.7500000136,S7-TPNONE|F3|1770949800|SHORT,EXIT_SL_RAISED,False,S7-TPNONE,SHORT,S,0.5,1770955105.817,1770949800,1770950700.0,1770954300
3305844.999999932,p10,0.5,5029.16,0,5029.66,5010.13047498514,5009.6,F1,True,4710276.59,-1878618.9999999523,-1899690.2499999523,S7-TPNONE|F1|1771186500|LONG,EXIT_SL_RAISED,False,S7-TPNONE,LONG,L,0.5,1771189411.02,1771186500,1771187400.0,1771189200
3305844.999999932,p10,0.5,5029.16,0,5029.66,5010.13047498514,5009.6,F2,True,4710276.59,-1878618.9999999523,-1899690.2499999523,S7-TPNONE|F2|1771186500|LONG,EXIT_SL_RAISED,False,S7-TPNONE,LONG,L,0.5,1771189411.02,1771186500,1771187400.0,1771189200
3305844.999999932,p10,0.5,5029.16,0,5029.66,5010.13047498514,5009.6,F3,True,4710276.59,-1878618.9999999523,-1899690.2499999523,S7-TPNONE|F3|1771186500|LONG,EXIT_SL_RAISED,False,S7-TPNONE,LONG,L,0.5,1771189411.02,1771186500,1771187400.0,1771189200
2439582.499999847,p10,0.5,4989.75,0,4989.75,4947.658984825343,4947.9,F1,True,4672900.875,3919252.500000034,3898181.250000034,S7-TPNONE|F1|1771273800|SHORT,EXIT_SL_RAISED,False,S7-TPNONE,SHORT,S,0.5,1771279693.86,1771273800,1771274700.0,1771279200
2439582.499999847,p10,0.5,4989.75,0,4989.75,4947.658984825343,4947.9,F2,True,4672900.875,3919252.500000034,3898181.250000034,S7-TPNONE|F2|1771273800|SHORT,EXIT_SL_RAISED,False,S7-TPNONE,SHORT,S,0.5,1771279693.86,1771273800,1771274700.0,1771279200
2439582.499999847,p10,0.5,4989.75,0,4989.75,4947.658984825343,4947.9,F3,True,4672900.875,3919252.500000034,3898181.250000034,S7-TPNONE|F3|1771273800|SHORT,EXIT_SL_RAISED,False,S7-TPNONE,SHORT,S,0.5,1771279693.86,1771273800,1771274700.0,1771279200
2442391.999999993,p10,0.5,4957.34,0,4957.55,4886.3666873073535,4886.54,F1,True,4642745.575,6650086.5000000205,6629015.2500000205,S7-TPNONE|F1|1771281900|SHORT,EXIT_SL_RAISED,False,S7-TPNONE,SHORT,S,0.5,1771296403.701,1771281900,1771282800.0,1771296300
2442391.999999993,p10,0.5,4957.34,0,4957.55,4886.3666873073535,4886.54,F2,True,4642745.575,6650086.5000000205,6629015.2500000205,S7-TPNONE|F2|1771281900|SHORT,EXIT_SL_RAISED,False,S7-TPNONE,SHORT,S,0.5,1771296403.701,1771281900,1771282800.0,1771296300
2442391.999999993,p10,0.5,4957.34,0,4957.55,4886.3666873073535,4886.54,F3,True,4642745.575,6650086.5000000205,6629015.2500000205,S7-TPNONE|F3|1771281900|SHORT,EXIT_SL_RAISED,False,S7-TPNONE,SHORT,S,0.5,1771296403.701,1771281900,1771282800.0,1771296300
6947893.499999792,p10,0.5,4858.97,0,4858.97,4878.675458252092,4879.12,F1,True,4550425.405,-1887047.499999966,-1908118.749999966,S7-TPNONE|F1|1771361100|SHORT,EXIT_SL_RAISED,False,S7-TPNONE,SHORT,S,0.5,1771364058.98,1771361100,1771362000.0,1771363800
6947893.499999792,p10,0.5,4858.97,0,4858.97,4878.675458252092,4879.12,F2,True,4550425.405,-1887047.499999966,-1908118.749999966,S7-TPNONE|F2|1771361100|SHORT,EXIT_SL_RAISED,False,S7-TPNONE,SHORT,S,0.5,1771364058.98,1771361100,1771362000.0,1771363800
6947893.499999792,p10,0.5,4858.97,0,4858.97,4878.675458252092,4879.12,F3,True,4550425.405,-1887047.499999966,-1908118.749999966,S7-TPNONE|F3|1771361100|SHORT,EXIT_SL_RAISED,False,S7-TPNONE,SHORT,S,0.5,1771364058.98,1771361100,1771362000.0,1771363800
4331312.50000017,p10,0.5,5006.38,0,5006.9,5000.253885940436,5000.24,F1,True,4688961.85,-623708.9999999864,-644780.2499999864,S7-TPNONE|F1|1771537500|LONG,EXIT_SL_RAISED,False,S7-TPNONE,LONG,L,0.5,1771539921.466,1771537500,1771538400.0,1771539300
4331312.50000017,p10,0.5,5006.38,0,5006.9,5000.253885940436,5000.24,F2,True,4688961.85,-623708.9999999864,-644780.2499999864,S7-TPNONE|F2|1771537500|LONG,EXIT_SL_RAISED,False,S7-TPNONE,LONG,L,0.5,1771539921.466,1771537500,1771538400.0,1771539300
4331312.50000017,p10,0.5,5006.38,0,5006.9,5000.253885940436,5000.24,F3,True,4688961.85,-623708.9999999864,-644780.2499999864,S7-TPNONE|F3|1771537500|LONG,EXIT_SL_RAISED,False,S7-TPNONE,LONG,L,0.5,1771539921.466,1771537500,1771538400.0,1771539300
3618167.7499999353,p10,0.5,5022.54,0,5023.04,5009.810108600179,5009.81,F1,True,4704076.96,-1238989.499999959,-1260060.749999959,S7-TPNONE|F1|1771560000|LONG,EXIT_SL_RAISED,False,S7-TPNONE,LONG,L,0.5,1771563384.427,1771560000,1771560900.0,1771562700
3618167.7499999353,p10,0.5,5022.54,0,5023.04,5009.810108600179,5009.81,F2,True,4704076.96,-1238989.499999959,-1260060.749999959,S7-TPNONE|F2|1771560000|LONG,EXIT_SL_RAISED,False,S7-TPNONE,LONG,L,0.5,1771563384.427,1771560000,1771560900.0,1771562700
3618167.7499999353,p10,0.5,5022.54,0,5023.04,5009.810108600179,5009.81,F3,True,4704076.96,-1238989.499999959,-1260060.749999959,S7-TPNONE|F3|1771560000|LONG,EXIT_SL_RAISED,False,S7-TPNONE,LONG,L,0.5,1771563384.427,1771560000,1771560900.0,1771562700
4168361.5000001057,p10,0.5,5182.45,0,5182.96,5167.920487590759,5167.58,F1,True,4853842.04,-1440337.0000000102,-1461408.2500000102,S7-TPNONE|F1|1771901100|LONG,EXIT_SL_RAISED,False,S7-TPNONE,LONG,L,0.5,1771903781.261,1771901100,1771902000.0,1771902900
4168361.5000001057,p10,0.5,5182.45,0,5182.96,5167.920487590759,5167.58,F2,True,4853842.04,-1440337.0000000102,-1461408.2500000102,S7-TPNONE|F2|1771901100|LONG,EXIT_SL_RAISED,False,S7-TPNONE,LONG,L,0.5,1771903781.261,1771901100,1771902000.0,1771902900
4168361.5000001057,p10,0.5,5182.45,0,5182.96,5167.920487590759,5167.58,F3,True,4853842.04,-1440337.0000000102,-1461408.2500000102,S7-TPNONE|F3|1771901100|LONG,EXIT_SL_RAISED,False,S7-TPNONE,LONG,L,0.5,1771903781.261,1771901100,1771902000.0,1771902900
4295725.500000245,p10,0.5,5152.15,0,5152.65,5174.571547889493,5174.44,F1,True,4825456.725,2040633.4999999965,2019562.2499999965,S7-TPNONE|F1|1771969500|LONG,EXIT_SL_RAISED,False,S7-TPNONE,LONG,L,0.5,1771977062.493,1771969500,1771970400.0,1771976700
4295725.500000245,p10,0.5,5152.15,0,5152.65,5174.571547889493,5174.44,F2,True,4825456.725,2040633.4999999965,2019562.2499999965,S7-TPNONE|F2|1771969500|LONG,EXIT_SL_RAISED,False,S7-TPNONE,LONG,L,0.5,1771977062.493,1771969500,1771970400.0,1771976700
4295725.500000245,p10,0.5,5152.15,0,5152.65,5174.571547889493,5174.44,F3,True,4825456.725,2040633.4999999965,2019562.2499999965,S7-TPNONE|F3|1771969500|LONG,EXIT_SL_RAISED,False,S7-TPNONE,LONG,L,0.5,1771977062.493,1771969500,1771970400.0,1771976700
2632969.749999809,p10,0.5,5188.29,0,5188.74,5195.030674154452,5194.65,F1,True,4859255.01,553471.4999999864,532400.2499999864,S7-TPNONE|F1|1771984800|LONG,EXIT_SL_RAISED,False,S7-TPNONE,LONG,L,0.5,1771988592.437,1771984800,1771985700.0,1771988400
2632969.749999809,p10,0.5,5188.29,0,5188.74,5195.030674154452,5194.65,F2,True,4859255.01,553471.4999999864,532400.2499999864,S7-TPNONE|F2|1771984800|LONG,EXIT_SL_RAISED,False,S7-TPNONE,LONG,L,0.5,1771988592.437,1771984800,1771985700.0,1771988400
2632969.749999809,p10,0.5,5188.29,0,5188.74,5195.030674154452,5194.65,F3,True,4859255.01,553471.4999999864,532400.2499999864,S7-TPNONE|F3|1771984800|LONG,EXIT_SL_RAISED,False,S7-TPNONE,LONG,L,0.5,1771988592.437,1771984800,1771985700.0,1771988400
6052131.25,p10,0.5,5184.89,0,5185.62,5179.442071628454,5179.44,F1,True,4856333.13,-578757.0000000272,-599828.2500000272,S7-TPNONE|F1|1772054100|LONG,EXIT_SL_RAISED,False,S7-TPNONE,LONG,L,0.5,1772058535.693,1772054100,1772055000.0,1772057700
6052131.25,p10,0.5,5184.89,0,5185.62,5179.442071628454,5179.44,F2,True,4856333.13,-578757.0000000272,-599828.2500000272,S7-TPNONE|F2|1772054100|LONG,EXIT_SL_RAISED,False,S7-TPNONE,LONG,L,0.5,1772058535.693,1772054100,1772055000.0,1772057700
6052131.25,p10,0.5,5184.89,0,5185.62,5179.442071628454,5179.44,F3,True,4856333.13,-578757.0000000272,-599828.2500000272,S7-TPNONE|F3|1772054100|LONG,EXIT_SL_RAISED,False,S7-TPNONE,LONG,L,0.5,1772058535.693,1772054100,1772055000.0,1772057700
1630914.7499999115,p10,0.5,5187.08,0,5187.58,5191.904231569056,5191.79,F1,True,4858168.67,394266.50000000343,373195.25000000343,S7-TPNONE|F1|1772064000|LONG,EXIT_SL_RAISED,False,S7-TPNONE,LONG,L,0.5,1772074098.028,1772064000,1772064900.0,1772073900
1630914.7499999115,p10,0.5,5187.08,0,5187.58,5191.904231569056,5191.79,F2,True,4858168.67,394266.50000000343,373195.25000000343,S7-TPNONE|F2|1772064000|LONG,EXIT_SL_RAISED,False,S7-TPNONE,LONG,L,0.5,1772074098.028,1772064000,1772064900.0,1772073900
1630914.7499999115,p10,0.5,5187.08,0,5187.58,5191.904231569056,5191.79,F3,True,4858168.67,394266.50000000343,373195.25000000343,S7-TPNONE|F3|1772064000|LONG,EXIT_SL_RAISED,False,S7-TPNONE,LONG,L,0.5,1772074098.028,1772064000,1772064900.0,1772073900
2595509.749999843,p10,0.5,5188.09,0,5188.44,5174.510968227439,5174.31,F1,True,4858974.06,-1323274.499999925,-1344345.749999925,S7-TPNONE|F1|1772140500|LONG,EXIT_SL_RAISED,False,S7-TPNONE,LONG,L,0.5,1772142300.47,1772140500,1772141400.0,1772142300
2595509.749999843,p10,0.5,5188.09,0,5188.44,5174.510968227439,5174.31,F2,True,4858974.06,-1323274.499999925,-1344345.749999925,S7-TPNONE|F2|1772140500|LONG,EXIT_SL_RAISED,False,S7-TPNONE,LONG,L,0.5,1772142300.47,1772140500,1772141400.0,1772142300
2595509.749999843,p10,0.5,5188.09,0,5188.44,5174.510968227439,5174.31,F3,True,4858974.06,-1323274.499999925,-1344345.749999925,S7-TPNONE|F3|1772140500|LONG,EXIT_SL_RAISED,False,S7-TPNONE,LONG,L,0.5,1772142300.47,1772140500,1772141400.0,1772142300
5663015.500000024,p10,0.5,5188.3,0,5188.77,5184.867119180905,5184.83,F1,True,4859283.105,-368981.0000000477,-390052.2500000477,S7-TPNONE|F1|1772145000|LONG,EXIT_SL_RAISED,False,S7-TPNONE,LONG,L,0.5,1772148207.571,1772145000,1772145900.0,1772147700
5663015.500000024,p10,0.5,5188.3,0,5188.77,5184.867119180905,5184.83,F2,True,4859283.105,-368981.0000000477,-390052.2500000477,S7-TPNONE|F2|1772145000|LONG,EXIT_SL_RAISED,False,S7-TPNONE,LONG,L,0.5,1772148207.571,1772145000,1772145900.0,1772147700
5663015.500000024,p10,0.5,5188.3,0,5188.77,5184.867119180905,5184.83,F3,True,4859283.105,-368981.0000000477,-390052.2500000477,S7-TPNONE|F3|1772145000|LONG,EXIT_SL_RAISED,False,S7-TPNONE,LONG,L,0.5,1772148207.571,1772145000,1772145900.0,1772147700
1269425.749999942,p10,0.5,5186.45,0,5186.95,5189.055374253179,5188.74,F1,True,4857578.675,167633.4999999966,146562.2499999966,S7-TPNONE|F1|1772154000|LONG,EXIT_SL_RAISED,False,S7-TPNONE,LONG,L,0.5,1772164431.034,1772154000,1772154900.0,1772163900
1269425.749999942,p10,0.5,5186.45,0,5186.95,5189.055374253179,5188.74,F2,True,4857578.675,167633.4999999966,146562.2499999966,S7-TPNONE|F2|1772154000|LONG,EXIT_SL_RAISED,False,S7-TPNONE,LONG,L,0.5,1772164431.034,1772154000,1772154900.0,1772163900
1269425.749999942,p10,0.5,5186.45,0,5186.95,5189.055374253179,5188.74,F3,True,4857578.675,167633.4999999966,146562.2499999966,S7-TPNONE|F3|1772154000|LONG,EXIT_SL_RAISED,False,S7-TPNONE,LONG,L,0.5,1772164431.034,1772154000,1772154900.0,1772163900
5924767.250000031,p10,0.5,5191.89,0,5192.36,5177.344405492401,5177.33,F1,True,4862645.14,-1407559.4999999763,-1428630.7499999763,S7-TPNONE|F1|1772667900|LONG,EXIT_SL_RAISED,False,S7-TPNONE,LONG,L,0.5,1772672425.495,1772667900,1772668800.0,1772672400
5924767.250000031,p10,0.5,5191.89,0,5192.36,5177.344405492401,5177.33,F2,True,4862645.14,-1407559.4999999763,-1428630.7499999763,S7-TPNONE|F2|1772667900|LONG,EXIT_SL_RAISED,False,S7-TPNONE,LONG,L,0.5,1772672425.495,1772667900,1772668800.0,1772672400
5924767.250000031,p10,0.5,5191.89,0,5192.36,5177.344405492401,5177.33,F3,True,4862645.14,-1407559.4999999763,-1428630.7499999763,S7-TPNONE|F3|1772667900|LONG,EXIT_SL_RAISED,False,S7-TPNONE,LONG,L,0.5,1772672425.495,1772667900,1772668800.0,1772672400
4748055.000000068,p10,0.5,5083.5,0,5083.48,5088.892280830273,5088.94,F1,True,4760679.02,-511329.00000000343,-532400.2500000035,S7-TPNONE|F1|1772746200|SHORT,EXIT_SL_RAISED,False,S7-TPNONE,SHORT,S,0.5,1772749854.322,1772746200,1772747100.0,1772749800
4748055.000000068,p10,0.5,5083.5,0,5083.48,5088.892280830273,5088.94,F2,True,4760679.02,-511329.00000000343,-532400.2500000035,S7-TPNONE|F2|1772746200|SHORT,EXIT_SL_RAISED,False,S7-TPNONE,SHORT,S,0.5,1772749854.322,1772746200,1772747100.0,1772749800
4748055.000000068,p10,0.5,5083.5,0,5083.48,5088.892280830273,5088.94,F3,True,4760679.02,-511329.00000000343,-532400.2500000035,S7-TPNONE|F3|1772746200|SHORT,EXIT_SL_RAISED,False,S7-TPNONE,SHORT,S,0.5,1772749854.322,1772746200,1772747100.0,1772749800
4560755.000000068,p10,0.5,5097.45,0,5097.63,5110.040695298338,5110.05,F1,True,4773930.495,-1163133.0000000068,-1184204.2500000068,S7-TPNONE|F1|1773027900|SHORT,EXIT_SL_RAISED,False,S7-TPNONE,SHORT,S,0.5,1773036544.4,1773027900,1773028800.0,1773036000
4560755.000000068,p10,0.5,5097.45,0,5097.63,5110.040695298338,5110.05,F2,True,4773930.495,-1163133.0000000068,-1184204.2500000068,S7-TPNONE|F2|1773027900|SHORT,EXIT_SL_RAISED,False,S7-TPNONE,SHORT,S,0.5,1773036544.4,1773027900,1773028800.0,1773036000
4560755.000000068,p10,0.5,5097.45,0,5097.63,5110.040695298338,5110.05,F3,True,4773930.495,-1163133.0000000068,-1184204.2500000068,S7-TPNONE|F3|1773027900|SHORT,EXIT_SL_RAISED,False,S7-TPNONE,SHORT,S,0.5,1773036544.4,1773027900,1773028800.0,1773036000
5529095.999999741,p10,0.5,5152.67,0,5153.32,5136.031594697848,5135.94,F1,True,4826084.18,-1627637.0000000102,-1648708.2500000102,S7-TPNONE|F1|1773085500|LONG,EXIT_SL_RAISED,False,S7-TPNONE,LONG,L,0.5,1773090026.428,1773085500,1773086400.0,1773090000
5529095.999999741,p10,0.5,5152.67,0,5153.32,5136.031594697848,5135.94,F2,True,4826084.18,-1627637.0000000102,-1648708.2500000102,S7-TPNONE|F2|1773085500|LONG,EXIT_SL_RAISED,False,S7-TPNONE,LONG,L,0.5,1773090026.428,1773085500,1773086400.0,1773090000
5529095.999999741,p10,0.5,5152.67,0,5153.32,5136.031594697848,5135.94,F3,True,4826084.18,-1627637.0000000102,-1648708.2500000102,S7-TPNONE|F3|1773085500|LONG,EXIT_SL_RAISED,False,S7-TPNONE,LONG,L,0.5,1773090026.428,1773085500,1773086400.0,1773090000
8520745.249999885,p10,0.5,5143.18,0,5143.68,5164.941005851594,5164.82,F1,True,4817056.32,1979760.9999999455,1958689.7499999455,S7-TPNONE|F1|1773093600|LONG,EXIT_SL_RAISED,False,S7-TPNONE,LONG,L,0.5,1773100745.838,1773093600,1773094500.0,1773099900
8520745.249999885,p10,0.5,5143.18,0,5143.68,5164.941005851594,5164.82,F2,True,4817056.32,1979760.9999999455,1958689.7499999455,S7-TPNONE|F2|1773093600|LONG,EXIT_SL_RAISED,False,S7-TPNONE,LONG,L,0.5,1773100745.838,1773093600,1773094500.0,1773099900
8520745.249999885,p10,0.5,5143.18,0,5143.68,5164.941005851594,5164.82,F3,True,4817056.32,1979760.9999999455,1958689.7499999455,S7-TPNONE|F3|1773093600|LONG,EXIT_SL_RAISED,False,S7-TPNONE,LONG,L,0.5,1773100745.838,1773093600,1773094500.0,1773099900
3142425.749999857,p10,0.5,5172.73,0,5173.23,5166.91398823164,5166.89,F1,True,4844729.895,-593740.9999999284,-614812.2499999284,S7-TPNONE|F1|1773108000|LONG,EXIT_SL_RAISED,False,S7-TPNONE,LONG,L,0.5,1773116440.837,1773108000,1773108900.0,1773116100
3142425.749999857,p10,0.5,5172.73,0,5173.23,5166.91398823164,5166.89,F2,True,4844729.895,-593740.9999999284,-614812.2499999284,S7-TPNONE|F2|1773108000|LONG,EXIT_SL_RAISED,False,S7-TPNONE,LONG,L,0.5,1773116440.837,1773108000,1773108900.0,1773116100
3142425.749999857,p10,0.5,5172.73,0,5173.23,5166.91398823164,5166.89,F3,True,4844729.895,-593740.9999999284,-614812.2499999284,S7-TPNONE|F3|1773108000|LONG,EXIT_SL_RAISED,False,S7-TPNONE,LONG,L,0.5,1773116440.837,1773108000,1773108900.0,1773116100
4802840.250000156,p10,0.5,5174.99,0,5175.03,5166.930037308439,5166.97,F1,True,4846415.595,754818.9999999523,733747.7499999523,S7-TPNONE|F1|1773255600|SHORT,EXIT_SL_RAISED,False,S7-TPNONE,SHORT,S,0.5,1773258547.165,1773255600,1773256500.0,1773258300
4802840.250000156,p10,0.5,5174.99,0,5175.03,5166.930037308439,5166.97,F2,True,4846415.595,754818.9999999523,733747.7499999523,S7-TPNONE|F2|1773255600|SHORT,EXIT_SL_RAISED,False,S7-TPNONE,SHORT,S,0.5,1773258547.165,1773255600,1773256500.0,1773258300
4802840.250000156,p10,0.5,5174.99,0,5175.03,5166.930037308439,5166.97,F3,True,4846415.595,754818.9999999523,733747.7499999523,S7-TPNONE|F3|1773255600|SHORT,EXIT_SL_RAISED,False,S7-TPNONE,SHORT,S,0.5,1773258547.165,1773255600,1773256500.0,1773258300
12028874.249999888,p10,0.5,5138.96,0,5138.96,5153.059802577175,5153.41,F1,True,4812636.04,-1353242.499999983,-1374313.749999983,S7-TPNONE|F1|1773258300|SHORT,EXIT_SL_RAISED,False,S7-TPNONE,SHORT,S,0.5,1773260113.33,1773258300,1773259200.0,1773260100
12028874.249999888,p10,0.5,5138.96,0,5138.96,5153.059802577175,5153.41,F2,True,4812636.04,-1353242.499999983,-1374313.749999983,S7-TPNONE|F2|1773258300|SHORT,EXIT_SL_RAISED,False,S7-TPNONE,SHORT,S,0.5,1773260113.33,1773258300,1773259200.0,1773260100
12028874.249999888,p10,0.5,5138.96,0,5138.96,5153.059802577175,5153.41,F3,True,4812636.04,-1353242.499999983,-1374313.749999983,S7-TPNONE|F3|1773258300|SHORT,EXIT_SL_RAISED,False,S7-TPNONE,SHORT,S,0.5,1773260113.33,1773258300,1773259200.0,1773260100
5021512.99999999,p10,0.5,5157.34,0,5157.37,5150.6034736093225,5151.57,F1,True,4829877.005,543170.000000017,522098.750000017,S7-TPNONE|F1|1773271800|SHORT,EXIT_SL_RAISED,False,S7-TPNONE,SHORT,S,0.5,1773283044.639,1773271800,1773272700.0,1773282600
5021512.99999999,p10,0.5,5157.34,0,5157.37,5150.6034736093225,5151.57,F2,True,4829877.005,543170.000000017,522098.750000017,S7-TPNONE|F2|1773271800|SHORT,EXIT_SL_RAISED,False,S7-TPNONE,SHORT,S,0.5,1773283044.639,1773271800,1773272700.0,1773282600
5021512.99999999,p10,0.5,5157.34,0,5157.37,5150.6034736093225,5151.57,F3,True,4829877.005,543170.000000017,522098.750000017,S7-TPNONE|F3|1773271800|SHORT,EXIT_SL_RAISED,False,S7-TPNONE,SHORT,S,0.5,1773283044.639,1773271800,1773272700.0,1773282600
1873000.0,p10,0.5,5005.88,1,5004.08,5011.778228290614,5011.9,F1,True,4686320.92,-732342.9999999728,-753414.2499999728,S7-TPNONE|F1|1773683100|SHORT,EXIT_SL_RAISED,False,S7-TPNONE,SHORT,S,0.5,1773693150.263,1773683100,1773688500.0,1773693000
1873000.0,p10,0.5,5005.88,1,5004.08,5011.778228290614,5011.9,F2,True,4686320.92,-732342.9999999728,-753414.2499999728,S7-TPNONE|F2|1773683100|SHORT,EXIT_SL_RAISED,False,S7-TPNONE,SHORT,S,0.5,1773693150.263,1773683100,1773688500.0,1773693000
1873000.0,p10,0.5,5005.88,1,5004.08,5011.778228290614,5011.9,F3,True,4686320.92,-732342.9999999728,-753414.2499999728,S7-TPNONE|F3|1773683100|SHORT,EXIT_SL_RAISED,False,S7-TPNONE,SHORT,S,0.5,1773693150.263,1773683100,1773688500.0,1773693000
3427589.999999949,p10,0.5,5006.38,0,5006.38,5011.434990732124,5011.45,F1,True,4688474.87,-474805.49999997276,-495876.74999997276,S7-TPNONE|F1|1773694800|SHORT,EXIT_SL_RAISED,False,S7-TPNONE,SHORT,S,0.5,1773699088.903,1773694800,1773695700.0,1773698400
3427589.999999949,p10,0.5,5006.38,0,5006.38,5011.434990732124,5011.45,F2,True,4688474.87,-474805.49999997276,-495876.74999997276,S7-TPNONE|F2|1773694800|SHORT,EXIT_SL_RAISED,False,S7-TPNONE,SHORT,S,0.5,1773699088.903,1773694800,1773695700.0,1773698400
3427589.999999949,p10,0.5,5006.38,0,5006.38,5011.434990732124,5011.45,F3,True,4688474.87,-474805.49999997276,-495876.74999997276,S7-TPNONE|F3|1773694800|SHORT,EXIT_SL_RAISED,False,S7-TPNONE,SHORT,S,0.5,1773699088.903,1773694800,1773695700.0,1773698400
2069665.0000001192,p10,0.5,4850.71,0,4850.72,4770.253931064294,4770.44,F1,True,4542699.28,7518222.0000000615,7497150.7500000615,S7-TPNONE|F1|1773881100|SHORT,EXIT_SL_RAISED,False,S7-TPNONE,SHORT,S,0.5,1773892892.952,1773881100,1773882000.0,1773892800
2069665.0000001192,p10,0.5,4850.71,0,4850.72,4770.253931064294,4770.44,F2,True,4542699.28,7518222.0000000615,7497150.7500000615,S7-TPNONE|F2|1773881100|SHORT,EXIT_SL_RAISED,False,S7-TPNONE,SHORT,S,0.5,1773892892.952,1773881100,1773882000.0,1773892800
2069665.0000001192,p10,0.5,4850.71,0,4850.72,4770.253931064294,4770.44,F3,True,4542699.28,7518222.0000000615,7497150.7500000615,S7-TPNONE|F3|1773881100|SHORT,EXIT_SL_RAISED,False,S7-TPNONE,SHORT,S,0.5,1773892892.952,1773881100,1773882000.0,1773892800
4573397.749999833,p10,0.5,4636.3,0,4636.16,4661.75,4662.59,F1,False,4341763.84,-2475169.5000000275,-2475169.5000000275,S7-TPNONE|F1|1773949500|SHORT,reverse,False,S7-TPNONE,SHORT,S,0.5,1773954900,1773949500,1773950400.0,1773954000
4573397.749999833,p10,0.5,4636.3,0,4636.16,4661.75,4662.59,F2,False,4341763.84,-2475169.5000000275,-2475169.5000000275,S7-TPNONE|F2|1773949500|SHORT,reverse,False,S7-TPNONE,SHORT,S,0.5,1773954900,1773949500,1773950400.0,1773954000
4573397.749999833,p10,0.5,4636.3,0,4636.16,4661.75,4662.59,F3,False,4341763.84,-2475169.5000000275,-2475169.5000000275,S7-TPNONE|F3|1773949500|SHORT,reverse,False,S7-TPNONE,SHORT,S,0.5,1773954900,1773949500,1773950400.0,1773954000
12212428.250000147,p10,0.5,4464.69,0,4464.69,4372.0515764470565,4372.94,F1,True,4181182.1849999996,8592387.5,8571316.25,S7-TPNONE|F1|1774212300|SHORT,EXIT_SL_RAISED,False,S7-TPNONE,SHORT,S,0.5,1774217054.253,1774212300,1774213200.0,1774216800
12212428.250000147,p10,0.5,4464.69,0,4464.69,4372.0515764470565,4372.94,F2,True,4181182.1849999996,8592387.5,8571316.25,S7-TPNONE|F2|1774212300|SHORT,EXIT_SL_RAISED,False,S7-TPNONE,SHORT,S,0.5,1774217054.253,1774212300,1774213200.0,1774216800
12212428.250000147,p10,0.5,4464.69,0,4464.69,4372.0515764470565,4372.94,F3,True,4181182.1849999996,8592387.5,8571316.25,S7-TPNONE|F3|1774212300|SHORT,EXIT_SL_RAISED,False,S7-TPNONE,SHORT,S,0.5,1774217054.253,1774212300,1774213200.0,1774216800
17051791.999999993,p10,0.5,4378.11,0,4377.84,4377.636225824125,4377.66,F1,True,4099847.16,16857.000000027256,-4214.249999972744,S7-TPNONE|F1|1774300500|SHORT,EXIT_SL_RAISED,False,S7-TPNONE,SHORT,S,0.5,1774302801.687,1774300500,1774301400.0,1774302300
17051791.999999993,p10,0.5,4378.11,0,4377.84,4377.636225824125,4377.66,F2,True,4099847.16,16857.000000027256,-4214.249999972744,S7-TPNONE|F2|1774300500|SHORT,EXIT_SL_RAISED,False,S7-TPNONE,SHORT,S,0.5,1774302801.687,1774300500,1774301400.0,1774302300
17051791.999999993,p10,0.5,4378.11,0,4377.84,4377.636225824125,4377.66,F3,True,4099847.16,16857.000000027256,-4214.249999972744,S7-TPNONE|F3|1774300500|SHORT,EXIT_SL_RAISED,False,S7-TPNONE,SHORT,S,0.5,1774302801.687,1774300500,1774301400.0,1774302300
15333782.750000054,p10,0.5,4321.32,0,4321.56,4355.408306611977,4355.53,F1,True,4047140.9400000004,-3181290.4999999385,-3202361.7499999385,S7-TPNONE|F1|1774305000|SHORT,EXIT_SL_RAISED,False,S7-TPNONE,SHORT,S,0.5,1774308631.84,1774305000,1774305900.0,1774308600
15333782.750000054,p10,0.5,4321.32,0,4321.56,4355.408306611977,4355.53,F2,True,4047140.9400000004,-3181290.4999999385,-3202361.7499999385,S7-TPNONE|F2|1774305000|SHORT,EXIT_SL_RAISED,False,S7-TPNONE,SHORT,S,0.5,1774308631.84,1774305000,1774305900.0,1774308600
15333782.750000054,p10,0.5,4321.32,0,4321.56,4355.408306611977,4355.53,F3,True,4047140.9400000004,-3181290.4999999385,-3202361.7499999385,S7-TPNONE|F3|1774305000|SHORT,EXIT_SL_RAISED,False,S7-TPNONE,SHORT,S,0.5,1774308631.84,1774305000,1774305900.0,1774308600
8339532.500000102,p10,0.5,4341.64,0,4341.52,4356.8574159919735,4357.02,F1,True,4065833.4800000004,-1451575.0,-1472646.25,S7-TPNONE|F1|1774312200|SHORT,EXIT_SL_RAISED,False,S7-TPNONE,SHORT,S,0.5,1774320056.584,1774312200,1774313100.0,1774319400
8339532.500000102,p10,0.5,4341.64,0,4341.52,4356.8574159919735,4357.02,F2,True,4065833.4800000004,-1451575.0,-1472646.25,S7-TPNONE|F2|1774312200|SHORT,EXIT_SL_RAISED,False,S7-TPNONE,SHORT,S,0.5,1774320056.584,1774312200,1774313100.0,1774319400
8339532.500000102,p10,0.5,4341.64,0,4341.52,4356.8574159919735,4357.02,F3,True,4065833.4800000004,-1451575.0,-1472646.25,S7-TPNONE|F3|1774312200|SHORT,EXIT_SL_RAISED,False,S7-TPNONE,SHORT,S,0.5,1774320056.584,1774312200,1774313100.0,1774319400
4489581.000000133,p10,0.5,4535.48,0,4535.89,4513.175081844107,4512.91,F1,True,4247860.985,-2152077.0000000442,-2173148.2500000442,S7-TPNONE|F1|1774478700|LONG,EXIT_SL_RAISED,False,S7-TPNONE,LONG,L,0.5,1774481873.738,1774478700,1774479600.0,1774481400
4489581.000000133,p10,0.5,4535.48,0,4535.89,4513.175081844107,4512.91,F2,True,4247860.985,-2152077.0000000442,-2173148.2500000442,S7-TPNONE|F2|1774478700|LONG,EXIT_SL_RAISED,False,S7-TPNONE,LONG,L,0.5,1774481873.738,1774478700,1774479600.0,1774481400
4489581.000000133,p10,0.5,4535.48,0,4535.89,4513.175081844107,4512.91,F3,True,4247860.985,-2152077.0000000442,-2173148.2500000442,S7-TPNONE|F3|1774478700|LONG,EXIT_SL_RAISED,False,S7-TPNONE,LONG,L,0.5,1774481873.738,1774478700,1774479600.0,1774481400
7734553.499999844,p10,0.5,4392.99,0,4392.52,4402.768767760691,4402.84,F1,True,4113594.9800000004,-966467.9999999728,-987539.2499999728,S7-TPNONE|F1|1774555200|SHORT,EXIT_SL_RAISED,False,S7-TPNONE,SHORT,S,0.5,1774563891.886,1774555200,1774556100.0,1774563300
7734553.499999844,p10,0.5,4392.99,0,4392.52,4402.768767760691,4402.84,F2,True,4113594.9800000004,-966467.9999999728,-987539.2499999728,S7-TPNONE|F2|1774555200|SHORT,EXIT_SL_RAISED,False,S7-TPNONE,SHORT,S,0.5,1774563891.886,1774555200,1774556100.0,1774563300
7734553.499999844,p10,0.5,4392.99,0,4392.52,4402.768767760691,4402.84,F3,True,4113594.9800000004,-966467.9999999728,-987539.2499999728,S7-TPNONE|F3|1774555200|SHORT,EXIT_SL_RAISED,False,S7-TPNONE,SHORT,S,0.5,1774563891.886,1774555200,1774556100.0,1774563300
6687078.249999891,p10,0.5,4509.08,0,4509.61,4484.321739606933,4484.15,F1,True,4223249.765,-2384329.0000000033,-2405400.2500000033,S7-TPNONE|F1|1774811700|LONG,EXIT_SL_RAISED,False,S7-TPNONE,LONG,L,0.5,1774814344.736,1774811700,1774812600.0,1774813500
6687078.249999891,p10,0.5,4509.08,0,4509.61,4484.321739606933,4484.15,F2,True,4223249.765,-2384329.0000000033,-2405400.2500000033,S7-TPNONE|F2|1774811700|LONG,EXIT_SL_RAISED,False,S7-TPNONE,LONG,L,0.5,1774814344.736,1774811700,1774812600.0,1774813500
6687078.249999891,p10,0.5,4509.08,0,4509.61,4484.321739606933,4484.15,F3,True,4223249.765,-2384329.0000000033,-2405400.2500000033,S7-TPNONE|F3|1774811700|LONG,EXIT_SL_RAISED,False,S7-TPNONE,LONG,L,0.5,1774814344.736,1774811700,1774812600.0,1774813500
9717124.000000106,p10,0.5,4471.11,0,4471.86,4487.8046446872095,4487.78,F1,True,4187896.889999999,1490908.0000000068,1469836.7500000068,S7-TPNONE|F1|1774823400|LONG,EXIT_SL_RAISED,False,S7-TPNONE,LONG,L,0.5,1774833212.164,1774823400,1774824300.0,1774832400
9717124.000000106,p10,0.5,4471.11,0,4471.86,4487.8046446872095,4487.78,F2,True,4187896.889999999,1490908.0000000068,1469836.7500000068,S7-TPNONE|F2|1774823400|LONG,EXIT_SL_RAISED,False,S7-TPNONE,LONG,L,0.5,1774833212.164,1774823400,1774824300.0,1774832400
9717124.000000106,p10,0.5,4471.11,0,4471.86,4487.8046446872095,4487.78,F3,True,4187896.889999999,1490908.0000000068,1469836.7500000068,S7-TPNONE|F3|1774823400|LONG,EXIT_SL_RAISED,False,S7-TPNONE,LONG,L,0.5,1774833212.164,1774823400,1774824300.0,1774832400
10051454.499999993,p10,0.5,4535.95,0,4536.43,4589.249591534368,4589.05,F1,True,4248366.695,4927862.99999999,4906791.74999999,S7-TPNONE|F1|1774906200|LONG,EXIT_SL_RAISED,False,S7-TPNONE,LONG,L,0.5,1774911739.122,1774906200,1774907100.0,1774911600
10051454.499999993,p10,0.5,4535.95,0,4536.43,4589.249591534368,4589.05,F2,True,4248366.695,4927862.99999999,4906791.74999999,S7-TPNONE|F2|1774906200|LONG,EXIT_SL_RAISED,False,S7-TPNONE,LONG,L,0.5,1774911739.122,1774906200,1774907100.0,1774911600
10051454.499999993,p10,0.5,4535.95,0,4536.43,4589.249591534368,4589.05,F3,True,4248366.695,4927862.99999999,4906791.74999999,S7-TPNONE|F3|1774906200|LONG,EXIT_SL_RAISED,False,S7-TPNONE,LONG,L,0.5,1774911739.122,1774906200,1774907100.0,1774911600
1605160.9999999455,p10,0.5,4563.91,0,4564.45,4563.915,4563.87,F1,True,4274607.425,-54316.99999999319,-75388.24999999319,S7-TPNONE|F1|1774920600|LONG,EXIT_SL_RAISED,False,S7-TPNONE,LONG,L,0.5,1774926034.52,1774920600,1774921500.0,1774926000
1605160.9999999455,p10,0.5,4563.91,0,4564.45,4563.915,4563.87,F2,True,4274607.425,-54316.99999999319,-75388.24999999319,S7-TPNONE|F2|1774920600|LONG,EXIT_SL_RAISED,False,S7-TPNONE,LONG,L,0.5,1774926034.52,1774920600,1774921500.0,1774926000
1605160.9999999455,p10,0.5,4563.91,0,4564.45,4563.915,4563.87,F3,True,4274607.425,-54316.99999999319,-75388.24999999319,S7-TPNONE|F3|1774920600|LONG,EXIT_SL_RAISED,False,S7-TPNONE,LONG,L,0.5,1774926034.52,1774920600,1774921500.0,1774926000
4034910.2500000033,p10,0.5,4682.28,0,4682.79,4699.305295471505,4699.15,F1,True,4385432.835,1532113.9999999693,1511042.7499999693,S7-TPNONE|F1|1774988100|LONG,EXIT_SL_RAISED,False,S7-TPNONE,LONG,L,0.5,1774994750.276,1774988100,1774989000.0,1774994400
4034910.2500000033,p10,0.5,4682.28,0,4682.79,4699.305295471505,4699.15,F2,True,4385432.835,1532113.9999999693,1511042.7499999693,S7-TPNONE|F2|1774988100|LONG,EXIT_SL_RAISED,False,S7-TPNONE,LONG,L,0.5,1774994750.276,1774988100,1774989000.0,1774994400
4034910.2500000033,p10,0.5,4682.28,0,4682.79,4699.305295471505,4699.15,F3,True,4385432.835,1532113.9999999693,1511042.7499999693,S7-TPNONE|F3|1774988100|LONG,EXIT_SL_RAISED,False,S7-TPNONE,LONG,L,0.5,1774994750.276,1774988100,1774989000.0,1774994400
5880283.500000082,p10,0.5,4791.06,0,4791.57,4781.551039566865,4781.2,F1,True,4487305.305,-971150.4999999898,-992221.7499999898,S7-TPNONE|F1|1775073600|LONG,EXIT_SL_RAISED,False,S7-TPNONE,LONG,L,0.5,1775076352.909,1775073600,1775074500.0,1775076300
5880283.500000082,p10,0.5,4791.06,0,4791.57,4781.551039566865,4781.2,F2,True,4487305.305,-971150.4999999898,-992221.7499999898,S7-TPNONE|F2|1775073600|LONG,EXIT_SL_RAISED,False,S7-TPNONE,LONG,L,0.5,1775076352.909,1775073600,1775074500.0,1775076300
5880283.500000082,p10,0.5,4791.06,0,4791.57,4781.551039566865,4781.2,F3,True,4487305.305,-971150.4999999898,-992221.7499999898,S7-TPNONE|F3|1775073600|LONG,EXIT_SL_RAISED,False,S7-TPNONE,LONG,L,0.5,1775076352.909,1775073600,1775074500.0,1775076300
17327591.249999966,p10,0.5,4630.3,0,4631.08,4645.46,4646.76,F1,False,4337006.42,-1468432.0000000272,-1489503.2500000272,S7-TPNONE|F1|1775412000|SHORT,EXIT_TRAIL,True,S7-TPNONE,SHORT,S,0.5,1775415600,1775412000,1775412900.0,1775414700
17327591.249999966,p10,0.5,4630.3,0,4631.08,4645.46,4646.76,F2,False,4337006.42,-1468432.0000000272,-1489503.2500000272,S7-TPNONE|F2|1775412000|SHORT,EXIT_TRAIL,True,S7-TPNONE,SHORT,S,0.5,1775415600,1775412000,1775412900.0,1775414700
17327591.249999966,p10,0.5,4630.3,0,4631.08,4645.46,4646.76,F3,False,4337006.42,-1468432.0000000272,-1489503.2500000272,S7-TPNONE|F3|1775412000|SHORT,EXIT_TRAIL,True,S7-TPNONE,SHORT,S,0.5,1775415600,1775412000,1775412900.0,1775414700
7408651.499999969,p10,0.5,4632.38,0,4632.37,4628.376816139308,4628.54,F1,True,4338214.505,358679.4999999932,337608.2499999932,S7-TPNONE|F1|1775415600|SHORT,EXIT_SL_RAISED,False,S7-TPNONE,SHORT,S,0.5,1775422881.246,1775415600,1775416500.0,1775422800
7408651.499999969,p10,0.5,4632.38,0,4632.37,4628.376816139308,4628.54,F2,True,4338214.505,358679.4999999932,337608.2499999932,S7-TPNONE|F2|1775415600|SHORT,EXIT_SL_RAISED,False,S7-TPNONE,SHORT,S,0.5,1775422881.246,1775415600,1775416500.0,1775422800
7408651.499999969,p10,0.5,4632.38,0,4632.37,4628.376816139308,4628.54,F3,True,4338214.505,358679.4999999932,337608.2499999932,S7-TPNONE|F3|1775415600|SHORT,EXIT_SL_RAISED,False,S7-TPNONE,SHORT,S,0.5,1775422881.246,1775415600,1775416500.0,1775422800
5916338.749999846,p10,0.5,4632.85,0,4632.96,4648.694282032652,4648.81,F1,True,4338767.04,-1484352.500000034,-1505423.750000034,S7-TPNONE|F1|1775430000|SHORT,EXIT_SL_RAISED,False,S7-TPNONE,SHORT,S,0.5,1775435697.385,1775430000,1775430900.0,1775435400
5916338.749999846,p10,0.5,4632.85,0,4632.96,4648.694282032652,4648.81,F2,True,4338767.04,-1484352.500000034,-1505423.750000034,S7-TPNONE|F2|1775430000|SHORT,EXIT_SL_RAISED,False,S7-TPNONE,SHORT,S,0.5,1775435697.385,1775430000,1775430900.0,1775435400
5916338.749999846,p10,0.5,4632.85,0,4632.96,4648.694282032652,4648.81,F3,True,4338767.04,-1484352.500000034,-1505423.750000034,S7-TPNONE|F3|1775430000|SHORT,EXIT_SL_RAISED,False,S7-TPNONE,SHORT,S,0.5,1775435697.385,1775430000,1775430900.0,1775435400
8171899.0000000205,p10,0.5,4684.65,0,4685.15,4688.267591666445,4688.17,F1,True,4387642.975,282823.00000004086,261751.75000004086,S7-TPNONE|F1|1775447100|LONG,EXIT_SL_RAISED,False,S7-TPNONE,LONG,L,0.5,1775456075.008,1775447100,1775448000.0,1775455200
8171899.0000000205,p10,0.5,4684.65,0,4685.15,4688.267591666445,4688.17,F2,True,4387642.975,282823.00000004086,261751.75000004086,S7-TPNONE|F2|1775447100|LONG,EXIT_SL_RAISED,False,S7-TPNONE,LONG,L,0.5,1775456075.008,1775447100,1775448000.0,1775455200
8171899.0000000205,p10,0.5,4684.65,0,4685.15,4688.267591666445,4688.17,F3,True,4387642.975,282823.00000004086,261751.75000004086,S7-TPNONE|F3|1775447100|LONG,EXIT_SL_RAISED,False,S7-TPNONE,LONG,L,0.5,1775456075.008,1775447100,1775448000.0,1775455200
383965.00000003405,p10,0.5,4650.4,1,4663.73,4664.352588487271,4664.36,F1,True,4367583.145,-58999.50000001022,-80070.75000001022,S7-TPNONE|F1|1775493900|SHORT,EXIT_SL_RAISED,False,S7-TPNONE,SHORT,S,0.5,1775499302.611,1775493900,1775499300.0,1775499300
383965.00000003405,p10,0.5,4650.4,1,4663.73,4664.352588487271,4664.36,F2,True,4367583.145,-58999.50000001022,-80070.75000001022,S7-TPNONE|F2|1775493900|SHORT,EXIT_SL_RAISED,False,S7-TPNONE,SHORT,S,0.5,1775499302.611,1775493900,1775499300.0,1775499300
383965.00000003405,p10,0.5,4650.4,1,4663.73,4664.352588487271,4664.36,F3,True,4367583.145,-58999.50000001022,-80070.75000001022,S7-TPNONE|F3|1775493900|SHORT,EXIT_SL_RAISED,False,S7-TPNONE,SHORT,S,0.5,1775499302.611,1775493900,1775499300.0,1775499300
2283186.999999925,p10,0.5,4654.36,0,4654.41,4660.670757466704,4660.95,F1,True,4358854.965,-612470.9999999966,-633542.2499999966,S7-TPNONE|F1|1775502900|SHORT,EXIT_SL_RAISED,False,S7-TPNONE,SHORT,S,0.5,1775508300.168,1775502900,1775503800.0,1775508300
2283186.999999925,p10,0.5,4654.36,0,4654.41,4660.670757466704,4660.95,F2,True,4358854.965,-612470.9999999966,-633542.2499999966,S7-TPNONE|F2|1775502900|SHORT,EXIT_SL_RAISED,False,S7-TPNONE,SHORT,S,0.5,1775508300.168,1775502900,1775503800.0,1775508300
2283186.999999925,p10,0.5,4654.36,0,4654.41,4660.670757466704,4660.95,F3,True,4358854.965,-612470.9999999966,-633542.2499999966,S7-TPNONE|F3|1775502900|SHORT,EXIT_SL_RAISED,False,S7-TPNONE,SHORT,S,0.5,1775508300.168,1775502900,1775503800.0,1775508300
10841860.500000041,p10,0.5,4640.51,0,4640.56,4654.62,4655.28,F1,False,4345884.44,-1378527.9999999388,-1399599.2499999388,S7-TPNONE|F1|1775509200|SHORT,EXIT_TRAIL,True,S7-TPNONE,SHORT,S,0.5,1775511000,1775509200,1775510100.0,1775510100
10841860.500000041,p10,0.5,4640.51,0,4640.56,4654.62,4655.28,F2,False,4345884.44,-1378527.9999999388,-1399599.2499999388,S7-TPNONE|F2|1775509200|SHORT,EXIT_TRAIL,True,S7-TPNONE,SHORT,S,0.5,1775511000,1775509200,1775510100.0,1775510100
10841860.500000041,p10,0.5,4640.51,0,4640.56,4654.62,4655.28,F3,False,4345884.44,-1378527.9999999388,-1399599.2499999388,S7-TPNONE|F3|1775509200|SHORT,EXIT_TRAIL,True,S7-TPNONE,SHORT,S,0.5,1775511000,1775509200,1775510100.0,1775510100
9839805.499999972,p10,0.5,4641.4,0,4641.38,4636.3999607244095,4636.67,F1,True,4346652.37,441091.50000000343,420020.25000000343,S7-TPNONE|F1|1775511000|SHORT,EXIT_SL_RAISED,False,S7-TPNONE,SHORT,S,0.5,1775514612.338,1775511000,1775511900.0,1775514600
9839805.499999972,p10,0.5,4641.4,0,4641.38,4636.3999607244095,4636.67,F2,True,4346652.37,441091.50000000343,420020.25000000343,S7-TPNONE|F2|1775511000|SHORT,EXIT_SL_RAISED,False,S7-TPNONE,SHORT,S,0.5,1775514612.338,1775511000,1775511900.0,1775514600
9839805.499999972,p10,0.5,4641.4,0,4641.38,4636.3999607244095,4636.67,F3,True,4346652.37,441091.50000000343,420020.25000000343,S7-TPNONE|F3|1775511000|SHORT,EXIT_SL_RAISED,False,S7-TPNONE,SHORT,S,0.5,1775514612.338,1775511000,1775511900.0,1775514600
2074347.500000051,p10,0.5,4803.45,0,4804.11,4822.469179137591,4822.34,F1,True,4499049.015,1707239.5000000442,1686168.2500000442,S7-TPNONE|F1|1775609100|LONG,EXIT_SL_RAISED,False,S7-TPNONE,LONG,L,0.5,1775614132.746,1775609100,1775610000.0,1775613600
2074347.500000051,p10,0.5,4803.45,0,4804.11,4822.469179137591,4822.34,F2,True,4499049.015,1707239.5000000442,1686168.2500000442,S7-TPNONE|F2|1775609100|LONG,EXIT_SL_RAISED,False,S7-TPNONE,LONG,L,0.5,1775614132.746,1775609100,1775610000.0,1775613600
2074347.500000051,p10,0.5,4803.45,0,4804.11,4822.469179137591,4822.34,F3,True,4499049.015,1707239.5000000442,1686168.2500000442,S7-TPNONE|F3|1775609100|LONG,EXIT_SL_RAISED,False,S7-TPNONE,LONG,L,0.5,1775614132.746,1775609100,1775610000.0,1775613600
3810150.2500000373,p10,0.5,4712.59,0,4712.66,4717.1316458692145,4717.79,F1,True,4413406.09,-480424.50000001024,-501495.75000001024,S7-TPNONE|F1|1775673000|SHORT,EXIT_SL_RAISED,False,S7-TPNONE,SHORT,S,0.5,1775680967.157,1775673000,1775673900.0,1775680200
3810150.2500000373,p10,0.5,4712.59,0,4712.66,4717.1316458692145,4717.79,F2,True,4413406.09,-480424.50000001024,-501495.75000001024,S7-TPNONE|F2|1775673000|SHORT,EXIT_SL_RAISED,False,S7-TPNONE,SHORT,S,0.5,1775680967.157,1775673000,1775673900.0,1775680200
3810150.2500000373,p10,0.5,4712.59,0,4712.66,4717.1316458692145,4717.79,F3,True,4413406.09,-480424.50000001024,-501495.75000001024,S7-TPNONE|F3|1775673000|SHORT,EXIT_SL_RAISED,False,S7-TPNONE,SHORT,S,0.5,1775680967.157,1775673000,1775673900.0,1775680200
5360994.2500000745,p10,0.5,4713.35,0,4713.1,4720.399940410536,4720.42,F1,True,4413818.15,-685517.9999999728,-706589.2499999728,S7-TPNONE|F1|1775699100|SHORT,EXIT_SL_RAISED,False,S7-TPNONE,SHORT,S,0.5,1775704008.884,1775699100,1775700000.0,1775703600
5360994.2500000745,p10,0.5,4713.35,0,4713.1,4720.399940410536,4720.42,F2,True,4413818.15,-685517.9999999728,-706589.2499999728,S7-TPNONE|F2|1775699100|SHORT,EXIT_SL_RAISED,False,S7-TPNONE,SHORT,S,0.5,1775704008.884,1775699100,1775700000.0,1775703600
5360994.2500000745,p10,0.5,4713.35,0,4713.1,4720.399940410536,4720.42,F3,True,4413818.15,-685517.9999999728,-706589.2499999728,S7-TPNONE|F3|1775699100|SHORT,EXIT_SL_RAISED,False,S7-TPNONE,SHORT,S,0.5,1775704008.884,1775699100,1775700000.0,1775703600
5106734.5000000615,p10,0.5,4771.68,0,4772.17,4759.073670265033,4759.06,F1,True,4469137.205,-1227751.4999999693,-1248822.7499999693,S7-TPNONE|F1|1775770200|LONG,EXIT_SL_RAISED,False,S7-TPNONE,LONG,L,0.5,1775772234.187,1775770200,1775771100.0,1775772000
5106734.5000000615,p10,0.5,4771.68,0,4772.17,4759.073670265033,4759.06,F2,True,4469137.205,-1227751.4999999693,-1248822.7499999693,S7-TPNONE|F2|1775770200|LONG,EXIT_SL_RAISED,False,S7-TPNONE,LONG,L,0.5,1775772234.187,1775770200,1775771100.0,1775772000
5106734.5000000615,p10,0.5,4771.68,0,4772.17,4759.073670265033,4759.06,F3,True,4469137.205,-1227751.4999999693,-1248822.7499999693,S7-TPNONE|F3|1775770200|LONG,EXIT_SL_RAISED,False,S7-TPNONE,LONG,L,0.5,1775772234.187,1775770200,1775771100.0,1775772000
4683904.7500001155,p10,0.5,4775.83,0,4776.46,4763.414838635953,4763.37,F1,True,4473154.79,-1225878.5000000137,-1246949.7500000137,S7-TPNONE|F1|1776114000|LONG,EXIT_SL_RAISED,False,S7-TPNONE,LONG,L,0.5,1776117451.256,1776114000,1776114900.0,1776116700
4683904.7500001155,p10,0.5,4775.83,0,4776.46,4763.414838635953,4763.37,F2,True,4473154.79,-1225878.5000000137,-1246949.7500000137,S7-TPNONE|F2|1776114000|LONG,EXIT_SL_RAISED,False,S7-TPNONE,LONG,L,0.5,1776117451.256,1776114000,1776114900.0,1776116700
4683904.7500001155,p10,0.5,4775.83,0,4776.46,4763.414838635953,4763.37,F3,True,4473154.79,-1225878.5000000137,-1246949.7500000137,S7-TPNONE|F3|1776114000|LONG,EXIT_SL_RAISED,False,S7-TPNONE,LONG,L,0.5,1776117451.256,1776114000,1776114900.0,1776116700
2666215.4999999385,p10,0.5,4775.76,0,4776.28,4765.697121256601,4765.66,F1,True,4472986.22,-994562.9999999898,-1015634.2499999898,S7-TPNONE|F1|1776125700|LONG,EXIT_SL_RAISED,False,S7-TPNONE,LONG,L,0.5,1776129113.122,1776125700,1776126600.0,1776128400
2666215.4999999385,p10,0.5,4775.76,0,4776.28,4765.697121256601,4765.66,F2,True,4472986.22,-994562.9999999898,-1015634.2499999898,S7-TPNONE|F2|1776125700|LONG,EXIT_SL_RAISED,False,S7-TPNONE,LONG,L,0.5,1776129113.122,1776125700,1776126600.0,1776128400
2666215.4999999385,p10,0.5,4775.76,0,4776.28,4765.697121256601,4765.66,F3,True,4472986.22,-994562.9999999898,-1015634.2499999898,S7-TPNONE|F3|1776125700|LONG,EXIT_SL_RAISED,False,S7-TPNONE,LONG,L,0.5,1776129113.122,1776125700,1776126600.0,1776128400
4589318.250000181,p10,0.5,4781.92,0,4782.46,4783.78085873517,4783.66,F1,True,4478773.79,112379.99999998296,91308.74999998296,S7-TPNONE|F1|1776134700|LONG,EXIT_SL_RAISED,False,S7-TPNONE,LONG,L,0.5,1776136823.088,1776134700,1776135600.0,1776136500
4589318.250000181,p10,0.5,4781.92,0,4782.46,4783.78085873517,4783.66,F2,True,4478773.79,112379.99999998296,91308.74999998296,S7-TPNONE|F2|1776134700|LONG,EXIT_SL_RAISED,False,S7-TPNONE,LONG,L,0.5,1776136823.088,1776134700,1776135600.0,1776136500
4589318.250000181,p10,0.5,4781.92,0,4782.46,4783.78085873517,4783.66,F3,True,4478773.79,112379.99999998296,91308.74999998296,S7-TPNONE|F3|1776134700|LONG,EXIT_SL_RAISED,False,S7-TPNONE,LONG,L,0.5,1776136823.088,1776134700,1776135600.0,1776136500
2533232.499999932,p10,0.5,4842.15,0,4842.71,4832.211390365125,4832.21,F1,True,4535197.915,-983325.0,-1004396.25,S7-TPNONE|F1|1776195000|LONG,EXIT_SL_RAISED,False,S7-TPNONE,LONG,L,0.5,1776197590.558,1776195000,1776195900.0,1776196800
2533232.499999932,p10,0.5,4842.15,0,4842.71,4832.211390365125,4832.21,F2,True,4535197.915,-983325.0,-1004396.25,S7-TPNONE|F2|1776195000|LONG,EXIT_SL_RAISED,False,S7-TPNONE,LONG,L,0.5,1776197590.558,1776195000,1776195900.0,1776196800
2533232.499999932,p10,0.5,4842.15,0,4842.71,4832.211390365125,4832.21,F3,True,4535197.915,-983325.0,-1004396.25,S7-TPNONE|F3|1776195000|LONG,EXIT_SL_RAISED,False,S7-TPNONE,LONG,L,0.5,1776197590.558,1776195000,1776195900.0,1776196800
7790275.2499999525,p10,0.5,4850.11,0,4850.57,4850.83,4850.71,F1,False,4542558.805,13111.000000030663,-7960.249999969337,S7-TPNONE|F1|1776200400|LONG,EXIT_TRAIL,True,S7-TPNONE,LONG,L,0.5,1776202200,1776200400,1776201300.0,1776201300
7790275.2499999525,p10,0.5,4850.11,0,4850.57,4850.83,4850.71,F2,False,4542558.805,13111.000000030663,-7960.249999969337,S7-TPNONE|F2|1776200400|LONG,EXIT_TRAIL,True,S7-TPNONE,LONG,L,0.5,1776202200,1776200400,1776201300.0,1776201300
7790275.2499999525,p10,0.5,4850.11,0,4850.57,4850.83,4850.71,F3,False,4542558.805,13111.000000030663,-7960.249999969337,S7-TPNONE|F3|1776200400|LONG,EXIT_TRAIL,True,S7-TPNONE,LONG,L,0.5,1776202200,1776200400,1776201300.0,1776201300
5303399.500000095,p10,0.5,4832.49,0,4833.02,4825.548530767473,4825.48,F1,True,4526123.23,-706121.0000000817,-727192.2500000817,S7-TPNONE|F1|1776285000|LONG,EXIT_SL_RAISED,False,S7-TPNONE,LONG,L,0.5,1776287920.977,1776285000,1776285900.0,1776287700
5303399.500000095,p10,0.5,4832.49,0,4833.02,4825.548530767473,4825.48,F2,True,4526123.23,-706121.0000000817,-727192.2500000817,S7-TPNONE|F2|1776285000|LONG,EXIT_SL_RAISED,False,S7-TPNONE,LONG,L,0.5,1776287920.977,1776285000,1776285900.0,1776287700
5303399.500000095,p10,0.5,4832.49,0,4833.02,4825.548530767473,4825.48,F3,True,4526123.23,-706121.0000000817,-727192.2500000817,S7-TPNONE|F3|1776285000|LONG,EXIT_SL_RAISED,False,S7-TPNONE,LONG,L,0.5,1776287920.977,1776285000,1776285900.0,1776287700
2619858.749999949,p10,0.5,4826.42,0,4826.87,4828.441732421395,4828.42,F1,True,4520363.755,145157.50000001703,124086.25000001703,S7-TPNONE|F1|1776294000|LONG,EXIT_SL_RAISED,False,S7-TPNONE,LONG,L,0.5,1776303144.546,1776294000,1776294900.0,1776303000
2619858.749999949,p10,0.5,4826.42,0,4826.87,4828.441732421395,4828.42,F2,True,4520363.755,145157.50000001703,124086.25000001703,S7-TPNONE|F2|1776294000|LONG,EXIT_SL_RAISED,False,S7-TPNONE,LONG,L,0.5,1776303144.546,1776294000,1776294900.0,1776303000
2619858.749999949,p10,0.5,4826.42,0,4826.87,4828.441732421395,4828.42,F3,True,4520363.755,145157.50000001703,124086.25000001703,S7-TPNONE|F3|1776294000|LONG,EXIT_SL_RAISED,False,S7-TPNONE,LONG,L,0.5,1776303144.546,1776294000,1776294900.0,1776303000
2305662.9999998193,p10,0.5,4825.87,0,4826.47,4819.661675476544,4819.62,F1,True,4519989.155,-641502.5000000341,-662573.7500000341,S7-TPNONE|F1|1776307500|LONG,EXIT_SL_RAISED,False,S7-TPNONE,LONG,L,0.5,1776309645.791,1776307500,1776308400.0,1776309300
2305662.9999998193,p10,0.5,4825.87,0,4826.47,4819.661675476544,4819.62,F2,True,4519989.155,-641502.5000000341,-662573.7500000341,S7-TPNONE|F2|1776307500|LONG,EXIT_SL_RAISED,False,S7-TPNONE,LONG,L,0.5,1776309645.791,1776307500,1776308400.0,1776309300
2305662.9999998193,p10,0.5,4825.87,0,4826.47,4819.661675476544,4819.62,F3,True,4519989.155,-641502.5000000341,-662573.7500000341,S7-TPNONE|F3|1776307500|LONG,EXIT_SL_RAISED,False,S7-TPNONE,LONG,L,0.5,1776309645.791,1776307500,1776308400.0,1776309300
7764989.7499999115,p10,0.5,4778.87,0,4778.73,4779.7090695523775,4779.8,F1,True,4475280.645,-100205.50000005792,-121276.75000005792,S7-TPNONE|F1|1776373200|SHORT,EXIT_SL_RAISED,False,S7-TPNONE,SHORT,S,0.5,1776376152.894,1776373200,1776374100.0,1776375900
7764989.7499999115,p10,0.5,4778.87,0,4778.73,4779.7090695523775,4779.8,F2,True,4475280.645,-100205.50000005792,-121276.75000005792,S7-TPNONE|F2|1776373200|SHORT,EXIT_SL_RAISED,False,S7-TPNONE,SHORT,S,0.5,1776376152.894,1776373200,1776374100.0,1776375900
7764989.7499999115,p10,0.5,4778.87,0,4778.73,4779.7090695523775,4779.8,F3,True,4475280.645,-100205.50000005792,-121276.75000005792,S7-TPNONE|F3|1776373200|SHORT,EXIT_SL_RAISED,False,S7-TPNONE,SHORT,S,0.5,1776376152.894,1776373200,1776374100.0,1776375900
2461590.249999816,p10,0.5,4791.43,0,4791.49,4793.429499415175,4793.5,F1,True,4487230.385,-188236.50000002043,-209307.75000002043,S7-TPNONE|F1|1776639600|SHORT,EXIT_SL_RAISED,False,S7-TPNONE,SHORT,S,0.5,1776650550.229,1776639600,1776640500.0,1776650400
2461590.249999816,p10,0.5,4791.43,0,4791.49,4793.429499415175,4793.5,F2,True,4487230.385,-188236.50000002043,-209307.75000002043,S7-TPNONE|F2|1776639600|SHORT,EXIT_SL_RAISED,False,S7-TPNONE,SHORT,S,0.5,1776650550.229,1776639600,1776640500.0,1776650400
2461590.249999816,p10,0.5,4791.43,0,4791.49,4793.429499415175,4793.5,F3,True,4487230.385,-188236.50000002043,-209307.75000002043,S7-TPNONE|F3|1776639600|SHORT,EXIT_SL_RAISED,False,S7-TPNONE,SHORT,S,0.5,1776650550.229,1776639600,1776640500.0,1776650400
1905777.500000034,p10,0.5,4755.04,0,4755.18,4755.657615244128,4755.67,F1,True,4453226.07,-45888.499999979555,-66959.74999997955,S7-TPNONE|F1|1776836700|SHORT,EXIT_SL_RAISED,False,S7-TPNONE,SHORT,S,0.5,1776838875.788,1776836700,1776837600.0,1776838500
1905777.500000034,p10,0.5,4755.04,0,4755.18,4755.657615244128,4755.67,F2,True,4453226.07,-45888.499999979555,-66959.74999997955,S7-TPNONE|F2|1776836700|SHORT,EXIT_SL_RAISED,False,S7-TPNONE,SHORT,S,0.5,1776838875.788,1776836700,1776837600.0,1776838500
1905777.500000034,p10,0.5,4755.04,0,4755.18,4755.657615244128,4755.67,F3,True,4453226.07,-45888.499999979555,-66959.74999997955,S7-TPNONE|F3|1776836700|SHORT,EXIT_SL_RAISED,False,S7-TPNONE,SHORT,S,0.5,1776838875.788,1776836700,1776837600.0,1776838500
2767357.499999932,p10,0.5,4746.62,0,4746.65,4749.94,4750.4,F1,False,4445237.725,-351187.5,-372258.75,S7-TPNONE|F1|1776846600|SHORT,EXIT_TRAIL,True,S7-TPNONE,SHORT,S,0.5,1776850200,1776846600,1776847500.0,1776849300
2767357.499999932,p10,0.5,4746.62,0,4746.65,4749.94,4750.4,F2,False,4445237.725,-351187.5,-372258.75,S7-TPNONE|F2|1776846600|SHORT,EXIT_TRAIL,True,S7-TPNONE,SHORT,S,0.5,1776850200,1776846600,1776847500.0,1776849300
2767357.499999932,p10,0.5,4746.62,0,4746.65,4749.94,4750.4,F3,False,4445237.725,-351187.5,-372258.75,S7-TPNONE|F3|1776846600|SHORT,EXIT_TRAIL,True,S7-TPNONE,SHORT,S,0.5,1776850200,1776846600,1776847500.0,1776849300
1958689.7499999965,p10,0.5,4730.26,0,4730.13,4741.1331874264515,4741.38,F1,True,4429766.745,-1053562.5,-1074633.75,S7-TPNONE|F1|1776867300|SHORT,EXIT_SL_RAISED,False,S7-TPNONE,SHORT,S,0.5,1776869141.557,1776867300,1776868200.0,1776869100
1958689.7499999965,p10,0.5,4730.26,0,4730.13,4741.1331874264515,4741.38,F2,True,4429766.745,-1053562.5,-1074633.75,S7-TPNONE|F2|1776867300|SHORT,EXIT_SL_RAISED,False,S7-TPNONE,SHORT,S,0.5,1776869141.557,1776867300,1776868200.0,1776869100
1958689.7499999965,p10,0.5,4730.26,0,4730.13,4741.1331874264515,4741.38,F3,True,4429766.745,-1053562.5,-1074633.75,S7-TPNONE|F3|1776867300|SHORT,EXIT_SL_RAISED,False,S7-TPNONE,SHORT,S,0.5,1776869141.557,1776867300,1776868200.0,1776869100
9611767.75000002,p10,0.5,4699.13,0,4699.22,4741.38,4741.84,F1,False,4400819.53,-3991362.9999999898,-4012434.2499999898,S7-TPNONE|F1|1776888000|SHORT,EXIT_TRAIL,True,S7-TPNONE,SHORT,S,0.5,1776889800,1776888000,1776888900.0,1776888900
9611767.75000002,p10,0.5,4699.13,0,4699.22,4741.38,4741.84,F2,False,4400819.53,-3991362.9999999898,-4012434.2499999898,S7-TPNONE|F2|1776888000|SHORT,EXIT_TRAIL,True,S7-TPNONE,SHORT,S,0.5,1776889800,1776888000,1776888900.0,1776888900
9611767.75000002,p10,0.5,4699.13,0,4699.22,4741.38,4741.84,F3,False,4400819.53,-3991362.9999999898,-4012434.2499999898,S7-TPNONE|F3|1776888000|SHORT,EXIT_TRAIL,True,S7-TPNONE,SHORT,S,0.5,1776889800,1776888000,1776888900.0,1776888900
4650659.000000072,p10,0.5,4723.08,0,4723.11,4706.017162695334,4706.13,F1,True,4423192.515,1590176.999999959,1569105.749999959,S7-TPNONE|F1|1776894300|SHORT,EXIT_SL_RAISED,False,S7-TPNONE,SHORT,S,0.5,1776908755.798,1776894300,1776895200.0,1776908700
4650659.000000072,p10,0.5,4723.08,0,4723.11,4706.017162695334,4706.13,F2,True,4423192.515,1590176.999999959,1569105.749999959,S7-TPNONE|F2|1776894300|SHORT,EXIT_SL_RAISED,False,S7-TPNONE,SHORT,S,0.5,1776908755.798,1776894300,1776895200.0,1776908700
4650659.000000072,p10,0.5,4723.08,0,4723.11,4706.017162695334,4706.13,F3,True,4423192.515,1590176.999999959,1569105.749999959,S7-TPNONE|F3|1776894300|SHORT,EXIT_SL_RAISED,False,S7-TPNONE,SHORT,S,0.5,1776908755.798,1776894300,1776895200.0,1776908700
3876641.7499999558,p10,0.5,4690.82,0,4690.7,4671.953586100535,4672.22,F1,True,4392840.55,1730651.999999959,1709580.749999959,S7-TPNONE|F1|1776979800|SHORT,EXIT_SL_RAISED,False,S7-TPNONE,SHORT,S,0.5,1776991610.768,1776979800,1776980700.0,1776991500
3876641.7499999558,p10,0.5,4690.82,0,4690.7,4671.953586100535,4672.22,F2,True,4392840.55,1730651.999999959,1709580.749999959,S7-TPNONE|F2|1776979800|SHORT,EXIT_SL_RAISED,False,S7-TPNONE,SHORT,S,0.5,1776991610.768,1776979800,1776980700.0,1776991500
3876641.7499999558,p10,0.5,4690.82,0,4690.7,4671.953586100535,4672.22,F3,True,4392840.55,1730651.999999959,1709580.749999959,S7-TPNONE|F3|1776979800|SHORT,EXIT_SL_RAISED,False,S7-TPNONE,SHORT,S,0.5,1776991610.768,1776979800,1776980700.0,1776991500
3797039.250000092,p10,0.5,4671.32,0,4671.31,4680.109046565462,4680.11,F1,True,4374681.815,-824119.9999999319,-845191.2499999319,S7-TPNONE|F1|1776996900|SHORT,EXIT_SL_RAISED,False,S7-TPNONE,SHORT,S,0.5,1777000279.349,1776996900,1776997800.0,1776999600
3797039.250000092,p10,0.5,4671.32,0,4671.31,4680.109046565462,4680.11,F2,True,4374681.815,-824119.9999999319,-845191.2499999319,S7-TPNONE|F2|1776996900|SHORT,EXIT_SL_RAISED,False,S7-TPNONE,SHORT,S,0.5,1777000279.349,1776996900,1776997800.0,1776999600
3797039.250000092,p10,0.5,4671.32,0,4671.31,4680.109046565462,4680.11,F3,True,4374681.815,-824119.9999999319,-845191.2499999319,S7-TPNONE|F3|1776996900|SHORT,EXIT_SL_RAISED,False,S7-TPNONE,SHORT,S,0.5,1777000279.349,1776996900,1776997800.0,1776999600
5855934.499999891,p10,0.5,4670.58,0,4670.52,4677.15,4677.6,F1,False,4373941.98,-663041.9999999931,-684113.2499999931,S7-TPNONE|F1|1777326300|SHORT,EXIT_TRAIL,True,S7-TPNONE,SHORT,S,0.5,1777328100,1777326300,1777327200.0,1777327200
5855934.499999891,p10,0.5,4670.58,0,4670.52,4677.15,4677.6,F2,False,4373941.98,-663041.9999999931,-684113.2499999931,S7-TPNONE|F2|1777326300|SHORT,EXIT_TRAIL,True,S7-TPNONE,SHORT,S,0.5,1777328100,1777326300,1777327200.0,1777327200
5855934.499999891,p10,0.5,4670.58,0,4670.52,4677.15,4677.6,F3,False,4373941.98,-663041.9999999931,-684113.2499999931,S7-TPNONE|F3|1777326300|SHORT,EXIT_TRAIL,True,S7-TPNONE,SHORT,S,0.5,1777328100,1777326300,1777327200.0,1777327200
1179989.999999949,p10,0.5,4671.86,0,4671.75,4657.369626170663,4657.39,F1,True,4375093.875,1344813.9999999693,1323742.7499999693,S7-TPNONE|F1|1777332600|SHORT,EXIT_SL_RAISED,False,S7-TPNONE,SHORT,S,0.5,1777339213.426,1777332600,1777333500.0,1777338900
1179989.999999949,p10,0.5,4671.86,0,4671.75,4657.369626170663,4657.39,F2,True,4375093.875,1344813.9999999693,1323742.7499999693,S7-TPNONE|F2|1777332600|SHORT,EXIT_SL_RAISED,False,S7-TPNONE,SHORT,S,0.5,1777339213.426,1777332600,1777333500.0,1777338900
1179989.999999949,p10,0.5,4671.86,0,4671.75,4657.369626170663,4657.39,F3,True,4375093.875,1344813.9999999693,1323742.7499999693,S7-TPNONE|F3|1777332600|SHORT,EXIT_SL_RAISED,False,S7-TPNONE,SHORT,S,0.5,1777339213.426,1777332600,1777333500.0,1777338900
11141540.499999853,p10,0.5,4624.72,0,4624.78,4636.3373446417445,4636.37,F1,True,4331106.47,-1085403.5000000137,-1106474.7500000137,S7-TPNONE|F1|1777339800|SHORT,EXIT_SL_RAISED,False,S7-TPNONE,SHORT,S,0.5,1777341927.366,1777339800,1777340700.0,1777341600
11141540.499999853,p10,0.5,4624.72,0,4624.78,4636.3373446417445,4636.37,F2,True,4331106.47,-1085403.5000000137,-1106474.7500000137,S7-TPNONE|F2|1777339800|SHORT,EXIT_SL_RAISED,False,S7-TPNONE,SHORT,S,0.5,1777341927.366,1777339800,1777340700.0,1777341600
11141540.499999853,p10,0.5,4624.72,0,4624.78,4636.3373446417445,4636.37,F3,True,4331106.47,-1085403.5000000137,-1106474.7500000137,S7-TPNONE|F3|1777339800|SHORT,EXIT_SL_RAISED,False,S7-TPNONE,SHORT,S,0.5,1777341927.366,1777339800,1777340700.0,1777341600
7376342.250000031,p10,0.5,4582.46,0,4582.21,4591.326814105473,4591.38,F1,True,4291239.665,-858770.5000000069,-879841.7500000069,S7-TPNONE|F1|1777410000|SHORT,EXIT_SL_RAISED,False,S7-TPNONE,SHORT,S,0.5,1777412540.936,1777410000,1777410900.0,1777411800
7376342.250000031,p10,0.5,4582.46,0,4582.21,4591.326814105473,4591.38,F2,True,4291239.665,-858770.5000000069,-879841.7500000069,S7-TPNONE|F2|1777410000|SHORT,EXIT_SL_RAISED,False,S7-TPNONE,SHORT,S,0.5,1777412540.936,1777410000,1777410900.0,1777411800
7376342.250000031,p10,0.5,4582.46,0,4582.21,4591.326814105473,4591.38,F3,True,4291239.665,-858770.5000000069,-879841.7500000069,S7-TPNONE|F3|1777410000|SHORT,EXIT_SL_RAISED,False,S7-TPNONE,SHORT,S,0.5,1777412540.936,1777410000,1777410900.0,1777411800
3228583.7499997783,p10,0.5,4584.62,0,4584.61,4600.79,4601.27,F1,False,4293487.265,-1560209.0000000715,-1581280.2500000715,S7-TPNONE|F1|1777412700|SHORT,EXIT_TRAIL,True,S7-TPNONE,SHORT,S,0.5,1777414500,1777412700,1777413600.0,1777413600
3228583.7499997783,p10,0.5,4584.62,0,4584.61,4600.79,4601.27,F2,False,4293487.265,-1560209.0000000715,-1581280.2500000715,S7-TPNONE|F2|1777412700|SHORT,EXIT_TRAIL,True,S7-TPNONE,SHORT,S,0.5,1777414500,1777412700,1777413600.0,1777413600
3228583.7499997783,p10,0.5,4584.62,0,4584.61,4600.79,4601.27,F3,False,4293487.265,-1560209.0000000715,-1581280.2500000715,S7-TPNONE|F3|1777412700|SHORT,EXIT_TRAIL,True,S7-TPNONE,SHORT,S,0.5,1777414500,1777412700,1777413600.0,1777413600
1988657.7499999693,p10,0.5,4593.63,0,4593.61,4600.67,4601.24,F1,False,4301915.765,-714549.5000000102,-714549.5000000102,S7-TPNONE|F1|1777419000|SHORT,reverse,False,S7-TPNONE,SHORT,S,0.5,1777421700,1777419000,1777419900.0,1777420800
1988657.7499999693,p10,0.5,4593.63,0,4593.61,4600.67,4601.24,F2,False,4301915.765,-714549.5000000102,-714549.5000000102,S7-TPNONE|F2|1777419000|SHORT,reverse,False,S7-TPNONE,SHORT,S,0.5,1777421700,1777419000,1777419900.0,1777420800
1988657.7499999693,p10,0.5,4593.63,0,4593.61,4600.67,4601.24,F3,False,4301915.765,-714549.5000000102,-714549.5000000102,S7-TPNONE|F3|1777419000|SHORT,reverse,False,S7-TPNONE,SHORT,S,0.5,1777421700,1777419000,1777419900.0,1777420800
3671079.999999898,p10,0.5,4588.4,0,4588.42,4569.526068547311,4569.61,F1,True,4297055.33,1761556.5000000375,1740485.2500000375,S7-TPNONE|F1|1777428000|SHORT,EXIT_SL_RAISED,False,S7-TPNONE,SHORT,S,0.5,1777437902.052,1777428000,1777428900.0,1777437900
3671079.999999898,p10,0.5,4588.4,0,4588.42,4569.526068547311,4569.61,F2,True,4297055.33,1761556.5000000375,1740485.2500000375,S7-TPNONE|F2|1777428000|SHORT,EXIT_SL_RAISED,False,S7-TPNONE,SHORT,S,0.5,1777437902.052,1777428000,1777428900.0,1777437900
3671079.999999898,p10,0.5,4588.4,0,4588.42,4569.526068547311,4569.61,F3,True,4297055.33,1761556.5000000375,1740485.2500000375,S7-TPNONE|F3|1777428000|SHORT,EXIT_SL_RAISED,False,S7-TPNONE,SHORT,S,0.5,1777437902.052,1777428000,1777428900.0,1777437900
4354725.000000085,p10,0.5,4562.18,0,4562.13,4552.660741088862,4552.68,F1,True,4272434.745,884992.499999983,863921.249999983,S7-TPNONE|F1|1777501800|SHORT,EXIT_SL_RAISED,False,S7-TPNONE,SHORT,S,0.5,1777511283.915,1777501800,1777502700.0,1777510800
4354725.000000085,p10,0.5,4562.18,0,4562.13,4552.660741088862,4552.68,F2,True,4272434.745,884992.499999983,863921.249999983,S7-TPNONE|F2|1777501800|SHORT,EXIT_SL_RAISED,False,S7-TPNONE,SHORT,S,0.5,1777511283.915,1777501800,1777502700.0,1777510800
4354725.000000085,p10,0.5,4562.18,0,4562.13,4552.660741088862,4552.68,F3,True,4272434.745,884992.499999983,863921.249999983,S7-TPNONE|F3|1777501800|SHORT,EXIT_SL_RAISED,False,S7-TPNONE,SHORT,S,0.5,1777511283.915,1777501800,1777502700.0,1777510800
4548580.499999887,p10,0.5,4630.72,0,4631.28,4625.727940269926,4625.7,F1,True,4337193.72,-522566.9999999932,-543638.2499999932,S7-TPNONE|F1|1777586400|LONG,EXIT_SL_RAISED,False,S7-TPNONE,LONG,L,0.5,1777588951.63,1777586400,1777587300.0,1777588200
4548580.499999887,p10,0.5,4630.72,0,4631.28,4625.727940269926,4625.7,F2,True,4337193.72,-522566.9999999932,-543638.2499999932,S7-TPNONE|F2|1777586400|LONG,EXIT_SL_RAISED,False,S7-TPNONE,LONG,L,0.5,1777588951.63,1777586400,1777587300.0,1777588200
4548580.499999887,p10,0.5,4630.72,0,4631.28,4625.727940269926,4625.7,F3,True,4337193.72,-522566.9999999932,-543638.2499999932,S7-TPNONE|F3|1777586400|LONG,EXIT_SL_RAISED,False,S7-TPNONE,LONG,L,0.5,1777588951.63,1777586400,1777587300.0,1777588200
3069378.7500001364,p10,0.5,4627.97,0,4628.51,4615.078427508073,4615.01,F1,True,4334599.615,-1264275.0,-1285346.25,S7-TPNONE|F1|1777833000|LONG,EXIT_SL_RAISED,False,S7-TPNONE,LONG,L,0.5,1777835304.706,1777833000,1777833900.0,1777834800
3069378.7500001364,p10,0.5,4627.97,0,4628.51,4615.078427508073,4615.01,F2,True,4334599.615,-1264275.0,-1285346.25,S7-TPNONE|F2|1777833000|LONG,EXIT_SL_RAISED,False,S7-TPNONE,LONG,L,0.5,1777835304.706,1777833000,1777833900.0,1777834800
3069378.7500001364,p10,0.5,4627.97,0,4628.51,4615.078427508073,4615.01,F3,True,4334599.615,-1264275.0,-1285346.25,S7-TPNONE|F3|1777833000|LONG,EXIT_SL_RAISED,False,S7-TPNONE,LONG,L,0.5,1777835304.706,1777833000,1777833900.0,1777834800
4157591.7499999558,p10,0.5,4612.9,0,4613.37,4603.322690172042,4603.16,F1,True,4320421.005,-956166.5000000034,-977237.7500000034,S7-TPNONE|F1|1777844700|LONG,EXIT_SL_RAISED,False,S7-TPNONE,LONG,L,0.5,1777846566.208,1777844700,1777845600.0,1777846500
4157591.7499999558,p10,0.5,4612.9,0,4613.37,4603.322690172042,4603.16,F2,True,4320421.005,-956166.5000000034,-977237.7500000034,S7-TPNONE|F2|1777844700|LONG,EXIT_SL_RAISED,False,S7-TPNONE,LONG,L,0.5,1777846566.208,1777844700,1777845600.0,1777846500
4157591.7499999558,p10,0.5,4612.9,0,4613.37,4603.322690172042,4603.16,F3,True,4320421.005,-956166.5000000034,-977237.7500000034,S7-TPNONE|F3|1777844700|LONG,EXIT_SL_RAISED,False,S7-TPNONE,LONG,L,0.5,1777846566.208,1777844700,1777845600.0,1777846500
2305663.000000075,p10,0.5,4609.85,0,4610.4,4603.269179996319,4603.26,F1,True,4317639.6,-668660.9999999455,-689732.2499999455,S7-TPNONE|F1|1777849200|LONG,EXIT_SL_RAISED,False,S7-TPNONE,LONG,L,0.5,1777856624.083,1777849200,1777850100.0,1777856400
2305663.000000075,p10,0.5,4609.85,0,4610.4,4603.269179996319,4603.26,F2,True,4317639.6,-668660.9999999455,-689732.2499999455,S7-TPNONE|F2|1777849200|LONG,EXIT_SL_RAISED,False,S7-TPNONE,LONG,L,0.5,1777856624.083,1777849200,1777850100.0,1777856400
2305663.000000075,p10,0.5,4609.85,0,4610.4,4603.269179996319,4603.26,F3,True,4317639.6,-668660.9999999455,-689732.2499999455,S7-TPNONE|F3|1777849200|LONG,EXIT_SL_RAISED,False,S7-TPNONE,LONG,L,0.5,1777856624.083,1777849200,1777850100.0,1777856400
953825.249999782,p10,0.5,4518.3,0,4518.35,4527.271948148384,4527.42,F1,True,4231434.775,-849405.4999999728,-870476.7499999728,S7-TPNONE|F1|1777923000|SHORT,EXIT_SL_RAISED,False,S7-TPNONE,SHORT,S,0.5,1777925611.54,1777923000,1777923900.0,1777924800
953825.249999782,p10,0.5,4518.3,0,4518.35,4527.271948148384,4527.42,F2,True,4231434.775,-849405.4999999728,-870476.7499999728,S7-TPNONE|F2|1777923000|SHORT,EXIT_SL_RAISED,False,S7-TPNONE,SHORT,S,0.5,1777925611.54,1777923000,1777923900.0,1777924800
953825.249999782,p10,0.5,4518.3,0,4518.35,4527.271948148384,4527.42,F3,True,4231434.775,-849405.4999999728,-870476.7499999728,S7-TPNONE|F3|1777923000|SHORT,EXIT_SL_RAISED,False,S7-TPNONE,SHORT,S,0.5,1777925611.54,1777923000,1777923900.0,1777924800
4711999.749999963,p10,0.5,4662.78,0,4663.26,4657.303757667023,4657.29,F1,True,4367142.99,-559090.5000000239,-580161.7500000239,S7-TPNONE|F1|1778031900|LONG,EXIT_SL_RAISED,False,S7-TPNONE,LONG,L,0.5,1778037340.673,1778031900,1778032800.0,1778037300
4711999.749999963,p10,0.5,4662.78,0,4663.26,4657.303757667023,4657.29,F2,True,4367142.99,-559090.5000000239,-580161.7500000239,S7-TPNONE|F2|1778031900|LONG,EXIT_SL_RAISED,False,S7-TPNONE,LONG,L,0.5,1778037340.673,1778031900,1778032800.0,1778037300
4711999.749999963,p10,0.5,4662.78,0,4663.26,4657.303757667023,4657.29,F3,True,4367142.99,-559090.5000000239,-580161.7500000239,S7-TPNONE|F3|1778031900|LONG,EXIT_SL_RAISED,False,S7-TPNONE,LONG,L,0.5,1778037340.673,1778031900,1778032800.0,1778037300
8424285.749999993,p10,0.5,4709.56,0,4710.1,4703.256532419619,4703.21,F1,True,4411008.65,-645248.5000000306,-666319.7500000306,S7-TPNONE|F1|1778101200|LONG,EXIT_SL_RAISED,False,S7-TPNONE,LONG,L,0.5,1778103001.733,1778101200,1778102100.0,1778103000
8424285.749999993,p10,0.5,4709.56,0,4710.1,4703.256532419619,4703.21,F2,True,4411008.65,-645248.5000000306,-666319.7500000306,S7-TPNONE|F2|1778101200|LONG,EXIT_SL_RAISED,False,S7-TPNONE,LONG,L,0.5,1778103001.733,1778101200,1778102100.0,1778103000
8424285.749999993,p10,0.5,4709.56,0,4710.1,4703.256532419619,4703.21,F3,True,4411008.65,-645248.5000000306,-666319.7500000306,S7-TPNONE|F3|1778101200|LONG,EXIT_SL_RAISED,False,S7-TPNONE,LONG,L,0.5,1778103001.733,1778101200,1778102100.0,1778103000
3426185.2500000033,p10,0.5,4703.37,0,4703.82,4735.958000990271,4735.91,F1,True,4405127.43,3005228.5000000135,2984157.2500000135,S7-TPNONE|F1|1778117400|LONG,EXIT_SL_RAISED,False,S7-TPNONE,LONG,L,0.5,1778122504.524,1778117400,1778118300.0,1778121900
3426185.2500000033,p10,0.5,4703.37,0,4703.82,4735.958000990271,4735.91,F2,True,4405127.43,3005228.5000000135,2984157.2500000135,S7-TPNONE|F2|1778117400|LONG,EXIT_SL_RAISED,False,S7-TPNONE,LONG,L,0.5,1778122504.524,1778117400,1778118300.0,1778121900
3426185.2500000033,p10,0.5,4703.37,0,4703.82,4735.958000990271,4735.91,F3,True,4405127.43,3005228.5000000135,2984157.2500000135,S7-TPNONE|F3|1778117400|LONG,EXIT_SL_RAISED,False,S7-TPNONE,LONG,L,0.5,1778122504.524,1778117400,1778118300.0,1778121900
5726229.249999955,p10,0.5,4713.92,0,4714.15,4716.328175982291,4716.31,F1,True,4414801.475,202284.00000007154,181212.75000007154,S7-TPNONE|F1|1778187600|LONG,EXIT_SL_RAISED,False,S7-TPNONE,LONG,L,0.5,1778193317.473,1778187600,1778188500.0,1778193000
5726229.249999955,p10,0.5,4713.92,0,4714.15,4716.328175982291,4716.31,F2,True,4414801.475,202284.00000007154,181212.75000007154,S7-TPNONE|F2|1778187600|LONG,EXIT_SL_RAISED,False,S7-TPNONE,LONG,L,0.5,1778193317.473,1778187600,1778188500.0,1778193000
5726229.249999955,p10,0.5,4713.92,0,4714.15,4716.328175982291,4716.31,F3,True,4414801.475,202284.00000007154,181212.75000007154,S7-TPNONE|F3|1778187600|LONG,EXIT_SL_RAISED,False,S7-TPNONE,LONG,L,0.5,1778193317.473,1778187600,1778188500.0,1778193000
4201138.9999998845,p10,0.5,4733.47,0,4733.98,4719.425399914009,4719.23,F1,True,4433372.27,-1381337.5,-1402408.75,S7-TPNONE|F1|1778206500|LONG,EXIT_SL_RAISED,False,S7-TPNONE,LONG,L,0.5,1778209901.858,1778206500,1778207400.0,1778209200
4201138.9999998845,p10,0.5,4733.47,0,4733.98,4719.425399914009,4719.23,F2,True,4433372.27,-1381337.5,-1402408.75,S7-TPNONE|F2|1778206500|LONG,EXIT_SL_RAISED,False,S7-TPNONE,LONG,L,0.5,1778209901.858,1778206500,1778207400.0,1778209200
4201138.9999998845,p10,0.5,4733.47,0,4733.98,4719.425399914009,4719.23,F3,True,4433372.27,-1381337.5,-1402408.75,S7-TPNONE|F3|1778206500|LONG,EXIT_SL_RAISED,False,S7-TPNONE,LONG,L,0.5,1778209901.858,1778206500,1778207400.0,1778209200
6170130.2500000205,p10,0.5,4683.46,0,4683.27,4691.94,4692.47,F1,False,4385882.355,-861579.999999983,-882651.249999983,S7-TPNONE|F1|1778445900|SHORT,EXIT_TRAIL,True,S7-TPNONE,SHORT,S,0.5,1778447700,1778445900,1778446800.0,1778446800
6170130.2500000205,p10,0.5,4683.46,0,4683.27,4691.94,4692.47,F2,False,4385882.355,-861579.999999983,-882651.249999983,S7-TPNONE|F2|1778445900|SHORT,EXIT_TRAIL,True,S7-TPNONE,SHORT,S,0.5,1778447700,1778445900,1778446800.0,1778446800
6170130.2500000205,p10,0.5,4683.46,0,4683.27,4691.94,4692.47,F3,False,4385882.355,-861579.999999983,-882651.249999983,S7-TPNONE|F3|1778445900|SHORT,EXIT_TRAIL,True,S7-TPNONE,SHORT,S,0.5,1778447700,1778445900,1778446800.0,1778446800
4689055.500000143,p10,0.5,4685.53,0,4685.48,4694.973231166319,4694.99,F1,True,4387952.02,-890611.5000000205,-911682.7500000205,S7-TPNONE|F1|1778449500|SHORT,EXIT_SL_RAISED,False,S7-TPNONE,SHORT,S,0.5,1778452318.953,1778449500,1778450400.0,1778452200
4689055.500000143,p10,0.5,4685.53,0,4685.48,4694.973231166319,4694.99,F2,True,4387952.02,-890611.5000000205,-911682.7500000205,S7-TPNONE|F2|1778449500|SHORT,EXIT_SL_RAISED,False,S7-TPNONE,SHORT,S,0.5,1778452318.953,1778449500,1778450400.0,1778452200
4689055.500000143,p10,0.5,4685.53,0,4685.48,4694.973231166319,4694.99,F3,True,4387952.02,-890611.5000000205,-911682.7500000205,S7-TPNONE|F3|1778449500|SHORT,EXIT_SL_RAISED,False,S7-TPNONE,SHORT,S,0.5,1778452318.953,1778449500,1778450400.0,1778452200
5095028.249999976,p10,0.5,4681.54,0,4681.37,4663.496300843476,4663.61,F1,True,4384103.005,1663224.0000000205,1642152.7500000205,S7-TPNONE|F1|1778453100|SHORT,EXIT_SL_RAISED,False,S7-TPNONE,SHORT,S,0.5,1778465313.243,1778453100,1778454000.0,1778464800
5095028.249999976,p10,0.5,4681.54,0,4681.37,4663.496300843476,4663.61,F2,True,4384103.005,1663224.0000000205,1642152.7500000205,S7-TPNONE|F2|1778453100|SHORT,EXIT_SL_RAISED,False,S7-TPNONE,SHORT,S,0.5,1778465313.243,1778453100,1778454000.0,1778464800
5095028.249999976,p10,0.5,4681.54,0,4681.37,4663.496300843476,4663.61,F3,True,4384103.005,1663224.0000000205,1642152.7500000205,S7-TPNONE|F3|1778453100|SHORT,EXIT_SL_RAISED,False,S7-TPNONE,SHORT,S,0.5,1778465313.243,1778453100,1778454000.0,1778464800
4455398.749999898,p15,0.5,4450.43,0,4450.98,4463.08,4463.29,F1,False,4168342.7699999996,1152831.5000000375,1131760.2500000375,S7-TPNONE|F1|1767653100|LONG,EXIT_TRAIL,True,S7-TPNONE,LONG,L,0.5,1767667500,1767653100,1767654000.0,1767666600
4455398.749999898,p15,0.5,4450.43,0,4450.98,4463.08,4463.29,F2,False,4168342.7699999996,1152831.5000000375,1131760.2500000375,S7-TPNONE|F2|1767653100|LONG,EXIT_TRAIL,True,S7-TPNONE,LONG,L,0.5,1767667500,1767653100,1767654000.0,1767666600
4455398.749999898,p15,0.5,4450.43,0,4450.98,4463.08,4463.29,F3,False,4168342.7699999996,1152831.5000000375,1131760.2500000375,S7-TPNONE|F3|1767653100|LONG,EXIT_TRAIL,True,S7-TPNONE,LONG,L,0.5,1767667500,1767653100,1767654000.0,1767666600
1290496.999999891,p15,0.5,4572.26,0,4572.6,4572.127494890865,4572.1,F1,True,4282239.9,-46825.0,-67896.25,S7-TPNONE|F1|1768184100|LONG,EXIT_SL_RAISED,False,S7-TPNONE,LONG,L,0.5,1768187507.776,1768184100,1768185000.0,1768186800
1290496.999999891,p15,0.5,4572.26,0,4572.6,4572.127494890865,4572.1,F2,True,4282239.9,-46825.0,-67896.25,S7-TPNONE|F2|1768184100|LONG,EXIT_SL_RAISED,False,S7-TPNONE,LONG,L,0.5,1768187507.776,1768184100,1768185000.0,1768186800
1290496.999999891,p15,0.5,4572.26,0,4572.6,4572.127494890865,4572.1,F3,True,4282239.9,-46825.0,-67896.25,S7-TPNONE|F3|1768184100|LONG,EXIT_SL_RAISED,False,S7-TPNONE,LONG,L,0.5,1768187507.776,1768184100,1768185000.0,1768186800
4402954.750000031,p15,0.5,4598.93,0,4599.68,4585.485464485997,4585.48,F1,True,4307600.32,-1329830.0000000682,-1350901.2500000682,S7-TPNONE|F1|1768250700|LONG,EXIT_SL_RAISED,False,S7-TPNONE,LONG,L,0.5,1768253871.897,1768250700,1768251600.0,1768253400
4402954.750000031,p15,0.5,4598.93,0,4599.68,4585.485464485997,4585.48,F2,True,4307600.32,-1329830.0000000682,-1350901.2500000682,S7-TPNONE|F2|1768250700|LONG,EXIT_SL_RAISED,False,S7-TPNONE,LONG,L,0.5,1768253871.897,1768250700,1768251600.0,1768253400
4402954.750000031,p15,0.5,4598.93,0,4599.68,4585.485464485997,4585.48,F3,True,4307600.32,-1329830.0000000682,-1350901.2500000682,S7-TPNONE|F3|1768250700|LONG,EXIT_SL_RAISED,False,S7-TPNONE,LONG,L,0.5,1768253871.897,1768250700,1768251600.0,1768253400
2400717.750000191,p15,0.5,4601.2,0,4601.68,4590.83424841009,4590.83,F1,True,4309473.32,-1016102.5000000341,-1037173.7500000341,S7-TPNONE|F1|1768270500|LONG,EXIT_SL_RAISED,False,S7-TPNONE,LONG,L,0.5,1768273217.24,1768270500,1768271400.0,1768273200
2400717.750000191,p15,0.5,4601.2,0,4601.68,4590.83424841009,4590.83,F2,True,4309473.32,-1016102.5000000341,-1037173.7500000341,S7-TPNONE|F2|1768270500|LONG,EXIT_SL_RAISED,False,S7-TPNONE,LONG,L,0.5,1768273217.24,1768270500,1768271400.0,1768273200
2400717.750000191,p15,0.5,4601.2,0,4601.68,4590.83424841009,4590.83,F3,True,4309473.32,-1016102.5000000341,-1037173.7500000341,S7-TPNONE|F3|1768270500|LONG,EXIT_SL_RAISED,False,S7-TPNONE,LONG,L,0.5,1768273217.24,1768270500,1768271400.0,1768273200
2573970.2500000545,p15,0.5,4595.76,0,4596.26,4629.616915402366,4629.61,F1,True,4304397.49,3123227.499999949,3102156.249999949,S7-TPNONE|F1|1768334400|LONG,EXIT_SL_RAISED,False,S7-TPNONE,LONG,L,0.5,1768359360.202,1768334400,1768335300.0,1768358700
2573970.2500000545,p15,0.5,4595.76,0,4596.26,4629.616915402366,4629.61,F2,True,4304397.49,3123227.499999949,3102156.249999949,S7-TPNONE|F2|1768334400|LONG,EXIT_SL_RAISED,False,S7-TPNONE,LONG,L,0.5,1768359360.202,1768334400,1768335300.0,1768358700
2573970.2500000545,p15,0.5,4595.76,0,4596.26,4629.616915402366,4629.61,F3,True,4304397.49,3123227.499999949,3102156.249999949,S7-TPNONE|F3|1768334400|LONG,EXIT_SL_RAISED,False,S7-TPNONE,LONG,L,0.5,1768359360.202,1768334400,1768335300.0,1768358700
4610857.750000055,p15,0.5,4605.17,0,4605.76,4599.754818113246,4599.74,F1,True,4313294.24,-563773.0000000409,-584844.2500000409,S7-TPNONE|F1|1768446000|LONG,EXIT_SL_RAISED,False,S7-TPNONE,LONG,L,0.5,1768453006.405,1768446000,1768446900.0,1768452300
4610857.750000055,p15,0.5,4605.17,0,4605.76,4599.754818113246,4599.74,F2,True,4313294.24,-563773.0000000409,-584844.2500000409,S7-TPNONE|F2|1768446000|LONG,EXIT_SL_RAISED,False,S7-TPNONE,LONG,L,0.5,1768453006.405,1768446000,1768446900.0,1768452300
4610857.750000055,p15,0.5,4605.17,0,4605.76,4599.754818113246,4599.74,F3,True,4313294.24,-563773.0000000409,-584844.2500000409,S7-TPNONE|F3|1768446000|LONG,EXIT_SL_RAISED,False,S7-TPNONE,LONG,L,0.5,1768453006.405,1768446000,1768446900.0,1768452300
1470304.999999983,p15,0.5,4595.26,0,4595.47,4600.812053908806,4600.88,F1,True,4303657.655,-506646.4999999864,-527717.7499999864,S7-TPNONE|F1|1768522500|SHORT,EXIT_SL_RAISED,False,S7-TPNONE,SHORT,S,0.5,1768527924.889,1768522500,1768523400.0,1768527900
1470304.999999983,p15,0.5,4595.26,0,4595.47,4600.812053908806,4600.88,F2,True,4303657.655,-506646.4999999864,-527717.7499999864,S7-TPNONE|F2|1768522500|SHORT,EXIT_SL_RAISED,False,S7-TPNONE,SHORT,S,0.5,1768527924.889,1768522500,1768523400.0,1768527900
1470304.999999983,p15,0.5,4595.26,0,4595.47,4600.812053908806,4600.88,F3,True,4303657.655,-506646.4999999864,-527717.7499999864,S7-TPNONE|F3|1768522500|SHORT,EXIT_SL_RAISED,False,S7-TPNONE,SHORT,S,0.5,1768527924.889,1768522500,1768523400.0,1768527900
1905777.499999949,p15,0.5,4596.35,0,4596.35,4603.4147202761105,4603.55,F1,True,4304481.775,-674279.999999983,-695351.249999983,S7-TPNONE|F1|1768528800|SHORT,EXIT_SL_RAISED,False,S7-TPNONE,SHORT,S,0.5,1768530649.967,1768528800,1768529700.0,1768530600
1905777.499999949,p15,0.5,4596.35,0,4596.35,4603.4147202761105,4603.55,F2,True,4304481.775,-674279.999999983,-695351.249999983,S7-TPNONE|F2|1768528800|SHORT,EXIT_SL_RAISED,False,S7-TPNONE,SHORT,S,0.5,1768530649.967,1768528800,1768529700.0,1768530600
1905777.499999949,p15,0.5,4596.35,0,4596.35,4603.4147202761105,4603.55,F3,True,4304481.775,-674279.999999983,-695351.249999983,S7-TPNONE|F3|1768528800|SHORT,EXIT_SL_RAISED,False,S7-TPNONE,SHORT,S,0.5,1768530649.967,1768528800,1768529700.0,1768530600
4046616.5000000033,p15,0.5,4595.8,0,4595.79,4603.7429742060085,4603.77,F1,True,4303957.335,-747327.0000000442,-768398.2500000442,S7-TPNONE|F1|1768534200|SHORT,EXIT_SL_RAISED,False,S7-TPNONE,SHORT,S,0.5,1768536379.963,1768534200,1768535100.0,1768536000
4046616.5000000033,p15,0.5,4595.8,0,4595.79,4603.7429742060085,4603.77,F2,True,4303957.335,-747327.0000000442,-768398.2500000442,S7-TPNONE|F2|1768534200|SHORT,EXIT_SL_RAISED,False,S7-TPNONE,SHORT,S,0.5,1768536379.963,1768534200,1768535100.0,1768536000
4046616.5000000033,p15,0.5,4595.8,0,4595.79,4603.7429742060085,4603.77,F3,True,4303957.335,-747327.0000000442,-768398.2500000442,S7-TPNONE|F3|1768534200|SHORT,EXIT_SL_RAISED,False,S7-TPNONE,SHORT,S,0.5,1768536379.963,1768534200,1768535100.0,1768536000
2345932.499999847,p15,0.5,4668.77,0,4669.26,4667.152621270937,4666.96,F1,True,4372761.99,-215395.00000001703,-236466.25000001703,S7-TPNONE|F1|1768780800|LONG,EXIT_SL_RAISED,False,S7-TPNONE,LONG,L,0.5,1768796208.839,1768780800,1768781700.0,1768796100
2345932.499999847,p15,0.5,4668.77,0,4669.26,4667.152621270937,4666.96,F2,True,4372761.99,-215395.00000001703,-236466.25000001703,S7-TPNONE|F2|1768780800|LONG,EXIT_SL_RAISED,False,S7-TPNONE,LONG,L,0.5,1768796208.839,1768780800,1768781700.0,1768796100
2345932.499999847,p15,0.5,4668.77,0,4669.26,4667.152621270937,4666.96,F3,True,4372761.99,-215395.00000001703,-236466.25000001703,S7-TPNONE|F3|1768780800|LONG,EXIT_SL_RAISED,False,S7-TPNONE,LONG,L,0.5,1768796208.839,1768780800,1768781700.0,1768796100
4150568.000000143,p15,0.5,4670.04,0,4670.54,4667.527099505794,4667.4,F1,True,4373960.71,-294061.0000000307,-315132.2500000307,S7-TPNONE|F1|1768860000|LONG,EXIT_SL_RAISED,False,S7-TPNONE,LONG,L,0.5,1768863429.097,1768860000,1768860900.0,1768862700
4150568.000000143,p15,0.5,4670.04,0,4670.54,4667.527099505794,4667.4,F2,True,4373960.71,-294061.0000000307,-315132.2500000307,S7-TPNONE|F2|1768860000|LONG,EXIT_SL_RAISED,False,S7-TPNONE,LONG,L,0.5,1768863429.097,1768860000,1768860900.0,1768862700
4150568.000000143,p15,0.5,4670.04,0,4670.54,4667.527099505794,4667.4,F3,True,4373960.71,-294061.0000000307,-315132.2500000307,S7-TPNONE|F3|1768860000|LONG,EXIT_SL_RAISED,False,S7-TPNONE,LONG,L,0.5,1768863429.097,1768860000,1768860900.0,1768862700
2491558.2500000442,p15,0.5,4671.86,0,4672.36,4706.564644634071,4706.55,F1,True,4375665.14,3201893.5000000475,3180822.2500000475,S7-TPNONE|F1|1768864500|LONG,EXIT_SL_RAISED,False,S7-TPNONE,LONG,L,0.5,1768880401.553,1768864500,1768865400.0,1768879800
2491558.2500000442,p15,0.5,4671.86,0,4672.36,4706.564644634071,4706.55,F2,True,4375665.14,3201893.5000000475,3180822.2500000475,S7-TPNONE|F2|1768864500|LONG,EXIT_SL_RAISED,False,S7-TPNONE,LONG,L,0.5,1768880401.553,1768864500,1768865400.0,1768879800
2491558.2500000442,p15,0.5,4671.86,0,4672.36,4706.564644634071,4706.55,F3,True,4375665.14,3201893.5000000475,3180822.2500000475,S7-TPNONE|F3|1768864500|LONG,EXIT_SL_RAISED,False,S7-TPNONE,LONG,L,0.5,1768880401.553,1768864500,1768865400.0,1768879800
2184386.249999898,p15,0.5,4796.5,0,4797.0,4795.23,4795.23,F1,False,4492390.5,-165760.5000000409,-165760.5000000409,S7-TPNONE|F1|1769042700|LONG,reverse,False,S7-TPNONE,LONG,L,0.5,1769049000,1769042700,1769043600.0,1769048100
2184386.249999898,p15,0.5,4796.5,0,4797.0,4795.23,4795.23,F2,False,4492390.5,-165760.5000000409,-165760.5000000409,S7-TPNONE|F2|1769042700|LONG,reverse,False,S7-TPNONE,LONG,L,0.5,1769049000,1769042700,1769043600.0,1769048100
2184386.249999898,p15,0.5,4796.5,0,4797.0,4795.23,4795.23,F3,False,4492390.5,-165760.5000000409,-165760.5000000409,S7-TPNONE|F3|1769042700|LONG,reverse,False,S7-TPNONE,LONG,L,0.5,1769049000,1769042700,1769043600.0,1769048100
6879060.7499999935,p15,0.5,4821.16,0,4821.67,4824.366710560531,4824.31,F1,True,4515493.955,247236.00000003068,226164.75000003068,S7-TPNONE|F1|1769049900|LONG,EXIT_SL_RAISED,False,S7-TPNONE,LONG,L,0.5,1769058668.863,1769049900,1769050800.0,1769058000
6879060.7499999935,p15,0.5,4821.16,0,4821.67,4824.366710560531,4824.31,F2,True,4515493.955,247236.00000003068,226164.75000003068,S7-TPNONE|F2|1769049900|LONG,EXIT_SL_RAISED,False,S7-TPNONE,LONG,L,0.5,1769058668.863,1769049900,1769050800.0,1769058000
6879060.7499999935,p15,0.5,4821.16,0,4821.67,4824.366710560531,4824.31,F3,True,4515493.955,247236.00000003068,226164.75000003068,S7-TPNONE|F3|1769049900|LONG,EXIT_SL_RAISED,False,S7-TPNONE,LONG,L,0.5,1769058668.863,1769049900,1769050800.0,1769058000
5386748.000000041,p15,0.5,4964.98,0,4965.48,4947.903558056472,4947.9,F1,True,4650172.02,-1646366.9999999932,-1667438.2499999932,S7-TPNONE|F1|1769118300|LONG,EXIT_SL_RAISED,False,S7-TPNONE,LONG,L,0.5,1769120300.053,1769118300,1769119200.0,1769120100
5386748.000000041,p15,0.5,4964.98,0,4965.48,4947.903558056472,4947.9,F2,True,4650172.02,-1646366.9999999932,-1667438.2499999932,S7-TPNONE|F2|1769118300|LONG,EXIT_SL_RAISED,False,S7-TPNONE,LONG,L,0.5,1769120300.053,1769118300,1769119200.0,1769120100
5386748.000000041,p15,0.5,4964.98,0,4965.48,4947.903558056472,4947.9,F3,True,4650172.02,-1646366.9999999932,-1667438.2499999932,S7-TPNONE|F3|1769118300|LONG,EXIT_SL_RAISED,False,S7-TPNONE,LONG,L,0.5,1769120300.053,1769118300,1769119200.0,1769120100
1935745.500000092,p15,0.5,4956.7,0,4957.2,4955.208247498228,4955.01,F1,True,4642417.8,-205093.4999999625,-226164.7499999625,S7-TPNONE|F1|1769131800|LONG,EXIT_SL_RAISED,False,S7-TPNONE,LONG,L,0.5,1769137804.941,1769131800,1769132700.0,1769137200
1935745.500000092,p15,0.5,4956.7,0,4957.2,4955.208247498228,4955.01,F2,True,4642417.8,-205093.4999999625,-226164.7499999625,S7-TPNONE|F2|1769131800|LONG,EXIT_SL_RAISED,False,S7-TPNONE,LONG,L,0.5,1769137804.941,1769131800,1769132700.0,1769137200
1935745.500000092,p15,0.5,4956.7,0,4957.2,4955.208247498228,4955.01,F3,True,4642417.8,-205093.4999999625,-226164.7499999625,S7-TPNONE|F3|1769131800|LONG,EXIT_SL_RAISED,False,S7-TPNONE,LONG,L,0.5,1769137804.941,1769131800,1769132700.0,1769137200
5743086.250000154,p15,0.5,5074.23,0,5074.64,5077.78,5077.88,F1,False,4752400.36,303425.99999997957,282354.74999997957,S7-TPNONE|F1|1769395500|LONG,EXIT_TRAIL,True,S7-TPNONE,LONG,L,0.5,1769400000,1769395500,1769396400.0,1769399100
5743086.250000154,p15,0.5,5074.23,0,5074.64,5077.78,5077.88,F2,False,4752400.36,303425.99999997957,282354.74999997957,S7-TPNONE|F2|1769395500|LONG,EXIT_TRAIL,True,S7-TPNONE,LONG,L,0.5,1769400000,1769395500,1769396400.0,1769399100
5743086.250000154,p15,0.5,5074.23,0,5074.64,5077.78,5077.88,F3,False,4752400.36,303425.99999997957,282354.74999997957,S7-TPNONE|F3|1769395500|LONG,EXIT_TRAIL,True,S7-TPNONE,LONG,L,0.5,1769400000,1769395500,1769396400.0,1769399100
4865585.7499999935,p15,0.5,5052.19,0,5052.68,5031.77,5031.71,F1,False,4731834.82,-1963840.5000000237,-1963840.5000000237,S7-TPNONE|F1|1769461200|LONG,reverse,False,S7-TPNONE,LONG,L,0.5,1769463900,1769461200,1769462100.0,1769463000
4865585.7499999935,p15,0.5,5052.19,0,5052.68,5031.77,5031.71,F2,False,4731834.82,-1963840.5000000237,-1963840.5000000237,S7-TPNONE|F2|1769461200|LONG,reverse,False,S7-TPNONE,LONG,L,0.5,1769463900,1769461200,1769462100.0,1769463000
4865585.7499999935,p15,0.5,5052.19,0,5052.68,5031.77,5031.71,F3,False,4731834.82,-1963840.5000000237,-1963840.5000000237,S7-TPNONE|F3|1769461200|LONG,reverse,False,S7-TPNONE,LONG,L,0.5,1769463900,1769461200,1769462100.0,1769463000
5563746.499999986,p15,0.5,5063.78,0,5064.28,5057.513749242495,5057.13,F1,True,4742698.22,-669597.4999999659,-690668.7499999659,S7-TPNONE|F1|1769468400|LONG,EXIT_SL_RAISED,False,S7-TPNONE,LONG,L,0.5,1769479886.462,1769468400,1769469300.0,1769479200
5563746.499999986,p15,0.5,5063.78,0,5064.28,5057.513749242495,5057.13,F2,True,4742698.22,-669597.4999999659,-690668.7499999659,S7-TPNONE|F2|1769468400|LONG,EXIT_SL_RAISED,False,S7-TPNONE,LONG,L,0.5,1769479886.462,1769468400,1769469300.0,1769479200
5563746.499999986,p15,0.5,5063.78,0,5064.28,5057.513749242495,5057.13,F3,True,4742698.22,-669597.4999999659,-690668.7499999659,S7-TPNONE|F3|1769468400|LONG,EXIT_SL_RAISED,False,S7-TPNONE,LONG,L,0.5,1769479886.462,1769468400,1769469300.0,1769479200
4859030.2500000205,p15,0.5,5074.48,0,5074.96,5082.032470822277,5081.9,F1,True,4752700.04,649930.9999999625,628859.7499999625,S7-TPNONE|F1|1769481000|LONG,EXIT_SL_RAISED,False,S7-TPNONE,LONG,L,0.5,1769490410.245,1769481000,1769481900.0,1769490000
4859030.2500000205,p15,0.5,5074.48,0,5074.96,5082.032470822277,5081.9,F2,True,4752700.04,649930.9999999625,628859.7499999625,S7-TPNONE|F2|1769481000|LONG,EXIT_SL_RAISED,False,S7-TPNONE,LONG,L,0.5,1769490410.245,1769481000,1769481900.0,1769490000
4859030.2500000205,p15,0.5,5074.48,0,5074.96,5082.032470822277,5081.9,F3,True,4752700.04,649930.9999999625,628859.7499999625,S7-TPNONE|F3|1769481000|LONG,EXIT_SL_RAISED,False,S7-TPNONE,LONG,L,0.5,1769490410.245,1769481000,1769481900.0,1769490000
9843083.24999979,p15,0.5,5190.91,0,5190.07,5289.96,5289.96,F1,False,4860500.555,9354698.50000003,9333627.25000003,S7-TPNONE|F1|1769551200|LONG,EXIT_TRAIL,True,S7-TPNONE,LONG,L,0.5,1769579100,1769551200,1769552100.0,1769578200
9843083.24999979,p15,0.5,5190.91,0,5190.07,5289.96,5289.96,F2,False,4860500.555,9354698.50000003,9333627.25000003,S7-TPNONE|F2|1769551200|LONG,EXIT_TRAIL,True,S7-TPNONE,LONG,L,0.5,1769579100,1769551200,1769552100.0,1769578200
9843083.24999979,p15,0.5,5190.91,0,5190.07,5289.96,5289.96,F3,False,4860500.555,9354698.50000003,9333627.25000003,S7-TPNONE|F3|1769551200|LONG,EXIT_TRAIL,True,S7-TPNONE,LONG,L,0.5,1769579100,1769551200,1769552100.0,1769578200
8211232.000000197,p15,0.5,5525.67,0,5526.06,5524.834183398698,5523.08,F1,True,5175155.19,-279077.0000000443,-300148.2500000443,S7-TPNONE|F1|1769643000|LONG,EXIT_SL_RAISED,False,S7-TPNONE,LONG,L,0.5,1769653391.237,1769643000,1769643900.0,1769652900
8211232.000000197,p15,0.5,5525.67,0,5526.06,5524.834183398698,5523.08,F2,True,5175155.19,-279077.0000000443,-300148.2500000443,S7-TPNONE|F2|1769643000|LONG,EXIT_SL_RAISED,False,S7-TPNONE,LONG,L,0.5,1769653391.237,1769643000,1769643900.0,1769652900
8211232.000000197,p15,0.5,5525.67,0,5526.06,5524.834183398698,5523.08,F3,True,5175155.19,-279077.0000000443,-300148.2500000443,S7-TPNONE|F3|1769643000|LONG,EXIT_SL_RAISED,False,S7-TPNONE,LONG,L,0.5,1769653391.237,1769643000,1769643900.0,1769652900
17544859.24999994,p15,0.5,5184.7,0,5184.51,5179.210024239196,5179.8,F1,True,4855293.615,441091.50000000343,420020.25000000343,S7-TPNONE|F1|1769741100|SHORT,EXIT_SL_RAISED,False,S7-TPNONE,SHORT,S,0.5,1769749087.119,1769741100,1769742000.0,1769748300
17544859.24999994,p15,0.5,5184.7,0,5184.51,5179.210024239196,5179.8,F2,True,4855293.615,441091.50000000343,420020.25000000343,S7-TPNONE|F2|1769741100|SHORT,EXIT_SL_RAISED,False,S7-TPNONE,SHORT,S,0.5,1769749087.119,1769741100,1769742000.0,1769748300
17544859.24999994,p15,0.5,5184.7,0,5184.51,5179.210024239196,5179.8,F3,True,4855293.615,441091.50000000343,420020.25000000343,S7-TPNONE|F3|1769741100|SHORT,EXIT_SL_RAISED,False,S7-TPNONE,SHORT,S,0.5,1769749087.119,1769741100,1769742000.0,1769748300
23204597.00000006,p15,0.5,4838.06,1,4741.16,4796.602780707185,4796.74,F1,True,4440096.34,-5205066.9999999935,-5226138.2499999935,S7-TPNONE|F1|1769795100|SHORT,EXIT_SL_RAISED,False,S7-TPNONE,SHORT,S,0.5,1769980112.896,1769795100,1769976900.0,1769979600
23204597.00000006,p15,0.5,4838.06,1,4741.16,4796.602780707185,4796.74,F2,True,4440096.34,-5205066.9999999935,-5226138.2499999935,S7-TPNONE|F2|1769795100|SHORT,EXIT_SL_RAISED,False,S7-TPNONE,SHORT,S,0.5,1769980112.896,1769795100,1769976900.0,1769979600
23204597.00000006,p15,0.5,4838.06,1,4741.16,4796.602780707185,4796.74,F3,True,4440096.34,-5205066.9999999935,-5226138.2499999935,S7-TPNONE|F3|1769795100|SHORT,EXIT_SL_RAISED,False,S7-TPNONE,SHORT,S,0.5,1769980112.896,1769795100,1769976900.0,1769979600
60088181.25000017,p15,0.5,4643.74,0,4643.27,4743.683538143469,4743.9,F1,True,4348422.355,-9423999.499999925,-9445070.749999925,S7-TPNONE|F1|1769983200|SHORT,EXIT_SL_RAISED,False,S7-TPNONE,SHORT,S,0.5,1769988620.681,1769983200,1769984100.0,1769988600
60088181.25000017,p15,0.5,4643.74,0,4643.27,4743.683538143469,4743.9,F2,True,4348422.355,-9423999.499999925,-9445070.749999925,S7-TPNONE|F2|1769983200|SHORT,EXIT_SL_RAISED,False,S7-TPNONE,SHORT,S,0.5,1769988620.681,1769983200,1769984100.0,1769988600
60088181.25000017,p15,0.5,4643.74,0,4643.27,4743.683538143469,4743.9,F3,True,4348422.355,-9423999.499999925,-9445070.749999925,S7-TPNONE|F3|1769983200|SHORT,EXIT_SL_RAISED,False,S7-TPNONE,SHORT,S,0.5,1769988620.681,1769983200,1769984100.0,1769988600
12293903.750000136,p15,0.5,4692.71,0,4691.91,4698.045507250292,4698.38,F1,True,4393973.715,-605915.5000000239,-626986.7500000239,S7-TPNONE|F1|1769990400|SHORT,EXIT_SL_RAISED,False,S7-TPNONE,SHORT,S,0.5,1769995198.893,1769990400,1769991300.0,1769994900
12293903.750000136,p15,0.5,4692.71,0,4691.91,4698.045507250292,4698.38,F2,True,4393973.715,-605915.5000000239,-626986.7500000239,S7-TPNONE|F2|1769990400|SHORT,EXIT_SL_RAISED,False,S7-TPNONE,SHORT,S,0.5,1769995198.893,1769990400,1769991300.0,1769994900
12293903.750000136,p15,0.5,4692.71,0,4691.91,4698.045507250292,4698.38,F3,True,4393973.715,-605915.5000000239,-626986.7500000239,S7-TPNONE|F3|1769990400|SHORT,EXIT_SL_RAISED,False,S7-TPNONE,SHORT,S,0.5,1769995198.893,1769990400,1769991300.0,1769994900
27775653.49999993,p15,0.5,4575.2,0,4575.22,4500.726962157214,4501.32,F1,True,4284693.53,6920735.000000051,6899663.750000051,S7-TPNONE|F1|1769999400|SHORT,EXIT_SL_RAISED,False,S7-TPNONE,SHORT,S,0.5,1770004578.668,1769999400,1770000300.0,1770003900
27775653.49999993,p15,0.5,4575.2,0,4575.22,4500.726962157214,4501.32,F2,True,4284693.53,6920735.000000051,6899663.750000051,S7-TPNONE|F2|1769999400|SHORT,EXIT_SL_RAISED,False,S7-TPNONE,SHORT,S,0.5,1770004578.668,1769999400,1770000300.0,1770003900
27775653.49999993,p15,0.5,4575.2,0,4575.22,4500.726962157214,4501.32,F3,True,4284693.53,6920735.000000051,6899663.750000051,S7-TPNONE|F3|1769999400|SHORT,EXIT_SL_RAISED,False,S7-TPNONE,SHORT,S,0.5,1770004578.668,1769999400,1770000300.0,1770003900
18157330.250000104,p15,0.5,4932.57,0,4932.69,4961.119083327502,4961.58,F1,True,4619464.185,-2705548.5000000307,-2726619.7500000307,S7-TPNONE|F1|1770148800|SHORT,EXIT_SL_RAISED,False,S7-TPNONE,SHORT,S,0.5,1770152714.634,1770148800,1770149700.0,1770152400
18157330.250000104,p15,0.5,4932.57,0,4932.69,4961.119083327502,4961.58,F2,True,4619464.185,-2705548.5000000307,-2726619.7500000307,S7-TPNONE|F2|1770148800|SHORT,EXIT_SL_RAISED,False,S7-TPNONE,SHORT,S,0.5,1770152714.634,1770148800,1770149700.0,1770152400
18157330.250000104,p15,0.5,4932.57,0,4932.69,4961.119083327502,4961.58,F3,True,4619464.185,-2705548.5000000307,-2726619.7500000307,S7-TPNONE|F3|1770148800|SHORT,EXIT_SL_RAISED,False,S7-TPNONE,SHORT,S,0.5,1770152714.634,1770148800,1770149700.0,1770152400
3823261.249999898,p15,0.5,5076.53,0,5076.93,5065.139574420094,5064.96,F1,True,4754544.945,-1120990.5000000237,-1142061.7500000237,S7-TPNONE|F1|1770176700|LONG,EXIT_SL_RAISED,False,S7-TPNONE,LONG,L,0.5,1770185751.604,1770176700,1770177600.0,1770185700
3823261.249999898,p15,0.5,5076.53,0,5076.93,5065.139574420094,5064.96,F2,True,4754544.945,-1120990.5000000237,-1142061.7500000237,S7-TPNONE|F2|1770176700|LONG,EXIT_SL_RAISED,False,S7-TPNONE,LONG,L,0.5,1770185751.604,1770176700,1770177600.0,1770185700
3823261.249999898,p15,0.5,5076.53,0,5076.93,5065.139574420094,5064.96,F3,True,4754544.945,-1120990.5000000237,-1142061.7500000237,S7-TPNONE|F3|1770176700|LONG,EXIT_SL_RAISED,False,S7-TPNONE,LONG,L,0.5,1770185751.604,1770176700,1770177600.0,1770185700
8506229.499999823,p15,0.5,4852.82,0,4852.82,4885.61,4886.11,F1,False,4544665.93,-3117608.4999999967,-3138679.7499999967,S7-TPNONE|F1|1770256800|SHORT,EXIT_TRAIL,True,S7-TPNONE,SHORT,S,0.5,1770259500,1770256800,1770257700.0,1770258600
8506229.499999823,p15,0.5,4852.82,0,4852.82,4885.61,4886.11,F2,False,4544665.93,-3117608.4999999967,-3138679.7499999967,S7-TPNONE|F2|1770256800|SHORT,EXIT_TRAIL,True,S7-TPNONE,SHORT,S,0.5,1770259500,1770256800,1770257700.0,1770258600
8506229.499999823,p15,0.5,4852.82,0,4852.82,4885.61,4886.11,F3,False,4544665.93,-3117608.4999999967,-3138679.7499999967,S7-TPNONE|F3|1770256800|SHORT,EXIT_TRAIL,True,S7-TPNONE,SHORT,S,0.5,1770259500,1770256800,1770257700.0,1770258600
4693269.7499999795,p15,0.5,5036.86,0,5037.01,5019.778683354326,5019.74,F1,True,4717159.865,-1617335.500000041,-1638406.750000041,S7-TPNONE|F1|1770605100|LONG,EXIT_SL_RAISED,False,S7-TPNONE,LONG,L,0.5,1770607323.479,1770605100,1770606000.0,1770606900
4693269.7499999795,p15,0.5,5036.86,0,5037.01,5019.778683354326,5019.74,F2,True,4717159.865,-1617335.500000041,-1638406.750000041,S7-TPNONE|F2|1770605100|LONG,EXIT_SL_RAISED,False,S7-TPNONE,LONG,L,0.5,1770607323.479,1770605100,1770606000.0,1770606900
4693269.7499999795,p15,0.5,5036.86,0,5037.01,5019.778683354326,5019.74,F3,True,4717159.865,-1617335.500000041,-1638406.750000041,S7-TPNONE|F3|1770605100|LONG,EXIT_SL_RAISED,False,S7-TPNONE,LONG,L,0.5,1770607323.479,1770605100,1770606000.0,1770606900
4117322.2500000987,p15,0.5,5040.04,0,5040.54,5032.586264171117,5032.51,F1,True,4720465.71,-752009.4999999761,-773080.7499999761,S7-TPNONE|F1|1770758100|LONG,EXIT_SL_RAISED,False,S7-TPNONE,LONG,L,0.5,1770760804.48,1770758100,1770759000.0,1770760800
4117322.2500000987,p15,0.5,5040.04,0,5040.54,5032.586264171117,5032.51,F2,True,4720465.71,-752009.4999999761,-773080.7499999761,S7-TPNONE|F2|1770758100|LONG,EXIT_SL_RAISED,False,S7-TPNONE,LONG,L,0.5,1770760804.48,1770758100,1770759000.0,1770760800
4117322.2500000987,p15,0.5,5040.04,0,5040.54,5032.586264171117,5032.51,F3,True,4720465.71,-752009.4999999761,-773080.7499999761,S7-TPNONE|F3|1770758100|LONG,EXIT_SL_RAISED,False,S7-TPNONE,LONG,L,0.5,1770760804.48,1770758100,1770759000.0,1770760800
4232511.750000058,p15,0.5,5043.96,0,5044.46,5035.371688905438,5035.35,F1,True,4724136.79,-853151.4999999694,-874222.7499999694,S7-TPNONE|F1|1770762600|LONG,EXIT_SL_RAISED,False,S7-TPNONE,LONG,L,0.5,1770765291.372,1770762600,1770763500.0,1770764400
4232511.750000058,p15,0.5,5043.96,0,5044.46,5035.371688905438,5035.35,F2,True,4724136.79,-853151.4999999694,-874222.7499999694,S7-TPNONE|F2|1770762600|LONG,EXIT_SL_RAISED,False,S7-TPNONE,LONG,L,0.5,1770765291.372,1770762600,1770763500.0,1770764400
4232511.750000058,p15,0.5,5043.96,0,5044.46,5035.371688905438,5035.35,F3,True,4724136.79,-853151.4999999694,-874222.7499999694,S7-TPNONE|F3|1770762600|LONG,EXIT_SL_RAISED,False,S7-TPNONE,LONG,L,0.5,1770765291.372,1770762600,1770763500.0,1770764400
4210035.7499999935,p15,0.5,5053.82,0,5054.32,5045.518743710851,5045.39,F1,True,4733370.68,-836294.499999942,-857365.749999942,S7-TPNONE|F1|1770766200|LONG,EXIT_SL_RAISED,False,S7-TPNONE,LONG,L,0.5,1770775309.373,1770766200,1770767100.0,1770775200
4210035.7499999935,p15,0.5,5053.82,0,5054.32,5045.518743710851,5045.39,F2,True,4733370.68,-836294.499999942,-857365.749999942,S7-TPNONE|F2|1770766200|LONG,EXIT_SL_RAISED,False,S7-TPNONE,LONG,L,0.5,1770775309.373,1770766200,1770767100.0,1770775200
4210035.7499999935,p15,0.5,5053.82,0,5054.32,5045.518743710851,5045.39,F3,True,4733370.68,-836294.499999942,-857365.749999942,S7-TPNONE|F3|1770766200|LONG,EXIT_SL_RAISED,False,S7-TPNONE,LONG,L,0.5,1770775309.373,1770766200,1770767100.0,1770775200
3598969.5000000275,p15,0.5,5062.18,0,5062.68,5054.141288174476,5053.45,F1,True,4741199.82,-864389.5000000442,-885460.7500000442,S7-TPNONE|F1|1770777000|LONG,EXIT_SL_RAISED,False,S7-TPNONE,LONG,L,0.5,1770783924.741,1770777000,1770777900.0,1770783300
3598969.5000000275,p15,0.5,5062.18,0,5062.68,5054.141288174476,5053.45,F2,True,4741199.82,-864389.5000000442,-885460.7500000442,S7-TPNONE|F2|1770777000|LONG,EXIT_SL_RAISED,False,S7-TPNONE,LONG,L,0.5,1770783924.741,1770777000,1770777900.0,1770783300
3598969.5000000275,p15,0.5,5062.18,0,5062.68,5054.141288174476,5053.45,F3,True,4741199.82,-864389.5000000442,-885460.7500000442,S7-TPNONE|F3|1770777000|LONG,EXIT_SL_RAISED,False,S7-TPNONE,LONG,L,0.5,1770783924.741,1770777000,1770777900.0,1770783300
5976742.999999887,p15,0.5,4963.96,0,4963.96,4966.842603038677,4967.55,F1,True,4648748.54,-336203.5000000136,-357274.7500000136,S7-TPNONE|F1|1770949800|SHORT,EXIT_SL_RAISED,False,S7-TPNONE,SHORT,S,0.5,1770955105.817,1770949800,1770950700.0,1770954300
5976742.999999887,p15,0.5,4963.96,0,4963.96,4966.842603038677,4967.55,F2,True,4648748.54,-336203.5000000136,-357274.7500000136,S7-TPNONE|F2|1770949800|SHORT,EXIT_SL_RAISED,False,S7-TPNONE,SHORT,S,0.5,1770955105.817,1770949800,1770950700.0,1770954300
5976742.999999887,p15,0.5,4963.96,0,4963.96,4966.842603038677,4967.55,F3,True,4648748.54,-336203.5000000136,-357274.7500000136,S7-TPNONE|F3|1770949800|SHORT,EXIT_SL_RAISED,False,S7-TPNONE,SHORT,S,0.5,1770955105.817,1770949800,1770950700.0,1770954300
3305844.999999932,p15,0.5,5029.16,0,5029.66,5010.13047498514,5009.6,F1,True,4710276.59,-1878618.9999999523,-1899690.2499999523,S7-TPNONE|F1|1771186500|LONG,EXIT_SL_RAISED,False,S7-TPNONE,LONG,L,0.5,1771189411.02,1771186500,1771187400.0,1771189200
3305844.999999932,p15,0.5,5029.16,0,5029.66,5010.13047498514,5009.6,F2,True,4710276.59,-1878618.9999999523,-1899690.2499999523,S7-TPNONE|F2|1771186500|LONG,EXIT_SL_RAISED,False,S7-TPNONE,LONG,L,0.5,1771189411.02,1771186500,1771187400.0,1771189200
3305844.999999932,p15,0.5,5029.16,0,5029.66,5010.13047498514,5009.6,F3,True,4710276.59,-1878618.9999999523,-1899690.2499999523,S7-TPNONE|F3|1771186500|LONG,EXIT_SL_RAISED,False,S7-TPNONE,LONG,L,0.5,1771189411.02,1771186500,1771187400.0,1771189200
2439582.499999847,p15,0.5,4989.75,0,4989.75,4947.658984825343,4947.9,F1,True,4672900.875,3919252.500000034,3898181.250000034,S7-TPNONE|F1|1771273800|SHORT,EXIT_SL_RAISED,False,S7-TPNONE,SHORT,S,0.5,1771279693.86,1771273800,1771274700.0,1771279200
2439582.499999847,p15,0.5,4989.75,0,4989.75,4947.658984825343,4947.9,F2,True,4672900.875,3919252.500000034,3898181.250000034,S7-TPNONE|F2|1771273800|SHORT,EXIT_SL_RAISED,False,S7-TPNONE,SHORT,S,0.5,1771279693.86,1771273800,1771274700.0,1771279200
2439582.499999847,p15,0.5,4989.75,0,4989.75,4947.658984825343,4947.9,F3,True,4672900.875,3919252.500000034,3898181.250000034,S7-TPNONE|F3|1771273800|SHORT,EXIT_SL_RAISED,False,S7-TPNONE,SHORT,S,0.5,1771279693.86,1771273800,1771274700.0,1771279200
2442391.999999993,p15,0.5,4957.34,0,4957.55,4886.3666873073535,4886.54,F1,True,4642745.575,6650086.5000000205,6629015.2500000205,S7-TPNONE|F1|1771281900|SHORT,EXIT_SL_RAISED,False,S7-TPNONE,SHORT,S,0.5,1771296403.701,1771281900,1771282800.0,1771296300
2442391.999999993,p15,0.5,4957.34,0,4957.55,4886.3666873073535,4886.54,F2,True,4642745.575,6650086.5000000205,6629015.2500000205,S7-TPNONE|F2|1771281900|SHORT,EXIT_SL_RAISED,False,S7-TPNONE,SHORT,S,0.5,1771296403.701,1771281900,1771282800.0,1771296300
2442391.999999993,p15,0.5,4957.34,0,4957.55,4886.3666873073535,4886.54,F3,True,4642745.575,6650086.5000000205,6629015.2500000205,S7-TPNONE|F3|1771281900|SHORT,EXIT_SL_RAISED,False,S7-TPNONE,SHORT,S,0.5,1771296403.701,1771281900,1771282800.0,1771296300
6947893.499999792,p15,0.5,4858.97,0,4858.97,4878.675458252092,4879.12,F1,True,4550425.405,-1887047.499999966,-1908118.749999966,S7-TPNONE|F1|1771361100|SHORT,EXIT_SL_RAISED,False,S7-TPNONE,SHORT,S,0.5,1771364058.98,1771361100,1771362000.0,1771363800
6947893.499999792,p15,0.5,4858.97,0,4858.97,4878.675458252092,4879.12,F2,True,4550425.405,-1887047.499999966,-1908118.749999966,S7-TPNONE|F2|1771361100|SHORT,EXIT_SL_RAISED,False,S7-TPNONE,SHORT,S,0.5,1771364058.98,1771361100,1771362000.0,1771363800
6947893.499999792,p15,0.5,4858.97,0,4858.97,4878.675458252092,4879.12,F3,True,4550425.405,-1887047.499999966,-1908118.749999966,S7-TPNONE|F3|1771361100|SHORT,EXIT_SL_RAISED,False,S7-TPNONE,SHORT,S,0.5,1771364058.98,1771361100,1771362000.0,1771363800
4331312.50000017,p15,0.5,5006.38,0,5006.9,5000.253885940436,5000.24,F1,True,4688961.85,-623708.9999999864,-644780.2499999864,S7-TPNONE|F1|1771537500|LONG,EXIT_SL_RAISED,False,S7-TPNONE,LONG,L,0.5,1771539921.466,1771537500,1771538400.0,1771539300
4331312.50000017,p15,0.5,5006.38,0,5006.9,5000.253885940436,5000.24,F2,True,4688961.85,-623708.9999999864,-644780.2499999864,S7-TPNONE|F2|1771537500|LONG,EXIT_SL_RAISED,False,S7-TPNONE,LONG,L,0.5,1771539921.466,1771537500,1771538400.0,1771539300
4331312.50000017,p15,0.5,5006.38,0,5006.9,5000.253885940436,5000.24,F3,True,4688961.85,-623708.9999999864,-644780.2499999864,S7-TPNONE|F3|1771537500|LONG,EXIT_SL_RAISED,False,S7-TPNONE,LONG,L,0.5,1771539921.466,1771537500,1771538400.0,1771539300
3618167.7499999353,p15,0.5,5022.54,0,5023.04,5009.810108600179,5009.81,F1,True,4704076.96,-1238989.499999959,-1260060.749999959,S7-TPNONE|F1|1771560000|LONG,EXIT_SL_RAISED,False,S7-TPNONE,LONG,L,0.5,1771563384.427,1771560000,1771560900.0,1771562700
3618167.7499999353,p15,0.5,5022.54,0,5023.04,5009.810108600179,5009.81,F2,True,4704076.96,-1238989.499999959,-1260060.749999959,S7-TPNONE|F2|1771560000|LONG,EXIT_SL_RAISED,False,S7-TPNONE,LONG,L,0.5,1771563384.427,1771560000,1771560900.0,1771562700
3618167.7499999353,p15,0.5,5022.54,0,5023.04,5009.810108600179,5009.81,F3,True,4704076.96,-1238989.499999959,-1260060.749999959,S7-TPNONE|F3|1771560000|LONG,EXIT_SL_RAISED,False,S7-TPNONE,LONG,L,0.5,1771563384.427,1771560000,1771560900.0,1771562700
4168361.5000001057,p15,0.5,5182.45,0,5182.96,5167.920487590759,5167.58,F1,True,4853842.04,-1440337.0000000102,-1461408.2500000102,S7-TPNONE|F1|1771901100|LONG,EXIT_SL_RAISED,False,S7-TPNONE,LONG,L,0.5,1771903781.261,1771901100,1771902000.0,1771902900
4168361.5000001057,p15,0.5,5182.45,0,5182.96,5167.920487590759,5167.58,F2,True,4853842.04,-1440337.0000000102,-1461408.2500000102,S7-TPNONE|F2|1771901100|LONG,EXIT_SL_RAISED,False,S7-TPNONE,LONG,L,0.5,1771903781.261,1771901100,1771902000.0,1771902900
4168361.5000001057,p15,0.5,5182.45,0,5182.96,5167.920487590759,5167.58,F3,True,4853842.04,-1440337.0000000102,-1461408.2500000102,S7-TPNONE|F3|1771901100|LONG,EXIT_SL_RAISED,False,S7-TPNONE,LONG,L,0.5,1771903781.261,1771901100,1771902000.0,1771902900
4295725.500000245,p15,0.5,5152.15,0,5152.65,5174.571547889493,5174.44,F1,True,4825456.725,2040633.4999999965,2019562.2499999965,S7-TPNONE|F1|1771969500|LONG,EXIT_SL_RAISED,False,S7-TPNONE,LONG,L,0.5,1771977062.493,1771969500,1771970400.0,1771976700
4295725.500000245,p15,0.5,5152.15,0,5152.65,5174.571547889493,5174.44,F2,True,4825456.725,2040633.4999999965,2019562.2499999965,S7-TPNONE|F2|1771969500|LONG,EXIT_SL_RAISED,False,S7-TPNONE,LONG,L,0.5,1771977062.493,1771969500,1771970400.0,1771976700
4295725.500000245,p15,0.5,5152.15,0,5152.65,5174.571547889493,5174.44,F3,True,4825456.725,2040633.4999999965,2019562.2499999965,S7-TPNONE|F3|1771969500|LONG,EXIT_SL_RAISED,False,S7-TPNONE,LONG,L,0.5,1771977062.493,1771969500,1771970400.0,1771976700
2632969.749999809,p15,0.5,5188.29,0,5188.74,5195.030674154452,5194.65,F1,True,4859255.01,553471.4999999864,532400.2499999864,S7-TPNONE|F1|1771984800|LONG,EXIT_SL_RAISED,False,S7-TPNONE,LONG,L,0.5,1771988592.437,1771984800,1771985700.0,1771988400
2632969.749999809,p15,0.5,5188.29,0,5188.74,5195.030674154452,5194.65,F2,True,4859255.01,553471.4999999864,532400.2499999864,S7-TPNONE|F2|1771984800|LONG,EXIT_SL_RAISED,False,S7-TPNONE,LONG,L,0.5,1771988592.437,1771984800,1771985700.0,1771988400
2632969.749999809,p15,0.5,5188.29,0,5188.74,5195.030674154452,5194.65,F3,True,4859255.01,553471.4999999864,532400.2499999864,S7-TPNONE|F3|1771984800|LONG,EXIT_SL_RAISED,False,S7-TPNONE,LONG,L,0.5,1771988592.437,1771984800,1771985700.0,1771988400
6052131.25,p15,0.5,5184.89,0,5185.62,5179.442071628454,5179.44,F1,True,4856333.13,-578757.0000000272,-599828.2500000272,S7-TPNONE|F1|1772054100|LONG,EXIT_SL_RAISED,False,S7-TPNONE,LONG,L,0.5,1772058535.693,1772054100,1772055000.0,1772057700
6052131.25,p15,0.5,5184.89,0,5185.62,5179.442071628454,5179.44,F2,True,4856333.13,-578757.0000000272,-599828.2500000272,S7-TPNONE|F2|1772054100|LONG,EXIT_SL_RAISED,False,S7-TPNONE,LONG,L,0.5,1772058535.693,1772054100,1772055000.0,1772057700
6052131.25,p15,0.5,5184.89,0,5185.62,5179.442071628454,5179.44,F3,True,4856333.13,-578757.0000000272,-599828.2500000272,S7-TPNONE|F3|1772054100|LONG,EXIT_SL_RAISED,False,S7-TPNONE,LONG,L,0.5,1772058535.693,1772054100,1772055000.0,1772057700
1630914.7499999115,p15,0.5,5187.08,0,5187.58,5191.904231569056,5191.79,F1,True,4858168.67,394266.50000000343,373195.25000000343,S7-TPNONE|F1|1772064000|LONG,EXIT_SL_RAISED,False,S7-TPNONE,LONG,L,0.5,1772074098.028,1772064000,1772064900.0,1772073900
1630914.7499999115,p15,0.5,5187.08,0,5187.58,5191.904231569056,5191.79,F2,True,4858168.67,394266.50000000343,373195.25000000343,S7-TPNONE|F2|1772064000|LONG,EXIT_SL_RAISED,False,S7-TPNONE,LONG,L,0.5,1772074098.028,1772064000,1772064900.0,1772073900
1630914.7499999115,p15,0.5,5187.08,0,5187.58,5191.904231569056,5191.79,F3,True,4858168.67,394266.50000000343,373195.25000000343,S7-TPNONE|F3|1772064000|LONG,EXIT_SL_RAISED,False,S7-TPNONE,LONG,L,0.5,1772074098.028,1772064000,1772064900.0,1772073900
2595509.749999843,p15,0.5,5188.09,0,5188.44,5174.510968227439,5174.31,F1,True,4858974.06,-1323274.499999925,-1344345.749999925,S7-TPNONE|F1|1772140500|LONG,EXIT_SL_RAISED,False,S7-TPNONE,LONG,L,0.5,1772142300.47,1772140500,1772141400.0,1772142300
2595509.749999843,p15,0.5,5188.09,0,5188.44,5174.510968227439,5174.31,F2,True,4858974.06,-1323274.499999925,-1344345.749999925,S7-TPNONE|F2|1772140500|LONG,EXIT_SL_RAISED,False,S7-TPNONE,LONG,L,0.5,1772142300.47,1772140500,1772141400.0,1772142300
2595509.749999843,p15,0.5,5188.09,0,5188.44,5174.510968227439,5174.31,F3,True,4858974.06,-1323274.499999925,-1344345.749999925,S7-TPNONE|F3|1772140500|LONG,EXIT_SL_RAISED,False,S7-TPNONE,LONG,L,0.5,1772142300.47,1772140500,1772141400.0,1772142300
5663015.500000024,p15,0.5,5188.3,0,5188.77,5184.867119180905,5184.83,F1,True,4859283.105,-368981.0000000477,-390052.2500000477,S7-TPNONE|F1|1772145000|LONG,EXIT_SL_RAISED,False,S7-TPNONE,LONG,L,0.5,1772148207.571,1772145000,1772145900.0,1772147700
5663015.500000024,p15,0.5,5188.3,0,5188.77,5184.867119180905,5184.83,F2,True,4859283.105,-368981.0000000477,-390052.2500000477,S7-TPNONE|F2|1772145000|LONG,EXIT_SL_RAISED,False,S7-TPNONE,LONG,L,0.5,1772148207.571,1772145000,1772145900.0,1772147700
5663015.500000024,p15,0.5,5188.3,0,5188.77,5184.867119180905,5184.83,F3,True,4859283.105,-368981.0000000477,-390052.2500000477,S7-TPNONE|F3|1772145000|LONG,EXIT_SL_RAISED,False,S7-TPNONE,LONG,L,0.5,1772148207.571,1772145000,1772145900.0,1772147700
1269425.749999942,p15,0.5,5186.45,0,5186.95,5189.055374253179,5188.74,F1,True,4857578.675,167633.4999999966,146562.2499999966,S7-TPNONE|F1|1772154000|LONG,EXIT_SL_RAISED,False,S7-TPNONE,LONG,L,0.5,1772164431.034,1772154000,1772154900.0,1772163900
1269425.749999942,p15,0.5,5186.45,0,5186.95,5189.055374253179,5188.74,F2,True,4857578.675,167633.4999999966,146562.2499999966,S7-TPNONE|F2|1772154000|LONG,EXIT_SL_RAISED,False,S7-TPNONE,LONG,L,0.5,1772164431.034,1772154000,1772154900.0,1772163900
1269425.749999942,p15,0.5,5186.45,0,5186.95,5189.055374253179,5188.74,F3,True,4857578.675,167633.4999999966,146562.2499999966,S7-TPNONE|F3|1772154000|LONG,EXIT_SL_RAISED,False,S7-TPNONE,LONG,L,0.5,1772164431.034,1772154000,1772154900.0,1772163900
4748055.000000068,p15,0.5,5083.5,0,5083.48,5088.892280830273,5088.94,F1,True,4760679.02,-511329.00000000343,-532400.2500000035,S7-TPNONE|F1|1772746200|SHORT,EXIT_SL_RAISED,False,S7-TPNONE,SHORT,S,0.5,1772749854.322,1772746200,1772747100.0,1772749800
4748055.000000068,p15,0.5,5083.5,0,5083.48,5088.892280830273,5088.94,F2,True,4760679.02,-511329.00000000343,-532400.2500000035,S7-TPNONE|F2|1772746200|SHORT,EXIT_SL_RAISED,False,S7-TPNONE,SHORT,S,0.5,1772749854.322,1772746200,1772747100.0,1772749800
4748055.000000068,p15,0.5,5083.5,0,5083.48,5088.892280830273,5088.94,F3,True,4760679.02,-511329.00000000343,-532400.2500000035,S7-TPNONE|F3|1772746200|SHORT,EXIT_SL_RAISED,False,S7-TPNONE,SHORT,S,0.5,1772749854.322,1772746200,1772747100.0,1772749800
4560755.000000068,p15,0.5,5097.45,0,5097.63,5110.040695298338,5110.05,F1,True,4773930.495,-1163133.0000000068,-1184204.2500000068,S7-TPNONE|F1|1773027900|SHORT,EXIT_SL_RAISED,False,S7-TPNONE,SHORT,S,0.5,1773036544.4,1773027900,1773028800.0,1773036000
4560755.000000068,p15,0.5,5097.45,0,5097.63,5110.040695298338,5110.05,F2,True,4773930.495,-1163133.0000000068,-1184204.2500000068,S7-TPNONE|F2|1773027900|SHORT,EXIT_SL_RAISED,False,S7-TPNONE,SHORT,S,0.5,1773036544.4,1773027900,1773028800.0,1773036000
4560755.000000068,p15,0.5,5097.45,0,5097.63,5110.040695298338,5110.05,F3,True,4773930.495,-1163133.0000000068,-1184204.2500000068,S7-TPNONE|F3|1773027900|SHORT,EXIT_SL_RAISED,False,S7-TPNONE,SHORT,S,0.5,1773036544.4,1773027900,1773028800.0,1773036000
5529095.999999741,p15,0.5,5152.67,0,5153.32,5136.031594697848,5135.94,F1,True,4826084.18,-1627637.0000000102,-1648708.2500000102,S7-TPNONE|F1|1773085500|LONG,EXIT_SL_RAISED,False,S7-TPNONE,LONG,L,0.5,1773090026.428,1773085500,1773086400.0,1773090000
5529095.999999741,p15,0.5,5152.67,0,5153.32,5136.031594697848,5135.94,F2,True,4826084.18,-1627637.0000000102,-1648708.2500000102,S7-TPNONE|F2|1773085500|LONG,EXIT_SL_RAISED,False,S7-TPNONE,LONG,L,0.5,1773090026.428,1773085500,1773086400.0,1773090000
5529095.999999741,p15,0.5,5152.67,0,5153.32,5136.031594697848,5135.94,F3,True,4826084.18,-1627637.0000000102,-1648708.2500000102,S7-TPNONE|F3|1773085500|LONG,EXIT_SL_RAISED,False,S7-TPNONE,LONG,L,0.5,1773090026.428,1773085500,1773086400.0,1773090000
8520745.249999885,p15,0.5,5143.18,0,5143.68,5164.941005851594,5164.82,F1,True,4817056.32,1979760.9999999455,1958689.7499999455,S7-TPNONE|F1|1773093600|LONG,EXIT_SL_RAISED,False,S7-TPNONE,LONG,L,0.5,1773100745.838,1773093600,1773094500.0,1773099900
8520745.249999885,p15,0.5,5143.18,0,5143.68,5164.941005851594,5164.82,F2,True,4817056.32,1979760.9999999455,1958689.7499999455,S7-TPNONE|F2|1773093600|LONG,EXIT_SL_RAISED,False,S7-TPNONE,LONG,L,0.5,1773100745.838,1773093600,1773094500.0,1773099900
8520745.249999885,p15,0.5,5143.18,0,5143.68,5164.941005851594,5164.82,F3,True,4817056.32,1979760.9999999455,1958689.7499999455,S7-TPNONE|F3|1773093600|LONG,EXIT_SL_RAISED,False,S7-TPNONE,LONG,L,0.5,1773100745.838,1773093600,1773094500.0,1773099900
3142425.749999857,p15,0.5,5172.73,0,5173.23,5166.91398823164,5166.89,F1,True,4844729.895,-593740.9999999284,-614812.2499999284,S7-TPNONE|F1|1773108000|LONG,EXIT_SL_RAISED,False,S7-TPNONE,LONG,L,0.5,1773116440.837,1773108000,1773108900.0,1773116100
3142425.749999857,p15,0.5,5172.73,0,5173.23,5166.91398823164,5166.89,F2,True,4844729.895,-593740.9999999284,-614812.2499999284,S7-TPNONE|F2|1773108000|LONG,EXIT_SL_RAISED,False,S7-TPNONE,LONG,L,0.5,1773116440.837,1773108000,1773108900.0,1773116100
3142425.749999857,p15,0.5,5172.73,0,5173.23,5166.91398823164,5166.89,F3,True,4844729.895,-593740.9999999284,-614812.2499999284,S7-TPNONE|F3|1773108000|LONG,EXIT_SL_RAISED,False,S7-TPNONE,LONG,L,0.5,1773116440.837,1773108000,1773108900.0,1773116100
4802840.250000156,p15,0.5,5174.99,0,5175.03,5166.930037308439,5166.97,F1,True,4846415.595,754818.9999999523,733747.7499999523,S7-TPNONE|F1|1773255600|SHORT,EXIT_SL_RAISED,False,S7-TPNONE,SHORT,S,0.5,1773258547.165,1773255600,1773256500.0,1773258300
4802840.250000156,p15,0.5,5174.99,0,5175.03,5166.930037308439,5166.97,F2,True,4846415.595,754818.9999999523,733747.7499999523,S7-TPNONE|F2|1773255600|SHORT,EXIT_SL_RAISED,False,S7-TPNONE,SHORT,S,0.5,1773258547.165,1773255600,1773256500.0,1773258300
4802840.250000156,p15,0.5,5174.99,0,5175.03,5166.930037308439,5166.97,F3,True,4846415.595,754818.9999999523,733747.7499999523,S7-TPNONE|F3|1773255600|SHORT,EXIT_SL_RAISED,False,S7-TPNONE,SHORT,S,0.5,1773258547.165,1773255600,1773256500.0,1773258300
12028874.249999888,p15,0.5,5138.96,0,5138.96,5153.059802577175,5153.41,F1,True,4812636.04,-1353242.499999983,-1374313.749999983,S7-TPNONE|F1|1773258300|SHORT,EXIT_SL_RAISED,False,S7-TPNONE,SHORT,S,0.5,1773260113.33,1773258300,1773259200.0,1773260100
12028874.249999888,p15,0.5,5138.96,0,5138.96,5153.059802577175,5153.41,F2,True,4812636.04,-1353242.499999983,-1374313.749999983,S7-TPNONE|F2|1773258300|SHORT,EXIT_SL_RAISED,False,S7-TPNONE,SHORT,S,0.5,1773260113.33,1773258300,1773259200.0,1773260100
12028874.249999888,p15,0.5,5138.96,0,5138.96,5153.059802577175,5153.41,F3,True,4812636.04,-1353242.499999983,-1374313.749999983,S7-TPNONE|F3|1773258300|SHORT,EXIT_SL_RAISED,False,S7-TPNONE,SHORT,S,0.5,1773260113.33,1773258300,1773259200.0,1773260100
5021512.99999999,p15,0.5,5157.34,0,5157.37,5150.6034736093225,5151.57,F1,True,4829877.005,543170.000000017,522098.750000017,S7-TPNONE|F1|1773271800|SHORT,EXIT_SL_RAISED,False,S7-TPNONE,SHORT,S,0.5,1773283044.639,1773271800,1773272700.0,1773282600
5021512.99999999,p15,0.5,5157.34,0,5157.37,5150.6034736093225,5151.57,F2,True,4829877.005,543170.000000017,522098.750000017,S7-TPNONE|F2|1773271800|SHORT,EXIT_SL_RAISED,False,S7-TPNONE,SHORT,S,0.5,1773283044.639,1773271800,1773272700.0,1773282600
5021512.99999999,p15,0.5,5157.34,0,5157.37,5150.6034736093225,5151.57,F3,True,4829877.005,543170.000000017,522098.750000017,S7-TPNONE|F3|1773271800|SHORT,EXIT_SL_RAISED,False,S7-TPNONE,SHORT,S,0.5,1773283044.639,1773271800,1773272700.0,1773282600
1873000.0,p15,0.5,5005.88,1,5004.08,5011.778228290614,5011.9,F1,True,4686320.92,-732342.9999999728,-753414.2499999728,S7-TPNONE|F1|1773683100|SHORT,EXIT_SL_RAISED,False,S7-TPNONE,SHORT,S,0.5,1773693150.263,1773683100,1773688500.0,1773693000
1873000.0,p15,0.5,5005.88,1,5004.08,5011.778228290614,5011.9,F2,True,4686320.92,-732342.9999999728,-753414.2499999728,S7-TPNONE|F2|1773683100|SHORT,EXIT_SL_RAISED,False,S7-TPNONE,SHORT,S,0.5,1773693150.263,1773683100,1773688500.0,1773693000
1873000.0,p15,0.5,5005.88,1,5004.08,5011.778228290614,5011.9,F3,True,4686320.92,-732342.9999999728,-753414.2499999728,S7-TPNONE|F3|1773683100|SHORT,EXIT_SL_RAISED,False,S7-TPNONE,SHORT,S,0.5,1773693150.263,1773683100,1773688500.0,1773693000
3427589.999999949,p15,0.5,5006.38,0,5006.38,5011.434990732124,5011.45,F1,True,4688474.87,-474805.49999997276,-495876.74999997276,S7-TPNONE|F1|1773694800|SHORT,EXIT_SL_RAISED,False,S7-TPNONE,SHORT,S,0.5,1773699088.903,1773694800,1773695700.0,1773698400
3427589.999999949,p15,0.5,5006.38,0,5006.38,5011.434990732124,5011.45,F2,True,4688474.87,-474805.49999997276,-495876.74999997276,S7-TPNONE|F2|1773694800|SHORT,EXIT_SL_RAISED,False,S7-TPNONE,SHORT,S,0.5,1773699088.903,1773694800,1773695700.0,1773698400
3427589.999999949,p15,0.5,5006.38,0,5006.38,5011.434990732124,5011.45,F3,True,4688474.87,-474805.49999997276,-495876.74999997276,S7-TPNONE|F3|1773694800|SHORT,EXIT_SL_RAISED,False,S7-TPNONE,SHORT,S,0.5,1773699088.903,1773694800,1773695700.0,1773698400
2069665.0000001192,p15,0.5,4850.71,0,4850.72,4770.253931064294,4770.44,F1,True,4542699.28,7518222.0000000615,7497150.7500000615,S7-TPNONE|F1|1773881100|SHORT,EXIT_SL_RAISED,False,S7-TPNONE,SHORT,S,0.5,1773892892.952,1773881100,1773882000.0,1773892800
2069665.0000001192,p15,0.5,4850.71,0,4850.72,4770.253931064294,4770.44,F2,True,4542699.28,7518222.0000000615,7497150.7500000615,S7-TPNONE|F2|1773881100|SHORT,EXIT_SL_RAISED,False,S7-TPNONE,SHORT,S,0.5,1773892892.952,1773881100,1773882000.0,1773892800
2069665.0000001192,p15,0.5,4850.71,0,4850.72,4770.253931064294,4770.44,F3,True,4542699.28,7518222.0000000615,7497150.7500000615,S7-TPNONE|F3|1773881100|SHORT,EXIT_SL_RAISED,False,S7-TPNONE,SHORT,S,0.5,1773892892.952,1773881100,1773882000.0,1773892800
4573397.749999833,p15,0.5,4636.3,0,4636.16,4661.75,4662.59,F1,False,4341763.84,-2475169.5000000275,-2475169.5000000275,S7-TPNONE|F1|1773949500|SHORT,reverse,False,S7-TPNONE,SHORT,S,0.5,1773954900,1773949500,1773950400.0,1773954000
4573397.749999833,p15,0.5,4636.3,0,4636.16,4661.75,4662.59,F2,False,4341763.84,-2475169.5000000275,-2475169.5000000275,S7-TPNONE|F2|1773949500|SHORT,reverse,False,S7-TPNONE,SHORT,S,0.5,1773954900,1773949500,1773950400.0,1773954000
4573397.749999833,p15,0.5,4636.3,0,4636.16,4661.75,4662.59,F3,False,4341763.84,-2475169.5000000275,-2475169.5000000275,S7-TPNONE|F3|1773949500|SHORT,reverse,False,S7-TPNONE,SHORT,S,0.5,1773954900,1773949500,1773950400.0,1773954000
12212428.250000147,p15,0.5,4464.69,0,4464.69,4372.0515764470565,4372.94,F1,True,4181182.1849999996,8592387.5,8571316.25,S7-TPNONE|F1|1774212300|SHORT,EXIT_SL_RAISED,False,S7-TPNONE,SHORT,S,0.5,1774217054.253,1774212300,1774213200.0,1774216800
12212428.250000147,p15,0.5,4464.69,0,4464.69,4372.0515764470565,4372.94,F2,True,4181182.1849999996,8592387.5,8571316.25,S7-TPNONE|F2|1774212300|SHORT,EXIT_SL_RAISED,False,S7-TPNONE,SHORT,S,0.5,1774217054.253,1774212300,1774213200.0,1774216800
12212428.250000147,p15,0.5,4464.69,0,4464.69,4372.0515764470565,4372.94,F3,True,4181182.1849999996,8592387.5,8571316.25,S7-TPNONE|F3|1774212300|SHORT,EXIT_SL_RAISED,False,S7-TPNONE,SHORT,S,0.5,1774217054.253,1774212300,1774213200.0,1774216800
17051791.999999993,p15,0.5,4378.11,0,4377.84,4377.636225824125,4377.66,F1,True,4099847.16,16857.000000027256,-4214.249999972744,S7-TPNONE|F1|1774300500|SHORT,EXIT_SL_RAISED,False,S7-TPNONE,SHORT,S,0.5,1774302801.687,1774300500,1774301400.0,1774302300
17051791.999999993,p15,0.5,4378.11,0,4377.84,4377.636225824125,4377.66,F2,True,4099847.16,16857.000000027256,-4214.249999972744,S7-TPNONE|F2|1774300500|SHORT,EXIT_SL_RAISED,False,S7-TPNONE,SHORT,S,0.5,1774302801.687,1774300500,1774301400.0,1774302300
17051791.999999993,p15,0.5,4378.11,0,4377.84,4377.636225824125,4377.66,F3,True,4099847.16,16857.000000027256,-4214.249999972744,S7-TPNONE|F3|1774300500|SHORT,EXIT_SL_RAISED,False,S7-TPNONE,SHORT,S,0.5,1774302801.687,1774300500,1774301400.0,1774302300
15333782.750000054,p15,0.5,4321.32,0,4321.56,4355.408306611977,4355.53,F1,True,4047140.9400000004,-3181290.4999999385,-3202361.7499999385,S7-TPNONE|F1|1774305000|SHORT,EXIT_SL_RAISED,False,S7-TPNONE,SHORT,S,0.5,1774308631.84,1774305000,1774305900.0,1774308600
15333782.750000054,p15,0.5,4321.32,0,4321.56,4355.408306611977,4355.53,F2,True,4047140.9400000004,-3181290.4999999385,-3202361.7499999385,S7-TPNONE|F2|1774305000|SHORT,EXIT_SL_RAISED,False,S7-TPNONE,SHORT,S,0.5,1774308631.84,1774305000,1774305900.0,1774308600
15333782.750000054,p15,0.5,4321.32,0,4321.56,4355.408306611977,4355.53,F3,True,4047140.9400000004,-3181290.4999999385,-3202361.7499999385,S7-TPNONE|F3|1774305000|SHORT,EXIT_SL_RAISED,False,S7-TPNONE,SHORT,S,0.5,1774308631.84,1774305000,1774305900.0,1774308600
8339532.500000102,p15,0.5,4341.64,0,4341.52,4356.8574159919735,4357.02,F1,True,4065833.4800000004,-1451575.0,-1472646.25,S7-TPNONE|F1|1774312200|SHORT,EXIT_SL_RAISED,False,S7-TPNONE,SHORT,S,0.5,1774320056.584,1774312200,1774313100.0,1774319400
8339532.500000102,p15,0.5,4341.64,0,4341.52,4356.8574159919735,4357.02,F2,True,4065833.4800000004,-1451575.0,-1472646.25,S7-TPNONE|F2|1774312200|SHORT,EXIT_SL_RAISED,False,S7-TPNONE,SHORT,S,0.5,1774320056.584,1774312200,1774313100.0,1774319400
8339532.500000102,p15,0.5,4341.64,0,4341.52,4356.8574159919735,4357.02,F3,True,4065833.4800000004,-1451575.0,-1472646.25,S7-TPNONE|F3|1774312200|SHORT,EXIT_SL_RAISED,False,S7-TPNONE,SHORT,S,0.5,1774320056.584,1774312200,1774313100.0,1774319400
4489581.000000133,p15,0.5,4535.48,0,4535.89,4513.175081844107,4512.91,F1,True,4247860.985,-2152077.0000000442,-2173148.2500000442,S7-TPNONE|F1|1774478700|LONG,EXIT_SL_RAISED,False,S7-TPNONE,LONG,L,0.5,1774481873.738,1774478700,1774479600.0,1774481400
4489581.000000133,p15,0.5,4535.48,0,4535.89,4513.175081844107,4512.91,F2,True,4247860.985,-2152077.0000000442,-2173148.2500000442,S7-TPNONE|F2|1774478700|LONG,EXIT_SL_RAISED,False,S7-TPNONE,LONG,L,0.5,1774481873.738,1774478700,1774479600.0,1774481400
4489581.000000133,p15,0.5,4535.48,0,4535.89,4513.175081844107,4512.91,F3,True,4247860.985,-2152077.0000000442,-2173148.2500000442,S7-TPNONE|F3|1774478700|LONG,EXIT_SL_RAISED,False,S7-TPNONE,LONG,L,0.5,1774481873.738,1774478700,1774479600.0,1774481400
7734553.499999844,p15,0.5,4392.99,0,4392.52,4402.768767760691,4402.84,F1,True,4113594.9800000004,-966467.9999999728,-987539.2499999728,S7-TPNONE|F1|1774555200|SHORT,EXIT_SL_RAISED,False,S7-TPNONE,SHORT,S,0.5,1774563891.886,1774555200,1774556100.0,1774563300
7734553.499999844,p15,0.5,4392.99,0,4392.52,4402.768767760691,4402.84,F2,True,4113594.9800000004,-966467.9999999728,-987539.2499999728,S7-TPNONE|F2|1774555200|SHORT,EXIT_SL_RAISED,False,S7-TPNONE,SHORT,S,0.5,1774563891.886,1774555200,1774556100.0,1774563300
7734553.499999844,p15,0.5,4392.99,0,4392.52,4402.768767760691,4402.84,F3,True,4113594.9800000004,-966467.9999999728,-987539.2499999728,S7-TPNONE|F3|1774555200|SHORT,EXIT_SL_RAISED,False,S7-TPNONE,SHORT,S,0.5,1774563891.886,1774555200,1774556100.0,1774563300
6687078.249999891,p15,0.5,4509.08,0,4509.61,4484.321739606933,4484.15,F1,True,4223249.765,-2384329.0000000033,-2405400.2500000033,S7-TPNONE|F1|1774811700|LONG,EXIT_SL_RAISED,False,S7-TPNONE,LONG,L,0.5,1774814344.736,1774811700,1774812600.0,1774813500
6687078.249999891,p15,0.5,4509.08,0,4509.61,4484.321739606933,4484.15,F2,True,4223249.765,-2384329.0000000033,-2405400.2500000033,S7-TPNONE|F2|1774811700|LONG,EXIT_SL_RAISED,False,S7-TPNONE,LONG,L,0.5,1774814344.736,1774811700,1774812600.0,1774813500
6687078.249999891,p15,0.5,4509.08,0,4509.61,4484.321739606933,4484.15,F3,True,4223249.765,-2384329.0000000033,-2405400.2500000033,S7-TPNONE|F3|1774811700|LONG,EXIT_SL_RAISED,False,S7-TPNONE,LONG,L,0.5,1774814344.736,1774811700,1774812600.0,1774813500
9717124.000000106,p15,0.5,4471.11,0,4471.86,4487.8046446872095,4487.78,F1,True,4187896.889999999,1490908.0000000068,1469836.7500000068,S7-TPNONE|F1|1774823400|LONG,EXIT_SL_RAISED,False,S7-TPNONE,LONG,L,0.5,1774833212.164,1774823400,1774824300.0,1774832400
9717124.000000106,p15,0.5,4471.11,0,4471.86,4487.8046446872095,4487.78,F2,True,4187896.889999999,1490908.0000000068,1469836.7500000068,S7-TPNONE|F2|1774823400|LONG,EXIT_SL_RAISED,False,S7-TPNONE,LONG,L,0.5,1774833212.164,1774823400,1774824300.0,1774832400
9717124.000000106,p15,0.5,4471.11,0,4471.86,4487.8046446872095,4487.78,F3,True,4187896.889999999,1490908.0000000068,1469836.7500000068,S7-TPNONE|F3|1774823400|LONG,EXIT_SL_RAISED,False,S7-TPNONE,LONG,L,0.5,1774833212.164,1774823400,1774824300.0,1774832400
10051454.499999993,p15,0.5,4535.95,0,4536.43,4589.249591534368,4589.05,F1,True,4248366.695,4927862.99999999,4906791.74999999,S7-TPNONE|F1|1774906200|LONG,EXIT_SL_RAISED,False,S7-TPNONE,LONG,L,0.5,1774911739.122,1774906200,1774907100.0,1774911600
10051454.499999993,p15,0.5,4535.95,0,4536.43,4589.249591534368,4589.05,F2,True,4248366.695,4927862.99999999,4906791.74999999,S7-TPNONE|F2|1774906200|LONG,EXIT_SL_RAISED,False,S7-TPNONE,LONG,L,0.5,1774911739.122,1774906200,1774907100.0,1774911600
10051454.499999993,p15,0.5,4535.95,0,4536.43,4589.249591534368,4589.05,F3,True,4248366.695,4927862.99999999,4906791.74999999,S7-TPNONE|F3|1774906200|LONG,EXIT_SL_RAISED,False,S7-TPNONE,LONG,L,0.5,1774911739.122,1774906200,1774907100.0,1774911600
1605160.9999999455,p15,0.5,4563.91,0,4564.45,4563.915,4563.87,F1,True,4274607.425,-54316.99999999319,-75388.24999999319,S7-TPNONE|F1|1774920600|LONG,EXIT_SL_RAISED,False,S7-TPNONE,LONG,L,0.5,1774926034.52,1774920600,1774921500.0,1774926000
1605160.9999999455,p15,0.5,4563.91,0,4564.45,4563.915,4563.87,F2,True,4274607.425,-54316.99999999319,-75388.24999999319,S7-TPNONE|F2|1774920600|LONG,EXIT_SL_RAISED,False,S7-TPNONE,LONG,L,0.5,1774926034.52,1774920600,1774921500.0,1774926000
1605160.9999999455,p15,0.5,4563.91,0,4564.45,4563.915,4563.87,F3,True,4274607.425,-54316.99999999319,-75388.24999999319,S7-TPNONE|F3|1774920600|LONG,EXIT_SL_RAISED,False,S7-TPNONE,LONG,L,0.5,1774926034.52,1774920600,1774921500.0,1774926000
4034910.2500000033,p15,0.5,4682.28,0,4682.79,4699.305295471505,4699.15,F1,True,4385432.835,1532113.9999999693,1511042.7499999693,S7-TPNONE|F1|1774988100|LONG,EXIT_SL_RAISED,False,S7-TPNONE,LONG,L,0.5,1774994750.276,1774988100,1774989000.0,1774994400
4034910.2500000033,p15,0.5,4682.28,0,4682.79,4699.305295471505,4699.15,F2,True,4385432.835,1532113.9999999693,1511042.7499999693,S7-TPNONE|F2|1774988100|LONG,EXIT_SL_RAISED,False,S7-TPNONE,LONG,L,0.5,1774994750.276,1774988100,1774989000.0,1774994400
4034910.2500000033,p15,0.5,4682.28,0,4682.79,4699.305295471505,4699.15,F3,True,4385432.835,1532113.9999999693,1511042.7499999693,S7-TPNONE|F3|1774988100|LONG,EXIT_SL_RAISED,False,S7-TPNONE,LONG,L,0.5,1774994750.276,1774988100,1774989000.0,1774994400
5880283.500000082,p15,0.5,4791.06,0,4791.57,4781.551039566865,4781.2,F1,True,4487305.305,-971150.4999999898,-992221.7499999898,S7-TPNONE|F1|1775073600|LONG,EXIT_SL_RAISED,False,S7-TPNONE,LONG,L,0.5,1775076352.909,1775073600,1775074500.0,1775076300
5880283.500000082,p15,0.5,4791.06,0,4791.57,4781.551039566865,4781.2,F2,True,4487305.305,-971150.4999999898,-992221.7499999898,S7-TPNONE|F2|1775073600|LONG,EXIT_SL_RAISED,False,S7-TPNONE,LONG,L,0.5,1775076352.909,1775073600,1775074500.0,1775076300
5880283.500000082,p15,0.5,4791.06,0,4791.57,4781.551039566865,4781.2,F3,True,4487305.305,-971150.4999999898,-992221.7499999898,S7-TPNONE|F3|1775073600|LONG,EXIT_SL_RAISED,False,S7-TPNONE,LONG,L,0.5,1775076352.909,1775073600,1775074500.0,1775076300
5916338.749999846,p15,0.5,4632.85,0,4632.96,4648.694282032652,4648.81,F1,True,4338767.04,-1484352.500000034,-1505423.750000034,S7-TPNONE|F1|1775430000|SHORT,EXIT_SL_RAISED,False,S7-TPNONE,SHORT,S,0.5,1775435697.385,1775430000,1775430900.0,1775435400
5916338.749999846,p15,0.5,4632.85,0,4632.96,4648.694282032652,4648.81,F2,True,4338767.04,-1484352.500000034,-1505423.750000034,S7-TPNONE|F2|1775430000|SHORT,EXIT_SL_RAISED,False,S7-TPNONE,SHORT,S,0.5,1775435697.385,1775430000,1775430900.0,1775435400
5916338.749999846,p15,0.5,4632.85,0,4632.96,4648.694282032652,4648.81,F3,True,4338767.04,-1484352.500000034,-1505423.750000034,S7-TPNONE|F3|1775430000|SHORT,EXIT_SL_RAISED,False,S7-TPNONE,SHORT,S,0.5,1775435697.385,1775430000,1775430900.0,1775435400
8171899.0000000205,p15,0.5,4684.65,0,4685.15,4688.267591666445,4688.17,F1,True,4387642.975,282823.00000004086,261751.75000004086,S7-TPNONE|F1|1775447100|LONG,EXIT_SL_RAISED,False,S7-TPNONE,LONG,L,0.5,1775456075.008,1775447100,1775448000.0,1775455200
8171899.0000000205,p15,0.5,4684.65,0,4685.15,4688.267591666445,4688.17,F2,True,4387642.975,282823.00000004086,261751.75000004086,S7-TPNONE|F2|1775447100|LONG,EXIT_SL_RAISED,False,S7-TPNONE,LONG,L,0.5,1775456075.008,1775447100,1775448000.0,1775455200
8171899.0000000205,p15,0.5,4684.65,0,4685.15,4688.267591666445,4688.17,F3,True,4387642.975,282823.00000004086,261751.75000004086,S7-TPNONE|F3|1775447100|LONG,EXIT_SL_RAISED,False,S7-TPNONE,LONG,L,0.5,1775456075.008,1775447100,1775448000.0,1775455200
383965.00000003405,p15,0.5,4650.4,1,4663.73,4664.352588487271,4664.36,F1,True,4367583.145,-58999.50000001022,-80070.75000001022,S7-TPNONE|F1|1775493900|SHORT,EXIT_SL_RAISED,False,S7-TPNONE,SHORT,S,0.5,1775499302.611,1775493900,1775499300.0,1775499300
383965.00000003405,p15,0.5,4650.4,1,4663.73,4664.352588487271,4664.36,F2,True,4367583.145,-58999.50000001022,-80070.75000001022,S7-TPNONE|F2|1775493900|SHORT,EXIT_SL_RAISED,False,S7-TPNONE,SHORT,S,0.5,1775499302.611,1775493900,1775499300.0,1775499300
383965.00000003405,p15,0.5,4650.4,1,4663.73,4664.352588487271,4664.36,F3,True,4367583.145,-58999.50000001022,-80070.75000001022,S7-TPNONE|F3|1775493900|SHORT,EXIT_SL_RAISED,False,S7-TPNONE,SHORT,S,0.5,1775499302.611,1775493900,1775499300.0,1775499300
2283186.999999925,p15,0.5,4654.36,0,4654.41,4660.670757466704,4660.95,F1,True,4358854.965,-612470.9999999966,-633542.2499999966,S7-TPNONE|F1|1775502900|SHORT,EXIT_SL_RAISED,False,S7-TPNONE,SHORT,S,0.5,1775508300.168,1775502900,1775503800.0,1775508300
2283186.999999925,p15,0.5,4654.36,0,4654.41,4660.670757466704,4660.95,F2,True,4358854.965,-612470.9999999966,-633542.2499999966,S7-TPNONE|F2|1775502900|SHORT,EXIT_SL_RAISED,False,S7-TPNONE,SHORT,S,0.5,1775508300.168,1775502900,1775503800.0,1775508300
2283186.999999925,p15,0.5,4654.36,0,4654.41,4660.670757466704,4660.95,F3,True,4358854.965,-612470.9999999966,-633542.2499999966,S7-TPNONE|F3|1775502900|SHORT,EXIT_SL_RAISED,False,S7-TPNONE,SHORT,S,0.5,1775508300.168,1775502900,1775503800.0,1775508300
2074347.500000051,p15,0.5,4803.45,0,4804.11,4822.469179137591,4822.34,F1,True,4499049.015,1707239.5000000442,1686168.2500000442,S7-TPNONE|F1|1775609100|LONG,EXIT_SL_RAISED,False,S7-TPNONE,LONG,L,0.5,1775614132.746,1775609100,1775610000.0,1775613600
2074347.500000051,p15,0.5,4803.45,0,4804.11,4822.469179137591,4822.34,F2,True,4499049.015,1707239.5000000442,1686168.2500000442,S7-TPNONE|F2|1775609100|LONG,EXIT_SL_RAISED,False,S7-TPNONE,LONG,L,0.5,1775614132.746,1775609100,1775610000.0,1775613600
2074347.500000051,p15,0.5,4803.45,0,4804.11,4822.469179137591,4822.34,F3,True,4499049.015,1707239.5000000442,1686168.2500000442,S7-TPNONE|F3|1775609100|LONG,EXIT_SL_RAISED,False,S7-TPNONE,LONG,L,0.5,1775614132.746,1775609100,1775610000.0,1775613600
5287947.250000099,p15,0.5,4702.28,0,4702.28,4719.5916458692145,4720.13,F1,True,4403685.22,-1671652.500000034,-1692723.750000034,S7-TPNONE|F1|1775678400|SHORT,EXIT_SL_RAISED,False,S7-TPNONE,SHORT,S,0.5,1775682853.529,1775678400,1775679300.0,1775682000
5287947.250000099,p15,0.5,4702.28,0,4702.28,4719.5916458692145,4720.13,F2,True,4403685.22,-1671652.500000034,-1692723.750000034,S7-TPNONE|F2|1775678400|SHORT,EXIT_SL_RAISED,False,S7-TPNONE,SHORT,S,0.5,1775682853.529,1775678400,1775679300.0,1775682000
5287947.250000099,p15,0.5,4702.28,0,4702.28,4719.5916458692145,4720.13,F3,True,4403685.22,-1671652.500000034,-1692723.750000034,S7-TPNONE|F3|1775678400|SHORT,EXIT_SL_RAISED,False,S7-TPNONE,SHORT,S,0.5,1775682853.529,1775678400,1775679300.0,1775682000
5360994.2500000745,p15,0.5,4713.35,0,4713.1,4720.399940410536,4720.42,F1,True,4413818.15,-685517.9999999728,-706589.2499999728,S7-TPNONE|F1|1775699100|SHORT,EXIT_SL_RAISED,False,S7-TPNONE,SHORT,S,0.5,1775704008.884,1775699100,1775700000.0,1775703600
5360994.2500000745,p15,0.5,4713.35,0,4713.1,4720.399940410536,4720.42,F2,True,4413818.15,-685517.9999999728,-706589.2499999728,S7-TPNONE|F2|1775699100|SHORT,EXIT_SL_RAISED,False,S7-TPNONE,SHORT,S,0.5,1775704008.884,1775699100,1775700000.0,1775703600
5360994.2500000745,p15,0.5,4713.35,0,4713.1,4720.399940410536,4720.42,F3,True,4413818.15,-685517.9999999728,-706589.2499999728,S7-TPNONE|F3|1775699100|SHORT,EXIT_SL_RAISED,False,S7-TPNONE,SHORT,S,0.5,1775704008.884,1775699100,1775700000.0,1775703600
5106734.5000000615,p15,0.5,4771.68,0,4772.17,4759.073670265033,4759.06,F1,True,4469137.205,-1227751.4999999693,-1248822.7499999693,S7-TPNONE|F1|1775770200|LONG,EXIT_SL_RAISED,False,S7-TPNONE,LONG,L,0.5,1775772234.187,1775770200,1775771100.0,1775772000
5106734.5000000615,p15,0.5,4771.68,0,4772.17,4759.073670265033,4759.06,F2,True,4469137.205,-1227751.4999999693,-1248822.7499999693,S7-TPNONE|F2|1775770200|LONG,EXIT_SL_RAISED,False,S7-TPNONE,LONG,L,0.5,1775772234.187,1775770200,1775771100.0,1775772000
5106734.5000000615,p15,0.5,4771.68,0,4772.17,4759.073670265033,4759.06,F3,True,4469137.205,-1227751.4999999693,-1248822.7499999693,S7-TPNONE|F3|1775770200|LONG,EXIT_SL_RAISED,False,S7-TPNONE,LONG,L,0.5,1775772234.187,1775770200,1775771100.0,1775772000
4683904.7500001155,p15,0.5,4775.83,0,4776.46,4763.414838635953,4763.37,F1,True,4473154.79,-1225878.5000000137,-1246949.7500000137,S7-TPNONE|F1|1776114000|LONG,EXIT_SL_RAISED,False,S7-TPNONE,LONG,L,0.5,1776117451.256,1776114000,1776114900.0,1776116700
4683904.7500001155,p15,0.5,4775.83,0,4776.46,4763.414838635953,4763.37,F2,True,4473154.79,-1225878.5000000137,-1246949.7500000137,S7-TPNONE|F2|1776114000|LONG,EXIT_SL_RAISED,False,S7-TPNONE,LONG,L,0.5,1776117451.256,1776114000,1776114900.0,1776116700
4683904.7500001155,p15,0.5,4775.83,0,4776.46,4763.414838635953,4763.37,F3,True,4473154.79,-1225878.5000000137,-1246949.7500000137,S7-TPNONE|F3|1776114000|LONG,EXIT_SL_RAISED,False,S7-TPNONE,LONG,L,0.5,1776117451.256,1776114000,1776114900.0,1776116700
2666215.4999999385,p15,0.5,4775.76,0,4776.28,4765.697121256601,4765.66,F1,True,4472986.22,-994562.9999999898,-1015634.2499999898,S7-TPNONE|F1|1776125700|LONG,EXIT_SL_RAISED,False,S7-TPNONE,LONG,L,0.5,1776129113.122,1776125700,1776126600.0,1776128400
2666215.4999999385,p15,0.5,4775.76,0,4776.28,4765.697121256601,4765.66,F2,True,4472986.22,-994562.9999999898,-1015634.2499999898,S7-TPNONE|F2|1776125700|LONG,EXIT_SL_RAISED,False,S7-TPNONE,LONG,L,0.5,1776129113.122,1776125700,1776126600.0,1776128400
2666215.4999999385,p15,0.5,4775.76,0,4776.28,4765.697121256601,4765.66,F3,True,4472986.22,-994562.9999999898,-1015634.2499999898,S7-TPNONE|F3|1776125700|LONG,EXIT_SL_RAISED,False,S7-TPNONE,LONG,L,0.5,1776129113.122,1776125700,1776126600.0,1776128400
4589318.250000181,p15,0.5,4781.92,0,4782.46,4783.78085873517,4783.66,F1,True,4478773.79,112379.99999998296,91308.74999998296,S7-TPNONE|F1|1776134700|LONG,EXIT_SL_RAISED,False,S7-TPNONE,LONG,L,0.5,1776136823.088,1776134700,1776135600.0,1776136500
4589318.250000181,p15,0.5,4781.92,0,4782.46,4783.78085873517,4783.66,F2,True,4478773.79,112379.99999998296,91308.74999998296,S7-TPNONE|F2|1776134700|LONG,EXIT_SL_RAISED,False,S7-TPNONE,LONG,L,0.5,1776136823.088,1776134700,1776135600.0,1776136500
4589318.250000181,p15,0.5,4781.92,0,4782.46,4783.78085873517,4783.66,F3,True,4478773.79,112379.99999998296,91308.74999998296,S7-TPNONE|F3|1776134700|LONG,EXIT_SL_RAISED,False,S7-TPNONE,LONG,L,0.5,1776136823.088,1776134700,1776135600.0,1776136500
2533232.499999932,p15,0.5,4842.15,0,4842.71,4832.211390365125,4832.21,F1,True,4535197.915,-983325.0,-1004396.25,S7-TPNONE|F1|1776195000|LONG,EXIT_SL_RAISED,False,S7-TPNONE,LONG,L,0.5,1776197590.558,1776195000,1776195900.0,1776196800
2533232.499999932,p15,0.5,4842.15,0,4842.71,4832.211390365125,4832.21,F2,True,4535197.915,-983325.0,-1004396.25,S7-TPNONE|F2|1776195000|LONG,EXIT_SL_RAISED,False,S7-TPNONE,LONG,L,0.5,1776197590.558,1776195000,1776195900.0,1776196800
2533232.499999932,p15,0.5,4842.15,0,4842.71,4832.211390365125,4832.21,F3,True,4535197.915,-983325.0,-1004396.25,S7-TPNONE|F3|1776195000|LONG,EXIT_SL_RAISED,False,S7-TPNONE,LONG,L,0.5,1776197590.558,1776195000,1776195900.0,1776196800
7790275.2499999525,p15,0.5,4850.11,0,4850.57,4850.83,4850.71,F1,False,4542558.805,13111.000000030663,-7960.249999969337,S7-TPNONE|F1|1776200400|LONG,EXIT_TRAIL,True,S7-TPNONE,LONG,L,0.5,1776202200,1776200400,1776201300.0,1776201300
7790275.2499999525,p15,0.5,4850.11,0,4850.57,4850.83,4850.71,F2,False,4542558.805,13111.000000030663,-7960.249999969337,S7-TPNONE|F2|1776200400|LONG,EXIT_TRAIL,True,S7-TPNONE,LONG,L,0.5,1776202200,1776200400,1776201300.0,1776201300
7790275.2499999525,p15,0.5,4850.11,0,4850.57,4850.83,4850.71,F3,False,4542558.805,13111.000000030663,-7960.249999969337,S7-TPNONE|F3|1776200400|LONG,EXIT_TRAIL,True,S7-TPNONE,LONG,L,0.5,1776202200,1776200400,1776201300.0,1776201300
5303399.500000095,p15,0.5,4832.49,0,4833.02,4825.548530767473,4825.48,F1,True,4526123.23,-706121.0000000817,-727192.2500000817,S7-TPNONE|F1|1776285000|LONG,EXIT_SL_RAISED,False,S7-TPNONE,LONG,L,0.5,1776287920.977,1776285000,1776285900.0,1776287700
5303399.500000095,p15,0.5,4832.49,0,4833.02,4825.548530767473,4825.48,F2,True,4526123.23,-706121.0000000817,-727192.2500000817,S7-TPNONE|F2|1776285000|LONG,EXIT_SL_RAISED,False,S7-TPNONE,LONG,L,0.5,1776287920.977,1776285000,1776285900.0,1776287700
5303399.500000095,p15,0.5,4832.49,0,4833.02,4825.548530767473,4825.48,F3,True,4526123.23,-706121.0000000817,-727192.2500000817,S7-TPNONE|F3|1776285000|LONG,EXIT_SL_RAISED,False,S7-TPNONE,LONG,L,0.5,1776287920.977,1776285000,1776285900.0,1776287700
2619858.749999949,p15,0.5,4826.42,0,4826.87,4828.441732421395,4828.42,F1,True,4520363.755,145157.50000001703,124086.25000001703,S7-TPNONE|F1|1776294000|LONG,EXIT_SL_RAISED,False,S7-TPNONE,LONG,L,0.5,1776303144.546,1776294000,1776294900.0,1776303000
2619858.749999949,p15,0.5,4826.42,0,4826.87,4828.441732421395,4828.42,F2,True,4520363.755,145157.50000001703,124086.25000001703,S7-TPNONE|F2|1776294000|LONG,EXIT_SL_RAISED,False,S7-TPNONE,LONG,L,0.5,1776303144.546,1776294000,1776294900.0,1776303000
2619858.749999949,p15,0.5,4826.42,0,4826.87,4828.441732421395,4828.42,F3,True,4520363.755,145157.50000001703,124086.25000001703,S7-TPNONE|F3|1776294000|LONG,EXIT_SL_RAISED,False,S7-TPNONE,LONG,L,0.5,1776303144.546,1776294000,1776294900.0,1776303000
2305662.9999998193,p15,0.5,4825.87,0,4826.47,4819.661675476544,4819.62,F1,True,4519989.155,-641502.5000000341,-662573.7500000341,S7-TPNONE|F1|1776307500|LONG,EXIT_SL_RAISED,False,S7-TPNONE,LONG,L,0.5,1776309645.791,1776307500,1776308400.0,1776309300
2305662.9999998193,p15,0.5,4825.87,0,4826.47,4819.661675476544,4819.62,F2,True,4519989.155,-641502.5000000341,-662573.7500000341,S7-TPNONE|F2|1776307500|LONG,EXIT_SL_RAISED,False,S7-TPNONE,LONG,L,0.5,1776309645.791,1776307500,1776308400.0,1776309300
2305662.9999998193,p15,0.5,4825.87,0,4826.47,4819.661675476544,4819.62,F3,True,4519989.155,-641502.5000000341,-662573.7500000341,S7-TPNONE|F3|1776307500|LONG,EXIT_SL_RAISED,False,S7-TPNONE,LONG,L,0.5,1776309645.791,1776307500,1776308400.0,1776309300
7764989.7499999115,p15,0.5,4778.87,0,4778.73,4779.7090695523775,4779.8,F1,True,4475280.645,-100205.50000005792,-121276.75000005792,S7-TPNONE|F1|1776373200|SHORT,EXIT_SL_RAISED,False,S7-TPNONE,SHORT,S,0.5,1776376152.894,1776373200,1776374100.0,1776375900
7764989.7499999115,p15,0.5,4778.87,0,4778.73,4779.7090695523775,4779.8,F2,True,4475280.645,-100205.50000005792,-121276.75000005792,S7-TPNONE|F2|1776373200|SHORT,EXIT_SL_RAISED,False,S7-TPNONE,SHORT,S,0.5,1776376152.894,1776373200,1776374100.0,1776375900
7764989.7499999115,p15,0.5,4778.87,0,4778.73,4779.7090695523775,4779.8,F3,True,4475280.645,-100205.50000005792,-121276.75000005792,S7-TPNONE|F3|1776373200|SHORT,EXIT_SL_RAISED,False,S7-TPNONE,SHORT,S,0.5,1776376152.894,1776373200,1776374100.0,1776375900
2461590.249999816,p15,0.5,4791.43,0,4791.49,4793.429499415175,4793.5,F1,True,4487230.385,-188236.50000002043,-209307.75000002043,S7-TPNONE|F1|1776639600|SHORT,EXIT_SL_RAISED,False,S7-TPNONE,SHORT,S,0.5,1776650550.229,1776639600,1776640500.0,1776650400
2461590.249999816,p15,0.5,4791.43,0,4791.49,4793.429499415175,4793.5,F2,True,4487230.385,-188236.50000002043,-209307.75000002043,S7-TPNONE|F2|1776639600|SHORT,EXIT_SL_RAISED,False,S7-TPNONE,SHORT,S,0.5,1776650550.229,1776639600,1776640500.0,1776650400
2461590.249999816,p15,0.5,4791.43,0,4791.49,4793.429499415175,4793.5,F3,True,4487230.385,-188236.50000002043,-209307.75000002043,S7-TPNONE|F3|1776639600|SHORT,EXIT_SL_RAISED,False,S7-TPNONE,SHORT,S,0.5,1776650550.229,1776639600,1776640500.0,1776650400
1905777.500000034,p15,0.5,4755.04,0,4755.18,4755.657615244128,4755.67,F1,True,4453226.07,-45888.499999979555,-66959.74999997955,S7-TPNONE|F1|1776836700|SHORT,EXIT_SL_RAISED,False,S7-TPNONE,SHORT,S,0.5,1776838875.788,1776836700,1776837600.0,1776838500
1905777.500000034,p15,0.5,4755.04,0,4755.18,4755.657615244128,4755.67,F2,True,4453226.07,-45888.499999979555,-66959.74999997955,S7-TPNONE|F2|1776836700|SHORT,EXIT_SL_RAISED,False,S7-TPNONE,SHORT,S,0.5,1776838875.788,1776836700,1776837600.0,1776838500
1905777.500000034,p15,0.5,4755.04,0,4755.18,4755.657615244128,4755.67,F3,True,4453226.07,-45888.499999979555,-66959.74999997955,S7-TPNONE|F3|1776836700|SHORT,EXIT_SL_RAISED,False,S7-TPNONE,SHORT,S,0.5,1776838875.788,1776836700,1776837600.0,1776838500
2767357.499999932,p15,0.5,4746.62,0,4746.65,4749.94,4750.4,F1,False,4445237.725,-351187.5,-372258.75,S7-TPNONE|F1|1776846600|SHORT,EXIT_TRAIL,True,S7-TPNONE,SHORT,S,0.5,1776850200,1776846600,1776847500.0,1776849300
2767357.499999932,p15,0.5,4746.62,0,4746.65,4749.94,4750.4,F2,False,4445237.725,-351187.5,-372258.75,S7-TPNONE|F2|1776846600|SHORT,EXIT_TRAIL,True,S7-TPNONE,SHORT,S,0.5,1776850200,1776846600,1776847500.0,1776849300
2767357.499999932,p15,0.5,4746.62,0,4746.65,4749.94,4750.4,F3,False,4445237.725,-351187.5,-372258.75,S7-TPNONE|F3|1776846600|SHORT,EXIT_TRAIL,True,S7-TPNONE,SHORT,S,0.5,1776850200,1776846600,1776847500.0,1776849300
1958689.7499999965,p15,0.5,4730.26,0,4730.13,4741.1331874264515,4741.38,F1,True,4429766.745,-1053562.5,-1074633.75,S7-TPNONE|F1|1776867300|SHORT,EXIT_SL_RAISED,False,S7-TPNONE,SHORT,S,0.5,1776869141.557,1776867300,1776868200.0,1776869100
1958689.7499999965,p15,0.5,4730.26,0,4730.13,4741.1331874264515,4741.38,F2,True,4429766.745,-1053562.5,-1074633.75,S7-TPNONE|F2|1776867300|SHORT,EXIT_SL_RAISED,False,S7-TPNONE,SHORT,S,0.5,1776869141.557,1776867300,1776868200.0,1776869100
1958689.7499999965,p15,0.5,4730.26,0,4730.13,4741.1331874264515,4741.38,F3,True,4429766.745,-1053562.5,-1074633.75,S7-TPNONE|F3|1776867300|SHORT,EXIT_SL_RAISED,False,S7-TPNONE,SHORT,S,0.5,1776869141.557,1776867300,1776868200.0,1776869100
9611767.75000002,p15,0.5,4699.13,0,4699.22,4741.38,4741.84,F1,False,4400819.53,-3991362.9999999898,-4012434.2499999898,S7-TPNONE|F1|1776888000|SHORT,EXIT_TRAIL,True,S7-TPNONE,SHORT,S,0.5,1776889800,1776888000,1776888900.0,1776888900
9611767.75000002,p15,0.5,4699.13,0,4699.22,4741.38,4741.84,F2,False,4400819.53,-3991362.9999999898,-4012434.2499999898,S7-TPNONE|F2|1776888000|SHORT,EXIT_TRAIL,True,S7-TPNONE,SHORT,S,0.5,1776889800,1776888000,1776888900.0,1776888900
9611767.75000002,p15,0.5,4699.13,0,4699.22,4741.38,4741.84,F3,False,4400819.53,-3991362.9999999898,-4012434.2499999898,S7-TPNONE|F3|1776888000|SHORT,EXIT_TRAIL,True,S7-TPNONE,SHORT,S,0.5,1776889800,1776888000,1776888900.0,1776888900
4650659.000000072,p15,0.5,4723.08,0,4723.11,4706.017162695334,4706.13,F1,True,4423192.515,1590176.999999959,1569105.749999959,S7-TPNONE|F1|1776894300|SHORT,EXIT_SL_RAISED,False,S7-TPNONE,SHORT,S,0.5,1776908755.798,1776894300,1776895200.0,1776908700
4650659.000000072,p15,0.5,4723.08,0,4723.11,4706.017162695334,4706.13,F2,True,4423192.515,1590176.999999959,1569105.749999959,S7-TPNONE|F2|1776894300|SHORT,EXIT_SL_RAISED,False,S7-TPNONE,SHORT,S,0.5,1776908755.798,1776894300,1776895200.0,1776908700
4650659.000000072,p15,0.5,4723.08,0,4723.11,4706.017162695334,4706.13,F3,True,4423192.515,1590176.999999959,1569105.749999959,S7-TPNONE|F3|1776894300|SHORT,EXIT_SL_RAISED,False,S7-TPNONE,SHORT,S,0.5,1776908755.798,1776894300,1776895200.0,1776908700
3876641.7499999558,p15,0.5,4690.82,0,4690.7,4671.953586100535,4672.22,F1,True,4392840.55,1730651.999999959,1709580.749999959,S7-TPNONE|F1|1776979800|SHORT,EXIT_SL_RAISED,False,S7-TPNONE,SHORT,S,0.5,1776991610.768,1776979800,1776980700.0,1776991500
3876641.7499999558,p15,0.5,4690.82,0,4690.7,4671.953586100535,4672.22,F2,True,4392840.55,1730651.999999959,1709580.749999959,S7-TPNONE|F2|1776979800|SHORT,EXIT_SL_RAISED,False,S7-TPNONE,SHORT,S,0.5,1776991610.768,1776979800,1776980700.0,1776991500
3876641.7499999558,p15,0.5,4690.82,0,4690.7,4671.953586100535,4672.22,F3,True,4392840.55,1730651.999999959,1709580.749999959,S7-TPNONE|F3|1776979800|SHORT,EXIT_SL_RAISED,False,S7-TPNONE,SHORT,S,0.5,1776991610.768,1776979800,1776980700.0,1776991500
3797039.250000092,p15,0.5,4671.32,0,4671.31,4680.109046565462,4680.11,F1,True,4374681.815,-824119.9999999319,-845191.2499999319,S7-TPNONE|F1|1776996900|SHORT,EXIT_SL_RAISED,False,S7-TPNONE,SHORT,S,0.5,1777000279.349,1776996900,1776997800.0,1776999600
3797039.250000092,p15,0.5,4671.32,0,4671.31,4680.109046565462,4680.11,F2,True,4374681.815,-824119.9999999319,-845191.2499999319,S7-TPNONE|F2|1776996900|SHORT,EXIT_SL_RAISED,False,S7-TPNONE,SHORT,S,0.5,1777000279.349,1776996900,1776997800.0,1776999600
3797039.250000092,p15,0.5,4671.32,0,4671.31,4680.109046565462,4680.11,F3,True,4374681.815,-824119.9999999319,-845191.2499999319,S7-TPNONE|F3|1776996900|SHORT,EXIT_SL_RAISED,False,S7-TPNONE,SHORT,S,0.5,1777000279.349,1776996900,1776997800.0,1776999600
8120391.500000174,p15,0.5,4685.14,1,4686.44,4682.63632434884,4682.65,F1,True,4388851.06,354933.49999999657,333862.24999999657,S7-TPNONE|F1|1777226400|SHORT,EXIT_SL_RAISED,False,S7-TPNONE,SHORT,S,0.5,1777236451.032,1777226400,1777228200.0,1777236300
8120391.500000174,p15,0.5,4685.14,1,4686.44,4682.63632434884,4682.65,F2,True,4388851.06,354933.49999999657,333862.24999999657,S7-TPNONE|F2|1777226400|SHORT,EXIT_SL_RAISED,False,S7-TPNONE,SHORT,S,0.5,1777236451.032,1777226400,1777228200.0,1777236300
8120391.500000174,p15,0.5,4685.14,1,4686.44,4682.63632434884,4682.65,F3,True,4388851.06,354933.49999999657,333862.24999999657,S7-TPNONE|F3|1777226400|SHORT,EXIT_SL_RAISED,False,S7-TPNONE,SHORT,S,0.5,1777236451.032,1777226400,1777228200.0,1777236300
5855934.499999891,p15,0.5,4670.58,0,4670.52,4677.15,4677.6,F1,False,4373941.98,-663041.9999999931,-684113.2499999931,S7-TPNONE|F1|1777326300|SHORT,EXIT_TRAIL,True,S7-TPNONE,SHORT,S,0.5,1777328100,1777326300,1777327200.0,1777327200
5855934.499999891,p15,0.5,4670.58,0,4670.52,4677.15,4677.6,F2,False,4373941.98,-663041.9999999931,-684113.2499999931,S7-TPNONE|F2|1777326300|SHORT,EXIT_TRAIL,True,S7-TPNONE,SHORT,S,0.5,1777328100,1777326300,1777327200.0,1777327200
5855934.499999891,p15,0.5,4670.58,0,4670.52,4677.15,4677.6,F3,False,4373941.98,-663041.9999999931,-684113.2499999931,S7-TPNONE|F3|1777326300|SHORT,EXIT_TRAIL,True,S7-TPNONE,SHORT,S,0.5,1777328100,1777326300,1777327200.0,1777327200
1179989.999999949,p15,0.5,4671.86,0,4671.75,4657.369626170663,4657.39,F1,True,4375093.875,1344813.9999999693,1323742.7499999693,S7-TPNONE|F1|1777332600|SHORT,EXIT_SL_RAISED,False,S7-TPNONE,SHORT,S,0.5,1777339213.426,1777332600,1777333500.0,1777338900
1179989.999999949,p15,0.5,4671.86,0,4671.75,4657.369626170663,4657.39,F2,True,4375093.875,1344813.9999999693,1323742.7499999693,S7-TPNONE|F2|1777332600|SHORT,EXIT_SL_RAISED,False,S7-TPNONE,SHORT,S,0.5,1777339213.426,1777332600,1777333500.0,1777338900
1179989.999999949,p15,0.5,4671.86,0,4671.75,4657.369626170663,4657.39,F3,True,4375093.875,1344813.9999999693,1323742.7499999693,S7-TPNONE|F3|1777332600|SHORT,EXIT_SL_RAISED,False,S7-TPNONE,SHORT,S,0.5,1777339213.426,1777332600,1777333500.0,1777338900
11141540.499999853,p15,0.5,4624.72,0,4624.78,4636.3373446417445,4636.37,F1,True,4331106.47,-1085403.5000000137,-1106474.7500000137,S7-TPNONE|F1|1777339800|SHORT,EXIT_SL_RAISED,False,S7-TPNONE,SHORT,S,0.5,1777341927.366,1777339800,1777340700.0,1777341600
11141540.499999853,p15,0.5,4624.72,0,4624.78,4636.3373446417445,4636.37,F2,True,4331106.47,-1085403.5000000137,-1106474.7500000137,S7-TPNONE|F2|1777339800|SHORT,EXIT_SL_RAISED,False,S7-TPNONE,SHORT,S,0.5,1777341927.366,1777339800,1777340700.0,1777341600
11141540.499999853,p15,0.5,4624.72,0,4624.78,4636.3373446417445,4636.37,F3,True,4331106.47,-1085403.5000000137,-1106474.7500000137,S7-TPNONE|F3|1777339800|SHORT,EXIT_SL_RAISED,False,S7-TPNONE,SHORT,S,0.5,1777341927.366,1777339800,1777340700.0,1777341600
7376342.250000031,p15,0.5,4582.46,0,4582.21,4591.326814105473,4591.38,F1,True,4291239.665,-858770.5000000069,-879841.7500000069,S7-TPNONE|F1|1777410000|SHORT,EXIT_SL_RAISED,False,S7-TPNONE,SHORT,S,0.5,1777412540.936,1777410000,1777410900.0,1777411800
7376342.250000031,p15,0.5,4582.46,0,4582.21,4591.326814105473,4591.38,F2,True,4291239.665,-858770.5000000069,-879841.7500000069,S7-TPNONE|F2|1777410000|SHORT,EXIT_SL_RAISED,False,S7-TPNONE,SHORT,S,0.5,1777412540.936,1777410000,1777410900.0,1777411800
7376342.250000031,p15,0.5,4582.46,0,4582.21,4591.326814105473,4591.38,F3,True,4291239.665,-858770.5000000069,-879841.7500000069,S7-TPNONE|F3|1777410000|SHORT,EXIT_SL_RAISED,False,S7-TPNONE,SHORT,S,0.5,1777412540.936,1777410000,1777410900.0,1777411800
3228583.7499997783,p15,0.5,4584.62,0,4584.61,4600.79,4601.27,F1,False,4293487.265,-1560209.0000000715,-1581280.2500000715,S7-TPNONE|F1|1777412700|SHORT,EXIT_TRAIL,True,S7-TPNONE,SHORT,S,0.5,1777414500,1777412700,1777413600.0,1777413600
3228583.7499997783,p15,0.5,4584.62,0,4584.61,4600.79,4601.27,F2,False,4293487.265,-1560209.0000000715,-1581280.2500000715,S7-TPNONE|F2|1777412700|SHORT,EXIT_TRAIL,True,S7-TPNONE,SHORT,S,0.5,1777414500,1777412700,1777413600.0,1777413600
3228583.7499997783,p15,0.5,4584.62,0,4584.61,4600.79,4601.27,F3,False,4293487.265,-1560209.0000000715,-1581280.2500000715,S7-TPNONE|F3|1777412700|SHORT,EXIT_TRAIL,True,S7-TPNONE,SHORT,S,0.5,1777414500,1777412700,1777413600.0,1777413600
1988657.7499999693,p15,0.5,4593.63,0,4593.61,4600.67,4601.24,F1,False,4301915.765,-714549.5000000102,-714549.5000000102,S7-TPNONE|F1|1777419000|SHORT,reverse,False,S7-TPNONE,SHORT,S,0.5,1777421700,1777419000,1777419900.0,1777420800
1988657.7499999693,p15,0.5,4593.63,0,4593.61,4600.67,4601.24,F2,False,4301915.765,-714549.5000000102,-714549.5000000102,S7-TPNONE|F2|1777419000|SHORT,reverse,False,S7-TPNONE,SHORT,S,0.5,1777421700,1777419000,1777419900.0,1777420800
1988657.7499999693,p15,0.5,4593.63,0,4593.61,4600.67,4601.24,F3,False,4301915.765,-714549.5000000102,-714549.5000000102,S7-TPNONE|F3|1777419000|SHORT,reverse,False,S7-TPNONE,SHORT,S,0.5,1777421700,1777419000,1777419900.0,1777420800
3671079.999999898,p15,0.5,4588.4,0,4588.42,4569.526068547311,4569.61,F1,True,4297055.33,1761556.5000000375,1740485.2500000375,S7-TPNONE|F1|1777428000|SHORT,EXIT_SL_RAISED,False,S7-TPNONE,SHORT,S,0.5,1777437902.052,1777428000,1777428900.0,1777437900
3671079.999999898,p15,0.5,4588.4,0,4588.42,4569.526068547311,4569.61,F2,True,4297055.33,1761556.5000000375,1740485.2500000375,S7-TPNONE|F2|1777428000|SHORT,EXIT_SL_RAISED,False,S7-TPNONE,SHORT,S,0.5,1777437902.052,1777428000,1777428900.0,1777437900
3671079.999999898,p15,0.5,4588.4,0,4588.42,4569.526068547311,4569.61,F3,True,4297055.33,1761556.5000000375,1740485.2500000375,S7-TPNONE|F3|1777428000|SHORT,EXIT_SL_RAISED,False,S7-TPNONE,SHORT,S,0.5,1777437902.052,1777428000,1777428900.0,1777437900
4354725.000000085,p15,0.5,4562.18,0,4562.13,4552.660741088862,4552.68,F1,True,4272434.745,884992.499999983,863921.249999983,S7-TPNONE|F1|1777501800|SHORT,EXIT_SL_RAISED,False,S7-TPNONE,SHORT,S,0.5,1777511283.915,1777501800,1777502700.0,1777510800
4354725.000000085,p15,0.5,4562.18,0,4562.13,4552.660741088862,4552.68,F2,True,4272434.745,884992.499999983,863921.249999983,S7-TPNONE|F2|1777501800|SHORT,EXIT_SL_RAISED,False,S7-TPNONE,SHORT,S,0.5,1777511283.915,1777501800,1777502700.0,1777510800
4354725.000000085,p15,0.5,4562.18,0,4562.13,4552.660741088862,4552.68,F3,True,4272434.745,884992.499999983,863921.249999983,S7-TPNONE|F3|1777501800|SHORT,EXIT_SL_RAISED,False,S7-TPNONE,SHORT,S,0.5,1777511283.915,1777501800,1777502700.0,1777510800
4548580.499999887,p15,0.5,4630.72,0,4631.28,4625.727940269926,4625.7,F1,True,4337193.72,-522566.9999999932,-543638.2499999932,S7-TPNONE|F1|1777586400|LONG,EXIT_SL_RAISED,False,S7-TPNONE,LONG,L,0.5,1777588951.63,1777586400,1777587300.0,1777588200
4548580.499999887,p15,0.5,4630.72,0,4631.28,4625.727940269926,4625.7,F2,True,4337193.72,-522566.9999999932,-543638.2499999932,S7-TPNONE|F2|1777586400|LONG,EXIT_SL_RAISED,False,S7-TPNONE,LONG,L,0.5,1777588951.63,1777586400,1777587300.0,1777588200
4548580.499999887,p15,0.5,4630.72,0,4631.28,4625.727940269926,4625.7,F3,True,4337193.72,-522566.9999999932,-543638.2499999932,S7-TPNONE|F3|1777586400|LONG,EXIT_SL_RAISED,False,S7-TPNONE,LONG,L,0.5,1777588951.63,1777586400,1777587300.0,1777588200
3069378.7500001364,p15,0.5,4627.97,0,4628.51,4615.078427508073,4615.01,F1,True,4334599.615,-1264275.0,-1285346.25,S7-TPNONE|F1|1777833000|LONG,EXIT_SL_RAISED,False,S7-TPNONE,LONG,L,0.5,1777835304.706,1777833000,1777833900.0,1777834800
3069378.7500001364,p15,0.5,4627.97,0,4628.51,4615.078427508073,4615.01,F2,True,4334599.615,-1264275.0,-1285346.25,S7-TPNONE|F2|1777833000|LONG,EXIT_SL_RAISED,False,S7-TPNONE,LONG,L,0.5,1777835304.706,1777833000,1777833900.0,1777834800
3069378.7500001364,p15,0.5,4627.97,0,4628.51,4615.078427508073,4615.01,F3,True,4334599.615,-1264275.0,-1285346.25,S7-TPNONE|F3|1777833000|LONG,EXIT_SL_RAISED,False,S7-TPNONE,LONG,L,0.5,1777835304.706,1777833000,1777833900.0,1777834800
4157591.7499999558,p15,0.5,4612.9,0,4613.37,4603.322690172042,4603.16,F1,True,4320421.005,-956166.5000000034,-977237.7500000034,S7-TPNONE|F1|1777844700|LONG,EXIT_SL_RAISED,False,S7-TPNONE,LONG,L,0.5,1777846566.208,1777844700,1777845600.0,1777846500
4157591.7499999558,p15,0.5,4612.9,0,4613.37,4603.322690172042,4603.16,F2,True,4320421.005,-956166.5000000034,-977237.7500000034,S7-TPNONE|F2|1777844700|LONG,EXIT_SL_RAISED,False,S7-TPNONE,LONG,L,0.5,1777846566.208,1777844700,1777845600.0,1777846500
4157591.7499999558,p15,0.5,4612.9,0,4613.37,4603.322690172042,4603.16,F3,True,4320421.005,-956166.5000000034,-977237.7500000034,S7-TPNONE|F3|1777844700|LONG,EXIT_SL_RAISED,False,S7-TPNONE,LONG,L,0.5,1777846566.208,1777844700,1777845600.0,1777846500
2305663.000000075,p15,0.5,4609.85,0,4610.4,4603.269179996319,4603.26,F1,True,4317639.6,-668660.9999999455,-689732.2499999455,S7-TPNONE|F1|1777849200|LONG,EXIT_SL_RAISED,False,S7-TPNONE,LONG,L,0.5,1777856624.083,1777849200,1777850100.0,1777856400
2305663.000000075,p15,0.5,4609.85,0,4610.4,4603.269179996319,4603.26,F2,True,4317639.6,-668660.9999999455,-689732.2499999455,S7-TPNONE|F2|1777849200|LONG,EXIT_SL_RAISED,False,S7-TPNONE,LONG,L,0.5,1777856624.083,1777849200,1777850100.0,1777856400
2305663.000000075,p15,0.5,4609.85,0,4610.4,4603.269179996319,4603.26,F3,True,4317639.6,-668660.9999999455,-689732.2499999455,S7-TPNONE|F3|1777849200|LONG,EXIT_SL_RAISED,False,S7-TPNONE,LONG,L,0.5,1777856624.083,1777849200,1777850100.0,1777856400
953825.249999782,p15,0.5,4518.3,0,4518.35,4527.271948148384,4527.42,F1,True,4231434.775,-849405.4999999728,-870476.7499999728,S7-TPNONE|F1|1777923000|SHORT,EXIT_SL_RAISED,False,S7-TPNONE,SHORT,S,0.5,1777925611.54,1777923000,1777923900.0,1777924800
953825.249999782,p15,0.5,4518.3,0,4518.35,4527.271948148384,4527.42,F2,True,4231434.775,-849405.4999999728,-870476.7499999728,S7-TPNONE|F2|1777923000|SHORT,EXIT_SL_RAISED,False,S7-TPNONE,SHORT,S,0.5,1777925611.54,1777923000,1777923900.0,1777924800
953825.249999782,p15,0.5,4518.3,0,4518.35,4527.271948148384,4527.42,F3,True,4231434.775,-849405.4999999728,-870476.7499999728,S7-TPNONE|F3|1777923000|SHORT,EXIT_SL_RAISED,False,S7-TPNONE,SHORT,S,0.5,1777925611.54,1777923000,1777923900.0,1777924800
4711999.749999963,p15,0.5,4662.78,0,4663.26,4657.303757667023,4657.29,F1,True,4367142.99,-559090.5000000239,-580161.7500000239,S7-TPNONE|F1|1778031900|LONG,EXIT_SL_RAISED,False,S7-TPNONE,LONG,L,0.5,1778037340.673,1778031900,1778032800.0,1778037300
4711999.749999963,p15,0.5,4662.78,0,4663.26,4657.303757667023,4657.29,F2,True,4367142.99,-559090.5000000239,-580161.7500000239,S7-TPNONE|F2|1778031900|LONG,EXIT_SL_RAISED,False,S7-TPNONE,LONG,L,0.5,1778037340.673,1778031900,1778032800.0,1778037300
4711999.749999963,p15,0.5,4662.78,0,4663.26,4657.303757667023,4657.29,F3,True,4367142.99,-559090.5000000239,-580161.7500000239,S7-TPNONE|F3|1778031900|LONG,EXIT_SL_RAISED,False,S7-TPNONE,LONG,L,0.5,1778037340.673,1778031900,1778032800.0,1778037300
8424285.749999993,p15,0.5,4709.56,0,4710.1,4703.256532419619,4703.21,F1,True,4411008.65,-645248.5000000306,-666319.7500000306,S7-TPNONE|F1|1778101200|LONG,EXIT_SL_RAISED,False,S7-TPNONE,LONG,L,0.5,1778103001.733,1778101200,1778102100.0,1778103000
8424285.749999993,p15,0.5,4709.56,0,4710.1,4703.256532419619,4703.21,F2,True,4411008.65,-645248.5000000306,-666319.7500000306,S7-TPNONE|F2|1778101200|LONG,EXIT_SL_RAISED,False,S7-TPNONE,LONG,L,0.5,1778103001.733,1778101200,1778102100.0,1778103000
8424285.749999993,p15,0.5,4709.56,0,4710.1,4703.256532419619,4703.21,F3,True,4411008.65,-645248.5000000306,-666319.7500000306,S7-TPNONE|F3|1778101200|LONG,EXIT_SL_RAISED,False,S7-TPNONE,LONG,L,0.5,1778103001.733,1778101200,1778102100.0,1778103000
3426185.2500000033,p15,0.5,4703.37,0,4703.82,4735.958000990271,4735.91,F1,True,4405127.43,3005228.5000000135,2984157.2500000135,S7-TPNONE|F1|1778117400|LONG,EXIT_SL_RAISED,False,S7-TPNONE,LONG,L,0.5,1778122504.524,1778117400,1778118300.0,1778121900
3426185.2500000033,p15,0.5,4703.37,0,4703.82,4735.958000990271,4735.91,F2,True,4405127.43,3005228.5000000135,2984157.2500000135,S7-TPNONE|F2|1778117400|LONG,EXIT_SL_RAISED,False,S7-TPNONE,LONG,L,0.5,1778122504.524,1778117400,1778118300.0,1778121900
3426185.2500000033,p15,0.5,4703.37,0,4703.82,4735.958000990271,4735.91,F3,True,4405127.43,3005228.5000000135,2984157.2500000135,S7-TPNONE|F3|1778117400|LONG,EXIT_SL_RAISED,False,S7-TPNONE,LONG,L,0.5,1778122504.524,1778117400,1778118300.0,1778121900
5726229.249999955,p15,0.5,4713.92,0,4714.15,4716.328175982291,4716.31,F1,True,4414801.475,202284.00000007154,181212.75000007154,S7-TPNONE|F1|1778187600|LONG,EXIT_SL_RAISED,False,S7-TPNONE,LONG,L,0.5,1778193317.473,1778187600,1778188500.0,1778193000
5726229.249999955,p15,0.5,4713.92,0,4714.15,4716.328175982291,4716.31,F2,True,4414801.475,202284.00000007154,181212.75000007154,S7-TPNONE|F2|1778187600|LONG,EXIT_SL_RAISED,False,S7-TPNONE,LONG,L,0.5,1778193317.473,1778187600,1778188500.0,1778193000
5726229.249999955,p15,0.5,4713.92,0,4714.15,4716.328175982291,4716.31,F3,True,4414801.475,202284.00000007154,181212.75000007154,S7-TPNONE|F3|1778187600|LONG,EXIT_SL_RAISED,False,S7-TPNONE,LONG,L,0.5,1778193317.473,1778187600,1778188500.0,1778193000
4201138.9999998845,p15,0.5,4733.47,0,4733.98,4719.425399914009,4719.23,F1,True,4433372.27,-1381337.5,-1402408.75,S7-TPNONE|F1|1778206500|LONG,EXIT_SL_RAISED,False,S7-TPNONE,LONG,L,0.5,1778209901.858,1778206500,1778207400.0,1778209200
4201138.9999998845,p15,0.5,4733.47,0,4733.98,4719.425399914009,4719.23,F2,True,4433372.27,-1381337.5,-1402408.75,S7-TPNONE|F2|1778206500|LONG,EXIT_SL_RAISED,False,S7-TPNONE,LONG,L,0.5,1778209901.858,1778206500,1778207400.0,1778209200
4201138.9999998845,p15,0.5,4733.47,0,4733.98,4719.425399914009,4719.23,F3,True,4433372.27,-1381337.5,-1402408.75,S7-TPNONE|F3|1778206500|LONG,EXIT_SL_RAISED,False,S7-TPNONE,LONG,L,0.5,1778209901.858,1778206500,1778207400.0,1778209200
6170130.2500000205,p15,0.5,4683.46,0,4683.27,4691.94,4692.47,F1,False,4385882.355,-861579.999999983,-882651.249999983,S7-TPNONE|F1|1778445900|SHORT,EXIT_TRAIL,True,S7-TPNONE,SHORT,S,0.5,1778447700,1778445900,1778446800.0,1778446800
6170130.2500000205,p15,0.5,4683.46,0,4683.27,4691.94,4692.47,F2,False,4385882.355,-861579.999999983,-882651.249999983,S7-TPNONE|F2|1778445900|SHORT,EXIT_TRAIL,True,S7-TPNONE,SHORT,S,0.5,1778447700,1778445900,1778446800.0,1778446800
6170130.2500000205,p15,0.5,4683.46,0,4683.27,4691.94,4692.47,F3,False,4385882.355,-861579.999999983,-882651.249999983,S7-TPNONE|F3|1778445900|SHORT,EXIT_TRAIL,True,S7-TPNONE,SHORT,S,0.5,1778447700,1778445900,1778446800.0,1778446800
4689055.500000143,p15,0.5,4685.53,0,4685.48,4694.973231166319,4694.99,F1,True,4387952.02,-890611.5000000205,-911682.7500000205,S7-TPNONE|F1|1778449500|SHORT,EXIT_SL_RAISED,False,S7-TPNONE,SHORT,S,0.5,1778452318.953,1778449500,1778450400.0,1778452200
4689055.500000143,p15,0.5,4685.53,0,4685.48,4694.973231166319,4694.99,F2,True,4387952.02,-890611.5000000205,-911682.7500000205,S7-TPNONE|F2|1778449500|SHORT,EXIT_SL_RAISED,False,S7-TPNONE,SHORT,S,0.5,1778452318.953,1778449500,1778450400.0,1778452200
4689055.500000143,p15,0.5,4685.53,0,4685.48,4694.973231166319,4694.99,F3,True,4387952.02,-890611.5000000205,-911682.7500000205,S7-TPNONE|F3|1778449500|SHORT,EXIT_SL_RAISED,False,S7-TPNONE,SHORT,S,0.5,1778452318.953,1778449500,1778450400.0,1778452200
5095028.249999976,p15,0.5,4681.54,0,4681.37,4663.496300843476,4663.61,F1,True,4384103.005,1663224.0000000205,1642152.7500000205,S7-TPNONE|F1|1778453100|SHORT,EXIT_SL_RAISED,False,S7-TPNONE,SHORT,S,0.5,1778465313.243,1778453100,1778454000.0,1778464800
5095028.249999976,p15,0.5,4681.54,0,4681.37,4663.496300843476,4663.61,F2,True,4384103.005,1663224.0000000205,1642152.7500000205,S7-TPNONE|F2|1778453100|SHORT,EXIT_SL_RAISED,False,S7-TPNONE,SHORT,S,0.5,1778465313.243,1778453100,1778454000.0,1778464800
5095028.249999976,p15,0.5,4681.54,0,4681.37,4663.496300843476,4663.61,F3,True,4384103.005,1663224.0000000205,1642152.7500000205,S7-TPNONE|F3|1778453100|SHORT,EXIT_SL_RAISED,False,S7-TPNONE,SHORT,S,0.5,1778465313.243,1778453100,1778454000.0,1778464800
4455398.749999898,p20,0.5,4450.43,0,4450.98,4463.08,4463.29,F1,False,4168342.7699999996,1152831.5000000375,1131760.2500000375,S7-TPNONE|F1|1767653100|LONG,EXIT_TRAIL,True,S7-TPNONE,LONG,L,0.5,1767667500,1767653100,1767654000.0,1767666600
4455398.749999898,p20,0.5,4450.43,0,4450.98,4463.08,4463.29,F2,False,4168342.7699999996,1152831.5000000375,1131760.2500000375,S7-TPNONE|F2|1767653100|LONG,EXIT_TRAIL,True,S7-TPNONE,LONG,L,0.5,1767667500,1767653100,1767654000.0,1767666600
4455398.749999898,p20,0.5,4450.43,0,4450.98,4463.08,4463.29,F3,False,4168342.7699999996,1152831.5000000375,1131760.2500000375,S7-TPNONE|F3|1767653100|LONG,EXIT_TRAIL,True,S7-TPNONE,LONG,L,0.5,1767667500,1767653100,1767654000.0,1767666600
3631278.749999881,p20,0.5,4435.53,0,4435.97,4428.439930802446,4428.42,F1,True,4154285.905,-707057.500000017,-728128.750000017,S7-TPNONE|F1|1767843000|LONG,EXIT_SL_RAISED,False,S7-TPNONE,LONG,L,0.5,1767848475.971,1767843000,1767843900.0,1767848400
3631278.749999881,p20,0.5,4435.53,0,4435.97,4428.439930802446,4428.42,F2,True,4154285.905,-707057.500000017,-728128.750000017,S7-TPNONE|F2|1767843000|LONG,EXIT_SL_RAISED,False,S7-TPNONE,LONG,L,0.5,1767848475.971,1767843000,1767843900.0,1767848400
3631278.749999881,p20,0.5,4435.53,0,4435.97,4428.439930802446,4428.42,F3,True,4154285.905,-707057.500000017,-728128.750000017,S7-TPNONE|F3|1767843000|LONG,EXIT_SL_RAISED,False,S7-TPNONE,LONG,L,0.5,1767848475.971,1767843000,1767843900.0,1767848400
1290496.999999891,p20,0.5,4572.26,0,4572.6,4572.127494890865,4572.1,F1,True,4282239.9,-46825.0,-67896.25,S7-TPNONE|F1|1768184100|LONG,EXIT_SL_RAISED,False,S7-TPNONE,LONG,L,0.5,1768187507.776,1768184100,1768185000.0,1768186800
1290496.999999891,p20,0.5,4572.26,0,4572.6,4572.127494890865,4572.1,F2,True,4282239.9,-46825.0,-67896.25,S7-TPNONE|F2|1768184100|LONG,EXIT_SL_RAISED,False,S7-TPNONE,LONG,L,0.5,1768187507.776,1768184100,1768185000.0,1768186800
1290496.999999891,p20,0.5,4572.26,0,4572.6,4572.127494890865,4572.1,F3,True,4282239.9,-46825.0,-67896.25,S7-TPNONE|F3|1768184100|LONG,EXIT_SL_RAISED,False,S7-TPNONE,LONG,L,0.5,1768187507.776,1768184100,1768185000.0,1768186800
4402954.750000031,p20,0.5,4598.93,0,4599.68,4585.485464485997,4585.48,F1,True,4307600.32,-1329830.0000000682,-1350901.2500000682,S7-TPNONE|F1|1768250700|LONG,EXIT_SL_RAISED,False,S7-TPNONE,LONG,L,0.5,1768253871.897,1768250700,1768251600.0,1768253400
4402954.750000031,p20,0.5,4598.93,0,4599.68,4585.485464485997,4585.48,F2,True,4307600.32,-1329830.0000000682,-1350901.2500000682,S7-TPNONE|F2|1768250700|LONG,EXIT_SL_RAISED,False,S7-TPNONE,LONG,L,0.5,1768253871.897,1768250700,1768251600.0,1768253400
4402954.750000031,p20,0.5,4598.93,0,4599.68,4585.485464485997,4585.48,F3,True,4307600.32,-1329830.0000000682,-1350901.2500000682,S7-TPNONE|F3|1768250700|LONG,EXIT_SL_RAISED,False,S7-TPNONE,LONG,L,0.5,1768253871.897,1768250700,1768251600.0,1768253400
2400717.750000191,p20,0.5,4601.2,0,4601.68,4590.83424841009,4590.83,F1,True,4309473.32,-1016102.5000000341,-1037173.7500000341,S7-TPNONE|F1|1768270500|LONG,EXIT_SL_RAISED,False,S7-TPNONE,LONG,L,0.5,1768273217.24,1768270500,1768271400.0,1768273200
2400717.750000191,p20,0.5,4601.2,0,4601.68,4590.83424841009,4590.83,F2,True,4309473.32,-1016102.5000000341,-1037173.7500000341,S7-TPNONE|F2|1768270500|LONG,EXIT_SL_RAISED,False,S7-TPNONE,LONG,L,0.5,1768273217.24,1768270500,1768271400.0,1768273200
2400717.750000191,p20,0.5,4601.2,0,4601.68,4590.83424841009,4590.83,F3,True,4309473.32,-1016102.5000000341,-1037173.7500000341,S7-TPNONE|F3|1768270500|LONG,EXIT_SL_RAISED,False,S7-TPNONE,LONG,L,0.5,1768273217.24,1768270500,1768271400.0,1768273200
2573970.2500000545,p20,0.5,4595.76,0,4596.26,4629.616915402366,4629.61,F1,True,4304397.49,3123227.499999949,3102156.249999949,S7-TPNONE|F1|1768334400|LONG,EXIT_SL_RAISED,False,S7-TPNONE,LONG,L,0.5,1768359360.202,1768334400,1768335300.0,1768358700
2573970.2500000545,p20,0.5,4595.76,0,4596.26,4629.616915402366,4629.61,F2,True,4304397.49,3123227.499999949,3102156.249999949,S7-TPNONE|F2|1768334400|LONG,EXIT_SL_RAISED,False,S7-TPNONE,LONG,L,0.5,1768359360.202,1768334400,1768335300.0,1768358700
2573970.2500000545,p20,0.5,4595.76,0,4596.26,4629.616915402366,4629.61,F3,True,4304397.49,3123227.499999949,3102156.249999949,S7-TPNONE|F3|1768334400|LONG,EXIT_SL_RAISED,False,S7-TPNONE,LONG,L,0.5,1768359360.202,1768334400,1768335300.0,1768358700
4610857.750000055,p20,0.5,4605.17,0,4605.76,4599.754818113246,4599.74,F1,True,4313294.24,-563773.0000000409,-584844.2500000409,S7-TPNONE|F1|1768446000|LONG,EXIT_SL_RAISED,False,S7-TPNONE,LONG,L,0.5,1768453006.405,1768446000,1768446900.0,1768452300
4610857.750000055,p20,0.5,4605.17,0,4605.76,4599.754818113246,4599.74,F2,True,4313294.24,-563773.0000000409,-584844.2500000409,S7-TPNONE|F2|1768446000|LONG,EXIT_SL_RAISED,False,S7-TPNONE,LONG,L,0.5,1768453006.405,1768446000,1768446900.0,1768452300
4610857.750000055,p20,0.5,4605.17,0,4605.76,4599.754818113246,4599.74,F3,True,4313294.24,-563773.0000000409,-584844.2500000409,S7-TPNONE|F3|1768446000|LONG,EXIT_SL_RAISED,False,S7-TPNONE,LONG,L,0.5,1768453006.405,1768446000,1768446900.0,1768452300
2345932.499999847,p20,0.5,4668.77,0,4669.26,4667.152621270937,4666.96,F1,True,4372761.99,-215395.00000001703,-236466.25000001703,S7-TPNONE|F1|1768780800|LONG,EXIT_SL_RAISED,False,S7-TPNONE,LONG,L,0.5,1768796208.839,1768780800,1768781700.0,1768796100
2345932.499999847,p20,0.5,4668.77,0,4669.26,4667.152621270937,4666.96,F2,True,4372761.99,-215395.00000001703,-236466.25000001703,S7-TPNONE|F2|1768780800|LONG,EXIT_SL_RAISED,False,S7-TPNONE,LONG,L,0.5,1768796208.839,1768780800,1768781700.0,1768796100
2345932.499999847,p20,0.5,4668.77,0,4669.26,4667.152621270937,4666.96,F3,True,4372761.99,-215395.00000001703,-236466.25000001703,S7-TPNONE|F3|1768780800|LONG,EXIT_SL_RAISED,False,S7-TPNONE,LONG,L,0.5,1768796208.839,1768780800,1768781700.0,1768796100
4150568.000000143,p20,0.5,4670.04,0,4670.54,4667.527099505794,4667.4,F1,True,4373960.71,-294061.0000000307,-315132.2500000307,S7-TPNONE|F1|1768860000|LONG,EXIT_SL_RAISED,False,S7-TPNONE,LONG,L,0.5,1768863429.097,1768860000,1768860900.0,1768862700
4150568.000000143,p20,0.5,4670.04,0,4670.54,4667.527099505794,4667.4,F2,True,4373960.71,-294061.0000000307,-315132.2500000307,S7-TPNONE|F2|1768860000|LONG,EXIT_SL_RAISED,False,S7-TPNONE,LONG,L,0.5,1768863429.097,1768860000,1768860900.0,1768862700
4150568.000000143,p20,0.5,4670.04,0,4670.54,4667.527099505794,4667.4,F3,True,4373960.71,-294061.0000000307,-315132.2500000307,S7-TPNONE|F3|1768860000|LONG,EXIT_SL_RAISED,False,S7-TPNONE,LONG,L,0.5,1768863429.097,1768860000,1768860900.0,1768862700
2491558.2500000442,p20,0.5,4671.86,0,4672.36,4706.564644634071,4706.55,F1,True,4375665.14,3201893.5000000475,3180822.2500000475,S7-TPNONE|F1|1768864500|LONG,EXIT_SL_RAISED,False,S7-TPNONE,LONG,L,0.5,1768880401.553,1768864500,1768865400.0,1768879800
2491558.2500000442,p20,0.5,4671.86,0,4672.36,4706.564644634071,4706.55,F2,True,4375665.14,3201893.5000000475,3180822.2500000475,S7-TPNONE|F2|1768864500|LONG,EXIT_SL_RAISED,False,S7-TPNONE,LONG,L,0.5,1768880401.553,1768864500,1768865400.0,1768879800
2491558.2500000442,p20,0.5,4671.86,0,4672.36,4706.564644634071,4706.55,F3,True,4375665.14,3201893.5000000475,3180822.2500000475,S7-TPNONE|F3|1768864500|LONG,EXIT_SL_RAISED,False,S7-TPNONE,LONG,L,0.5,1768880401.553,1768864500,1768865400.0,1768879800
2184386.249999898,p20,0.5,4796.5,0,4797.0,4795.23,4795.23,F1,False,4492390.5,-165760.5000000409,-165760.5000000409,S7-TPNONE|F1|1769042700|LONG,reverse,False,S7-TPNONE,LONG,L,0.5,1769049000,1769042700,1769043600.0,1769048100
2184386.249999898,p20,0.5,4796.5,0,4797.0,4795.23,4795.23,F2,False,4492390.5,-165760.5000000409,-165760.5000000409,S7-TPNONE|F2|1769042700|LONG,reverse,False,S7-TPNONE,LONG,L,0.5,1769049000,1769042700,1769043600.0,1769048100
2184386.249999898,p20,0.5,4796.5,0,4797.0,4795.23,4795.23,F3,False,4492390.5,-165760.5000000409,-165760.5000000409,S7-TPNONE|F3|1769042700|LONG,reverse,False,S7-TPNONE,LONG,L,0.5,1769049000,1769042700,1769043600.0,1769048100
6879060.7499999935,p20,0.5,4821.16,0,4821.67,4824.366710560531,4824.31,F1,True,4515493.955,247236.00000003068,226164.75000003068,S7-TPNONE|F1|1769049900|LONG,EXIT_SL_RAISED,False,S7-TPNONE,LONG,L,0.5,1769058668.863,1769049900,1769050800.0,1769058000
6879060.7499999935,p20,0.5,4821.16,0,4821.67,4824.366710560531,4824.31,F2,True,4515493.955,247236.00000003068,226164.75000003068,S7-TPNONE|F2|1769049900|LONG,EXIT_SL_RAISED,False,S7-TPNONE,LONG,L,0.5,1769058668.863,1769049900,1769050800.0,1769058000
6879060.7499999935,p20,0.5,4821.16,0,4821.67,4824.366710560531,4824.31,F3,True,4515493.955,247236.00000003068,226164.75000003068,S7-TPNONE|F3|1769049900|LONG,EXIT_SL_RAISED,False,S7-TPNONE,LONG,L,0.5,1769058668.863,1769049900,1769050800.0,1769058000
5386748.000000041,p20,0.5,4964.98,0,4965.48,4947.903558056472,4947.9,F1,True,4650172.02,-1646366.9999999932,-1667438.2499999932,S7-TPNONE|F1|1769118300|LONG,EXIT_SL_RAISED,False,S7-TPNONE,LONG,L,0.5,1769120300.053,1769118300,1769119200.0,1769120100
5386748.000000041,p20,0.5,4964.98,0,4965.48,4947.903558056472,4947.9,F2,True,4650172.02,-1646366.9999999932,-1667438.2499999932,S7-TPNONE|F2|1769118300|LONG,EXIT_SL_RAISED,False,S7-TPNONE,LONG,L,0.5,1769120300.053,1769118300,1769119200.0,1769120100
5386748.000000041,p20,0.5,4964.98,0,4965.48,4947.903558056472,4947.9,F3,True,4650172.02,-1646366.9999999932,-1667438.2499999932,S7-TPNONE|F3|1769118300|LONG,EXIT_SL_RAISED,False,S7-TPNONE,LONG,L,0.5,1769120300.053,1769118300,1769119200.0,1769120100
1935745.500000092,p20,0.5,4956.7,0,4957.2,4955.208247498228,4955.01,F1,True,4642417.8,-205093.4999999625,-226164.7499999625,S7-TPNONE|F1|1769131800|LONG,EXIT_SL_RAISED,False,S7-TPNONE,LONG,L,0.5,1769137804.941,1769131800,1769132700.0,1769137200
1935745.500000092,p20,0.5,4956.7,0,4957.2,4955.208247498228,4955.01,F2,True,4642417.8,-205093.4999999625,-226164.7499999625,S7-TPNONE|F2|1769131800|LONG,EXIT_SL_RAISED,False,S7-TPNONE,LONG,L,0.5,1769137804.941,1769131800,1769132700.0,1769137200
1935745.500000092,p20,0.5,4956.7,0,4957.2,4955.208247498228,4955.01,F3,True,4642417.8,-205093.4999999625,-226164.7499999625,S7-TPNONE|F3|1769131800|LONG,EXIT_SL_RAISED,False,S7-TPNONE,LONG,L,0.5,1769137804.941,1769131800,1769132700.0,1769137200
5743086.250000154,p20,0.5,5074.23,0,5074.64,5077.78,5077.88,F1,False,4752400.36,303425.99999997957,282354.74999997957,S7-TPNONE|F1|1769395500|LONG,EXIT_TRAIL,True,S7-TPNONE,LONG,L,0.5,1769400000,1769395500,1769396400.0,1769399100
5743086.250000154,p20,0.5,5074.23,0,5074.64,5077.78,5077.88,F2,False,4752400.36,303425.99999997957,282354.74999997957,S7-TPNONE|F2|1769395500|LONG,EXIT_TRAIL,True,S7-TPNONE,LONG,L,0.5,1769400000,1769395500,1769396400.0,1769399100
5743086.250000154,p20,0.5,5074.23,0,5074.64,5077.78,5077.88,F3,False,4752400.36,303425.99999997957,282354.74999997957,S7-TPNONE|F3|1769395500|LONG,EXIT_TRAIL,True,S7-TPNONE,LONG,L,0.5,1769400000,1769395500,1769396400.0,1769399100
4865585.7499999935,p20,0.5,5052.19,0,5052.68,5031.77,5031.71,F1,False,4731834.82,-1963840.5000000237,-1963840.5000000237,S7-TPNONE|F1|1769461200|LONG,reverse,False,S7-TPNONE,LONG,L,0.5,1769463900,1769461200,1769462100.0,1769463000
4865585.7499999935,p20,0.5,5052.19,0,5052.68,5031.77,5031.71,F2,False,4731834.82,-1963840.5000000237,-1963840.5000000237,S7-TPNONE|F2|1769461200|LONG,reverse,False,S7-TPNONE,LONG,L,0.5,1769463900,1769461200,1769462100.0,1769463000
4865585.7499999935,p20,0.5,5052.19,0,5052.68,5031.77,5031.71,F3,False,4731834.82,-1963840.5000000237,-1963840.5000000237,S7-TPNONE|F3|1769461200|LONG,reverse,False,S7-TPNONE,LONG,L,0.5,1769463900,1769461200,1769462100.0,1769463000
5563746.499999986,p20,0.5,5063.78,0,5064.28,5057.513749242495,5057.13,F1,True,4742698.22,-669597.4999999659,-690668.7499999659,S7-TPNONE|F1|1769468400|LONG,EXIT_SL_RAISED,False,S7-TPNONE,LONG,L,0.5,1769479886.462,1769468400,1769469300.0,1769479200
5563746.499999986,p20,0.5,5063.78,0,5064.28,5057.513749242495,5057.13,F2,True,4742698.22,-669597.4999999659,-690668.7499999659,S7-TPNONE|F2|1769468400|LONG,EXIT_SL_RAISED,False,S7-TPNONE,LONG,L,0.5,1769479886.462,1769468400,1769469300.0,1769479200
5563746.499999986,p20,0.5,5063.78,0,5064.28,5057.513749242495,5057.13,F3,True,4742698.22,-669597.4999999659,-690668.7499999659,S7-TPNONE|F3|1769468400|LONG,EXIT_SL_RAISED,False,S7-TPNONE,LONG,L,0.5,1769479886.462,1769468400,1769469300.0,1769479200
4859030.2500000205,p20,0.5,5074.48,0,5074.96,5082.032470822277,5081.9,F1,True,4752700.04,649930.9999999625,628859.7499999625,S7-TPNONE|F1|1769481000|LONG,EXIT_SL_RAISED,False,S7-TPNONE,LONG,L,0.5,1769490410.245,1769481000,1769481900.0,1769490000
4859030.2500000205,p20,0.5,5074.48,0,5074.96,5082.032470822277,5081.9,F2,True,4752700.04,649930.9999999625,628859.7499999625,S7-TPNONE|F2|1769481000|LONG,EXIT_SL_RAISED,False,S7-TPNONE,LONG,L,0.5,1769490410.245,1769481000,1769481900.0,1769490000
4859030.2500000205,p20,0.5,5074.48,0,5074.96,5082.032470822277,5081.9,F3,True,4752700.04,649930.9999999625,628859.7499999625,S7-TPNONE|F3|1769481000|LONG,EXIT_SL_RAISED,False,S7-TPNONE,LONG,L,0.5,1769490410.245,1769481000,1769481900.0,1769490000
9843083.24999979,p20,0.5,5190.91,0,5190.07,5289.96,5289.96,F1,False,4860500.555,9354698.50000003,9333627.25000003,S7-TPNONE|F1|1769551200|LONG,EXIT_TRAIL,True,S7-TPNONE,LONG,L,0.5,1769579100,1769551200,1769552100.0,1769578200
9843083.24999979,p20,0.5,5190.91,0,5190.07,5289.96,5289.96,F2,False,4860500.555,9354698.50000003,9333627.25000003,S7-TPNONE|F2|1769551200|LONG,EXIT_TRAIL,True,S7-TPNONE,LONG,L,0.5,1769579100,1769551200,1769552100.0,1769578200
9843083.24999979,p20,0.5,5190.91,0,5190.07,5289.96,5289.96,F3,False,4860500.555,9354698.50000003,9333627.25000003,S7-TPNONE|F3|1769551200|LONG,EXIT_TRAIL,True,S7-TPNONE,LONG,L,0.5,1769579100,1769551200,1769552100.0,1769578200
8211232.000000197,p20,0.5,5525.67,0,5526.06,5524.834183398698,5523.08,F1,True,5175155.19,-279077.0000000443,-300148.2500000443,S7-TPNONE|F1|1769643000|LONG,EXIT_SL_RAISED,False,S7-TPNONE,LONG,L,0.5,1769653391.237,1769643000,1769643900.0,1769652900
8211232.000000197,p20,0.5,5525.67,0,5526.06,5524.834183398698,5523.08,F2,True,5175155.19,-279077.0000000443,-300148.2500000443,S7-TPNONE|F2|1769643000|LONG,EXIT_SL_RAISED,False,S7-TPNONE,LONG,L,0.5,1769653391.237,1769643000,1769643900.0,1769652900
8211232.000000197,p20,0.5,5525.67,0,5526.06,5524.834183398698,5523.08,F3,True,5175155.19,-279077.0000000443,-300148.2500000443,S7-TPNONE|F3|1769643000|LONG,EXIT_SL_RAISED,False,S7-TPNONE,LONG,L,0.5,1769653391.237,1769643000,1769643900.0,1769652900
17544859.24999994,p20,0.5,5184.7,0,5184.51,5179.210024239196,5179.8,F1,True,4855293.615,441091.50000000343,420020.25000000343,S7-TPNONE|F1|1769741100|SHORT,EXIT_SL_RAISED,False,S7-TPNONE,SHORT,S,0.5,1769749087.119,1769741100,1769742000.0,1769748300
17544859.24999994,p20,0.5,5184.7,0,5184.51,5179.210024239196,5179.8,F2,True,4855293.615,441091.50000000343,420020.25000000343,S7-TPNONE|F2|1769741100|SHORT,EXIT_SL_RAISED,False,S7-TPNONE,SHORT,S,0.5,1769749087.119,1769741100,1769742000.0,1769748300
17544859.24999994,p20,0.5,5184.7,0,5184.51,5179.210024239196,5179.8,F3,True,4855293.615,441091.50000000343,420020.25000000343,S7-TPNONE|F3|1769741100|SHORT,EXIT_SL_RAISED,False,S7-TPNONE,SHORT,S,0.5,1769749087.119,1769741100,1769742000.0,1769748300
23204597.00000006,p20,0.5,4838.06,1,4741.16,4796.602780707185,4796.74,F1,True,4440096.34,-5205066.9999999935,-5226138.2499999935,S7-TPNONE|F1|1769795100|SHORT,EXIT_SL_RAISED,False,S7-TPNONE,SHORT,S,0.5,1769980112.896,1769795100,1769976900.0,1769979600
23204597.00000006,p20,0.5,4838.06,1,4741.16,4796.602780707185,4796.74,F2,True,4440096.34,-5205066.9999999935,-5226138.2499999935,S7-TPNONE|F2|1769795100|SHORT,EXIT_SL_RAISED,False,S7-TPNONE,SHORT,S,0.5,1769980112.896,1769795100,1769976900.0,1769979600
23204597.00000006,p20,0.5,4838.06,1,4741.16,4796.602780707185,4796.74,F3,True,4440096.34,-5205066.9999999935,-5226138.2499999935,S7-TPNONE|F3|1769795100|SHORT,EXIT_SL_RAISED,False,S7-TPNONE,SHORT,S,0.5,1769980112.896,1769795100,1769976900.0,1769979600
60088181.25000017,p20,0.5,4643.74,0,4643.27,4743.683538143469,4743.9,F1,True,4348422.355,-9423999.499999925,-9445070.749999925,S7-TPNONE|F1|1769983200|SHORT,EXIT_SL_RAISED,False,S7-TPNONE,SHORT,S,0.5,1769988620.681,1769983200,1769984100.0,1769988600
60088181.25000017,p20,0.5,4643.74,0,4643.27,4743.683538143469,4743.9,F2,True,4348422.355,-9423999.499999925,-9445070.749999925,S7-TPNONE|F2|1769983200|SHORT,EXIT_SL_RAISED,False,S7-TPNONE,SHORT,S,0.5,1769988620.681,1769983200,1769984100.0,1769988600
60088181.25000017,p20,0.5,4643.74,0,4643.27,4743.683538143469,4743.9,F3,True,4348422.355,-9423999.499999925,-9445070.749999925,S7-TPNONE|F3|1769983200|SHORT,EXIT_SL_RAISED,False,S7-TPNONE,SHORT,S,0.5,1769988620.681,1769983200,1769984100.0,1769988600
12293903.750000136,p20,0.5,4692.71,0,4691.91,4698.045507250292,4698.38,F1,True,4393973.715,-605915.5000000239,-626986.7500000239,S7-TPNONE|F1|1769990400|SHORT,EXIT_SL_RAISED,False,S7-TPNONE,SHORT,S,0.5,1769995198.893,1769990400,1769991300.0,1769994900
12293903.750000136,p20,0.5,4692.71,0,4691.91,4698.045507250292,4698.38,F2,True,4393973.715,-605915.5000000239,-626986.7500000239,S7-TPNONE|F2|1769990400|SHORT,EXIT_SL_RAISED,False,S7-TPNONE,SHORT,S,0.5,1769995198.893,1769990400,1769991300.0,1769994900
12293903.750000136,p20,0.5,4692.71,0,4691.91,4698.045507250292,4698.38,F3,True,4393973.715,-605915.5000000239,-626986.7500000239,S7-TPNONE|F3|1769990400|SHORT,EXIT_SL_RAISED,False,S7-TPNONE,SHORT,S,0.5,1769995198.893,1769990400,1769991300.0,1769994900
27775653.49999993,p20,0.5,4575.2,0,4575.22,4500.726962157214,4501.32,F1,True,4284693.53,6920735.000000051,6899663.750000051,S7-TPNONE|F1|1769999400|SHORT,EXIT_SL_RAISED,False,S7-TPNONE,SHORT,S,0.5,1770004578.668,1769999400,1770000300.0,1770003900
27775653.49999993,p20,0.5,4575.2,0,4575.22,4500.726962157214,4501.32,F2,True,4284693.53,6920735.000000051,6899663.750000051,S7-TPNONE|F2|1769999400|SHORT,EXIT_SL_RAISED,False,S7-TPNONE,SHORT,S,0.5,1770004578.668,1769999400,1770000300.0,1770003900
27775653.49999993,p20,0.5,4575.2,0,4575.22,4500.726962157214,4501.32,F3,True,4284693.53,6920735.000000051,6899663.750000051,S7-TPNONE|F3|1769999400|SHORT,EXIT_SL_RAISED,False,S7-TPNONE,SHORT,S,0.5,1770004578.668,1769999400,1770000300.0,1770003900
18157330.250000104,p20,0.5,4932.57,0,4932.69,4961.119083327502,4961.58,F1,True,4619464.185,-2705548.5000000307,-2726619.7500000307,S7-TPNONE|F1|1770148800|SHORT,EXIT_SL_RAISED,False,S7-TPNONE,SHORT,S,0.5,1770152714.634,1770148800,1770149700.0,1770152400
18157330.250000104,p20,0.5,4932.57,0,4932.69,4961.119083327502,4961.58,F2,True,4619464.185,-2705548.5000000307,-2726619.7500000307,S7-TPNONE|F2|1770148800|SHORT,EXIT_SL_RAISED,False,S7-TPNONE,SHORT,S,0.5,1770152714.634,1770148800,1770149700.0,1770152400
18157330.250000104,p20,0.5,4932.57,0,4932.69,4961.119083327502,4961.58,F3,True,4619464.185,-2705548.5000000307,-2726619.7500000307,S7-TPNONE|F3|1770148800|SHORT,EXIT_SL_RAISED,False,S7-TPNONE,SHORT,S,0.5,1770152714.634,1770148800,1770149700.0,1770152400
3823261.249999898,p20,0.5,5076.53,0,5076.93,5065.139574420094,5064.96,F1,True,4754544.945,-1120990.5000000237,-1142061.7500000237,S7-TPNONE|F1|1770176700|LONG,EXIT_SL_RAISED,False,S7-TPNONE,LONG,L,0.5,1770185751.604,1770176700,1770177600.0,1770185700
3823261.249999898,p20,0.5,5076.53,0,5076.93,5065.139574420094,5064.96,F2,True,4754544.945,-1120990.5000000237,-1142061.7500000237,S7-TPNONE|F2|1770176700|LONG,EXIT_SL_RAISED,False,S7-TPNONE,LONG,L,0.5,1770185751.604,1770176700,1770177600.0,1770185700
3823261.249999898,p20,0.5,5076.53,0,5076.93,5065.139574420094,5064.96,F3,True,4754544.945,-1120990.5000000237,-1142061.7500000237,S7-TPNONE|F3|1770176700|LONG,EXIT_SL_RAISED,False,S7-TPNONE,LONG,L,0.5,1770185751.604,1770176700,1770177600.0,1770185700
8506229.499999823,p20,0.5,4852.82,0,4852.82,4885.61,4886.11,F1,False,4544665.93,-3117608.4999999967,-3138679.7499999967,S7-TPNONE|F1|1770256800|SHORT,EXIT_TRAIL,True,S7-TPNONE,SHORT,S,0.5,1770259500,1770256800,1770257700.0,1770258600
8506229.499999823,p20,0.5,4852.82,0,4852.82,4885.61,4886.11,F2,False,4544665.93,-3117608.4999999967,-3138679.7499999967,S7-TPNONE|F2|1770256800|SHORT,EXIT_TRAIL,True,S7-TPNONE,SHORT,S,0.5,1770259500,1770256800,1770257700.0,1770258600
8506229.499999823,p20,0.5,4852.82,0,4852.82,4885.61,4886.11,F3,False,4544665.93,-3117608.4999999967,-3138679.7499999967,S7-TPNONE|F3|1770256800|SHORT,EXIT_TRAIL,True,S7-TPNONE,SHORT,S,0.5,1770259500,1770256800,1770257700.0,1770258600
4693269.7499999795,p20,0.5,5036.86,0,5037.01,5019.778683354326,5019.74,F1,True,4717159.865,-1617335.500000041,-1638406.750000041,S7-TPNONE|F1|1770605100|LONG,EXIT_SL_RAISED,False,S7-TPNONE,LONG,L,0.5,1770607323.479,1770605100,1770606000.0,1770606900
4693269.7499999795,p20,0.5,5036.86,0,5037.01,5019.778683354326,5019.74,F2,True,4717159.865,-1617335.500000041,-1638406.750000041,S7-TPNONE|F2|1770605100|LONG,EXIT_SL_RAISED,False,S7-TPNONE,LONG,L,0.5,1770607323.479,1770605100,1770606000.0,1770606900
4693269.7499999795,p20,0.5,5036.86,0,5037.01,5019.778683354326,5019.74,F3,True,4717159.865,-1617335.500000041,-1638406.750000041,S7-TPNONE|F3|1770605100|LONG,EXIT_SL_RAISED,False,S7-TPNONE,LONG,L,0.5,1770607323.479,1770605100,1770606000.0,1770606900
4117322.2500000987,p20,0.5,5040.04,0,5040.54,5032.586264171117,5032.51,F1,True,4720465.71,-752009.4999999761,-773080.7499999761,S7-TPNONE|F1|1770758100|LONG,EXIT_SL_RAISED,False,S7-TPNONE,LONG,L,0.5,1770760804.48,1770758100,1770759000.0,1770760800
4117322.2500000987,p20,0.5,5040.04,0,5040.54,5032.586264171117,5032.51,F2,True,4720465.71,-752009.4999999761,-773080.7499999761,S7-TPNONE|F2|1770758100|LONG,EXIT_SL_RAISED,False,S7-TPNONE,LONG,L,0.5,1770760804.48,1770758100,1770759000.0,1770760800
4117322.2500000987,p20,0.5,5040.04,0,5040.54,5032.586264171117,5032.51,F3,True,4720465.71,-752009.4999999761,-773080.7499999761,S7-TPNONE|F3|1770758100|LONG,EXIT_SL_RAISED,False,S7-TPNONE,LONG,L,0.5,1770760804.48,1770758100,1770759000.0,1770760800
4232511.750000058,p20,0.5,5043.96,0,5044.46,5035.371688905438,5035.35,F1,True,4724136.79,-853151.4999999694,-874222.7499999694,S7-TPNONE|F1|1770762600|LONG,EXIT_SL_RAISED,False,S7-TPNONE,LONG,L,0.5,1770765291.372,1770762600,1770763500.0,1770764400
4232511.750000058,p20,0.5,5043.96,0,5044.46,5035.371688905438,5035.35,F2,True,4724136.79,-853151.4999999694,-874222.7499999694,S7-TPNONE|F2|1770762600|LONG,EXIT_SL_RAISED,False,S7-TPNONE,LONG,L,0.5,1770765291.372,1770762600,1770763500.0,1770764400
4232511.750000058,p20,0.5,5043.96,0,5044.46,5035.371688905438,5035.35,F3,True,4724136.79,-853151.4999999694,-874222.7499999694,S7-TPNONE|F3|1770762600|LONG,EXIT_SL_RAISED,False,S7-TPNONE,LONG,L,0.5,1770765291.372,1770762600,1770763500.0,1770764400
4210035.7499999935,p20,0.5,5053.82,0,5054.32,5045.518743710851,5045.39,F1,True,4733370.68,-836294.499999942,-857365.749999942,S7-TPNONE|F1|1770766200|LONG,EXIT_SL_RAISED,False,S7-TPNONE,LONG,L,0.5,1770775309.373,1770766200,1770767100.0,1770775200
4210035.7499999935,p20,0.5,5053.82,0,5054.32,5045.518743710851,5045.39,F2,True,4733370.68,-836294.499999942,-857365.749999942,S7-TPNONE|F2|1770766200|LONG,EXIT_SL_RAISED,False,S7-TPNONE,LONG,L,0.5,1770775309.373,1770766200,1770767100.0,1770775200
4210035.7499999935,p20,0.5,5053.82,0,5054.32,5045.518743710851,5045.39,F3,True,4733370.68,-836294.499999942,-857365.749999942,S7-TPNONE|F3|1770766200|LONG,EXIT_SL_RAISED,False,S7-TPNONE,LONG,L,0.5,1770775309.373,1770766200,1770767100.0,1770775200
3598969.5000000275,p20,0.5,5062.18,0,5062.68,5054.141288174476,5053.45,F1,True,4741199.82,-864389.5000000442,-885460.7500000442,S7-TPNONE|F1|1770777000|LONG,EXIT_SL_RAISED,False,S7-TPNONE,LONG,L,0.5,1770783924.741,1770777000,1770777900.0,1770783300
3598969.5000000275,p20,0.5,5062.18,0,5062.68,5054.141288174476,5053.45,F2,True,4741199.82,-864389.5000000442,-885460.7500000442,S7-TPNONE|F2|1770777000|LONG,EXIT_SL_RAISED,False,S7-TPNONE,LONG,L,0.5,1770783924.741,1770777000,1770777900.0,1770783300
3598969.5000000275,p20,0.5,5062.18,0,5062.68,5054.141288174476,5053.45,F3,True,4741199.82,-864389.5000000442,-885460.7500000442,S7-TPNONE|F3|1770777000|LONG,EXIT_SL_RAISED,False,S7-TPNONE,LONG,L,0.5,1770783924.741,1770777000,1770777900.0,1770783300
5976742.999999887,p20,0.5,4963.96,0,4963.96,4966.842603038677,4967.55,F1,True,4648748.54,-336203.5000000136,-357274.7500000136,S7-TPNONE|F1|1770949800|SHORT,EXIT_SL_RAISED,False,S7-TPNONE,SHORT,S,0.5,1770955105.817,1770949800,1770950700.0,1770954300
5976742.999999887,p20,0.5,4963.96,0,4963.96,4966.842603038677,4967.55,F2,True,4648748.54,-336203.5000000136,-357274.7500000136,S7-TPNONE|F2|1770949800|SHORT,EXIT_SL_RAISED,False,S7-TPNONE,SHORT,S,0.5,1770955105.817,1770949800,1770950700.0,1770954300
5976742.999999887,p20,0.5,4963.96,0,4963.96,4966.842603038677,4967.55,F3,True,4648748.54,-336203.5000000136,-357274.7500000136,S7-TPNONE|F3|1770949800|SHORT,EXIT_SL_RAISED,False,S7-TPNONE,SHORT,S,0.5,1770955105.817,1770949800,1770950700.0,1770954300
3305844.999999932,p20,0.5,5029.16,0,5029.66,5010.13047498514,5009.6,F1,True,4710276.59,-1878618.9999999523,-1899690.2499999523,S7-TPNONE|F1|1771186500|LONG,EXIT_SL_RAISED,False,S7-TPNONE,LONG,L,0.5,1771189411.02,1771186500,1771187400.0,1771189200
3305844.999999932,p20,0.5,5029.16,0,5029.66,5010.13047498514,5009.6,F2,True,4710276.59,-1878618.9999999523,-1899690.2499999523,S7-TPNONE|F2|1771186500|LONG,EXIT_SL_RAISED,False,S7-TPNONE,LONG,L,0.5,1771189411.02,1771186500,1771187400.0,1771189200
3305844.999999932,p20,0.5,5029.16,0,5029.66,5010.13047498514,5009.6,F3,True,4710276.59,-1878618.9999999523,-1899690.2499999523,S7-TPNONE|F3|1771186500|LONG,EXIT_SL_RAISED,False,S7-TPNONE,LONG,L,0.5,1771189411.02,1771186500,1771187400.0,1771189200
2439582.499999847,p20,0.5,4989.75,0,4989.75,4947.658984825343,4947.9,F1,True,4672900.875,3919252.500000034,3898181.250000034,S7-TPNONE|F1|1771273800|SHORT,EXIT_SL_RAISED,False,S7-TPNONE,SHORT,S,0.5,1771279693.86,1771273800,1771274700.0,1771279200
2439582.499999847,p20,0.5,4989.75,0,4989.75,4947.658984825343,4947.9,F2,True,4672900.875,3919252.500000034,3898181.250000034,S7-TPNONE|F2|1771273800|SHORT,EXIT_SL_RAISED,False,S7-TPNONE,SHORT,S,0.5,1771279693.86,1771273800,1771274700.0,1771279200
2439582.499999847,p20,0.5,4989.75,0,4989.75,4947.658984825343,4947.9,F3,True,4672900.875,3919252.500000034,3898181.250000034,S7-TPNONE|F3|1771273800|SHORT,EXIT_SL_RAISED,False,S7-TPNONE,SHORT,S,0.5,1771279693.86,1771273800,1771274700.0,1771279200
2442391.999999993,p20,0.5,4957.34,0,4957.55,4886.3666873073535,4886.54,F1,True,4642745.575,6650086.5000000205,6629015.2500000205,S7-TPNONE|F1|1771281900|SHORT,EXIT_SL_RAISED,False,S7-TPNONE,SHORT,S,0.5,1771296403.701,1771281900,1771282800.0,1771296300
2442391.999999993,p20,0.5,4957.34,0,4957.55,4886.3666873073535,4886.54,F2,True,4642745.575,6650086.5000000205,6629015.2500000205,S7-TPNONE|F2|1771281900|SHORT,EXIT_SL_RAISED,False,S7-TPNONE,SHORT,S,0.5,1771296403.701,1771281900,1771282800.0,1771296300
2442391.999999993,p20,0.5,4957.34,0,4957.55,4886.3666873073535,4886.54,F3,True,4642745.575,6650086.5000000205,6629015.2500000205,S7-TPNONE|F3|1771281900|SHORT,EXIT_SL_RAISED,False,S7-TPNONE,SHORT,S,0.5,1771296403.701,1771281900,1771282800.0,1771296300
6947893.499999792,p20,0.5,4858.97,0,4858.97,4878.675458252092,4879.12,F1,True,4550425.405,-1887047.499999966,-1908118.749999966,S7-TPNONE|F1|1771361100|SHORT,EXIT_SL_RAISED,False,S7-TPNONE,SHORT,S,0.5,1771364058.98,1771361100,1771362000.0,1771363800
6947893.499999792,p20,0.5,4858.97,0,4858.97,4878.675458252092,4879.12,F2,True,4550425.405,-1887047.499999966,-1908118.749999966,S7-TPNONE|F2|1771361100|SHORT,EXIT_SL_RAISED,False,S7-TPNONE,SHORT,S,0.5,1771364058.98,1771361100,1771362000.0,1771363800
6947893.499999792,p20,0.5,4858.97,0,4858.97,4878.675458252092,4879.12,F3,True,4550425.405,-1887047.499999966,-1908118.749999966,S7-TPNONE|F3|1771361100|SHORT,EXIT_SL_RAISED,False,S7-TPNONE,SHORT,S,0.5,1771364058.98,1771361100,1771362000.0,1771363800
4331312.50000017,p20,0.5,5006.38,0,5006.9,5000.253885940436,5000.24,F1,True,4688961.85,-623708.9999999864,-644780.2499999864,S7-TPNONE|F1|1771537500|LONG,EXIT_SL_RAISED,False,S7-TPNONE,LONG,L,0.5,1771539921.466,1771537500,1771538400.0,1771539300
4331312.50000017,p20,0.5,5006.38,0,5006.9,5000.253885940436,5000.24,F2,True,4688961.85,-623708.9999999864,-644780.2499999864,S7-TPNONE|F2|1771537500|LONG,EXIT_SL_RAISED,False,S7-TPNONE,LONG,L,0.5,1771539921.466,1771537500,1771538400.0,1771539300
4331312.50000017,p20,0.5,5006.38,0,5006.9,5000.253885940436,5000.24,F3,True,4688961.85,-623708.9999999864,-644780.2499999864,S7-TPNONE|F3|1771537500|LONG,EXIT_SL_RAISED,False,S7-TPNONE,LONG,L,0.5,1771539921.466,1771537500,1771538400.0,1771539300
3618167.7499999353,p20,0.5,5022.54,0,5023.04,5009.810108600179,5009.81,F1,True,4704076.96,-1238989.499999959,-1260060.749999959,S7-TPNONE|F1|1771560000|LONG,EXIT_SL_RAISED,False,S7-TPNONE,LONG,L,0.5,1771563384.427,1771560000,1771560900.0,1771562700
3618167.7499999353,p20,0.5,5022.54,0,5023.04,5009.810108600179,5009.81,F2,True,4704076.96,-1238989.499999959,-1260060.749999959,S7-TPNONE|F2|1771560000|LONG,EXIT_SL_RAISED,False,S7-TPNONE,LONG,L,0.5,1771563384.427,1771560000,1771560900.0,1771562700
3618167.7499999353,p20,0.5,5022.54,0,5023.04,5009.810108600179,5009.81,F3,True,4704076.96,-1238989.499999959,-1260060.749999959,S7-TPNONE|F3|1771560000|LONG,EXIT_SL_RAISED,False,S7-TPNONE,LONG,L,0.5,1771563384.427,1771560000,1771560900.0,1771562700
4168361.5000001057,p20,0.5,5182.45,0,5182.96,5167.920487590759,5167.58,F1,True,4853842.04,-1440337.0000000102,-1461408.2500000102,S7-TPNONE|F1|1771901100|LONG,EXIT_SL_RAISED,False,S7-TPNONE,LONG,L,0.5,1771903781.261,1771901100,1771902000.0,1771902900
4168361.5000001057,p20,0.5,5182.45,0,5182.96,5167.920487590759,5167.58,F2,True,4853842.04,-1440337.0000000102,-1461408.2500000102,S7-TPNONE|F2|1771901100|LONG,EXIT_SL_RAISED,False,S7-TPNONE,LONG,L,0.5,1771903781.261,1771901100,1771902000.0,1771902900
4168361.5000001057,p20,0.5,5182.45,0,5182.96,5167.920487590759,5167.58,F3,True,4853842.04,-1440337.0000000102,-1461408.2500000102,S7-TPNONE|F3|1771901100|LONG,EXIT_SL_RAISED,False,S7-TPNONE,LONG,L,0.5,1771903781.261,1771901100,1771902000.0,1771902900
4295725.500000245,p20,0.5,5152.15,0,5152.65,5174.571547889493,5174.44,F1,True,4825456.725,2040633.4999999965,2019562.2499999965,S7-TPNONE|F1|1771969500|LONG,EXIT_SL_RAISED,False,S7-TPNONE,LONG,L,0.5,1771977062.493,1771969500,1771970400.0,1771976700
4295725.500000245,p20,0.5,5152.15,0,5152.65,5174.571547889493,5174.44,F2,True,4825456.725,2040633.4999999965,2019562.2499999965,S7-TPNONE|F2|1771969500|LONG,EXIT_SL_RAISED,False,S7-TPNONE,LONG,L,0.5,1771977062.493,1771969500,1771970400.0,1771976700
4295725.500000245,p20,0.5,5152.15,0,5152.65,5174.571547889493,5174.44,F3,True,4825456.725,2040633.4999999965,2019562.2499999965,S7-TPNONE|F3|1771969500|LONG,EXIT_SL_RAISED,False,S7-TPNONE,LONG,L,0.5,1771977062.493,1771969500,1771970400.0,1771976700
2632969.749999809,p20,0.5,5188.29,0,5188.74,5195.030674154452,5194.65,F1,True,4859255.01,553471.4999999864,532400.2499999864,S7-TPNONE|F1|1771984800|LONG,EXIT_SL_RAISED,False,S7-TPNONE,LONG,L,0.5,1771988592.437,1771984800,1771985700.0,1771988400
2632969.749999809,p20,0.5,5188.29,0,5188.74,5195.030674154452,5194.65,F2,True,4859255.01,553471.4999999864,532400.2499999864,S7-TPNONE|F2|1771984800|LONG,EXIT_SL_RAISED,False,S7-TPNONE,LONG,L,0.5,1771988592.437,1771984800,1771985700.0,1771988400
2632969.749999809,p20,0.5,5188.29,0,5188.74,5195.030674154452,5194.65,F3,True,4859255.01,553471.4999999864,532400.2499999864,S7-TPNONE|F3|1771984800|LONG,EXIT_SL_RAISED,False,S7-TPNONE,LONG,L,0.5,1771988592.437,1771984800,1771985700.0,1771988400
6052131.25,p20,0.5,5184.89,0,5185.62,5179.442071628454,5179.44,F1,True,4856333.13,-578757.0000000272,-599828.2500000272,S7-TPNONE|F1|1772054100|LONG,EXIT_SL_RAISED,False,S7-TPNONE,LONG,L,0.5,1772058535.693,1772054100,1772055000.0,1772057700
6052131.25,p20,0.5,5184.89,0,5185.62,5179.442071628454,5179.44,F2,True,4856333.13,-578757.0000000272,-599828.2500000272,S7-TPNONE|F2|1772054100|LONG,EXIT_SL_RAISED,False,S7-TPNONE,LONG,L,0.5,1772058535.693,1772054100,1772055000.0,1772057700
6052131.25,p20,0.5,5184.89,0,5185.62,5179.442071628454,5179.44,F3,True,4856333.13,-578757.0000000272,-599828.2500000272,S7-TPNONE|F3|1772054100|LONG,EXIT_SL_RAISED,False,S7-TPNONE,LONG,L,0.5,1772058535.693,1772054100,1772055000.0,1772057700
1630914.7499999115,p20,0.5,5187.08,0,5187.58,5191.904231569056,5191.79,F1,True,4858168.67,394266.50000000343,373195.25000000343,S7-TPNONE|F1|1772064000|LONG,EXIT_SL_RAISED,False,S7-TPNONE,LONG,L,0.5,1772074098.028,1772064000,1772064900.0,1772073900
1630914.7499999115,p20,0.5,5187.08,0,5187.58,5191.904231569056,5191.79,F2,True,4858168.67,394266.50000000343,373195.25000000343,S7-TPNONE|F2|1772064000|LONG,EXIT_SL_RAISED,False,S7-TPNONE,LONG,L,0.5,1772074098.028,1772064000,1772064900.0,1772073900
1630914.7499999115,p20,0.5,5187.08,0,5187.58,5191.904231569056,5191.79,F3,True,4858168.67,394266.50000000343,373195.25000000343,S7-TPNONE|F3|1772064000|LONG,EXIT_SL_RAISED,False,S7-TPNONE,LONG,L,0.5,1772074098.028,1772064000,1772064900.0,1772073900
2595509.749999843,p20,0.5,5188.09,0,5188.44,5174.510968227439,5174.31,F1,True,4858974.06,-1323274.499999925,-1344345.749999925,S7-TPNONE|F1|1772140500|LONG,EXIT_SL_RAISED,False,S7-TPNONE,LONG,L,0.5,1772142300.47,1772140500,1772141400.0,1772142300
2595509.749999843,p20,0.5,5188.09,0,5188.44,5174.510968227439,5174.31,F2,True,4858974.06,-1323274.499999925,-1344345.749999925,S7-TPNONE|F2|1772140500|LONG,EXIT_SL_RAISED,False,S7-TPNONE,LONG,L,0.5,1772142300.47,1772140500,1772141400.0,1772142300
2595509.749999843,p20,0.5,5188.09,0,5188.44,5174.510968227439,5174.31,F3,True,4858974.06,-1323274.499999925,-1344345.749999925,S7-TPNONE|F3|1772140500|LONG,EXIT_SL_RAISED,False,S7-TPNONE,LONG,L,0.5,1772142300.47,1772140500,1772141400.0,1772142300
5663015.500000024,p20,0.5,5188.3,0,5188.77,5184.867119180905,5184.83,F1,True,4859283.105,-368981.0000000477,-390052.2500000477,S7-TPNONE|F1|1772145000|LONG,EXIT_SL_RAISED,False,S7-TPNONE,LONG,L,0.5,1772148207.571,1772145000,1772145900.0,1772147700
5663015.500000024,p20,0.5,5188.3,0,5188.77,5184.867119180905,5184.83,F2,True,4859283.105,-368981.0000000477,-390052.2500000477,S7-TPNONE|F2|1772145000|LONG,EXIT_SL_RAISED,False,S7-TPNONE,LONG,L,0.5,1772148207.571,1772145000,1772145900.0,1772147700
5663015.500000024,p20,0.5,5188.3,0,5188.77,5184.867119180905,5184.83,F3,True,4859283.105,-368981.0000000477,-390052.2500000477,S7-TPNONE|F3|1772145000|LONG,EXIT_SL_RAISED,False,S7-TPNONE,LONG,L,0.5,1772148207.571,1772145000,1772145900.0,1772147700
1269425.749999942,p20,0.5,5186.45,0,5186.95,5189.055374253179,5188.74,F1,True,4857578.675,167633.4999999966,146562.2499999966,S7-TPNONE|F1|1772154000|LONG,EXIT_SL_RAISED,False,S7-TPNONE,LONG,L,0.5,1772164431.034,1772154000,1772154900.0,1772163900
1269425.749999942,p20,0.5,5186.45,0,5186.95,5189.055374253179,5188.74,F2,True,4857578.675,167633.4999999966,146562.2499999966,S7-TPNONE|F2|1772154000|LONG,EXIT_SL_RAISED,False,S7-TPNONE,LONG,L,0.5,1772164431.034,1772154000,1772154900.0,1772163900
1269425.749999942,p20,0.5,5186.45,0,5186.95,5189.055374253179,5188.74,F3,True,4857578.675,167633.4999999966,146562.2499999966,S7-TPNONE|F3|1772154000|LONG,EXIT_SL_RAISED,False,S7-TPNONE,LONG,L,0.5,1772164431.034,1772154000,1772154900.0,1772163900
4748055.000000068,p20,0.5,5083.5,0,5083.48,5088.892280830273,5088.94,F1,True,4760679.02,-511329.00000000343,-532400.2500000035,S7-TPNONE|F1|1772746200|SHORT,EXIT_SL_RAISED,False,S7-TPNONE,SHORT,S,0.5,1772749854.322,1772746200,1772747100.0,1772749800
4748055.000000068,p20,0.5,5083.5,0,5083.48,5088.892280830273,5088.94,F2,True,4760679.02,-511329.00000000343,-532400.2500000035,S7-TPNONE|F2|1772746200|SHORT,EXIT_SL_RAISED,False,S7-TPNONE,SHORT,S,0.5,1772749854.322,1772746200,1772747100.0,1772749800
4748055.000000068,p20,0.5,5083.5,0,5083.48,5088.892280830273,5088.94,F3,True,4760679.02,-511329.00000000343,-532400.2500000035,S7-TPNONE|F3|1772746200|SHORT,EXIT_SL_RAISED,False,S7-TPNONE,SHORT,S,0.5,1772749854.322,1772746200,1772747100.0,1772749800
4560755.000000068,p20,0.5,5097.45,0,5097.63,5110.040695298338,5110.05,F1,True,4773930.495,-1163133.0000000068,-1184204.2500000068,S7-TPNONE|F1|1773027900|SHORT,EXIT_SL_RAISED,False,S7-TPNONE,SHORT,S,0.5,1773036544.4,1773027900,1773028800.0,1773036000
4560755.000000068,p20,0.5,5097.45,0,5097.63,5110.040695298338,5110.05,F2,True,4773930.495,-1163133.0000000068,-1184204.2500000068,S7-TPNONE|F2|1773027900|SHORT,EXIT_SL_RAISED,False,S7-TPNONE,SHORT,S,0.5,1773036544.4,1773027900,1773028800.0,1773036000
4560755.000000068,p20,0.5,5097.45,0,5097.63,5110.040695298338,5110.05,F3,True,4773930.495,-1163133.0000000068,-1184204.2500000068,S7-TPNONE|F3|1773027900|SHORT,EXIT_SL_RAISED,False,S7-TPNONE,SHORT,S,0.5,1773036544.4,1773027900,1773028800.0,1773036000
5529095.999999741,p20,0.5,5152.67,0,5153.32,5136.031594697848,5135.94,F1,True,4826084.18,-1627637.0000000102,-1648708.2500000102,S7-TPNONE|F1|1773085500|LONG,EXIT_SL_RAISED,False,S7-TPNONE,LONG,L,0.5,1773090026.428,1773085500,1773086400.0,1773090000
5529095.999999741,p20,0.5,5152.67,0,5153.32,5136.031594697848,5135.94,F2,True,4826084.18,-1627637.0000000102,-1648708.2500000102,S7-TPNONE|F2|1773085500|LONG,EXIT_SL_RAISED,False,S7-TPNONE,LONG,L,0.5,1773090026.428,1773085500,1773086400.0,1773090000
5529095.999999741,p20,0.5,5152.67,0,5153.32,5136.031594697848,5135.94,F3,True,4826084.18,-1627637.0000000102,-1648708.2500000102,S7-TPNONE|F3|1773085500|LONG,EXIT_SL_RAISED,False,S7-TPNONE,LONG,L,0.5,1773090026.428,1773085500,1773086400.0,1773090000
8520745.249999885,p20,0.5,5143.18,0,5143.68,5164.941005851594,5164.82,F1,True,4817056.32,1979760.9999999455,1958689.7499999455,S7-TPNONE|F1|1773093600|LONG,EXIT_SL_RAISED,False,S7-TPNONE,LONG,L,0.5,1773100745.838,1773093600,1773094500.0,1773099900
8520745.249999885,p20,0.5,5143.18,0,5143.68,5164.941005851594,5164.82,F2,True,4817056.32,1979760.9999999455,1958689.7499999455,S7-TPNONE|F2|1773093600|LONG,EXIT_SL_RAISED,False,S7-TPNONE,LONG,L,0.5,1773100745.838,1773093600,1773094500.0,1773099900
8520745.249999885,p20,0.5,5143.18,0,5143.68,5164.941005851594,5164.82,F3,True,4817056.32,1979760.9999999455,1958689.7499999455,S7-TPNONE|F3|1773093600|LONG,EXIT_SL_RAISED,False,S7-TPNONE,LONG,L,0.5,1773100745.838,1773093600,1773094500.0,1773099900
3142425.749999857,p20,0.5,5172.73,0,5173.23,5166.91398823164,5166.89,F1,True,4844729.895,-593740.9999999284,-614812.2499999284,S7-TPNONE|F1|1773108000|LONG,EXIT_SL_RAISED,False,S7-TPNONE,LONG,L,0.5,1773116440.837,1773108000,1773108900.0,1773116100
3142425.749999857,p20,0.5,5172.73,0,5173.23,5166.91398823164,5166.89,F2,True,4844729.895,-593740.9999999284,-614812.2499999284,S7-TPNONE|F2|1773108000|LONG,EXIT_SL_RAISED,False,S7-TPNONE,LONG,L,0.5,1773116440.837,1773108000,1773108900.0,1773116100
3142425.749999857,p20,0.5,5172.73,0,5173.23,5166.91398823164,5166.89,F3,True,4844729.895,-593740.9999999284,-614812.2499999284,S7-TPNONE|F3|1773108000|LONG,EXIT_SL_RAISED,False,S7-TPNONE,LONG,L,0.5,1773116440.837,1773108000,1773108900.0,1773116100
12028874.249999888,p20,0.5,5138.96,0,5138.96,5153.059802577175,5153.41,F1,True,4812636.04,-1353242.499999983,-1374313.749999983,S7-TPNONE|F1|1773258300|SHORT,EXIT_SL_RAISED,False,S7-TPNONE,SHORT,S,0.5,1773260113.33,1773258300,1773259200.0,1773260100
12028874.249999888,p20,0.5,5138.96,0,5138.96,5153.059802577175,5153.41,F2,True,4812636.04,-1353242.499999983,-1374313.749999983,S7-TPNONE|F2|1773258300|SHORT,EXIT_SL_RAISED,False,S7-TPNONE,SHORT,S,0.5,1773260113.33,1773258300,1773259200.0,1773260100
12028874.249999888,p20,0.5,5138.96,0,5138.96,5153.059802577175,5153.41,F3,True,4812636.04,-1353242.499999983,-1374313.749999983,S7-TPNONE|F3|1773258300|SHORT,EXIT_SL_RAISED,False,S7-TPNONE,SHORT,S,0.5,1773260113.33,1773258300,1773259200.0,1773260100
5021512.99999999,p20,0.5,5157.34,0,5157.37,5150.6034736093225,5151.57,F1,True,4829877.005,543170.000000017,522098.750000017,S7-TPNONE|F1|1773271800|SHORT,EXIT_SL_RAISED,False,S7-TPNONE,SHORT,S,0.5,1773283044.639,1773271800,1773272700.0,1773282600
5021512.99999999,p20,0.5,5157.34,0,5157.37,5150.6034736093225,5151.57,F2,True,4829877.005,543170.000000017,522098.750000017,S7-TPNONE|F2|1773271800|SHORT,EXIT_SL_RAISED,False,S7-TPNONE,SHORT,S,0.5,1773283044.639,1773271800,1773272700.0,1773282600
5021512.99999999,p20,0.5,5157.34,0,5157.37,5150.6034736093225,5151.57,F3,True,4829877.005,543170.000000017,522098.750000017,S7-TPNONE|F3|1773271800|SHORT,EXIT_SL_RAISED,False,S7-TPNONE,SHORT,S,0.5,1773283044.639,1773271800,1773272700.0,1773282600
1873000.0,p20,0.5,5005.88,1,5004.08,5011.778228290614,5011.9,F1,True,4686320.92,-732342.9999999728,-753414.2499999728,S7-TPNONE|F1|1773683100|SHORT,EXIT_SL_RAISED,False,S7-TPNONE,SHORT,S,0.5,1773693150.263,1773683100,1773688500.0,1773693000
1873000.0,p20,0.5,5005.88,1,5004.08,5011.778228290614,5011.9,F2,True,4686320.92,-732342.9999999728,-753414.2499999728,S7-TPNONE|F2|1773683100|SHORT,EXIT_SL_RAISED,False,S7-TPNONE,SHORT,S,0.5,1773693150.263,1773683100,1773688500.0,1773693000
1873000.0,p20,0.5,5005.88,1,5004.08,5011.778228290614,5011.9,F3,True,4686320.92,-732342.9999999728,-753414.2499999728,S7-TPNONE|F3|1773683100|SHORT,EXIT_SL_RAISED,False,S7-TPNONE,SHORT,S,0.5,1773693150.263,1773683100,1773688500.0,1773693000
3427589.999999949,p20,0.5,5006.38,0,5006.38,5011.434990732124,5011.45,F1,True,4688474.87,-474805.49999997276,-495876.74999997276,S7-TPNONE|F1|1773694800|SHORT,EXIT_SL_RAISED,False,S7-TPNONE,SHORT,S,0.5,1773699088.903,1773694800,1773695700.0,1773698400
3427589.999999949,p20,0.5,5006.38,0,5006.38,5011.434990732124,5011.45,F2,True,4688474.87,-474805.49999997276,-495876.74999997276,S7-TPNONE|F2|1773694800|SHORT,EXIT_SL_RAISED,False,S7-TPNONE,SHORT,S,0.5,1773699088.903,1773694800,1773695700.0,1773698400
3427589.999999949,p20,0.5,5006.38,0,5006.38,5011.434990732124,5011.45,F3,True,4688474.87,-474805.49999997276,-495876.74999997276,S7-TPNONE|F3|1773694800|SHORT,EXIT_SL_RAISED,False,S7-TPNONE,SHORT,S,0.5,1773699088.903,1773694800,1773695700.0,1773698400
2069665.0000001192,p20,0.5,4850.71,0,4850.72,4770.253931064294,4770.44,F1,True,4542699.28,7518222.0000000615,7497150.7500000615,S7-TPNONE|F1|1773881100|SHORT,EXIT_SL_RAISED,False,S7-TPNONE,SHORT,S,0.5,1773892892.952,1773881100,1773882000.0,1773892800
2069665.0000001192,p20,0.5,4850.71,0,4850.72,4770.253931064294,4770.44,F2,True,4542699.28,7518222.0000000615,7497150.7500000615,S7-TPNONE|F2|1773881100|SHORT,EXIT_SL_RAISED,False,S7-TPNONE,SHORT,S,0.5,1773892892.952,1773881100,1773882000.0,1773892800
2069665.0000001192,p20,0.5,4850.71,0,4850.72,4770.253931064294,4770.44,F3,True,4542699.28,7518222.0000000615,7497150.7500000615,S7-TPNONE|F3|1773881100|SHORT,EXIT_SL_RAISED,False,S7-TPNONE,SHORT,S,0.5,1773892892.952,1773881100,1773882000.0,1773892800
4573397.749999833,p20,0.5,4636.3,0,4636.16,4661.75,4662.59,F1,False,4341763.84,-2475169.5000000275,-2475169.5000000275,S7-TPNONE|F1|1773949500|SHORT,reverse,False,S7-TPNONE,SHORT,S,0.5,1773954900,1773949500,1773950400.0,1773954000
4573397.749999833,p20,0.5,4636.3,0,4636.16,4661.75,4662.59,F2,False,4341763.84,-2475169.5000000275,-2475169.5000000275,S7-TPNONE|F2|1773949500|SHORT,reverse,False,S7-TPNONE,SHORT,S,0.5,1773954900,1773949500,1773950400.0,1773954000
4573397.749999833,p20,0.5,4636.3,0,4636.16,4661.75,4662.59,F3,False,4341763.84,-2475169.5000000275,-2475169.5000000275,S7-TPNONE|F3|1773949500|SHORT,reverse,False,S7-TPNONE,SHORT,S,0.5,1773954900,1773949500,1773950400.0,1773954000
12212428.250000147,p20,0.5,4464.69,0,4464.69,4372.0515764470565,4372.94,F1,True,4181182.1849999996,8592387.5,8571316.25,S7-TPNONE|F1|1774212300|SHORT,EXIT_SL_RAISED,False,S7-TPNONE,SHORT,S,0.5,1774217054.253,1774212300,1774213200.0,1774216800
12212428.250000147,p20,0.5,4464.69,0,4464.69,4372.0515764470565,4372.94,F2,True,4181182.1849999996,8592387.5,8571316.25,S7-TPNONE|F2|1774212300|SHORT,EXIT_SL_RAISED,False,S7-TPNONE,SHORT,S,0.5,1774217054.253,1774212300,1774213200.0,1774216800
12212428.250000147,p20,0.5,4464.69,0,4464.69,4372.0515764470565,4372.94,F3,True,4181182.1849999996,8592387.5,8571316.25,S7-TPNONE|F3|1774212300|SHORT,EXIT_SL_RAISED,False,S7-TPNONE,SHORT,S,0.5,1774217054.253,1774212300,1774213200.0,1774216800
17051791.999999993,p20,0.5,4378.11,0,4377.84,4377.636225824125,4377.66,F1,True,4099847.16,16857.000000027256,-4214.249999972744,S7-TPNONE|F1|1774300500|SHORT,EXIT_SL_RAISED,False,S7-TPNONE,SHORT,S,0.5,1774302801.687,1774300500,1774301400.0,1774302300
17051791.999999993,p20,0.5,4378.11,0,4377.84,4377.636225824125,4377.66,F2,True,4099847.16,16857.000000027256,-4214.249999972744,S7-TPNONE|F2|1774300500|SHORT,EXIT_SL_RAISED,False,S7-TPNONE,SHORT,S,0.5,1774302801.687,1774300500,1774301400.0,1774302300
17051791.999999993,p20,0.5,4378.11,0,4377.84,4377.636225824125,4377.66,F3,True,4099847.16,16857.000000027256,-4214.249999972744,S7-TPNONE|F3|1774300500|SHORT,EXIT_SL_RAISED,False,S7-TPNONE,SHORT,S,0.5,1774302801.687,1774300500,1774301400.0,1774302300
15333782.750000054,p20,0.5,4321.32,0,4321.56,4355.408306611977,4355.53,F1,True,4047140.9400000004,-3181290.4999999385,-3202361.7499999385,S7-TPNONE|F1|1774305000|SHORT,EXIT_SL_RAISED,False,S7-TPNONE,SHORT,S,0.5,1774308631.84,1774305000,1774305900.0,1774308600
15333782.750000054,p20,0.5,4321.32,0,4321.56,4355.408306611977,4355.53,F2,True,4047140.9400000004,-3181290.4999999385,-3202361.7499999385,S7-TPNONE|F2|1774305000|SHORT,EXIT_SL_RAISED,False,S7-TPNONE,SHORT,S,0.5,1774308631.84,1774305000,1774305900.0,1774308600
15333782.750000054,p20,0.5,4321.32,0,4321.56,4355.408306611977,4355.53,F3,True,4047140.9400000004,-3181290.4999999385,-3202361.7499999385,S7-TPNONE|F3|1774305000|SHORT,EXIT_SL_RAISED,False,S7-TPNONE,SHORT,S,0.5,1774308631.84,1774305000,1774305900.0,1774308600
8339532.500000102,p20,0.5,4341.64,0,4341.52,4356.8574159919735,4357.02,F1,True,4065833.4800000004,-1451575.0,-1472646.25,S7-TPNONE|F1|1774312200|SHORT,EXIT_SL_RAISED,False,S7-TPNONE,SHORT,S,0.5,1774320056.584,1774312200,1774313100.0,1774319400
8339532.500000102,p20,0.5,4341.64,0,4341.52,4356.8574159919735,4357.02,F2,True,4065833.4800000004,-1451575.0,-1472646.25,S7-TPNONE|F2|1774312200|SHORT,EXIT_SL_RAISED,False,S7-TPNONE,SHORT,S,0.5,1774320056.584,1774312200,1774313100.0,1774319400
8339532.500000102,p20,0.5,4341.64,0,4341.52,4356.8574159919735,4357.02,F3,True,4065833.4800000004,-1451575.0,-1472646.25,S7-TPNONE|F3|1774312200|SHORT,EXIT_SL_RAISED,False,S7-TPNONE,SHORT,S,0.5,1774320056.584,1774312200,1774313100.0,1774319400
6481516.499999833,p20,0.5,4494.59,0,4496.79,4518.8391177972835,4518.85,F1,True,4211243.835,-2065919.0000000375,-2086990.2500000375,S7-TPNONE|F1|1774470600|SHORT,EXIT_SL_RAISED,False,S7-TPNONE,SHORT,S,0.5,1774472772.843,1774470600,1774471500.0,1774472400
6481516.499999833,p20,0.5,4494.59,0,4496.79,4518.8391177972835,4518.85,F2,True,4211243.835,-2065919.0000000375,-2086990.2500000375,S7-TPNONE|F2|1774470600|SHORT,EXIT_SL_RAISED,False,S7-TPNONE,SHORT,S,0.5,1774472772.843,1774470600,1774471500.0,1774472400
6481516.499999833,p20,0.5,4494.59,0,4496.79,4518.8391177972835,4518.85,F3,True,4211243.835,-2065919.0000000375,-2086990.2500000375,S7-TPNONE|F3|1774470600|SHORT,EXIT_SL_RAISED,False,S7-TPNONE,SHORT,S,0.5,1774472772.843,1774470600,1774471500.0,1774472400
7734553.499999844,p20,0.5,4392.99,0,4392.52,4402.768767760691,4402.84,F1,True,4113594.9800000004,-966467.9999999728,-987539.2499999728,S7-TPNONE|F1|1774555200|SHORT,EXIT_SL_RAISED,False,S7-TPNONE,SHORT,S,0.5,1774563891.886,1774555200,1774556100.0,1774563300
7734553.499999844,p20,0.5,4392.99,0,4392.52,4402.768767760691,4402.84,F2,True,4113594.9800000004,-966467.9999999728,-987539.2499999728,S7-TPNONE|F2|1774555200|SHORT,EXIT_SL_RAISED,False,S7-TPNONE,SHORT,S,0.5,1774563891.886,1774555200,1774556100.0,1774563300
7734553.499999844,p20,0.5,4392.99,0,4392.52,4402.768767760691,4402.84,F3,True,4113594.9800000004,-966467.9999999728,-987539.2499999728,S7-TPNONE|F3|1774555200|SHORT,EXIT_SL_RAISED,False,S7-TPNONE,SHORT,S,0.5,1774563891.886,1774555200,1774556100.0,1774563300
6687078.249999891,p20,0.5,4509.08,0,4509.61,4484.321739606933,4484.15,F1,True,4223249.765,-2384329.0000000033,-2405400.2500000033,S7-TPNONE|F1|1774811700|LONG,EXIT_SL_RAISED,False,S7-TPNONE,LONG,L,0.5,1774814344.736,1774811700,1774812600.0,1774813500
6687078.249999891,p20,0.5,4509.08,0,4509.61,4484.321739606933,4484.15,F2,True,4223249.765,-2384329.0000000033,-2405400.2500000033,S7-TPNONE|F2|1774811700|LONG,EXIT_SL_RAISED,False,S7-TPNONE,LONG,L,0.5,1774814344.736,1774811700,1774812600.0,1774813500
6687078.249999891,p20,0.5,4509.08,0,4509.61,4484.321739606933,4484.15,F3,True,4223249.765,-2384329.0000000033,-2405400.2500000033,S7-TPNONE|F3|1774811700|LONG,EXIT_SL_RAISED,False,S7-TPNONE,LONG,L,0.5,1774814344.736,1774811700,1774812600.0,1774813500
9717124.000000106,p20,0.5,4471.11,0,4471.86,4487.8046446872095,4487.78,F1,True,4187896.889999999,1490908.0000000068,1469836.7500000068,S7-TPNONE|F1|1774823400|LONG,EXIT_SL_RAISED,False,S7-TPNONE,LONG,L,0.5,1774833212.164,1774823400,1774824300.0,1774832400
9717124.000000106,p20,0.5,4471.11,0,4471.86,4487.8046446872095,4487.78,F2,True,4187896.889999999,1490908.0000000068,1469836.7500000068,S7-TPNONE|F2|1774823400|LONG,EXIT_SL_RAISED,False,S7-TPNONE,LONG,L,0.5,1774833212.164,1774823400,1774824300.0,1774832400
9717124.000000106,p20,0.5,4471.11,0,4471.86,4487.8046446872095,4487.78,F3,True,4187896.889999999,1490908.0000000068,1469836.7500000068,S7-TPNONE|F3|1774823400|LONG,EXIT_SL_RAISED,False,S7-TPNONE,LONG,L,0.5,1774833212.164,1774823400,1774824300.0,1774832400
10051454.499999993,p20,0.5,4535.95,0,4536.43,4589.249591534368,4589.05,F1,True,4248366.695,4927862.99999999,4906791.74999999,S7-TPNONE|F1|1774906200|LONG,EXIT_SL_RAISED,False,S7-TPNONE,LONG,L,0.5,1774911739.122,1774906200,1774907100.0,1774911600
10051454.499999993,p20,0.5,4535.95,0,4536.43,4589.249591534368,4589.05,F2,True,4248366.695,4927862.99999999,4906791.74999999,S7-TPNONE|F2|1774906200|LONG,EXIT_SL_RAISED,False,S7-TPNONE,LONG,L,0.5,1774911739.122,1774906200,1774907100.0,1774911600
10051454.499999993,p20,0.5,4535.95,0,4536.43,4589.249591534368,4589.05,F3,True,4248366.695,4927862.99999999,4906791.74999999,S7-TPNONE|F3|1774906200|LONG,EXIT_SL_RAISED,False,S7-TPNONE,LONG,L,0.5,1774911739.122,1774906200,1774907100.0,1774911600
1605160.9999999455,p20,0.5,4563.91,0,4564.45,4563.915,4563.87,F1,True,4274607.425,-54316.99999999319,-75388.24999999319,S7-TPNONE|F1|1774920600|LONG,EXIT_SL_RAISED,False,S7-TPNONE,LONG,L,0.5,1774926034.52,1774920600,1774921500.0,1774926000
1605160.9999999455,p20,0.5,4563.91,0,4564.45,4563.915,4563.87,F2,True,4274607.425,-54316.99999999319,-75388.24999999319,S7-TPNONE|F2|1774920600|LONG,EXIT_SL_RAISED,False,S7-TPNONE,LONG,L,0.5,1774926034.52,1774920600,1774921500.0,1774926000
1605160.9999999455,p20,0.5,4563.91,0,4564.45,4563.915,4563.87,F3,True,4274607.425,-54316.99999999319,-75388.24999999319,S7-TPNONE|F3|1774920600|LONG,EXIT_SL_RAISED,False,S7-TPNONE,LONG,L,0.5,1774926034.52,1774920600,1774921500.0,1774926000
4034910.2500000033,p20,0.5,4682.28,0,4682.79,4699.305295471505,4699.15,F1,True,4385432.835,1532113.9999999693,1511042.7499999693,S7-TPNONE|F1|1774988100|LONG,EXIT_SL_RAISED,False,S7-TPNONE,LONG,L,0.5,1774994750.276,1774988100,1774989000.0,1774994400
4034910.2500000033,p20,0.5,4682.28,0,4682.79,4699.305295471505,4699.15,F2,True,4385432.835,1532113.9999999693,1511042.7499999693,S7-TPNONE|F2|1774988100|LONG,EXIT_SL_RAISED,False,S7-TPNONE,LONG,L,0.5,1774994750.276,1774988100,1774989000.0,1774994400
4034910.2500000033,p20,0.5,4682.28,0,4682.79,4699.305295471505,4699.15,F3,True,4385432.835,1532113.9999999693,1511042.7499999693,S7-TPNONE|F3|1774988100|LONG,EXIT_SL_RAISED,False,S7-TPNONE,LONG,L,0.5,1774994750.276,1774988100,1774989000.0,1774994400
5880283.500000082,p20,0.5,4791.06,0,4791.57,4781.551039566865,4781.2,F1,True,4487305.305,-971150.4999999898,-992221.7499999898,S7-TPNONE|F1|1775073600|LONG,EXIT_SL_RAISED,False,S7-TPNONE,LONG,L,0.5,1775076352.909,1775073600,1775074500.0,1775076300
5880283.500000082,p20,0.5,4791.06,0,4791.57,4781.551039566865,4781.2,F2,True,4487305.305,-971150.4999999898,-992221.7499999898,S7-TPNONE|F2|1775073600|LONG,EXIT_SL_RAISED,False,S7-TPNONE,LONG,L,0.5,1775076352.909,1775073600,1775074500.0,1775076300
5880283.500000082,p20,0.5,4791.06,0,4791.57,4781.551039566865,4781.2,F3,True,4487305.305,-971150.4999999898,-992221.7499999898,S7-TPNONE|F3|1775073600|LONG,EXIT_SL_RAISED,False,S7-TPNONE,LONG,L,0.5,1775076352.909,1775073600,1775074500.0,1775076300
5916338.749999846,p20,0.5,4632.85,0,4632.96,4648.694282032652,4648.81,F1,True,4338767.04,-1484352.500000034,-1505423.750000034,S7-TPNONE|F1|1775430000|SHORT,EXIT_SL_RAISED,False,S7-TPNONE,SHORT,S,0.5,1775435697.385,1775430000,1775430900.0,1775435400
5916338.749999846,p20,0.5,4632.85,0,4632.96,4648.694282032652,4648.81,F2,True,4338767.04,-1484352.500000034,-1505423.750000034,S7-TPNONE|F2|1775430000|SHORT,EXIT_SL_RAISED,False,S7-TPNONE,SHORT,S,0.5,1775435697.385,1775430000,1775430900.0,1775435400
5916338.749999846,p20,0.5,4632.85,0,4632.96,4648.694282032652,4648.81,F3,True,4338767.04,-1484352.500000034,-1505423.750000034,S7-TPNONE|F3|1775430000|SHORT,EXIT_SL_RAISED,False,S7-TPNONE,SHORT,S,0.5,1775435697.385,1775430000,1775430900.0,1775435400
6011861.749999887,p20,0.5,4660.83,0,4661.28,4646.676722608577,4646.5,F1,True,4365288.72,-1384146.9999999763,-1405218.2499999763,S7-TPNONE|F1|1775440800|LONG,EXIT_SL_RAISED,False,S7-TPNONE,LONG,L,0.5,1775445505.629,1775440800,1775441700.0,1775445300
6011861.749999887,p20,0.5,4660.83,0,4661.28,4646.676722608577,4646.5,F2,True,4365288.72,-1384146.9999999763,-1405218.2499999763,S7-TPNONE|F2|1775440800|LONG,EXIT_SL_RAISED,False,S7-TPNONE,LONG,L,0.5,1775445505.629,1775440800,1775441700.0,1775445300
6011861.749999887,p20,0.5,4660.83,0,4661.28,4646.676722608577,4646.5,F3,True,4365288.72,-1384146.9999999763,-1405218.2499999763,S7-TPNONE|F3|1775440800|LONG,EXIT_SL_RAISED,False,S7-TPNONE,LONG,L,0.5,1775445505.629,1775440800,1775441700.0,1775445300
4986862.5,p20,0.5,4664.23,0,4664.68,4688.267591666445,4688.17,F1,True,4368472.82,2199838.4999999795,2178767.2499999795,S7-TPNONE|F1|1775446200|LONG,EXIT_SL_RAISED,False,S7-TPNONE,LONG,L,0.5,1775456075.008,1775446200,1775447100.0,1775455200
4986862.5,p20,0.5,4664.23,0,4664.68,4688.267591666445,4688.17,F2,True,4368472.82,2199838.4999999795,2178767.2499999795,S7-TPNONE|F2|1775446200|LONG,EXIT_SL_RAISED,False,S7-TPNONE,LONG,L,0.5,1775456075.008,1775446200,1775447100.0,1775455200
4986862.5,p20,0.5,4664.23,0,4664.68,4688.267591666445,4688.17,F3,True,4368472.82,2199838.4999999795,2178767.2499999795,S7-TPNONE|F3|1775446200|LONG,EXIT_SL_RAISED,False,S7-TPNONE,LONG,L,0.5,1775456075.008,1775446200,1775447100.0,1775455200
2074347.500000051,p20,0.5,4803.45,0,4804.11,4822.469179137591,4822.34,F1,True,4499049.015,1707239.5000000442,1686168.2500000442,S7-TPNONE|F1|1775609100|LONG,EXIT_SL_RAISED,False,S7-TPNONE,LONG,L,0.5,1775614132.746,1775609100,1775610000.0,1775613600
2074347.500000051,p20,0.5,4803.45,0,4804.11,4822.469179137591,4822.34,F2,True,4499049.015,1707239.5000000442,1686168.2500000442,S7-TPNONE|F2|1775609100|LONG,EXIT_SL_RAISED,False,S7-TPNONE,LONG,L,0.5,1775614132.746,1775609100,1775610000.0,1775613600
2074347.500000051,p20,0.5,4803.45,0,4804.11,4822.469179137591,4822.34,F3,True,4499049.015,1707239.5000000442,1686168.2500000442,S7-TPNONE|F3|1775609100|LONG,EXIT_SL_RAISED,False,S7-TPNONE,LONG,L,0.5,1775614132.746,1775609100,1775610000.0,1775613600
7180613.750000017,p20,0.5,4720.44,0,4720.94,4714.002980851763,4713.89,F1,True,4421160.31,-660232.4999999319,-681303.7499999319,S7-TPNONE|F1|1775682000|LONG,EXIT_SL_RAISED,False,S7-TPNONE,LONG,L,0.5,1775689868.88,1775682000,1775682900.0,1775689200
7180613.750000017,p20,0.5,4720.44,0,4720.94,4714.002980851763,4713.89,F2,True,4421160.31,-660232.4999999319,-681303.7499999319,S7-TPNONE|F2|1775682000|LONG,EXIT_SL_RAISED,False,S7-TPNONE,LONG,L,0.5,1775689868.88,1775682000,1775682900.0,1775689200
7180613.750000017,p20,0.5,4720.44,0,4720.94,4714.002980851763,4713.89,F3,True,4421160.31,-660232.4999999319,-681303.7499999319,S7-TPNONE|F3|1775682000|LONG,EXIT_SL_RAISED,False,S7-TPNONE,LONG,L,0.5,1775689868.88,1775682000,1775682900.0,1775689200
5360994.2500000745,p20,0.5,4713.35,0,4713.1,4720.399940410536,4720.42,F1,True,4413818.15,-685517.9999999728,-706589.2499999728,S7-TPNONE|F1|1775699100|SHORT,EXIT_SL_RAISED,False,S7-TPNONE,SHORT,S,0.5,1775704008.884,1775699100,1775700000.0,1775703600
5360994.2500000745,p20,0.5,4713.35,0,4713.1,4720.399940410536,4720.42,F2,True,4413818.15,-685517.9999999728,-706589.2499999728,S7-TPNONE|F2|1775699100|SHORT,EXIT_SL_RAISED,False,S7-TPNONE,SHORT,S,0.5,1775704008.884,1775699100,1775700000.0,1775703600
5360994.2500000745,p20,0.5,4713.35,0,4713.1,4720.399940410536,4720.42,F3,True,4413818.15,-685517.9999999728,-706589.2499999728,S7-TPNONE|F3|1775699100|SHORT,EXIT_SL_RAISED,False,S7-TPNONE,SHORT,S,0.5,1775704008.884,1775699100,1775700000.0,1775703600
5106734.5000000615,p20,0.5,4771.68,0,4772.17,4759.073670265033,4759.06,F1,True,4469137.205,-1227751.4999999693,-1248822.7499999693,S7-TPNONE|F1|1775770200|LONG,EXIT_SL_RAISED,False,S7-TPNONE,LONG,L,0.5,1775772234.187,1775770200,1775771100.0,1775772000
5106734.5000000615,p20,0.5,4771.68,0,4772.17,4759.073670265033,4759.06,F2,True,4469137.205,-1227751.4999999693,-1248822.7499999693,S7-TPNONE|F2|1775770200|LONG,EXIT_SL_RAISED,False,S7-TPNONE,LONG,L,0.5,1775772234.187,1775770200,1775771100.0,1775772000
5106734.5000000615,p20,0.5,4771.68,0,4772.17,4759.073670265033,4759.06,F3,True,4469137.205,-1227751.4999999693,-1248822.7499999693,S7-TPNONE|F3|1775770200|LONG,EXIT_SL_RAISED,False,S7-TPNONE,LONG,L,0.5,1775772234.187,1775770200,1775771100.0,1775772000
4683904.7500001155,p20,0.5,4775.83,0,4776.46,4763.414838635953,4763.37,F1,True,4473154.79,-1225878.5000000137,-1246949.7500000137,S7-TPNONE|F1|1776114000|LONG,EXIT_SL_RAISED,False,S7-TPNONE,LONG,L,0.5,1776117451.256,1776114000,1776114900.0,1776116700
4683904.7500001155,p20,0.5,4775.83,0,4776.46,4763.414838635953,4763.37,F2,True,4473154.79,-1225878.5000000137,-1246949.7500000137,S7-TPNONE|F2|1776114000|LONG,EXIT_SL_RAISED,False,S7-TPNONE,LONG,L,0.5,1776117451.256,1776114000,1776114900.0,1776116700
4683904.7500001155,p20,0.5,4775.83,0,4776.46,4763.414838635953,4763.37,F3,True,4473154.79,-1225878.5000000137,-1246949.7500000137,S7-TPNONE|F3|1776114000|LONG,EXIT_SL_RAISED,False,S7-TPNONE,LONG,L,0.5,1776117451.256,1776114000,1776114900.0,1776116700
2666215.4999999385,p20,0.5,4775.76,0,4776.28,4765.697121256601,4765.66,F1,True,4472986.22,-994562.9999999898,-1015634.2499999898,S7-TPNONE|F1|1776125700|LONG,EXIT_SL_RAISED,False,S7-TPNONE,LONG,L,0.5,1776129113.122,1776125700,1776126600.0,1776128400
2666215.4999999385,p20,0.5,4775.76,0,4776.28,4765.697121256601,4765.66,F2,True,4472986.22,-994562.9999999898,-1015634.2499999898,S7-TPNONE|F2|1776125700|LONG,EXIT_SL_RAISED,False,S7-TPNONE,LONG,L,0.5,1776129113.122,1776125700,1776126600.0,1776128400
2666215.4999999385,p20,0.5,4775.76,0,4776.28,4765.697121256601,4765.66,F3,True,4472986.22,-994562.9999999898,-1015634.2499999898,S7-TPNONE|F3|1776125700|LONG,EXIT_SL_RAISED,False,S7-TPNONE,LONG,L,0.5,1776129113.122,1776125700,1776126600.0,1776128400
4589318.250000181,p20,0.5,4781.92,0,4782.46,4783.78085873517,4783.66,F1,True,4478773.79,112379.99999998296,91308.74999998296,S7-TPNONE|F1|1776134700|LONG,EXIT_SL_RAISED,False,S7-TPNONE,LONG,L,0.5,1776136823.088,1776134700,1776135600.0,1776136500
4589318.250000181,p20,0.5,4781.92,0,4782.46,4783.78085873517,4783.66,F2,True,4478773.79,112379.99999998296,91308.74999998296,S7-TPNONE|F2|1776134700|LONG,EXIT_SL_RAISED,False,S7-TPNONE,LONG,L,0.5,1776136823.088,1776134700,1776135600.0,1776136500
4589318.250000181,p20,0.5,4781.92,0,4782.46,4783.78085873517,4783.66,F3,True,4478773.79,112379.99999998296,91308.74999998296,S7-TPNONE|F3|1776134700|LONG,EXIT_SL_RAISED,False,S7-TPNONE,LONG,L,0.5,1776136823.088,1776134700,1776135600.0,1776136500
2533232.499999932,p20,0.5,4842.15,0,4842.71,4832.211390365125,4832.21,F1,True,4535197.915,-983325.0,-1004396.25,S7-TPNONE|F1|1776195000|LONG,EXIT_SL_RAISED,False,S7-TPNONE,LONG,L,0.5,1776197590.558,1776195000,1776195900.0,1776196800
2533232.499999932,p20,0.5,4842.15,0,4842.71,4832.211390365125,4832.21,F2,True,4535197.915,-983325.0,-1004396.25,S7-TPNONE|F2|1776195000|LONG,EXIT_SL_RAISED,False,S7-TPNONE,LONG,L,0.5,1776197590.558,1776195000,1776195900.0,1776196800
2533232.499999932,p20,0.5,4842.15,0,4842.71,4832.211390365125,4832.21,F3,True,4535197.915,-983325.0,-1004396.25,S7-TPNONE|F3|1776195000|LONG,EXIT_SL_RAISED,False,S7-TPNONE,LONG,L,0.5,1776197590.558,1776195000,1776195900.0,1776196800
7790275.2499999525,p20,0.5,4850.11,0,4850.57,4850.83,4850.71,F1,False,4542558.805,13111.000000030663,-7960.249999969337,S7-TPNONE|F1|1776200400|LONG,EXIT_TRAIL,True,S7-TPNONE,LONG,L,0.5,1776202200,1776200400,1776201300.0,1776201300
7790275.2499999525,p20,0.5,4850.11,0,4850.57,4850.83,4850.71,F2,False,4542558.805,13111.000000030663,-7960.249999969337,S7-TPNONE|F2|1776200400|LONG,EXIT_TRAIL,True,S7-TPNONE,LONG,L,0.5,1776202200,1776200400,1776201300.0,1776201300
7790275.2499999525,p20,0.5,4850.11,0,4850.57,4850.83,4850.71,F3,False,4542558.805,13111.000000030663,-7960.249999969337,S7-TPNONE|F3|1776200400|LONG,EXIT_TRAIL,True,S7-TPNONE,LONG,L,0.5,1776202200,1776200400,1776201300.0,1776201300
5303399.500000095,p20,0.5,4832.49,0,4833.02,4825.548530767473,4825.48,F1,True,4526123.23,-706121.0000000817,-727192.2500000817,S7-TPNONE|F1|1776285000|LONG,EXIT_SL_RAISED,False,S7-TPNONE,LONG,L,0.5,1776287920.977,1776285000,1776285900.0,1776287700
5303399.500000095,p20,0.5,4832.49,0,4833.02,4825.548530767473,4825.48,F2,True,4526123.23,-706121.0000000817,-727192.2500000817,S7-TPNONE|F2|1776285000|LONG,EXIT_SL_RAISED,False,S7-TPNONE,LONG,L,0.5,1776287920.977,1776285000,1776285900.0,1776287700
5303399.500000095,p20,0.5,4832.49,0,4833.02,4825.548530767473,4825.48,F3,True,4526123.23,-706121.0000000817,-727192.2500000817,S7-TPNONE|F3|1776285000|LONG,EXIT_SL_RAISED,False,S7-TPNONE,LONG,L,0.5,1776287920.977,1776285000,1776285900.0,1776287700
2619858.749999949,p20,0.5,4826.42,0,4826.87,4828.441732421395,4828.42,F1,True,4520363.755,145157.50000001703,124086.25000001703,S7-TPNONE|F1|1776294000|LONG,EXIT_SL_RAISED,False,S7-TPNONE,LONG,L,0.5,1776303144.546,1776294000,1776294900.0,1776303000
2619858.749999949,p20,0.5,4826.42,0,4826.87,4828.441732421395,4828.42,F2,True,4520363.755,145157.50000001703,124086.25000001703,S7-TPNONE|F2|1776294000|LONG,EXIT_SL_RAISED,False,S7-TPNONE,LONG,L,0.5,1776303144.546,1776294000,1776294900.0,1776303000
2619858.749999949,p20,0.5,4826.42,0,4826.87,4828.441732421395,4828.42,F3,True,4520363.755,145157.50000001703,124086.25000001703,S7-TPNONE|F3|1776294000|LONG,EXIT_SL_RAISED,False,S7-TPNONE,LONG,L,0.5,1776303144.546,1776294000,1776294900.0,1776303000
2305662.9999998193,p20,0.5,4825.87,0,4826.47,4819.661675476544,4819.62,F1,True,4519989.155,-641502.5000000341,-662573.7500000341,S7-TPNONE|F1|1776307500|LONG,EXIT_SL_RAISED,False,S7-TPNONE,LONG,L,0.5,1776309645.791,1776307500,1776308400.0,1776309300
2305662.9999998193,p20,0.5,4825.87,0,4826.47,4819.661675476544,4819.62,F2,True,4519989.155,-641502.5000000341,-662573.7500000341,S7-TPNONE|F2|1776307500|LONG,EXIT_SL_RAISED,False,S7-TPNONE,LONG,L,0.5,1776309645.791,1776307500,1776308400.0,1776309300
2305662.9999998193,p20,0.5,4825.87,0,4826.47,4819.661675476544,4819.62,F3,True,4519989.155,-641502.5000000341,-662573.7500000341,S7-TPNONE|F3|1776307500|LONG,EXIT_SL_RAISED,False,S7-TPNONE,LONG,L,0.5,1776309645.791,1776307500,1776308400.0,1776309300
7764989.7499999115,p20,0.5,4778.87,0,4778.73,4779.7090695523775,4779.8,F1,True,4475280.645,-100205.50000005792,-121276.75000005792,S7-TPNONE|F1|1776373200|SHORT,EXIT_SL_RAISED,False,S7-TPNONE,SHORT,S,0.5,1776376152.894,1776373200,1776374100.0,1776375900
7764989.7499999115,p20,0.5,4778.87,0,4778.73,4779.7090695523775,4779.8,F2,True,4475280.645,-100205.50000005792,-121276.75000005792,S7-TPNONE|F2|1776373200|SHORT,EXIT_SL_RAISED,False,S7-TPNONE,SHORT,S,0.5,1776376152.894,1776373200,1776374100.0,1776375900
7764989.7499999115,p20,0.5,4778.87,0,4778.73,4779.7090695523775,4779.8,F3,True,4475280.645,-100205.50000005792,-121276.75000005792,S7-TPNONE|F3|1776373200|SHORT,EXIT_SL_RAISED,False,S7-TPNONE,SHORT,S,0.5,1776376152.894,1776373200,1776374100.0,1776375900
2461590.249999816,p20,0.5,4791.43,0,4791.49,4793.429499415175,4793.5,F1,True,4487230.385,-188236.50000002043,-209307.75000002043,S7-TPNONE|F1|1776639600|SHORT,EXIT_SL_RAISED,False,S7-TPNONE,SHORT,S,0.5,1776650550.229,1776639600,1776640500.0,1776650400
2461590.249999816,p20,0.5,4791.43,0,4791.49,4793.429499415175,4793.5,F2,True,4487230.385,-188236.50000002043,-209307.75000002043,S7-TPNONE|F2|1776639600|SHORT,EXIT_SL_RAISED,False,S7-TPNONE,SHORT,S,0.5,1776650550.229,1776639600,1776640500.0,1776650400
2461590.249999816,p20,0.5,4791.43,0,4791.49,4793.429499415175,4793.5,F3,True,4487230.385,-188236.50000002043,-209307.75000002043,S7-TPNONE|F3|1776639600|SHORT,EXIT_SL_RAISED,False,S7-TPNONE,SHORT,S,0.5,1776650550.229,1776639600,1776640500.0,1776650400
1905777.500000034,p20,0.5,4755.04,0,4755.18,4755.657615244128,4755.67,F1,True,4453226.07,-45888.499999979555,-66959.74999997955,S7-TPNONE|F1|1776836700|SHORT,EXIT_SL_RAISED,False,S7-TPNONE,SHORT,S,0.5,1776838875.788,1776836700,1776837600.0,1776838500
1905777.500000034,p20,0.5,4755.04,0,4755.18,4755.657615244128,4755.67,F2,True,4453226.07,-45888.499999979555,-66959.74999997955,S7-TPNONE|F2|1776836700|SHORT,EXIT_SL_RAISED,False,S7-TPNONE,SHORT,S,0.5,1776838875.788,1776836700,1776837600.0,1776838500
1905777.500000034,p20,0.5,4755.04,0,4755.18,4755.657615244128,4755.67,F3,True,4453226.07,-45888.499999979555,-66959.74999997955,S7-TPNONE|F3|1776836700|SHORT,EXIT_SL_RAISED,False,S7-TPNONE,SHORT,S,0.5,1776838875.788,1776836700,1776837600.0,1776838500
2767357.499999932,p20,0.5,4746.62,0,4746.65,4749.94,4750.4,F1,False,4445237.725,-351187.5,-372258.75,S7-TPNONE|F1|1776846600|SHORT,EXIT_TRAIL,True,S7-TPNONE,SHORT,S,0.5,1776850200,1776846600,1776847500.0,1776849300
2767357.499999932,p20,0.5,4746.62,0,4746.65,4749.94,4750.4,F2,False,4445237.725,-351187.5,-372258.75,S7-TPNONE|F2|1776846600|SHORT,EXIT_TRAIL,True,S7-TPNONE,SHORT,S,0.5,1776850200,1776846600,1776847500.0,1776849300
2767357.499999932,p20,0.5,4746.62,0,4746.65,4749.94,4750.4,F3,False,4445237.725,-351187.5,-372258.75,S7-TPNONE|F3|1776846600|SHORT,EXIT_TRAIL,True,S7-TPNONE,SHORT,S,0.5,1776850200,1776846600,1776847500.0,1776849300
1958689.7499999965,p20,0.5,4730.26,0,4730.13,4741.1331874264515,4741.38,F1,True,4429766.745,-1053562.5,-1074633.75,S7-TPNONE|F1|1776867300|SHORT,EXIT_SL_RAISED,False,S7-TPNONE,SHORT,S,0.5,1776869141.557,1776867300,1776868200.0,1776869100
1958689.7499999965,p20,0.5,4730.26,0,4730.13,4741.1331874264515,4741.38,F2,True,4429766.745,-1053562.5,-1074633.75,S7-TPNONE|F2|1776867300|SHORT,EXIT_SL_RAISED,False,S7-TPNONE,SHORT,S,0.5,1776869141.557,1776867300,1776868200.0,1776869100
1958689.7499999965,p20,0.5,4730.26,0,4730.13,4741.1331874264515,4741.38,F3,True,4429766.745,-1053562.5,-1074633.75,S7-TPNONE|F3|1776867300|SHORT,EXIT_SL_RAISED,False,S7-TPNONE,SHORT,S,0.5,1776869141.557,1776867300,1776868200.0,1776869100
9611767.75000002,p20,0.5,4699.13,0,4699.22,4741.38,4741.84,F1,False,4400819.53,-3991362.9999999898,-4012434.2499999898,S7-TPNONE|F1|1776888000|SHORT,EXIT_TRAIL,True,S7-TPNONE,SHORT,S,0.5,1776889800,1776888000,1776888900.0,1776888900
9611767.75000002,p20,0.5,4699.13,0,4699.22,4741.38,4741.84,F2,False,4400819.53,-3991362.9999999898,-4012434.2499999898,S7-TPNONE|F2|1776888000|SHORT,EXIT_TRAIL,True,S7-TPNONE,SHORT,S,0.5,1776889800,1776888000,1776888900.0,1776888900
9611767.75000002,p20,0.5,4699.13,0,4699.22,4741.38,4741.84,F3,False,4400819.53,-3991362.9999999898,-4012434.2499999898,S7-TPNONE|F3|1776888000|SHORT,EXIT_TRAIL,True,S7-TPNONE,SHORT,S,0.5,1776889800,1776888000,1776888900.0,1776888900
4650659.000000072,p20,0.5,4723.08,0,4723.11,4706.017162695334,4706.13,F1,True,4423192.515,1590176.999999959,1569105.749999959,S7-TPNONE|F1|1776894300|SHORT,EXIT_SL_RAISED,False,S7-TPNONE,SHORT,S,0.5,1776908755.798,1776894300,1776895200.0,1776908700
4650659.000000072,p20,0.5,4723.08,0,4723.11,4706.017162695334,4706.13,F2,True,4423192.515,1590176.999999959,1569105.749999959,S7-TPNONE|F2|1776894300|SHORT,EXIT_SL_RAISED,False,S7-TPNONE,SHORT,S,0.5,1776908755.798,1776894300,1776895200.0,1776908700
4650659.000000072,p20,0.5,4723.08,0,4723.11,4706.017162695334,4706.13,F3,True,4423192.515,1590176.999999959,1569105.749999959,S7-TPNONE|F3|1776894300|SHORT,EXIT_SL_RAISED,False,S7-TPNONE,SHORT,S,0.5,1776908755.798,1776894300,1776895200.0,1776908700
3876641.7499999558,p20,0.5,4690.82,0,4690.7,4671.953586100535,4672.22,F1,True,4392840.55,1730651.999999959,1709580.749999959,S7-TPNONE|F1|1776979800|SHORT,EXIT_SL_RAISED,False,S7-TPNONE,SHORT,S,0.5,1776991610.768,1776979800,1776980700.0,1776991500
3876641.7499999558,p20,0.5,4690.82,0,4690.7,4671.953586100535,4672.22,F2,True,4392840.55,1730651.999999959,1709580.749999959,S7-TPNONE|F2|1776979800|SHORT,EXIT_SL_RAISED,False,S7-TPNONE,SHORT,S,0.5,1776991610.768,1776979800,1776980700.0,1776991500
3876641.7499999558,p20,0.5,4690.82,0,4690.7,4671.953586100535,4672.22,F3,True,4392840.55,1730651.999999959,1709580.749999959,S7-TPNONE|F3|1776979800|SHORT,EXIT_SL_RAISED,False,S7-TPNONE,SHORT,S,0.5,1776991610.768,1776979800,1776980700.0,1776991500
3797039.250000092,p20,0.5,4671.32,0,4671.31,4680.109046565462,4680.11,F1,True,4374681.815,-824119.9999999319,-845191.2499999319,S7-TPNONE|F1|1776996900|SHORT,EXIT_SL_RAISED,False,S7-TPNONE,SHORT,S,0.5,1777000279.349,1776996900,1776997800.0,1776999600
3797039.250000092,p20,0.5,4671.32,0,4671.31,4680.109046565462,4680.11,F2,True,4374681.815,-824119.9999999319,-845191.2499999319,S7-TPNONE|F2|1776996900|SHORT,EXIT_SL_RAISED,False,S7-TPNONE,SHORT,S,0.5,1777000279.349,1776996900,1776997800.0,1776999600
3797039.250000092,p20,0.5,4671.32,0,4671.31,4680.109046565462,4680.11,F3,True,4374681.815,-824119.9999999319,-845191.2499999319,S7-TPNONE|F3|1776996900|SHORT,EXIT_SL_RAISED,False,S7-TPNONE,SHORT,S,0.5,1777000279.349,1776996900,1776997800.0,1776999600
8120391.500000174,p20,0.5,4685.14,1,4686.44,4682.63632434884,4682.65,F1,True,4388851.06,354933.49999999657,333862.24999999657,S7-TPNONE|F1|1777226400|SHORT,EXIT_SL_RAISED,False,S7-TPNONE,SHORT,S,0.5,1777236451.032,1777226400,1777228200.0,1777236300
8120391.500000174,p20,0.5,4685.14,1,4686.44,4682.63632434884,4682.65,F2,True,4388851.06,354933.49999999657,333862.24999999657,S7-TPNONE|F2|1777226400|SHORT,EXIT_SL_RAISED,False,S7-TPNONE,SHORT,S,0.5,1777236451.032,1777226400,1777228200.0,1777236300
8120391.500000174,p20,0.5,4685.14,1,4686.44,4682.63632434884,4682.65,F3,True,4388851.06,354933.49999999657,333862.24999999657,S7-TPNONE|F3|1777226400|SHORT,EXIT_SL_RAISED,False,S7-TPNONE,SHORT,S,0.5,1777236451.032,1777226400,1777228200.0,1777236300
5855934.499999891,p20,0.5,4670.58,0,4670.52,4677.15,4677.6,F1,False,4373941.98,-663041.9999999931,-684113.2499999931,S7-TPNONE|F1|1777326300|SHORT,EXIT_TRAIL,True,S7-TPNONE,SHORT,S,0.5,1777328100,1777326300,1777327200.0,1777327200
5855934.499999891,p20,0.5,4670.58,0,4670.52,4677.15,4677.6,F2,False,4373941.98,-663041.9999999931,-684113.2499999931,S7-TPNONE|F2|1777326300|SHORT,EXIT_TRAIL,True,S7-TPNONE,SHORT,S,0.5,1777328100,1777326300,1777327200.0,1777327200
5855934.499999891,p20,0.5,4670.58,0,4670.52,4677.15,4677.6,F3,False,4373941.98,-663041.9999999931,-684113.2499999931,S7-TPNONE|F3|1777326300|SHORT,EXIT_TRAIL,True,S7-TPNONE,SHORT,S,0.5,1777328100,1777326300,1777327200.0,1777327200
1179989.999999949,p20,0.5,4671.86,0,4671.75,4657.369626170663,4657.39,F1,True,4375093.875,1344813.9999999693,1323742.7499999693,S7-TPNONE|F1|1777332600|SHORT,EXIT_SL_RAISED,False,S7-TPNONE,SHORT,S,0.5,1777339213.426,1777332600,1777333500.0,1777338900
1179989.999999949,p20,0.5,4671.86,0,4671.75,4657.369626170663,4657.39,F2,True,4375093.875,1344813.9999999693,1323742.7499999693,S7-TPNONE|F2|1777332600|SHORT,EXIT_SL_RAISED,False,S7-TPNONE,SHORT,S,0.5,1777339213.426,1777332600,1777333500.0,1777338900
1179989.999999949,p20,0.5,4671.86,0,4671.75,4657.369626170663,4657.39,F3,True,4375093.875,1344813.9999999693,1323742.7499999693,S7-TPNONE|F3|1777332600|SHORT,EXIT_SL_RAISED,False,S7-TPNONE,SHORT,S,0.5,1777339213.426,1777332600,1777333500.0,1777338900
11141540.499999853,p20,0.5,4624.72,0,4624.78,4636.3373446417445,4636.37,F1,True,4331106.47,-1085403.5000000137,-1106474.7500000137,S7-TPNONE|F1|1777339800|SHORT,EXIT_SL_RAISED,False,S7-TPNONE,SHORT,S,0.5,1777341927.366,1777339800,1777340700.0,1777341600
11141540.499999853,p20,0.5,4624.72,0,4624.78,4636.3373446417445,4636.37,F2,True,4331106.47,-1085403.5000000137,-1106474.7500000137,S7-TPNONE|F2|1777339800|SHORT,EXIT_SL_RAISED,False,S7-TPNONE,SHORT,S,0.5,1777341927.366,1777339800,1777340700.0,1777341600
11141540.499999853,p20,0.5,4624.72,0,4624.78,4636.3373446417445,4636.37,F3,True,4331106.47,-1085403.5000000137,-1106474.7500000137,S7-TPNONE|F3|1777339800|SHORT,EXIT_SL_RAISED,False,S7-TPNONE,SHORT,S,0.5,1777341927.366,1777339800,1777340700.0,1777341600
7376342.250000031,p20,0.5,4582.46,0,4582.21,4591.326814105473,4591.38,F1,True,4291239.665,-858770.5000000069,-879841.7500000069,S7-TPNONE|F1|1777410000|SHORT,EXIT_SL_RAISED,False,S7-TPNONE,SHORT,S,0.5,1777412540.936,1777410000,1777410900.0,1777411800
7376342.250000031,p20,0.5,4582.46,0,4582.21,4591.326814105473,4591.38,F2,True,4291239.665,-858770.5000000069,-879841.7500000069,S7-TPNONE|F2|1777410000|SHORT,EXIT_SL_RAISED,False,S7-TPNONE,SHORT,S,0.5,1777412540.936,1777410000,1777410900.0,1777411800
7376342.250000031,p20,0.5,4582.46,0,4582.21,4591.326814105473,4591.38,F3,True,4291239.665,-858770.5000000069,-879841.7500000069,S7-TPNONE|F3|1777410000|SHORT,EXIT_SL_RAISED,False,S7-TPNONE,SHORT,S,0.5,1777412540.936,1777410000,1777410900.0,1777411800
3228583.7499997783,p20,0.5,4584.62,0,4584.61,4600.79,4601.27,F1,False,4293487.265,-1560209.0000000715,-1581280.2500000715,S7-TPNONE|F1|1777412700|SHORT,EXIT_TRAIL,True,S7-TPNONE,SHORT,S,0.5,1777414500,1777412700,1777413600.0,1777413600
3228583.7499997783,p20,0.5,4584.62,0,4584.61,4600.79,4601.27,F2,False,4293487.265,-1560209.0000000715,-1581280.2500000715,S7-TPNONE|F2|1777412700|SHORT,EXIT_TRAIL,True,S7-TPNONE,SHORT,S,0.5,1777414500,1777412700,1777413600.0,1777413600
3228583.7499997783,p20,0.5,4584.62,0,4584.61,4600.79,4601.27,F3,False,4293487.265,-1560209.0000000715,-1581280.2500000715,S7-TPNONE|F3|1777412700|SHORT,EXIT_TRAIL,True,S7-TPNONE,SHORT,S,0.5,1777414500,1777412700,1777413600.0,1777413600
1988657.7499999693,p20,0.5,4593.63,0,4593.61,4600.67,4601.24,F1,False,4301915.765,-714549.5000000102,-714549.5000000102,S7-TPNONE|F1|1777419000|SHORT,reverse,False,S7-TPNONE,SHORT,S,0.5,1777421700,1777419000,1777419900.0,1777420800
1988657.7499999693,p20,0.5,4593.63,0,4593.61,4600.67,4601.24,F2,False,4301915.765,-714549.5000000102,-714549.5000000102,S7-TPNONE|F2|1777419000|SHORT,reverse,False,S7-TPNONE,SHORT,S,0.5,1777421700,1777419000,1777419900.0,1777420800
1988657.7499999693,p20,0.5,4593.63,0,4593.61,4600.67,4601.24,F3,False,4301915.765,-714549.5000000102,-714549.5000000102,S7-TPNONE|F3|1777419000|SHORT,reverse,False,S7-TPNONE,SHORT,S,0.5,1777421700,1777419000,1777419900.0,1777420800
3671079.999999898,p20,0.5,4588.4,0,4588.42,4569.526068547311,4569.61,F1,True,4297055.33,1761556.5000000375,1740485.2500000375,S7-TPNONE|F1|1777428000|SHORT,EXIT_SL_RAISED,False,S7-TPNONE,SHORT,S,0.5,1777437902.052,1777428000,1777428900.0,1777437900
3671079.999999898,p20,0.5,4588.4,0,4588.42,4569.526068547311,4569.61,F2,True,4297055.33,1761556.5000000375,1740485.2500000375,S7-TPNONE|F2|1777428000|SHORT,EXIT_SL_RAISED,False,S7-TPNONE,SHORT,S,0.5,1777437902.052,1777428000,1777428900.0,1777437900
3671079.999999898,p20,0.5,4588.4,0,4588.42,4569.526068547311,4569.61,F3,True,4297055.33,1761556.5000000375,1740485.2500000375,S7-TPNONE|F3|1777428000|SHORT,EXIT_SL_RAISED,False,S7-TPNONE,SHORT,S,0.5,1777437902.052,1777428000,1777428900.0,1777437900
4354725.000000085,p20,0.5,4562.18,0,4562.13,4552.660741088862,4552.68,F1,True,4272434.745,884992.499999983,863921.249999983,S7-TPNONE|F1|1777501800|SHORT,EXIT_SL_RAISED,False,S7-TPNONE,SHORT,S,0.5,1777511283.915,1777501800,1777502700.0,1777510800
4354725.000000085,p20,0.5,4562.18,0,4562.13,4552.660741088862,4552.68,F2,True,4272434.745,884992.499999983,863921.249999983,S7-TPNONE|F2|1777501800|SHORT,EXIT_SL_RAISED,False,S7-TPNONE,SHORT,S,0.5,1777511283.915,1777501800,1777502700.0,1777510800
4354725.000000085,p20,0.5,4562.18,0,4562.13,4552.660741088862,4552.68,F3,True,4272434.745,884992.499999983,863921.249999983,S7-TPNONE|F3|1777501800|SHORT,EXIT_SL_RAISED,False,S7-TPNONE,SHORT,S,0.5,1777511283.915,1777501800,1777502700.0,1777510800
4548580.499999887,p20,0.5,4630.72,0,4631.28,4625.727940269926,4625.7,F1,True,4337193.72,-522566.9999999932,-543638.2499999932,S7-TPNONE|F1|1777586400|LONG,EXIT_SL_RAISED,False,S7-TPNONE,LONG,L,0.5,1777588951.63,1777586400,1777587300.0,1777588200
4548580.499999887,p20,0.5,4630.72,0,4631.28,4625.727940269926,4625.7,F2,True,4337193.72,-522566.9999999932,-543638.2499999932,S7-TPNONE|F2|1777586400|LONG,EXIT_SL_RAISED,False,S7-TPNONE,LONG,L,0.5,1777588951.63,1777586400,1777587300.0,1777588200
4548580.499999887,p20,0.5,4630.72,0,4631.28,4625.727940269926,4625.7,F3,True,4337193.72,-522566.9999999932,-543638.2499999932,S7-TPNONE|F3|1777586400|LONG,EXIT_SL_RAISED,False,S7-TPNONE,LONG,L,0.5,1777588951.63,1777586400,1777587300.0,1777588200
2794515.9999999283,p20,0.5,4614.87,0,4614.89,4606.640519090414,4606.78,F1,True,4321844.485,759501.5000000545,738430.2500000545,S7-TPNONE|F1|1777834800|SHORT,EXIT_SL_RAISED,False,S7-TPNONE,SHORT,S,0.5,1777845092.571,1777834800,1777835700.0,1777844700
2794515.9999999283,p20,0.5,4614.87,0,4614.89,4606.640519090414,4606.78,F2,True,4321844.485,759501.5000000545,738430.2500000545,S7-TPNONE|F2|1777834800|SHORT,EXIT_SL_RAISED,False,S7-TPNONE,SHORT,S,0.5,1777845092.571,1777834800,1777835700.0,1777844700
2794515.9999999283,p20,0.5,4614.87,0,4614.89,4606.640519090414,4606.78,F3,True,4321844.485,759501.5000000545,738430.2500000545,S7-TPNONE|F3|1777834800|SHORT,EXIT_SL_RAISED,False,S7-TPNONE,SHORT,S,0.5,1777845092.571,1777834800,1777835700.0,1777844700
4157591.7499999558,p20,0.5,4612.9,0,4613.37,4603.322690172042,4603.16,F1,True,4320421.005,-956166.5000000034,-977237.7500000034,S7-TPNONE|F1|1777844700|LONG,EXIT_SL_RAISED,False,S7-TPNONE,LONG,L,0.5,1777846566.208,1777844700,1777845600.0,1777846500
4157591.7499999558,p20,0.5,4612.9,0,4613.37,4603.322690172042,4603.16,F2,True,4320421.005,-956166.5000000034,-977237.7500000034,S7-TPNONE|F2|1777844700|LONG,EXIT_SL_RAISED,False,S7-TPNONE,LONG,L,0.5,1777846566.208,1777844700,1777845600.0,1777846500
4157591.7499999558,p20,0.5,4612.9,0,4613.37,4603.322690172042,4603.16,F3,True,4320421.005,-956166.5000000034,-977237.7500000034,S7-TPNONE|F3|1777844700|LONG,EXIT_SL_RAISED,False,S7-TPNONE,LONG,L,0.5,1777846566.208,1777844700,1777845600.0,1777846500
2305663.000000075,p20,0.5,4609.85,0,4610.4,4603.269179996319,4603.26,F1,True,4317639.6,-668660.9999999455,-689732.2499999455,S7-TPNONE|F1|1777849200|LONG,EXIT_SL_RAISED,False,S7-TPNONE,LONG,L,0.5,1777856624.083,1777849200,1777850100.0,1777856400
2305663.000000075,p20,0.5,4609.85,0,4610.4,4603.269179996319,4603.26,F2,True,4317639.6,-668660.9999999455,-689732.2499999455,S7-TPNONE|F2|1777849200|LONG,EXIT_SL_RAISED,False,S7-TPNONE,LONG,L,0.5,1777856624.083,1777849200,1777850100.0,1777856400
2305663.000000075,p20,0.5,4609.85,0,4610.4,4603.269179996319,4603.26,F3,True,4317639.6,-668660.9999999455,-689732.2499999455,S7-TPNONE|F3|1777849200|LONG,EXIT_SL_RAISED,False,S7-TPNONE,LONG,L,0.5,1777856624.083,1777849200,1777850100.0,1777856400
953825.249999782,p20,0.5,4518.3,0,4518.35,4527.271948148384,4527.42,F1,True,4231434.775,-849405.4999999728,-870476.7499999728,S7-TPNONE|F1|1777923000|SHORT,EXIT_SL_RAISED,False,S7-TPNONE,SHORT,S,0.5,1777925611.54,1777923000,1777923900.0,1777924800
953825.249999782,p20,0.5,4518.3,0,4518.35,4527.271948148384,4527.42,F2,True,4231434.775,-849405.4999999728,-870476.7499999728,S7-TPNONE|F2|1777923000|SHORT,EXIT_SL_RAISED,False,S7-TPNONE,SHORT,S,0.5,1777925611.54,1777923000,1777923900.0,1777924800
953825.249999782,p20,0.5,4518.3,0,4518.35,4527.271948148384,4527.42,F3,True,4231434.775,-849405.4999999728,-870476.7499999728,S7-TPNONE|F3|1777923000|SHORT,EXIT_SL_RAISED,False,S7-TPNONE,SHORT,S,0.5,1777925611.54,1777923000,1777923900.0,1777924800
4711999.749999963,p20,0.5,4662.78,0,4663.26,4657.303757667023,4657.29,F1,True,4367142.99,-559090.5000000239,-580161.7500000239,S7-TPNONE|F1|1778031900|LONG,EXIT_SL_RAISED,False,S7-TPNONE,LONG,L,0.5,1778037340.673,1778031900,1778032800.0,1778037300
4711999.749999963,p20,0.5,4662.78,0,4663.26,4657.303757667023,4657.29,F2,True,4367142.99,-559090.5000000239,-580161.7500000239,S7-TPNONE|F2|1778031900|LONG,EXIT_SL_RAISED,False,S7-TPNONE,LONG,L,0.5,1778037340.673,1778031900,1778032800.0,1778037300
4711999.749999963,p20,0.5,4662.78,0,4663.26,4657.303757667023,4657.29,F3,True,4367142.99,-559090.5000000239,-580161.7500000239,S7-TPNONE|F3|1778031900|LONG,EXIT_SL_RAISED,False,S7-TPNONE,LONG,L,0.5,1778037340.673,1778031900,1778032800.0,1778037300
8424285.749999993,p20,0.5,4709.56,0,4710.1,4703.256532419619,4703.21,F1,True,4411008.65,-645248.5000000306,-666319.7500000306,S7-TPNONE|F1|1778101200|LONG,EXIT_SL_RAISED,False,S7-TPNONE,LONG,L,0.5,1778103001.733,1778101200,1778102100.0,1778103000
8424285.749999993,p20,0.5,4709.56,0,4710.1,4703.256532419619,4703.21,F2,True,4411008.65,-645248.5000000306,-666319.7500000306,S7-TPNONE|F2|1778101200|LONG,EXIT_SL_RAISED,False,S7-TPNONE,LONG,L,0.5,1778103001.733,1778101200,1778102100.0,1778103000
8424285.749999993,p20,0.5,4709.56,0,4710.1,4703.256532419619,4703.21,F3,True,4411008.65,-645248.5000000306,-666319.7500000306,S7-TPNONE|F3|1778101200|LONG,EXIT_SL_RAISED,False,S7-TPNONE,LONG,L,0.5,1778103001.733,1778101200,1778102100.0,1778103000
3426185.2500000033,p20,0.5,4703.37,0,4703.82,4735.958000990271,4735.91,F1,True,4405127.43,3005228.5000000135,2984157.2500000135,S7-TPNONE|F1|1778117400|LONG,EXIT_SL_RAISED,False,S7-TPNONE,LONG,L,0.5,1778122504.524,1778117400,1778118300.0,1778121900
3426185.2500000033,p20,0.5,4703.37,0,4703.82,4735.958000990271,4735.91,F2,True,4405127.43,3005228.5000000135,2984157.2500000135,S7-TPNONE|F2|1778117400|LONG,EXIT_SL_RAISED,False,S7-TPNONE,LONG,L,0.5,1778122504.524,1778117400,1778118300.0,1778121900
3426185.2500000033,p20,0.5,4703.37,0,4703.82,4735.958000990271,4735.91,F3,True,4405127.43,3005228.5000000135,2984157.2500000135,S7-TPNONE|F3|1778117400|LONG,EXIT_SL_RAISED,False,S7-TPNONE,LONG,L,0.5,1778122504.524,1778117400,1778118300.0,1778121900
5726229.249999955,p20,0.5,4713.92,0,4714.15,4716.328175982291,4716.31,F1,True,4414801.475,202284.00000007154,181212.75000007154,S7-TPNONE|F1|1778187600|LONG,EXIT_SL_RAISED,False,S7-TPNONE,LONG,L,0.5,1778193317.473,1778187600,1778188500.0,1778193000
5726229.249999955,p20,0.5,4713.92,0,4714.15,4716.328175982291,4716.31,F2,True,4414801.475,202284.00000007154,181212.75000007154,S7-TPNONE|F2|1778187600|LONG,EXIT_SL_RAISED,False,S7-TPNONE,LONG,L,0.5,1778193317.473,1778187600,1778188500.0,1778193000
5726229.249999955,p20,0.5,4713.92,0,4714.15,4716.328175982291,4716.31,F3,True,4414801.475,202284.00000007154,181212.75000007154,S7-TPNONE|F3|1778187600|LONG,EXIT_SL_RAISED,False,S7-TPNONE,LONG,L,0.5,1778193317.473,1778187600,1778188500.0,1778193000
4201138.9999998845,p20,0.5,4733.47,0,4733.98,4719.425399914009,4719.23,F1,True,4433372.27,-1381337.5,-1402408.75,S7-TPNONE|F1|1778206500|LONG,EXIT_SL_RAISED,False,S7-TPNONE,LONG,L,0.5,1778209901.858,1778206500,1778207400.0,1778209200
4201138.9999998845,p20,0.5,4733.47,0,4733.98,4719.425399914009,4719.23,F2,True,4433372.27,-1381337.5,-1402408.75,S7-TPNONE|F2|1778206500|LONG,EXIT_SL_RAISED,False,S7-TPNONE,LONG,L,0.5,1778209901.858,1778206500,1778207400.0,1778209200
4201138.9999998845,p20,0.5,4733.47,0,4733.98,4719.425399914009,4719.23,F3,True,4433372.27,-1381337.5,-1402408.75,S7-TPNONE|F3|1778206500|LONG,EXIT_SL_RAISED,False,S7-TPNONE,LONG,L,0.5,1778209901.858,1778206500,1778207400.0,1778209200
4654873.249999908,p20,0.5,4698.77,0,4699.29,4685.082473226955,4685.01,F1,True,4400885.085,-1337321.9999999763,-1358393.2499999763,S7-TPNONE|F1|1778447700|LONG,EXIT_SL_RAISED,False,S7-TPNONE,LONG,L,0.5,1778450122.373,1778447700,1778448600.0,1778449500
4654873.249999908,p20,0.5,4698.77,0,4699.29,4685.082473226955,4685.01,F2,True,4400885.085,-1337321.9999999763,-1358393.2499999763,S7-TPNONE|F2|1778447700|LONG,EXIT_SL_RAISED,False,S7-TPNONE,LONG,L,0.5,1778450122.373,1778447700,1778448600.0,1778449500
4654873.249999908,p20,0.5,4698.77,0,4699.29,4685.082473226955,4685.01,F3,True,4400885.085,-1337321.9999999763,-1358393.2499999763,S7-TPNONE|F3|1778447700|LONG,EXIT_SL_RAISED,False,S7-TPNONE,LONG,L,0.5,1778450122.373,1778447700,1778448600.0,1778449500
3365781.0000001327,p20,0.5,4678.55,0,4678.79,4663.496300843476,4663.61,F1,True,4381686.835,1421607.0000000272,1400535.7500000272,S7-TPNONE|F1|1778456700|SHORT,EXIT_SL_RAISED,False,S7-TPNONE,SHORT,S,0.5,1778465313.243,1778456700,1778457600.0,1778464800
3365781.0000001327,p20,0.5,4678.55,0,4678.79,4663.496300843476,4663.61,F2,True,4381686.835,1421607.0000000272,1400535.7500000272,S7-TPNONE|F2|1778456700|SHORT,EXIT_SL_RAISED,False,S7-TPNONE,SHORT,S,0.5,1778465313.243,1778456700,1778457600.0,1778464800
3365781.0000001327,p20,0.5,4678.55,0,4678.79,4663.496300843476,4663.61,F3,True,4381686.835,1421607.0000000272,1400535.7500000272,S7-TPNONE|F3|1778456700|SHORT,EXIT_SL_RAISED,False,S7-TPNONE,SHORT,S,0.5,1778465313.243,1778456700,1778457600.0,1778464800
4455398.749999898,p30,0.5,4450.43,0,4450.98,4463.08,4463.29,F1,False,4168342.7699999996,1152831.5000000375,1131760.2500000375,S7-TPNONE|F1|1767653100|LONG,EXIT_TRAIL,True,S7-TPNONE,LONG,L,0.5,1767667500,1767653100,1767654000.0,1767666600
4455398.749999898,p30,0.5,4450.43,0,4450.98,4463.08,4463.29,F2,False,4168342.7699999996,1152831.5000000375,1131760.2500000375,S7-TPNONE|F2|1767653100|LONG,EXIT_TRAIL,True,S7-TPNONE,LONG,L,0.5,1767667500,1767653100,1767654000.0,1767666600
4455398.749999898,p30,0.5,4450.43,0,4450.98,4463.08,4463.29,F3,False,4168342.7699999996,1152831.5000000375,1131760.2500000375,S7-TPNONE|F3|1767653100|LONG,EXIT_TRAIL,True,S7-TPNONE,LONG,L,0.5,1767667500,1767653100,1767654000.0,1767666600
3631278.749999881,p30,0.5,4435.53,0,4435.97,4428.439930802446,4428.42,F1,True,4154285.905,-707057.500000017,-728128.750000017,S7-TPNONE|F1|1767843000|LONG,EXIT_SL_RAISED,False,S7-TPNONE,LONG,L,0.5,1767848475.971,1767843000,1767843900.0,1767848400
3631278.749999881,p30,0.5,4435.53,0,4435.97,4428.439930802446,4428.42,F2,True,4154285.905,-707057.500000017,-728128.750000017,S7-TPNONE|F2|1767843000|LONG,EXIT_SL_RAISED,False,S7-TPNONE,LONG,L,0.5,1767848475.971,1767843000,1767843900.0,1767848400
3631278.749999881,p30,0.5,4435.53,0,4435.97,4428.439930802446,4428.42,F3,True,4154285.905,-707057.500000017,-728128.750000017,S7-TPNONE|F3|1767843000|LONG,EXIT_SL_RAISED,False,S7-TPNONE,LONG,L,0.5,1767848475.971,1767843000,1767843900.0,1767848400
1290496.999999891,p30,0.5,4572.26,0,4572.6,4572.127494890865,4572.1,F1,True,4282239.9,-46825.0,-67896.25,S7-TPNONE|F1|1768184100|LONG,EXIT_SL_RAISED,False,S7-TPNONE,LONG,L,0.5,1768187507.776,1768184100,1768185000.0,1768186800
1290496.999999891,p30,0.5,4572.26,0,4572.6,4572.127494890865,4572.1,F2,True,4282239.9,-46825.0,-67896.25,S7-TPNONE|F2|1768184100|LONG,EXIT_SL_RAISED,False,S7-TPNONE,LONG,L,0.5,1768187507.776,1768184100,1768185000.0,1768186800
1290496.999999891,p30,0.5,4572.26,0,4572.6,4572.127494890865,4572.1,F3,True,4282239.9,-46825.0,-67896.25,S7-TPNONE|F3|1768184100|LONG,EXIT_SL_RAISED,False,S7-TPNONE,LONG,L,0.5,1768187507.776,1768184100,1768185000.0,1768186800
4402954.750000031,p30,0.5,4598.93,0,4599.68,4585.485464485997,4585.48,F1,True,4307600.32,-1329830.0000000682,-1350901.2500000682,S7-TPNONE|F1|1768250700|LONG,EXIT_SL_RAISED,False,S7-TPNONE,LONG,L,0.5,1768253871.897,1768250700,1768251600.0,1768253400
4402954.750000031,p30,0.5,4598.93,0,4599.68,4585.485464485997,4585.48,F2,True,4307600.32,-1329830.0000000682,-1350901.2500000682,S7-TPNONE|F2|1768250700|LONG,EXIT_SL_RAISED,False,S7-TPNONE,LONG,L,0.5,1768253871.897,1768250700,1768251600.0,1768253400
4402954.750000031,p30,0.5,4598.93,0,4599.68,4585.485464485997,4585.48,F3,True,4307600.32,-1329830.0000000682,-1350901.2500000682,S7-TPNONE|F3|1768250700|LONG,EXIT_SL_RAISED,False,S7-TPNONE,LONG,L,0.5,1768253871.897,1768250700,1768251600.0,1768253400
2400717.750000191,p30,0.5,4601.2,0,4601.68,4590.83424841009,4590.83,F1,True,4309473.32,-1016102.5000000341,-1037173.7500000341,S7-TPNONE|F1|1768270500|LONG,EXIT_SL_RAISED,False,S7-TPNONE,LONG,L,0.5,1768273217.24,1768270500,1768271400.0,1768273200
2400717.750000191,p30,0.5,4601.2,0,4601.68,4590.83424841009,4590.83,F2,True,4309473.32,-1016102.5000000341,-1037173.7500000341,S7-TPNONE|F2|1768270500|LONG,EXIT_SL_RAISED,False,S7-TPNONE,LONG,L,0.5,1768273217.24,1768270500,1768271400.0,1768273200
2400717.750000191,p30,0.5,4601.2,0,4601.68,4590.83424841009,4590.83,F3,True,4309473.32,-1016102.5000000341,-1037173.7500000341,S7-TPNONE|F3|1768270500|LONG,EXIT_SL_RAISED,False,S7-TPNONE,LONG,L,0.5,1768273217.24,1768270500,1768271400.0,1768273200
2573970.2500000545,p30,0.5,4595.76,0,4596.26,4629.616915402366,4629.61,F1,True,4304397.49,3123227.499999949,3102156.249999949,S7-TPNONE|F1|1768334400|LONG,EXIT_SL_RAISED,False,S7-TPNONE,LONG,L,0.5,1768359360.202,1768334400,1768335300.0,1768358700
2573970.2500000545,p30,0.5,4595.76,0,4596.26,4629.616915402366,4629.61,F2,True,4304397.49,3123227.499999949,3102156.249999949,S7-TPNONE|F2|1768334400|LONG,EXIT_SL_RAISED,False,S7-TPNONE,LONG,L,0.5,1768359360.202,1768334400,1768335300.0,1768358700
2573970.2500000545,p30,0.5,4595.76,0,4596.26,4629.616915402366,4629.61,F3,True,4304397.49,3123227.499999949,3102156.249999949,S7-TPNONE|F3|1768334400|LONG,EXIT_SL_RAISED,False,S7-TPNONE,LONG,L,0.5,1768359360.202,1768334400,1768335300.0,1768358700
4610857.750000055,p30,0.5,4605.17,0,4605.76,4599.754818113246,4599.74,F1,True,4313294.24,-563773.0000000409,-584844.2500000409,S7-TPNONE|F1|1768446000|LONG,EXIT_SL_RAISED,False,S7-TPNONE,LONG,L,0.5,1768453006.405,1768446000,1768446900.0,1768452300
4610857.750000055,p30,0.5,4605.17,0,4605.76,4599.754818113246,4599.74,F2,True,4313294.24,-563773.0000000409,-584844.2500000409,S7-TPNONE|F2|1768446000|LONG,EXIT_SL_RAISED,False,S7-TPNONE,LONG,L,0.5,1768453006.405,1768446000,1768446900.0,1768452300
4610857.750000055,p30,0.5,4605.17,0,4605.76,4599.754818113246,4599.74,F3,True,4313294.24,-563773.0000000409,-584844.2500000409,S7-TPNONE|F3|1768446000|LONG,EXIT_SL_RAISED,False,S7-TPNONE,LONG,L,0.5,1768453006.405,1768446000,1768446900.0,1768452300
2345932.499999847,p30,0.5,4668.77,0,4669.26,4667.152621270937,4666.96,F1,True,4372761.99,-215395.00000001703,-236466.25000001703,S7-TPNONE|F1|1768780800|LONG,EXIT_SL_RAISED,False,S7-TPNONE,LONG,L,0.5,1768796208.839,1768780800,1768781700.0,1768796100
2345932.499999847,p30,0.5,4668.77,0,4669.26,4667.152621270937,4666.96,F2,True,4372761.99,-215395.00000001703,-236466.25000001703,S7-TPNONE|F2|1768780800|LONG,EXIT_SL_RAISED,False,S7-TPNONE,LONG,L,0.5,1768796208.839,1768780800,1768781700.0,1768796100
2345932.499999847,p30,0.5,4668.77,0,4669.26,4667.152621270937,4666.96,F3,True,4372761.99,-215395.00000001703,-236466.25000001703,S7-TPNONE|F3|1768780800|LONG,EXIT_SL_RAISED,False,S7-TPNONE,LONG,L,0.5,1768796208.839,1768780800,1768781700.0,1768796100
4150568.000000143,p30,0.5,4670.04,0,4670.54,4667.527099505794,4667.4,F1,True,4373960.71,-294061.0000000307,-315132.2500000307,S7-TPNONE|F1|1768860000|LONG,EXIT_SL_RAISED,False,S7-TPNONE,LONG,L,0.5,1768863429.097,1768860000,1768860900.0,1768862700
4150568.000000143,p30,0.5,4670.04,0,4670.54,4667.527099505794,4667.4,F2,True,4373960.71,-294061.0000000307,-315132.2500000307,S7-TPNONE|F2|1768860000|LONG,EXIT_SL_RAISED,False,S7-TPNONE,LONG,L,0.5,1768863429.097,1768860000,1768860900.0,1768862700
4150568.000000143,p30,0.5,4670.04,0,4670.54,4667.527099505794,4667.4,F3,True,4373960.71,-294061.0000000307,-315132.2500000307,S7-TPNONE|F3|1768860000|LONG,EXIT_SL_RAISED,False,S7-TPNONE,LONG,L,0.5,1768863429.097,1768860000,1768860900.0,1768862700
2491558.2500000442,p30,0.5,4671.86,0,4672.36,4706.564644634071,4706.55,F1,True,4375665.14,3201893.5000000475,3180822.2500000475,S7-TPNONE|F1|1768864500|LONG,EXIT_SL_RAISED,False,S7-TPNONE,LONG,L,0.5,1768880401.553,1768864500,1768865400.0,1768879800
2491558.2500000442,p30,0.5,4671.86,0,4672.36,4706.564644634071,4706.55,F2,True,4375665.14,3201893.5000000475,3180822.2500000475,S7-TPNONE|F2|1768864500|LONG,EXIT_SL_RAISED,False,S7-TPNONE,LONG,L,0.5,1768880401.553,1768864500,1768865400.0,1768879800
2491558.2500000442,p30,0.5,4671.86,0,4672.36,4706.564644634071,4706.55,F3,True,4375665.14,3201893.5000000475,3180822.2500000475,S7-TPNONE|F3|1768864500|LONG,EXIT_SL_RAISED,False,S7-TPNONE,LONG,L,0.5,1768880401.553,1768864500,1768865400.0,1768879800
2184386.249999898,p30,0.5,4796.5,0,4797.0,4795.23,4795.23,F1,False,4492390.5,-165760.5000000409,-165760.5000000409,S7-TPNONE|F1|1769042700|LONG,reverse,False,S7-TPNONE,LONG,L,0.5,1769049000,1769042700,1769043600.0,1769048100
2184386.249999898,p30,0.5,4796.5,0,4797.0,4795.23,4795.23,F2,False,4492390.5,-165760.5000000409,-165760.5000000409,S7-TPNONE|F2|1769042700|LONG,reverse,False,S7-TPNONE,LONG,L,0.5,1769049000,1769042700,1769043600.0,1769048100
2184386.249999898,p30,0.5,4796.5,0,4797.0,4795.23,4795.23,F3,False,4492390.5,-165760.5000000409,-165760.5000000409,S7-TPNONE|F3|1769042700|LONG,reverse,False,S7-TPNONE,LONG,L,0.5,1769049000,1769042700,1769043600.0,1769048100
6879060.7499999935,p30,0.5,4821.16,0,4821.67,4824.366710560531,4824.31,F1,True,4515493.955,247236.00000003068,226164.75000003068,S7-TPNONE|F1|1769049900|LONG,EXIT_SL_RAISED,False,S7-TPNONE,LONG,L,0.5,1769058668.863,1769049900,1769050800.0,1769058000
6879060.7499999935,p30,0.5,4821.16,0,4821.67,4824.366710560531,4824.31,F2,True,4515493.955,247236.00000003068,226164.75000003068,S7-TPNONE|F2|1769049900|LONG,EXIT_SL_RAISED,False,S7-TPNONE,LONG,L,0.5,1769058668.863,1769049900,1769050800.0,1769058000
6879060.7499999935,p30,0.5,4821.16,0,4821.67,4824.366710560531,4824.31,F3,True,4515493.955,247236.00000003068,226164.75000003068,S7-TPNONE|F3|1769049900|LONG,EXIT_SL_RAISED,False,S7-TPNONE,LONG,L,0.5,1769058668.863,1769049900,1769050800.0,1769058000
5386748.000000041,p30,0.5,4964.98,0,4965.48,4947.903558056472,4947.9,F1,True,4650172.02,-1646366.9999999932,-1667438.2499999932,S7-TPNONE|F1|1769118300|LONG,EXIT_SL_RAISED,False,S7-TPNONE,LONG,L,0.5,1769120300.053,1769118300,1769119200.0,1769120100
5386748.000000041,p30,0.5,4964.98,0,4965.48,4947.903558056472,4947.9,F2,True,4650172.02,-1646366.9999999932,-1667438.2499999932,S7-TPNONE|F2|1769118300|LONG,EXIT_SL_RAISED,False,S7-TPNONE,LONG,L,0.5,1769120300.053,1769118300,1769119200.0,1769120100
5386748.000000041,p30,0.5,4964.98,0,4965.48,4947.903558056472,4947.9,F3,True,4650172.02,-1646366.9999999932,-1667438.2499999932,S7-TPNONE|F3|1769118300|LONG,EXIT_SL_RAISED,False,S7-TPNONE,LONG,L,0.5,1769120300.053,1769118300,1769119200.0,1769120100
1935745.500000092,p30,0.5,4956.7,0,4957.2,4955.208247498228,4955.01,F1,True,4642417.8,-205093.4999999625,-226164.7499999625,S7-TPNONE|F1|1769131800|LONG,EXIT_SL_RAISED,False,S7-TPNONE,LONG,L,0.5,1769137804.941,1769131800,1769132700.0,1769137200
1935745.500000092,p30,0.5,4956.7,0,4957.2,4955.208247498228,4955.01,F2,True,4642417.8,-205093.4999999625,-226164.7499999625,S7-TPNONE|F2|1769131800|LONG,EXIT_SL_RAISED,False,S7-TPNONE,LONG,L,0.5,1769137804.941,1769131800,1769132700.0,1769137200
1935745.500000092,p30,0.5,4956.7,0,4957.2,4955.208247498228,4955.01,F3,True,4642417.8,-205093.4999999625,-226164.7499999625,S7-TPNONE|F3|1769131800|LONG,EXIT_SL_RAISED,False,S7-TPNONE,LONG,L,0.5,1769137804.941,1769131800,1769132700.0,1769137200
5743086.250000154,p30,0.5,5074.23,0,5074.64,5077.78,5077.88,F1,False,4752400.36,303425.99999997957,282354.74999997957,S7-TPNONE|F1|1769395500|LONG,EXIT_TRAIL,True,S7-TPNONE,LONG,L,0.5,1769400000,1769395500,1769396400.0,1769399100
5743086.250000154,p30,0.5,5074.23,0,5074.64,5077.78,5077.88,F2,False,4752400.36,303425.99999997957,282354.74999997957,S7-TPNONE|F2|1769395500|LONG,EXIT_TRAIL,True,S7-TPNONE,LONG,L,0.5,1769400000,1769395500,1769396400.0,1769399100
5743086.250000154,p30,0.5,5074.23,0,5074.64,5077.78,5077.88,F3,False,4752400.36,303425.99999997957,282354.74999997957,S7-TPNONE|F3|1769395500|LONG,EXIT_TRAIL,True,S7-TPNONE,LONG,L,0.5,1769400000,1769395500,1769396400.0,1769399100
4865585.7499999935,p30,0.5,5052.19,0,5052.68,5031.77,5031.71,F1,False,4731834.82,-1963840.5000000237,-1963840.5000000237,S7-TPNONE|F1|1769461200|LONG,reverse,False,S7-TPNONE,LONG,L,0.5,1769463900,1769461200,1769462100.0,1769463000
4865585.7499999935,p30,0.5,5052.19,0,5052.68,5031.77,5031.71,F2,False,4731834.82,-1963840.5000000237,-1963840.5000000237,S7-TPNONE|F2|1769461200|LONG,reverse,False,S7-TPNONE,LONG,L,0.5,1769463900,1769461200,1769462100.0,1769463000
4865585.7499999935,p30,0.5,5052.19,0,5052.68,5031.77,5031.71,F3,False,4731834.82,-1963840.5000000237,-1963840.5000000237,S7-TPNONE|F3|1769461200|LONG,reverse,False,S7-TPNONE,LONG,L,0.5,1769463900,1769461200,1769462100.0,1769463000
5563746.499999986,p30,0.5,5063.78,0,5064.28,5057.513749242495,5057.13,F1,True,4742698.22,-669597.4999999659,-690668.7499999659,S7-TPNONE|F1|1769468400|LONG,EXIT_SL_RAISED,False,S7-TPNONE,LONG,L,0.5,1769479886.462,1769468400,1769469300.0,1769479200
5563746.499999986,p30,0.5,5063.78,0,5064.28,5057.513749242495,5057.13,F2,True,4742698.22,-669597.4999999659,-690668.7499999659,S7-TPNONE|F2|1769468400|LONG,EXIT_SL_RAISED,False,S7-TPNONE,LONG,L,0.5,1769479886.462,1769468400,1769469300.0,1769479200
5563746.499999986,p30,0.5,5063.78,0,5064.28,5057.513749242495,5057.13,F3,True,4742698.22,-669597.4999999659,-690668.7499999659,S7-TPNONE|F3|1769468400|LONG,EXIT_SL_RAISED,False,S7-TPNONE,LONG,L,0.5,1769479886.462,1769468400,1769469300.0,1769479200
4859030.2500000205,p30,0.5,5074.48,0,5074.96,5082.032470822277,5081.9,F1,True,4752700.04,649930.9999999625,628859.7499999625,S7-TPNONE|F1|1769481000|LONG,EXIT_SL_RAISED,False,S7-TPNONE,LONG,L,0.5,1769490410.245,1769481000,1769481900.0,1769490000
4859030.2500000205,p30,0.5,5074.48,0,5074.96,5082.032470822277,5081.9,F2,True,4752700.04,649930.9999999625,628859.7499999625,S7-TPNONE|F2|1769481000|LONG,EXIT_SL_RAISED,False,S7-TPNONE,LONG,L,0.5,1769490410.245,1769481000,1769481900.0,1769490000
4859030.2500000205,p30,0.5,5074.48,0,5074.96,5082.032470822277,5081.9,F3,True,4752700.04,649930.9999999625,628859.7499999625,S7-TPNONE|F3|1769481000|LONG,EXIT_SL_RAISED,False,S7-TPNONE,LONG,L,0.5,1769490410.245,1769481000,1769481900.0,1769490000
9843083.24999979,p30,0.5,5190.91,0,5190.07,5289.96,5289.96,F1,False,4860500.555,9354698.50000003,9333627.25000003,S7-TPNONE|F1|1769551200|LONG,EXIT_TRAIL,True,S7-TPNONE,LONG,L,0.5,1769579100,1769551200,1769552100.0,1769578200
9843083.24999979,p30,0.5,5190.91,0,5190.07,5289.96,5289.96,F2,False,4860500.555,9354698.50000003,9333627.25000003,S7-TPNONE|F2|1769551200|LONG,EXIT_TRAIL,True,S7-TPNONE,LONG,L,0.5,1769579100,1769551200,1769552100.0,1769578200
9843083.24999979,p30,0.5,5190.91,0,5190.07,5289.96,5289.96,F3,False,4860500.555,9354698.50000003,9333627.25000003,S7-TPNONE|F3|1769551200|LONG,EXIT_TRAIL,True,S7-TPNONE,LONG,L,0.5,1769579100,1769551200,1769552100.0,1769578200
8211232.000000197,p30,0.5,5525.67,0,5526.06,5524.834183398698,5523.08,F1,True,5175155.19,-279077.0000000443,-300148.2500000443,S7-TPNONE|F1|1769643000|LONG,EXIT_SL_RAISED,False,S7-TPNONE,LONG,L,0.5,1769653391.237,1769643000,1769643900.0,1769652900
8211232.000000197,p30,0.5,5525.67,0,5526.06,5524.834183398698,5523.08,F2,True,5175155.19,-279077.0000000443,-300148.2500000443,S7-TPNONE|F2|1769643000|LONG,EXIT_SL_RAISED,False,S7-TPNONE,LONG,L,0.5,1769653391.237,1769643000,1769643900.0,1769652900
8211232.000000197,p30,0.5,5525.67,0,5526.06,5524.834183398698,5523.08,F3,True,5175155.19,-279077.0000000443,-300148.2500000443,S7-TPNONE|F3|1769643000|LONG,EXIT_SL_RAISED,False,S7-TPNONE,LONG,L,0.5,1769653391.237,1769643000,1769643900.0,1769652900
23204597.00000006,p30,0.5,4838.06,1,4741.16,4796.602780707185,4796.74,F1,True,4440096.34,-5205066.9999999935,-5226138.2499999935,S7-TPNONE|F1|1769795100|SHORT,EXIT_SL_RAISED,False,S7-TPNONE,SHORT,S,0.5,1769980112.896,1769795100,1769976900.0,1769979600
23204597.00000006,p30,0.5,4838.06,1,4741.16,4796.602780707185,4796.74,F2,True,4440096.34,-5205066.9999999935,-5226138.2499999935,S7-TPNONE|F2|1769795100|SHORT,EXIT_SL_RAISED,False,S7-TPNONE,SHORT,S,0.5,1769980112.896,1769795100,1769976900.0,1769979600
23204597.00000006,p30,0.5,4838.06,1,4741.16,4796.602780707185,4796.74,F3,True,4440096.34,-5205066.9999999935,-5226138.2499999935,S7-TPNONE|F3|1769795100|SHORT,EXIT_SL_RAISED,False,S7-TPNONE,SHORT,S,0.5,1769980112.896,1769795100,1769976900.0,1769979600
60088181.25000017,p30,0.5,4643.74,0,4643.27,4743.683538143469,4743.9,F1,True,4348422.355,-9423999.499999925,-9445070.749999925,S7-TPNONE|F1|1769983200|SHORT,EXIT_SL_RAISED,False,S7-TPNONE,SHORT,S,0.5,1769988620.681,1769983200,1769984100.0,1769988600
60088181.25000017,p30,0.5,4643.74,0,4643.27,4743.683538143469,4743.9,F2,True,4348422.355,-9423999.499999925,-9445070.749999925,S7-TPNONE|F2|1769983200|SHORT,EXIT_SL_RAISED,False,S7-TPNONE,SHORT,S,0.5,1769988620.681,1769983200,1769984100.0,1769988600
60088181.25000017,p30,0.5,4643.74,0,4643.27,4743.683538143469,4743.9,F3,True,4348422.355,-9423999.499999925,-9445070.749999925,S7-TPNONE|F3|1769983200|SHORT,EXIT_SL_RAISED,False,S7-TPNONE,SHORT,S,0.5,1769988620.681,1769983200,1769984100.0,1769988600
12293903.750000136,p30,0.5,4692.71,0,4691.91,4698.045507250292,4698.38,F1,True,4393973.715,-605915.5000000239,-626986.7500000239,S7-TPNONE|F1|1769990400|SHORT,EXIT_SL_RAISED,False,S7-TPNONE,SHORT,S,0.5,1769995198.893,1769990400,1769991300.0,1769994900
12293903.750000136,p30,0.5,4692.71,0,4691.91,4698.045507250292,4698.38,F2,True,4393973.715,-605915.5000000239,-626986.7500000239,S7-TPNONE|F2|1769990400|SHORT,EXIT_SL_RAISED,False,S7-TPNONE,SHORT,S,0.5,1769995198.893,1769990400,1769991300.0,1769994900
12293903.750000136,p30,0.5,4692.71,0,4691.91,4698.045507250292,4698.38,F3,True,4393973.715,-605915.5000000239,-626986.7500000239,S7-TPNONE|F3|1769990400|SHORT,EXIT_SL_RAISED,False,S7-TPNONE,SHORT,S,0.5,1769995198.893,1769990400,1769991300.0,1769994900
27775653.49999993,p30,0.5,4575.2,0,4575.22,4500.726962157214,4501.32,F1,True,4284693.53,6920735.000000051,6899663.750000051,S7-TPNONE|F1|1769999400|SHORT,EXIT_SL_RAISED,False,S7-TPNONE,SHORT,S,0.5,1770004578.668,1769999400,1770000300.0,1770003900
27775653.49999993,p30,0.5,4575.2,0,4575.22,4500.726962157214,4501.32,F2,True,4284693.53,6920735.000000051,6899663.750000051,S7-TPNONE|F2|1769999400|SHORT,EXIT_SL_RAISED,False,S7-TPNONE,SHORT,S,0.5,1770004578.668,1769999400,1770000300.0,1770003900
27775653.49999993,p30,0.5,4575.2,0,4575.22,4500.726962157214,4501.32,F3,True,4284693.53,6920735.000000051,6899663.750000051,S7-TPNONE|F3|1769999400|SHORT,EXIT_SL_RAISED,False,S7-TPNONE,SHORT,S,0.5,1770004578.668,1769999400,1770000300.0,1770003900
18157330.250000104,p30,0.5,4932.57,0,4932.69,4961.119083327502,4961.58,F1,True,4619464.185,-2705548.5000000307,-2726619.7500000307,S7-TPNONE|F1|1770148800|SHORT,EXIT_SL_RAISED,False,S7-TPNONE,SHORT,S,0.5,1770152714.634,1770148800,1770149700.0,1770152400
18157330.250000104,p30,0.5,4932.57,0,4932.69,4961.119083327502,4961.58,F2,True,4619464.185,-2705548.5000000307,-2726619.7500000307,S7-TPNONE|F2|1770148800|SHORT,EXIT_SL_RAISED,False,S7-TPNONE,SHORT,S,0.5,1770152714.634,1770148800,1770149700.0,1770152400
18157330.250000104,p30,0.5,4932.57,0,4932.69,4961.119083327502,4961.58,F3,True,4619464.185,-2705548.5000000307,-2726619.7500000307,S7-TPNONE|F3|1770148800|SHORT,EXIT_SL_RAISED,False,S7-TPNONE,SHORT,S,0.5,1770152714.634,1770148800,1770149700.0,1770152400
3823261.249999898,p30,0.5,5076.53,0,5076.93,5065.139574420094,5064.96,F1,True,4754544.945,-1120990.5000000237,-1142061.7500000237,S7-TPNONE|F1|1770176700|LONG,EXIT_SL_RAISED,False,S7-TPNONE,LONG,L,0.5,1770185751.604,1770176700,1770177600.0,1770185700
3823261.249999898,p30,0.5,5076.53,0,5076.93,5065.139574420094,5064.96,F2,True,4754544.945,-1120990.5000000237,-1142061.7500000237,S7-TPNONE|F2|1770176700|LONG,EXIT_SL_RAISED,False,S7-TPNONE,LONG,L,0.5,1770185751.604,1770176700,1770177600.0,1770185700
3823261.249999898,p30,0.5,5076.53,0,5076.93,5065.139574420094,5064.96,F3,True,4754544.945,-1120990.5000000237,-1142061.7500000237,S7-TPNONE|F3|1770176700|LONG,EXIT_SL_RAISED,False,S7-TPNONE,LONG,L,0.5,1770185751.604,1770176700,1770177600.0,1770185700
8506229.499999823,p30,0.5,4852.82,0,4852.82,4885.61,4886.11,F1,False,4544665.93,-3117608.4999999967,-3138679.7499999967,S7-TPNONE|F1|1770256800|SHORT,EXIT_TRAIL,True,S7-TPNONE,SHORT,S,0.5,1770259500,1770256800,1770257700.0,1770258600
8506229.499999823,p30,0.5,4852.82,0,4852.82,4885.61,4886.11,F2,False,4544665.93,-3117608.4999999967,-3138679.7499999967,S7-TPNONE|F2|1770256800|SHORT,EXIT_TRAIL,True,S7-TPNONE,SHORT,S,0.5,1770259500,1770256800,1770257700.0,1770258600
8506229.499999823,p30,0.5,4852.82,0,4852.82,4885.61,4886.11,F3,False,4544665.93,-3117608.4999999967,-3138679.7499999967,S7-TPNONE|F3|1770256800|SHORT,EXIT_TRAIL,True,S7-TPNONE,SHORT,S,0.5,1770259500,1770256800,1770257700.0,1770258600
4693269.7499999795,p30,0.5,5036.86,0,5037.01,5019.778683354326,5019.74,F1,True,4717159.865,-1617335.500000041,-1638406.750000041,S7-TPNONE|F1|1770605100|LONG,EXIT_SL_RAISED,False,S7-TPNONE,LONG,L,0.5,1770607323.479,1770605100,1770606000.0,1770606900
4693269.7499999795,p30,0.5,5036.86,0,5037.01,5019.778683354326,5019.74,F2,True,4717159.865,-1617335.500000041,-1638406.750000041,S7-TPNONE|F2|1770605100|LONG,EXIT_SL_RAISED,False,S7-TPNONE,LONG,L,0.5,1770607323.479,1770605100,1770606000.0,1770606900
4693269.7499999795,p30,0.5,5036.86,0,5037.01,5019.778683354326,5019.74,F3,True,4717159.865,-1617335.500000041,-1638406.750000041,S7-TPNONE|F3|1770605100|LONG,EXIT_SL_RAISED,False,S7-TPNONE,LONG,L,0.5,1770607323.479,1770605100,1770606000.0,1770606900
4117322.2500000987,p30,0.5,5040.04,0,5040.54,5032.586264171117,5032.51,F1,True,4720465.71,-752009.4999999761,-773080.7499999761,S7-TPNONE|F1|1770758100|LONG,EXIT_SL_RAISED,False,S7-TPNONE,LONG,L,0.5,1770760804.48,1770758100,1770759000.0,1770760800
4117322.2500000987,p30,0.5,5040.04,0,5040.54,5032.586264171117,5032.51,F2,True,4720465.71,-752009.4999999761,-773080.7499999761,S7-TPNONE|F2|1770758100|LONG,EXIT_SL_RAISED,False,S7-TPNONE,LONG,L,0.5,1770760804.48,1770758100,1770759000.0,1770760800
4117322.2500000987,p30,0.5,5040.04,0,5040.54,5032.586264171117,5032.51,F3,True,4720465.71,-752009.4999999761,-773080.7499999761,S7-TPNONE|F3|1770758100|LONG,EXIT_SL_RAISED,False,S7-TPNONE,LONG,L,0.5,1770760804.48,1770758100,1770759000.0,1770760800
4232511.750000058,p30,0.5,5043.96,0,5044.46,5035.371688905438,5035.35,F1,True,4724136.79,-853151.4999999694,-874222.7499999694,S7-TPNONE|F1|1770762600|LONG,EXIT_SL_RAISED,False,S7-TPNONE,LONG,L,0.5,1770765291.372,1770762600,1770763500.0,1770764400
4232511.750000058,p30,0.5,5043.96,0,5044.46,5035.371688905438,5035.35,F2,True,4724136.79,-853151.4999999694,-874222.7499999694,S7-TPNONE|F2|1770762600|LONG,EXIT_SL_RAISED,False,S7-TPNONE,LONG,L,0.5,1770765291.372,1770762600,1770763500.0,1770764400
4232511.750000058,p30,0.5,5043.96,0,5044.46,5035.371688905438,5035.35,F3,True,4724136.79,-853151.4999999694,-874222.7499999694,S7-TPNONE|F3|1770762600|LONG,EXIT_SL_RAISED,False,S7-TPNONE,LONG,L,0.5,1770765291.372,1770762600,1770763500.0,1770764400
4210035.7499999935,p30,0.5,5053.82,0,5054.32,5045.518743710851,5045.39,F1,True,4733370.68,-836294.499999942,-857365.749999942,S7-TPNONE|F1|1770766200|LONG,EXIT_SL_RAISED,False,S7-TPNONE,LONG,L,0.5,1770775309.373,1770766200,1770767100.0,1770775200
4210035.7499999935,p30,0.5,5053.82,0,5054.32,5045.518743710851,5045.39,F2,True,4733370.68,-836294.499999942,-857365.749999942,S7-TPNONE|F2|1770766200|LONG,EXIT_SL_RAISED,False,S7-TPNONE,LONG,L,0.5,1770775309.373,1770766200,1770767100.0,1770775200
4210035.7499999935,p30,0.5,5053.82,0,5054.32,5045.518743710851,5045.39,F3,True,4733370.68,-836294.499999942,-857365.749999942,S7-TPNONE|F3|1770766200|LONG,EXIT_SL_RAISED,False,S7-TPNONE,LONG,L,0.5,1770775309.373,1770766200,1770767100.0,1770775200
3598969.5000000275,p30,0.5,5062.18,0,5062.68,5054.141288174476,5053.45,F1,True,4741199.82,-864389.5000000442,-885460.7500000442,S7-TPNONE|F1|1770777000|LONG,EXIT_SL_RAISED,False,S7-TPNONE,LONG,L,0.5,1770783924.741,1770777000,1770777900.0,1770783300
3598969.5000000275,p30,0.5,5062.18,0,5062.68,5054.141288174476,5053.45,F2,True,4741199.82,-864389.5000000442,-885460.7500000442,S7-TPNONE|F2|1770777000|LONG,EXIT_SL_RAISED,False,S7-TPNONE,LONG,L,0.5,1770783924.741,1770777000,1770777900.0,1770783300
3598969.5000000275,p30,0.5,5062.18,0,5062.68,5054.141288174476,5053.45,F3,True,4741199.82,-864389.5000000442,-885460.7500000442,S7-TPNONE|F3|1770777000|LONG,EXIT_SL_RAISED,False,S7-TPNONE,LONG,L,0.5,1770783924.741,1770777000,1770777900.0,1770783300
5976742.999999887,p30,0.5,4963.96,0,4963.96,4966.842603038677,4967.55,F1,True,4648748.54,-336203.5000000136,-357274.7500000136,S7-TPNONE|F1|1770949800|SHORT,EXIT_SL_RAISED,False,S7-TPNONE,SHORT,S,0.5,1770955105.817,1770949800,1770950700.0,1770954300
5976742.999999887,p30,0.5,4963.96,0,4963.96,4966.842603038677,4967.55,F2,True,4648748.54,-336203.5000000136,-357274.7500000136,S7-TPNONE|F2|1770949800|SHORT,EXIT_SL_RAISED,False,S7-TPNONE,SHORT,S,0.5,1770955105.817,1770949800,1770950700.0,1770954300
5976742.999999887,p30,0.5,4963.96,0,4963.96,4966.842603038677,4967.55,F3,True,4648748.54,-336203.5000000136,-357274.7500000136,S7-TPNONE|F3|1770949800|SHORT,EXIT_SL_RAISED,False,S7-TPNONE,SHORT,S,0.5,1770955105.817,1770949800,1770950700.0,1770954300
3305844.999999932,p30,0.5,5029.16,0,5029.66,5010.13047498514,5009.6,F1,True,4710276.59,-1878618.9999999523,-1899690.2499999523,S7-TPNONE|F1|1771186500|LONG,EXIT_SL_RAISED,False,S7-TPNONE,LONG,L,0.5,1771189411.02,1771186500,1771187400.0,1771189200
3305844.999999932,p30,0.5,5029.16,0,5029.66,5010.13047498514,5009.6,F2,True,4710276.59,-1878618.9999999523,-1899690.2499999523,S7-TPNONE|F2|1771186500|LONG,EXIT_SL_RAISED,False,S7-TPNONE,LONG,L,0.5,1771189411.02,1771186500,1771187400.0,1771189200
3305844.999999932,p30,0.5,5029.16,0,5029.66,5010.13047498514,5009.6,F3,True,4710276.59,-1878618.9999999523,-1899690.2499999523,S7-TPNONE|F3|1771186500|LONG,EXIT_SL_RAISED,False,S7-TPNONE,LONG,L,0.5,1771189411.02,1771186500,1771187400.0,1771189200
2439582.499999847,p30,0.5,4989.75,0,4989.75,4947.658984825343,4947.9,F1,True,4672900.875,3919252.500000034,3898181.250000034,S7-TPNONE|F1|1771273800|SHORT,EXIT_SL_RAISED,False,S7-TPNONE,SHORT,S,0.5,1771279693.86,1771273800,1771274700.0,1771279200
2439582.499999847,p30,0.5,4989.75,0,4989.75,4947.658984825343,4947.9,F2,True,4672900.875,3919252.500000034,3898181.250000034,S7-TPNONE|F2|1771273800|SHORT,EXIT_SL_RAISED,False,S7-TPNONE,SHORT,S,0.5,1771279693.86,1771273800,1771274700.0,1771279200
2439582.499999847,p30,0.5,4989.75,0,4989.75,4947.658984825343,4947.9,F3,True,4672900.875,3919252.500000034,3898181.250000034,S7-TPNONE|F3|1771273800|SHORT,EXIT_SL_RAISED,False,S7-TPNONE,SHORT,S,0.5,1771279693.86,1771273800,1771274700.0,1771279200
2442391.999999993,p30,0.5,4957.34,0,4957.55,4886.3666873073535,4886.54,F1,True,4642745.575,6650086.5000000205,6629015.2500000205,S7-TPNONE|F1|1771281900|SHORT,EXIT_SL_RAISED,False,S7-TPNONE,SHORT,S,0.5,1771296403.701,1771281900,1771282800.0,1771296300
2442391.999999993,p30,0.5,4957.34,0,4957.55,4886.3666873073535,4886.54,F2,True,4642745.575,6650086.5000000205,6629015.2500000205,S7-TPNONE|F2|1771281900|SHORT,EXIT_SL_RAISED,False,S7-TPNONE,SHORT,S,0.5,1771296403.701,1771281900,1771282800.0,1771296300
2442391.999999993,p30,0.5,4957.34,0,4957.55,4886.3666873073535,4886.54,F3,True,4642745.575,6650086.5000000205,6629015.2500000205,S7-TPNONE|F3|1771281900|SHORT,EXIT_SL_RAISED,False,S7-TPNONE,SHORT,S,0.5,1771296403.701,1771281900,1771282800.0,1771296300
6947893.499999792,p30,0.5,4858.97,0,4858.97,4878.675458252092,4879.12,F1,True,4550425.405,-1887047.499999966,-1908118.749999966,S7-TPNONE|F1|1771361100|SHORT,EXIT_SL_RAISED,False,S7-TPNONE,SHORT,S,0.5,1771364058.98,1771361100,1771362000.0,1771363800
6947893.499999792,p30,0.5,4858.97,0,4858.97,4878.675458252092,4879.12,F2,True,4550425.405,-1887047.499999966,-1908118.749999966,S7-TPNONE|F2|1771361100|SHORT,EXIT_SL_RAISED,False,S7-TPNONE,SHORT,S,0.5,1771364058.98,1771361100,1771362000.0,1771363800
6947893.499999792,p30,0.5,4858.97,0,4858.97,4878.675458252092,4879.12,F3,True,4550425.405,-1887047.499999966,-1908118.749999966,S7-TPNONE|F3|1771361100|SHORT,EXIT_SL_RAISED,False,S7-TPNONE,SHORT,S,0.5,1771364058.98,1771361100,1771362000.0,1771363800
1781222.9999999558,p30,0.5,4968.04,0,4968.04,4977.59703005212,4977.61,F1,True,4652569.46,-896230.4999999728,-917301.7499999728,S7-TPNONE|F1|1771458300|SHORT,EXIT_SL_RAISED,False,S7-TPNONE,SHORT,S,0.5,1771461237.177,1771458300,1771459200.0,1771461000
1781222.9999999558,p30,0.5,4968.04,0,4968.04,4977.59703005212,4977.61,F2,True,4652569.46,-896230.4999999728,-917301.7499999728,S7-TPNONE|F2|1771458300|SHORT,EXIT_SL_RAISED,False,S7-TPNONE,SHORT,S,0.5,1771461237.177,1771458300,1771459200.0,1771461000
1781222.9999999558,p30,0.5,4968.04,0,4968.04,4977.59703005212,4977.61,F3,True,4652569.46,-896230.4999999728,-917301.7499999728,S7-TPNONE|F3|1771458300|SHORT,EXIT_SL_RAISED,False,S7-TPNONE,SHORT,S,0.5,1771461237.177,1771458300,1771459200.0,1771461000
4331312.50000017,p30,0.5,5006.38,0,5006.9,5000.253885940436,5000.24,F1,True,4688961.85,-623708.9999999864,-644780.2499999864,S7-TPNONE|F1|1771537500|LONG,EXIT_SL_RAISED,False,S7-TPNONE,LONG,L,0.5,1771539921.466,1771537500,1771538400.0,1771539300
4331312.50000017,p30,0.5,5006.38,0,5006.9,5000.253885940436,5000.24,F2,True,4688961.85,-623708.9999999864,-644780.2499999864,S7-TPNONE|F2|1771537500|LONG,EXIT_SL_RAISED,False,S7-TPNONE,LONG,L,0.5,1771539921.466,1771537500,1771538400.0,1771539300
4331312.50000017,p30,0.5,5006.38,0,5006.9,5000.253885940436,5000.24,F3,True,4688961.85,-623708.9999999864,-644780.2499999864,S7-TPNONE|F3|1771537500|LONG,EXIT_SL_RAISED,False,S7-TPNONE,LONG,L,0.5,1771539921.466,1771537500,1771538400.0,1771539300
3618167.7499999353,p30,0.5,5022.54,0,5023.04,5009.810108600179,5009.81,F1,True,4704076.96,-1238989.499999959,-1260060.749999959,S7-TPNONE|F1|1771560000|LONG,EXIT_SL_RAISED,False,S7-TPNONE,LONG,L,0.5,1771563384.427,1771560000,1771560900.0,1771562700
3618167.7499999353,p30,0.5,5022.54,0,5023.04,5009.810108600179,5009.81,F2,True,4704076.96,-1238989.499999959,-1260060.749999959,S7-TPNONE|F2|1771560000|LONG,EXIT_SL_RAISED,False,S7-TPNONE,LONG,L,0.5,1771563384.427,1771560000,1771560900.0,1771562700
3618167.7499999353,p30,0.5,5022.54,0,5023.04,5009.810108600179,5009.81,F3,True,4704076.96,-1238989.499999959,-1260060.749999959,S7-TPNONE|F3|1771560000|LONG,EXIT_SL_RAISED,False,S7-TPNONE,LONG,L,0.5,1771563384.427,1771560000,1771560900.0,1771562700
4168361.5000001057,p30,0.5,5182.45,0,5182.96,5167.920487590759,5167.58,F1,True,4853842.04,-1440337.0000000102,-1461408.2500000102,S7-TPNONE|F1|1771901100|LONG,EXIT_SL_RAISED,False,S7-TPNONE,LONG,L,0.5,1771903781.261,1771901100,1771902000.0,1771902900
4168361.5000001057,p30,0.5,5182.45,0,5182.96,5167.920487590759,5167.58,F2,True,4853842.04,-1440337.0000000102,-1461408.2500000102,S7-TPNONE|F2|1771901100|LONG,EXIT_SL_RAISED,False,S7-TPNONE,LONG,L,0.5,1771903781.261,1771901100,1771902000.0,1771902900
4168361.5000001057,p30,0.5,5182.45,0,5182.96,5167.920487590759,5167.58,F3,True,4853842.04,-1440337.0000000102,-1461408.2500000102,S7-TPNONE|F3|1771901100|LONG,EXIT_SL_RAISED,False,S7-TPNONE,LONG,L,0.5,1771903781.261,1771901100,1771902000.0,1771902900
4295725.500000245,p30,0.5,5152.15,0,5152.65,5174.571547889493,5174.44,F1,True,4825456.725,2040633.4999999965,2019562.2499999965,S7-TPNONE|F1|1771969500|LONG,EXIT_SL_RAISED,False,S7-TPNONE,LONG,L,0.5,1771977062.493,1771969500,1771970400.0,1771976700
4295725.500000245,p30,0.5,5152.15,0,5152.65,5174.571547889493,5174.44,F2,True,4825456.725,2040633.4999999965,2019562.2499999965,S7-TPNONE|F2|1771969500|LONG,EXIT_SL_RAISED,False,S7-TPNONE,LONG,L,0.5,1771977062.493,1771969500,1771970400.0,1771976700
4295725.500000245,p30,0.5,5152.15,0,5152.65,5174.571547889493,5174.44,F3,True,4825456.725,2040633.4999999965,2019562.2499999965,S7-TPNONE|F3|1771969500|LONG,EXIT_SL_RAISED,False,S7-TPNONE,LONG,L,0.5,1771977062.493,1771969500,1771970400.0,1771976700
2632969.749999809,p30,0.5,5188.29,0,5188.74,5195.030674154452,5194.65,F1,True,4859255.01,553471.4999999864,532400.2499999864,S7-TPNONE|F1|1771984800|LONG,EXIT_SL_RAISED,False,S7-TPNONE,LONG,L,0.5,1771988592.437,1771984800,1771985700.0,1771988400
2632969.749999809,p30,0.5,5188.29,0,5188.74,5195.030674154452,5194.65,F2,True,4859255.01,553471.4999999864,532400.2499999864,S7-TPNONE|F2|1771984800|LONG,EXIT_SL_RAISED,False,S7-TPNONE,LONG,L,0.5,1771988592.437,1771984800,1771985700.0,1771988400
2632969.749999809,p30,0.5,5188.29,0,5188.74,5195.030674154452,5194.65,F3,True,4859255.01,553471.4999999864,532400.2499999864,S7-TPNONE|F3|1771984800|LONG,EXIT_SL_RAISED,False,S7-TPNONE,LONG,L,0.5,1771988592.437,1771984800,1771985700.0,1771988400
6052131.25,p30,0.5,5184.89,0,5185.62,5179.442071628454,5179.44,F1,True,4856333.13,-578757.0000000272,-599828.2500000272,S7-TPNONE|F1|1772054100|LONG,EXIT_SL_RAISED,False,S7-TPNONE,LONG,L,0.5,1772058535.693,1772054100,1772055000.0,1772057700
6052131.25,p30,0.5,5184.89,0,5185.62,5179.442071628454,5179.44,F2,True,4856333.13,-578757.0000000272,-599828.2500000272,S7-TPNONE|F2|1772054100|LONG,EXIT_SL_RAISED,False,S7-TPNONE,LONG,L,0.5,1772058535.693,1772054100,1772055000.0,1772057700
6052131.25,p30,0.5,5184.89,0,5185.62,5179.442071628454,5179.44,F3,True,4856333.13,-578757.0000000272,-599828.2500000272,S7-TPNONE|F3|1772054100|LONG,EXIT_SL_RAISED,False,S7-TPNONE,LONG,L,0.5,1772058535.693,1772054100,1772055000.0,1772057700
1630914.7499999115,p30,0.5,5187.08,0,5187.58,5191.904231569056,5191.79,F1,True,4858168.67,394266.50000000343,373195.25000000343,S7-TPNONE|F1|1772064000|LONG,EXIT_SL_RAISED,False,S7-TPNONE,LONG,L,0.5,1772074098.028,1772064000,1772064900.0,1772073900
1630914.7499999115,p30,0.5,5187.08,0,5187.58,5191.904231569056,5191.79,F2,True,4858168.67,394266.50000000343,373195.25000000343,S7-TPNONE|F2|1772064000|LONG,EXIT_SL_RAISED,False,S7-TPNONE,LONG,L,0.5,1772074098.028,1772064000,1772064900.0,1772073900
1630914.7499999115,p30,0.5,5187.08,0,5187.58,5191.904231569056,5191.79,F3,True,4858168.67,394266.50000000343,373195.25000000343,S7-TPNONE|F3|1772064000|LONG,EXIT_SL_RAISED,False,S7-TPNONE,LONG,L,0.5,1772074098.028,1772064000,1772064900.0,1772073900
2595509.749999843,p30,0.5,5188.09,0,5188.44,5174.510968227439,5174.31,F1,True,4858974.06,-1323274.499999925,-1344345.749999925,S7-TPNONE|F1|1772140500|LONG,EXIT_SL_RAISED,False,S7-TPNONE,LONG,L,0.5,1772142300.47,1772140500,1772141400.0,1772142300
2595509.749999843,p30,0.5,5188.09,0,5188.44,5174.510968227439,5174.31,F2,True,4858974.06,-1323274.499999925,-1344345.749999925,S7-TPNONE|F2|1772140500|LONG,EXIT_SL_RAISED,False,S7-TPNONE,LONG,L,0.5,1772142300.47,1772140500,1772141400.0,1772142300
2595509.749999843,p30,0.5,5188.09,0,5188.44,5174.510968227439,5174.31,F3,True,4858974.06,-1323274.499999925,-1344345.749999925,S7-TPNONE|F3|1772140500|LONG,EXIT_SL_RAISED,False,S7-TPNONE,LONG,L,0.5,1772142300.47,1772140500,1772141400.0,1772142300
5663015.500000024,p30,0.5,5188.3,0,5188.77,5184.867119180905,5184.83,F1,True,4859283.105,-368981.0000000477,-390052.2500000477,S7-TPNONE|F1|1772145000|LONG,EXIT_SL_RAISED,False,S7-TPNONE,LONG,L,0.5,1772148207.571,1772145000,1772145900.0,1772147700
5663015.500000024,p30,0.5,5188.3,0,5188.77,5184.867119180905,5184.83,F2,True,4859283.105,-368981.0000000477,-390052.2500000477,S7-TPNONE|F2|1772145000|LONG,EXIT_SL_RAISED,False,S7-TPNONE,LONG,L,0.5,1772148207.571,1772145000,1772145900.0,1772147700
5663015.500000024,p30,0.5,5188.3,0,5188.77,5184.867119180905,5184.83,F3,True,4859283.105,-368981.0000000477,-390052.2500000477,S7-TPNONE|F3|1772145000|LONG,EXIT_SL_RAISED,False,S7-TPNONE,LONG,L,0.5,1772148207.571,1772145000,1772145900.0,1772147700
1269425.749999942,p30,0.5,5186.45,0,5186.95,5189.055374253179,5188.74,F1,True,4857578.675,167633.4999999966,146562.2499999966,S7-TPNONE|F1|1772154000|LONG,EXIT_SL_RAISED,False,S7-TPNONE,LONG,L,0.5,1772164431.034,1772154000,1772154900.0,1772163900
1269425.749999942,p30,0.5,5186.45,0,5186.95,5189.055374253179,5188.74,F2,True,4857578.675,167633.4999999966,146562.2499999966,S7-TPNONE|F2|1772154000|LONG,EXIT_SL_RAISED,False,S7-TPNONE,LONG,L,0.5,1772164431.034,1772154000,1772154900.0,1772163900
1269425.749999942,p30,0.5,5186.45,0,5186.95,5189.055374253179,5188.74,F3,True,4857578.675,167633.4999999966,146562.2499999966,S7-TPNONE|F3|1772154000|LONG,EXIT_SL_RAISED,False,S7-TPNONE,LONG,L,0.5,1772164431.034,1772154000,1772154900.0,1772163900
4748055.000000068,p30,0.5,5083.5,0,5083.48,5088.892280830273,5088.94,F1,True,4760679.02,-511329.00000000343,-532400.2500000035,S7-TPNONE|F1|1772746200|SHORT,EXIT_SL_RAISED,False,S7-TPNONE,SHORT,S,0.5,1772749854.322,1772746200,1772747100.0,1772749800
4748055.000000068,p30,0.5,5083.5,0,5083.48,5088.892280830273,5088.94,F2,True,4760679.02,-511329.00000000343,-532400.2500000035,S7-TPNONE|F2|1772746200|SHORT,EXIT_SL_RAISED,False,S7-TPNONE,SHORT,S,0.5,1772749854.322,1772746200,1772747100.0,1772749800
4748055.000000068,p30,0.5,5083.5,0,5083.48,5088.892280830273,5088.94,F3,True,4760679.02,-511329.00000000343,-532400.2500000035,S7-TPNONE|F3|1772746200|SHORT,EXIT_SL_RAISED,False,S7-TPNONE,SHORT,S,0.5,1772749854.322,1772746200,1772747100.0,1772749800
17265782.249999896,p30,0.5,5125.47,0,5125.79,5067.289042268102,5067.33,F1,True,4800302.335,5474779.000000004,5453707.750000004,S7-TPNONE|F1|1772998200|SHORT,EXIT_SL_RAISED,False,S7-TPNONE,SHORT,S,0.5,1773007941.228,1772998200,1772999100.0,1773007200
17265782.249999896,p30,0.5,5125.47,0,5125.79,5067.289042268102,5067.33,F2,True,4800302.335,5474779.000000004,5453707.750000004,S7-TPNONE|F2|1772998200|SHORT,EXIT_SL_RAISED,False,S7-TPNONE,SHORT,S,0.5,1773007941.228,1772998200,1772999100.0,1773007200
17265782.249999896,p30,0.5,5125.47,0,5125.79,5067.289042268102,5067.33,F3,True,4800302.335,5474779.000000004,5453707.750000004,S7-TPNONE|F3|1772998200|SHORT,EXIT_SL_RAISED,False,S7-TPNONE,SHORT,S,0.5,1773007941.228,1772998200,1772999100.0,1773007200
4560755.000000068,p30,0.5,5097.45,0,5097.63,5110.040695298338,5110.05,F1,True,4773930.495,-1163133.0000000068,-1184204.2500000068,S7-TPNONE|F1|1773027900|SHORT,EXIT_SL_RAISED,False,S7-TPNONE,SHORT,S,0.5,1773036544.4,1773027900,1773028800.0,1773036000
4560755.000000068,p30,0.5,5097.45,0,5097.63,5110.040695298338,5110.05,F2,True,4773930.495,-1163133.0000000068,-1184204.2500000068,S7-TPNONE|F2|1773027900|SHORT,EXIT_SL_RAISED,False,S7-TPNONE,SHORT,S,0.5,1773036544.4,1773027900,1773028800.0,1773036000
4560755.000000068,p30,0.5,5097.45,0,5097.63,5110.040695298338,5110.05,F3,True,4773930.495,-1163133.0000000068,-1184204.2500000068,S7-TPNONE|F3|1773027900|SHORT,EXIT_SL_RAISED,False,S7-TPNONE,SHORT,S,0.5,1773036544.4,1773027900,1773028800.0,1773036000
5529095.999999741,p30,0.5,5152.67,0,5153.32,5136.031594697848,5135.94,F1,True,4826084.18,-1627637.0000000102,-1648708.2500000102,S7-TPNONE|F1|1773085500|LONG,EXIT_SL_RAISED,False,S7-TPNONE,LONG,L,0.5,1773090026.428,1773085500,1773086400.0,1773090000
5529095.999999741,p30,0.5,5152.67,0,5153.32,5136.031594697848,5135.94,F2,True,4826084.18,-1627637.0000000102,-1648708.2500000102,S7-TPNONE|F2|1773085500|LONG,EXIT_SL_RAISED,False,S7-TPNONE,LONG,L,0.5,1773090026.428,1773085500,1773086400.0,1773090000
5529095.999999741,p30,0.5,5152.67,0,5153.32,5136.031594697848,5135.94,F3,True,4826084.18,-1627637.0000000102,-1648708.2500000102,S7-TPNONE|F3|1773085500|LONG,EXIT_SL_RAISED,False,S7-TPNONE,LONG,L,0.5,1773090026.428,1773085500,1773086400.0,1773090000
8520745.249999885,p30,0.5,5143.18,0,5143.68,5164.941005851594,5164.82,F1,True,4817056.32,1979760.9999999455,1958689.7499999455,S7-TPNONE|F1|1773093600|LONG,EXIT_SL_RAISED,False,S7-TPNONE,LONG,L,0.5,1773100745.838,1773093600,1773094500.0,1773099900
8520745.249999885,p30,0.5,5143.18,0,5143.68,5164.941005851594,5164.82,F2,True,4817056.32,1979760.9999999455,1958689.7499999455,S7-TPNONE|F2|1773093600|LONG,EXIT_SL_RAISED,False,S7-TPNONE,LONG,L,0.5,1773100745.838,1773093600,1773094500.0,1773099900
8520745.249999885,p30,0.5,5143.18,0,5143.68,5164.941005851594,5164.82,F3,True,4817056.32,1979760.9999999455,1958689.7499999455,S7-TPNONE|F3|1773093600|LONG,EXIT_SL_RAISED,False,S7-TPNONE,LONG,L,0.5,1773100745.838,1773093600,1773094500.0,1773099900
3142425.749999857,p30,0.5,5172.73,0,5173.23,5166.91398823164,5166.89,F1,True,4844729.895,-593740.9999999284,-614812.2499999284,S7-TPNONE|F1|1773108000|LONG,EXIT_SL_RAISED,False,S7-TPNONE,LONG,L,0.5,1773116440.837,1773108000,1773108900.0,1773116100
3142425.749999857,p30,0.5,5172.73,0,5173.23,5166.91398823164,5166.89,F2,True,4844729.895,-593740.9999999284,-614812.2499999284,S7-TPNONE|F2|1773108000|LONG,EXIT_SL_RAISED,False,S7-TPNONE,LONG,L,0.5,1773116440.837,1773108000,1773108900.0,1773116100
3142425.749999857,p30,0.5,5172.73,0,5173.23,5166.91398823164,5166.89,F3,True,4844729.895,-593740.9999999284,-614812.2499999284,S7-TPNONE|F3|1773108000|LONG,EXIT_SL_RAISED,False,S7-TPNONE,LONG,L,0.5,1773116440.837,1773108000,1773108900.0,1773116100
12028874.249999888,p30,0.5,5138.96,0,5138.96,5153.059802577175,5153.41,F1,True,4812636.04,-1353242.499999983,-1374313.749999983,S7-TPNONE|F1|1773258300|SHORT,EXIT_SL_RAISED,False,S7-TPNONE,SHORT,S,0.5,1773260113.33,1773258300,1773259200.0,1773260100
12028874.249999888,p30,0.5,5138.96,0,5138.96,5153.059802577175,5153.41,F2,True,4812636.04,-1353242.499999983,-1374313.749999983,S7-TPNONE|F2|1773258300|SHORT,EXIT_SL_RAISED,False,S7-TPNONE,SHORT,S,0.5,1773260113.33,1773258300,1773259200.0,1773260100
12028874.249999888,p30,0.5,5138.96,0,5138.96,5153.059802577175,5153.41,F3,True,4812636.04,-1353242.499999983,-1374313.749999983,S7-TPNONE|F3|1773258300|SHORT,EXIT_SL_RAISED,False,S7-TPNONE,SHORT,S,0.5,1773260113.33,1773258300,1773259200.0,1773260100
5021512.99999999,p30,0.5,5157.34,0,5157.37,5150.6034736093225,5151.57,F1,True,4829877.005,543170.000000017,522098.750000017,S7-TPNONE|F1|1773271800|SHORT,EXIT_SL_RAISED,False,S7-TPNONE,SHORT,S,0.5,1773283044.639,1773271800,1773272700.0,1773282600
5021512.99999999,p30,0.5,5157.34,0,5157.37,5150.6034736093225,5151.57,F2,True,4829877.005,543170.000000017,522098.750000017,S7-TPNONE|F2|1773271800|SHORT,EXIT_SL_RAISED,False,S7-TPNONE,SHORT,S,0.5,1773283044.639,1773271800,1773272700.0,1773282600
5021512.99999999,p30,0.5,5157.34,0,5157.37,5150.6034736093225,5151.57,F3,True,4829877.005,543170.000000017,522098.750000017,S7-TPNONE|F3|1773271800|SHORT,EXIT_SL_RAISED,False,S7-TPNONE,SHORT,S,0.5,1773283044.639,1773271800,1773272700.0,1773282600
1873000.0,p30,0.5,5005.88,1,5004.08,5011.778228290614,5011.9,F1,True,4686320.92,-732342.9999999728,-753414.2499999728,S7-TPNONE|F1|1773683100|SHORT,EXIT_SL_RAISED,False,S7-TPNONE,SHORT,S,0.5,1773693150.263,1773683100,1773688500.0,1773693000
1873000.0,p30,0.5,5005.88,1,5004.08,5011.778228290614,5011.9,F2,True,4686320.92,-732342.9999999728,-753414.2499999728,S7-TPNONE|F2|1773683100|SHORT,EXIT_SL_RAISED,False,S7-TPNONE,SHORT,S,0.5,1773693150.263,1773683100,1773688500.0,1773693000
1873000.0,p30,0.5,5005.88,1,5004.08,5011.778228290614,5011.9,F3,True,4686320.92,-732342.9999999728,-753414.2499999728,S7-TPNONE|F3|1773683100|SHORT,EXIT_SL_RAISED,False,S7-TPNONE,SHORT,S,0.5,1773693150.263,1773683100,1773688500.0,1773693000
3427589.999999949,p30,0.5,5006.38,0,5006.38,5011.434990732124,5011.45,F1,True,4688474.87,-474805.49999997276,-495876.74999997276,S7-TPNONE|F1|1773694800|SHORT,EXIT_SL_RAISED,False,S7-TPNONE,SHORT,S,0.5,1773699088.903,1773694800,1773695700.0,1773698400
3427589.999999949,p30,0.5,5006.38,0,5006.38,5011.434990732124,5011.45,F2,True,4688474.87,-474805.49999997276,-495876.74999997276,S7-TPNONE|F2|1773694800|SHORT,EXIT_SL_RAISED,False,S7-TPNONE,SHORT,S,0.5,1773699088.903,1773694800,1773695700.0,1773698400
3427589.999999949,p30,0.5,5006.38,0,5006.38,5011.434990732124,5011.45,F3,True,4688474.87,-474805.49999997276,-495876.74999997276,S7-TPNONE|F3|1773694800|SHORT,EXIT_SL_RAISED,False,S7-TPNONE,SHORT,S,0.5,1773699088.903,1773694800,1773695700.0,1773698400
2069665.0000001192,p30,0.5,4850.71,0,4850.72,4770.253931064294,4770.44,F1,True,4542699.28,7518222.0000000615,7497150.7500000615,S7-TPNONE|F1|1773881100|SHORT,EXIT_SL_RAISED,False,S7-TPNONE,SHORT,S,0.5,1773892892.952,1773881100,1773882000.0,1773892800
2069665.0000001192,p30,0.5,4850.71,0,4850.72,4770.253931064294,4770.44,F2,True,4542699.28,7518222.0000000615,7497150.7500000615,S7-TPNONE|F2|1773881100|SHORT,EXIT_SL_RAISED,False,S7-TPNONE,SHORT,S,0.5,1773892892.952,1773881100,1773882000.0,1773892800
2069665.0000001192,p30,0.5,4850.71,0,4850.72,4770.253931064294,4770.44,F3,True,4542699.28,7518222.0000000615,7497150.7500000615,S7-TPNONE|F3|1773881100|SHORT,EXIT_SL_RAISED,False,S7-TPNONE,SHORT,S,0.5,1773892892.952,1773881100,1773882000.0,1773892800
4573397.749999833,p30,0.5,4636.3,0,4636.16,4661.75,4662.59,F1,False,4341763.84,-2475169.5000000275,-2475169.5000000275,S7-TPNONE|F1|1773949500|SHORT,reverse,False,S7-TPNONE,SHORT,S,0.5,1773954900,1773949500,1773950400.0,1773954000
4573397.749999833,p30,0.5,4636.3,0,4636.16,4661.75,4662.59,F2,False,4341763.84,-2475169.5000000275,-2475169.5000000275,S7-TPNONE|F2|1773949500|SHORT,reverse,False,S7-TPNONE,SHORT,S,0.5,1773954900,1773949500,1773950400.0,1773954000
4573397.749999833,p30,0.5,4636.3,0,4636.16,4661.75,4662.59,F3,False,4341763.84,-2475169.5000000275,-2475169.5000000275,S7-TPNONE|F3|1773949500|SHORT,reverse,False,S7-TPNONE,SHORT,S,0.5,1773954900,1773949500,1773950400.0,1773954000
12212428.250000147,p30,0.5,4464.69,0,4464.69,4372.0515764470565,4372.94,F1,True,4181182.1849999996,8592387.5,8571316.25,S7-TPNONE|F1|1774212300|SHORT,EXIT_SL_RAISED,False,S7-TPNONE,SHORT,S,0.5,1774217054.253,1774212300,1774213200.0,1774216800
12212428.250000147,p30,0.5,4464.69,0,4464.69,4372.0515764470565,4372.94,F2,True,4181182.1849999996,8592387.5,8571316.25,S7-TPNONE|F2|1774212300|SHORT,EXIT_SL_RAISED,False,S7-TPNONE,SHORT,S,0.5,1774217054.253,1774212300,1774213200.0,1774216800
12212428.250000147,p30,0.5,4464.69,0,4464.69,4372.0515764470565,4372.94,F3,True,4181182.1849999996,8592387.5,8571316.25,S7-TPNONE|F3|1774212300|SHORT,EXIT_SL_RAISED,False,S7-TPNONE,SHORT,S,0.5,1774217054.253,1774212300,1774213200.0,1774216800
17051791.999999993,p30,0.5,4378.11,0,4377.84,4377.636225824125,4377.66,F1,True,4099847.16,16857.000000027256,-4214.249999972744,S7-TPNONE|F1|1774300500|SHORT,EXIT_SL_RAISED,False,S7-TPNONE,SHORT,S,0.5,1774302801.687,1774300500,1774301400.0,1774302300
17051791.999999993,p30,0.5,4378.11,0,4377.84,4377.636225824125,4377.66,F2,True,4099847.16,16857.000000027256,-4214.249999972744,S7-TPNONE|F2|1774300500|SHORT,EXIT_SL_RAISED,False,S7-TPNONE,SHORT,S,0.5,1774302801.687,1774300500,1774301400.0,1774302300
17051791.999999993,p30,0.5,4378.11,0,4377.84,4377.636225824125,4377.66,F3,True,4099847.16,16857.000000027256,-4214.249999972744,S7-TPNONE|F3|1774300500|SHORT,EXIT_SL_RAISED,False,S7-TPNONE,SHORT,S,0.5,1774302801.687,1774300500,1774301400.0,1774302300
15333782.750000054,p30,0.5,4321.32,0,4321.56,4355.408306611977,4355.53,F1,True,4047140.9400000004,-3181290.4999999385,-3202361.7499999385,S7-TPNONE|F1|1774305000|SHORT,EXIT_SL_RAISED,False,S7-TPNONE,SHORT,S,0.5,1774308631.84,1774305000,1774305900.0,1774308600
15333782.750000054,p30,0.5,4321.32,0,4321.56,4355.408306611977,4355.53,F2,True,4047140.9400000004,-3181290.4999999385,-3202361.7499999385,S7-TPNONE|F2|1774305000|SHORT,EXIT_SL_RAISED,False,S7-TPNONE,SHORT,S,0.5,1774308631.84,1774305000,1774305900.0,1774308600
15333782.750000054,p30,0.5,4321.32,0,4321.56,4355.408306611977,4355.53,F3,True,4047140.9400000004,-3181290.4999999385,-3202361.7499999385,S7-TPNONE|F3|1774305000|SHORT,EXIT_SL_RAISED,False,S7-TPNONE,SHORT,S,0.5,1774308631.84,1774305000,1774305900.0,1774308600
8339532.500000102,p30,0.5,4341.64,0,4341.52,4356.8574159919735,4357.02,F1,True,4065833.4800000004,-1451575.0,-1472646.25,S7-TPNONE|F1|1774312200|SHORT,EXIT_SL_RAISED,False,S7-TPNONE,SHORT,S,0.5,1774320056.584,1774312200,1774313100.0,1774319400
8339532.500000102,p30,0.5,4341.64,0,4341.52,4356.8574159919735,4357.02,F2,True,4065833.4800000004,-1451575.0,-1472646.25,S7-TPNONE|F2|1774312200|SHORT,EXIT_SL_RAISED,False,S7-TPNONE,SHORT,S,0.5,1774320056.584,1774312200,1774313100.0,1774319400
8339532.500000102,p30,0.5,4341.64,0,4341.52,4356.8574159919735,4357.02,F3,True,4065833.4800000004,-1451575.0,-1472646.25,S7-TPNONE|F3|1774312200|SHORT,EXIT_SL_RAISED,False,S7-TPNONE,SHORT,S,0.5,1774320056.584,1774312200,1774313100.0,1774319400
4134179.2499999558,p30,0.5,4511.59,0,4511.58,4516.429117797284,4516.43,F1,True,4225094.67,-454202.50000003405,-475273.75000003405,S7-TPNONE|F1|1774466100|SHORT,EXIT_SL_RAISED,False,S7-TPNONE,SHORT,S,0.5,1774472767.165,1774466100,1774467000.0,1774472400
4134179.2499999558,p30,0.5,4511.59,0,4511.58,4516.429117797284,4516.43,F2,True,4225094.67,-454202.50000003405,-475273.75000003405,S7-TPNONE|F2|1774466100|SHORT,EXIT_SL_RAISED,False,S7-TPNONE,SHORT,S,0.5,1774472767.165,1774466100,1774467000.0,1774472400
4134179.2499999558,p30,0.5,4511.59,0,4511.58,4516.429117797284,4516.43,F3,True,4225094.67,-454202.50000003405,-475273.75000003405,S7-TPNONE|F3|1774466100|SHORT,EXIT_SL_RAISED,False,S7-TPNONE,SHORT,S,0.5,1774472767.165,1774466100,1774467000.0,1774472400
7734553.499999844,p30,0.5,4392.99,0,4392.52,4402.768767760691,4402.84,F1,True,4113594.9800000004,-966467.9999999728,-987539.2499999728,S7-TPNONE|F1|1774555200|SHORT,EXIT_SL_RAISED,False,S7-TPNONE,SHORT,S,0.5,1774563891.886,1774555200,1774556100.0,1774563300
7734553.499999844,p30,0.5,4392.99,0,4392.52,4402.768767760691,4402.84,F2,True,4113594.9800000004,-966467.9999999728,-987539.2499999728,S7-TPNONE|F2|1774555200|SHORT,EXIT_SL_RAISED,False,S7-TPNONE,SHORT,S,0.5,1774563891.886,1774555200,1774556100.0,1774563300
7734553.499999844,p30,0.5,4392.99,0,4392.52,4402.768767760691,4402.84,F3,True,4113594.9800000004,-966467.9999999728,-987539.2499999728,S7-TPNONE|F3|1774555200|SHORT,EXIT_SL_RAISED,False,S7-TPNONE,SHORT,S,0.5,1774563891.886,1774555200,1774556100.0,1774563300
6687078.249999891,p30,0.5,4509.08,0,4509.61,4484.321739606933,4484.15,F1,True,4223249.765,-2384329.0000000033,-2405400.2500000033,S7-TPNONE|F1|1774811700|LONG,EXIT_SL_RAISED,False,S7-TPNONE,LONG,L,0.5,1774814344.736,1774811700,1774812600.0,1774813500
6687078.249999891,p30,0.5,4509.08,0,4509.61,4484.321739606933,4484.15,F2,True,4223249.765,-2384329.0000000033,-2405400.2500000033,S7-TPNONE|F2|1774811700|LONG,EXIT_SL_RAISED,False,S7-TPNONE,LONG,L,0.5,1774814344.736,1774811700,1774812600.0,1774813500
6687078.249999891,p30,0.5,4509.08,0,4509.61,4484.321739606933,4484.15,F3,True,4223249.765,-2384329.0000000033,-2405400.2500000033,S7-TPNONE|F3|1774811700|LONG,EXIT_SL_RAISED,False,S7-TPNONE,LONG,L,0.5,1774814344.736,1774811700,1774812600.0,1774813500
5381129.0000000885,p30,0.5,4498.8,0,4498.75,4516.934639570616,4516.94,F1,True,4213079.375,-1703493.4999999625,-1724564.7499999625,S7-TPNONE|F1|1774900800|SHORT,EXIT_SL_RAISED,False,S7-TPNONE,SHORT,S,0.5,1774903405.517,1774900800,1774901700.0,1774902600
5381129.0000000885,p30,0.5,4498.8,0,4498.75,4516.934639570616,4516.94,F2,True,4213079.375,-1703493.4999999625,-1724564.7499999625,S7-TPNONE|F2|1774900800|SHORT,EXIT_SL_RAISED,False,S7-TPNONE,SHORT,S,0.5,1774903405.517,1774900800,1774901700.0,1774902600
5381129.0000000885,p30,0.5,4498.8,0,4498.75,4516.934639570616,4516.94,F3,True,4213079.375,-1703493.4999999625,-1724564.7499999625,S7-TPNONE|F3|1774900800|SHORT,EXIT_SL_RAISED,False,S7-TPNONE,SHORT,S,0.5,1774903405.517,1774900800,1774901700.0,1774902600
1605160.9999999455,p30,0.5,4563.91,0,4564.45,4563.915,4563.87,F1,True,4274607.425,-54316.99999999319,-75388.24999999319,S7-TPNONE|F1|1774920600|LONG,EXIT_SL_RAISED,False,S7-TPNONE,LONG,L,0.5,1774926034.52,1774920600,1774921500.0,1774926000
1605160.9999999455,p30,0.5,4563.91,0,4564.45,4563.915,4563.87,F2,True,4274607.425,-54316.99999999319,-75388.24999999319,S7-TPNONE|F2|1774920600|LONG,EXIT_SL_RAISED,False,S7-TPNONE,LONG,L,0.5,1774926034.52,1774920600,1774921500.0,1774926000
1605160.9999999455,p30,0.5,4563.91,0,4564.45,4563.915,4563.87,F3,True,4274607.425,-54316.99999999319,-75388.24999999319,S7-TPNONE|F3|1774920600|LONG,EXIT_SL_RAISED,False,S7-TPNONE,LONG,L,0.5,1774926034.52,1774920600,1774921500.0,1774926000
4034910.2500000033,p30,0.5,4682.28,0,4682.79,4699.305295471505,4699.15,F1,True,4385432.835,1532113.9999999693,1511042.7499999693,S7-TPNONE|F1|1774988100|LONG,EXIT_SL_RAISED,False,S7-TPNONE,LONG,L,0.5,1774994750.276,1774988100,1774989000.0,1774994400
4034910.2500000033,p30,0.5,4682.28,0,4682.79,4699.305295471505,4699.15,F2,True,4385432.835,1532113.9999999693,1511042.7499999693,S7-TPNONE|F2|1774988100|LONG,EXIT_SL_RAISED,False,S7-TPNONE,LONG,L,0.5,1774994750.276,1774988100,1774989000.0,1774994400
4034910.2500000033,p30,0.5,4682.28,0,4682.79,4699.305295471505,4699.15,F3,True,4385432.835,1532113.9999999693,1511042.7499999693,S7-TPNONE|F3|1774988100|LONG,EXIT_SL_RAISED,False,S7-TPNONE,LONG,L,0.5,1774994750.276,1774988100,1774989000.0,1774994400
5880283.500000082,p30,0.5,4791.06,0,4791.57,4781.551039566865,4781.2,F1,True,4487305.305,-971150.4999999898,-992221.7499999898,S7-TPNONE|F1|1775073600|LONG,EXIT_SL_RAISED,False,S7-TPNONE,LONG,L,0.5,1775076352.909,1775073600,1775074500.0,1775076300
5880283.500000082,p30,0.5,4791.06,0,4791.57,4781.551039566865,4781.2,F2,True,4487305.305,-971150.4999999898,-992221.7499999898,S7-TPNONE|F2|1775073600|LONG,EXIT_SL_RAISED,False,S7-TPNONE,LONG,L,0.5,1775076352.909,1775073600,1775074500.0,1775076300
5880283.500000082,p30,0.5,4791.06,0,4791.57,4781.551039566865,4781.2,F3,True,4487305.305,-971150.4999999898,-992221.7499999898,S7-TPNONE|F3|1775073600|LONG,EXIT_SL_RAISED,False,S7-TPNONE,LONG,L,0.5,1775076352.909,1775073600,1775074500.0,1775076300
5916338.749999846,p30,0.5,4632.85,0,4632.96,4648.694282032652,4648.81,F1,True,4338767.04,-1484352.500000034,-1505423.750000034,S7-TPNONE|F1|1775430000|SHORT,EXIT_SL_RAISED,False,S7-TPNONE,SHORT,S,0.5,1775435697.385,1775430000,1775430900.0,1775435400
5916338.749999846,p30,0.5,4632.85,0,4632.96,4648.694282032652,4648.81,F2,True,4338767.04,-1484352.500000034,-1505423.750000034,S7-TPNONE|F2|1775430000|SHORT,EXIT_SL_RAISED,False,S7-TPNONE,SHORT,S,0.5,1775435697.385,1775430000,1775430900.0,1775435400
5916338.749999846,p30,0.5,4632.85,0,4632.96,4648.694282032652,4648.81,F3,True,4338767.04,-1484352.500000034,-1505423.750000034,S7-TPNONE|F3|1775430000|SHORT,EXIT_SL_RAISED,False,S7-TPNONE,SHORT,S,0.5,1775435697.385,1775430000,1775430900.0,1775435400
6011861.749999887,p30,0.5,4660.83,0,4661.28,4646.676722608577,4646.5,F1,True,4365288.72,-1384146.9999999763,-1405218.2499999763,S7-TPNONE|F1|1775440800|LONG,EXIT_SL_RAISED,False,S7-TPNONE,LONG,L,0.5,1775445505.629,1775440800,1775441700.0,1775445300
6011861.749999887,p30,0.5,4660.83,0,4661.28,4646.676722608577,4646.5,F2,True,4365288.72,-1384146.9999999763,-1405218.2499999763,S7-TPNONE|F2|1775440800|LONG,EXIT_SL_RAISED,False,S7-TPNONE,LONG,L,0.5,1775445505.629,1775440800,1775441700.0,1775445300
6011861.749999887,p30,0.5,4660.83,0,4661.28,4646.676722608577,4646.5,F3,True,4365288.72,-1384146.9999999763,-1405218.2499999763,S7-TPNONE|F3|1775440800|LONG,EXIT_SL_RAISED,False,S7-TPNONE,LONG,L,0.5,1775445505.629,1775440800,1775441700.0,1775445300
4986862.5,p30,0.5,4664.23,0,4664.68,4688.267591666445,4688.17,F1,True,4368472.82,2199838.4999999795,2178767.2499999795,S7-TPNONE|F1|1775446200|LONG,EXIT_SL_RAISED,False,S7-TPNONE,LONG,L,0.5,1775456075.008,1775446200,1775447100.0,1775455200
4986862.5,p30,0.5,4664.23,0,4664.68,4688.267591666445,4688.17,F2,True,4368472.82,2199838.4999999795,2178767.2499999795,S7-TPNONE|F2|1775446200|LONG,EXIT_SL_RAISED,False,S7-TPNONE,LONG,L,0.5,1775456075.008,1775446200,1775447100.0,1775455200
4986862.5,p30,0.5,4664.23,0,4664.68,4688.267591666445,4688.17,F3,True,4368472.82,2199838.4999999795,2178767.2499999795,S7-TPNONE|F3|1775446200|LONG,EXIT_SL_RAISED,False,S7-TPNONE,LONG,L,0.5,1775456075.008,1775446200,1775447100.0,1775455200
4574334.250000109,p30,0.5,4662.19,0,4662.7,4648.306071215261,4648.24,F1,True,4366618.55,-1354179.0000000035,-1375250.2500000035,S7-TPNONE|F1|1775521800|LONG,EXIT_SL_RAISED,False,S7-TPNONE,LONG,L,0.5,1775525057.999,1775521800,1775522700.0,1775524500
4574334.250000109,p30,0.5,4662.19,0,4662.7,4648.306071215261,4648.24,F2,True,4366618.55,-1354179.0000000035,-1375250.2500000035,S7-TPNONE|F2|1775521800|LONG,EXIT_SL_RAISED,False,S7-TPNONE,LONG,L,0.5,1775525057.999,1775521800,1775522700.0,1775524500
4574334.250000109,p30,0.5,4662.19,0,4662.7,4648.306071215261,4648.24,F3,True,4366618.55,-1354179.0000000035,-1375250.2500000035,S7-TPNONE|F3|1775521800|LONG,EXIT_SL_RAISED,False,S7-TPNONE,LONG,L,0.5,1775525057.999,1775521800,1775522700.0,1775524500
4148226.750000177,p30,0.5,4652.29,0,4652.75,4639.378981134551,4639.15,F1,True,4357300.375,-1273640.000000034,-1294711.250000034,S7-TPNONE|F1|1775529000|LONG,EXIT_SL_RAISED,False,S7-TPNONE,LONG,L,0.5,1775532407.55,1775529000,1775529900.0,1775531700
4148226.750000177,p30,0.5,4652.29,0,4652.75,4639.378981134551,4639.15,F2,True,4357300.375,-1273640.000000034,-1294711.250000034,S7-TPNONE|F2|1775529000|LONG,EXIT_SL_RAISED,False,S7-TPNONE,LONG,L,0.5,1775532407.55,1775529000,1775529900.0,1775531700
4148226.750000177,p30,0.5,4652.29,0,4652.75,4639.378981134551,4639.15,F3,True,4357300.375,-1273640.000000034,-1294711.250000034,S7-TPNONE|F3|1775529000|LONG,EXIT_SL_RAISED,False,S7-TPNONE,LONG,L,0.5,1775532407.55,1775529000,1775529900.0,1775531700
2074347.500000051,p30,0.5,4803.45,0,4804.11,4822.469179137591,4822.34,F1,True,4499049.015,1707239.5000000442,1686168.2500000442,S7-TPNONE|F1|1775609100|LONG,EXIT_SL_RAISED,False,S7-TPNONE,LONG,L,0.5,1775614132.746,1775609100,1775610000.0,1775613600
2074347.500000051,p30,0.5,4803.45,0,4804.11,4822.469179137591,4822.34,F2,True,4499049.015,1707239.5000000442,1686168.2500000442,S7-TPNONE|F2|1775609100|LONG,EXIT_SL_RAISED,False,S7-TPNONE,LONG,L,0.5,1775614132.746,1775609100,1775610000.0,1775613600
2074347.500000051,p30,0.5,4803.45,0,4804.11,4822.469179137591,4822.34,F3,True,4499049.015,1707239.5000000442,1686168.2500000442,S7-TPNONE|F3|1775609100|LONG,EXIT_SL_RAISED,False,S7-TPNONE,LONG,L,0.5,1775614132.746,1775609100,1775610000.0,1775613600
7180613.750000017,p30,0.5,4720.44,0,4720.94,4714.002980851763,4713.89,F1,True,4421160.31,-660232.4999999319,-681303.7499999319,S7-TPNONE|F1|1775682000|LONG,EXIT_SL_RAISED,False,S7-TPNONE,LONG,L,0.5,1775689868.88,1775682000,1775682900.0,1775689200
7180613.750000017,p30,0.5,4720.44,0,4720.94,4714.002980851763,4713.89,F2,True,4421160.31,-660232.4999999319,-681303.7499999319,S7-TPNONE|F2|1775682000|LONG,EXIT_SL_RAISED,False,S7-TPNONE,LONG,L,0.5,1775689868.88,1775682000,1775682900.0,1775689200
7180613.750000017,p30,0.5,4720.44,0,4720.94,4714.002980851763,4713.89,F3,True,4421160.31,-660232.4999999319,-681303.7499999319,S7-TPNONE|F3|1775682000|LONG,EXIT_SL_RAISED,False,S7-TPNONE,LONG,L,0.5,1775689868.88,1775682000,1775682900.0,1775689200
2820738.000000075,p30,0.5,4720.66,0,4721.36,4710.349969548695,4709.91,F1,True,4421553.64,-1072292.499999983,-1093363.749999983,S7-TPNONE|F1|1775694600|LONG,EXIT_SL_RAISED,False,S7-TPNONE,LONG,L,0.5,1775699493.288,1775694600,1775695500.0,1775699100
2820738.000000075,p30,0.5,4720.66,0,4721.36,4710.349969548695,4709.91,F2,True,4421553.64,-1072292.499999983,-1093363.749999983,S7-TPNONE|F2|1775694600|LONG,EXIT_SL_RAISED,False,S7-TPNONE,LONG,L,0.5,1775699493.288,1775694600,1775695500.0,1775699100
2820738.000000075,p30,0.5,4720.66,0,4721.36,4710.349969548695,4709.91,F3,True,4421553.64,-1072292.499999983,-1093363.749999983,S7-TPNONE|F3|1775694600|LONG,EXIT_SL_RAISED,False,S7-TPNONE,LONG,L,0.5,1775699493.288,1775694600,1775695500.0,1775699100
5106734.5000000615,p30,0.5,4771.68,0,4772.17,4759.073670265033,4759.06,F1,True,4469137.205,-1227751.4999999693,-1248822.7499999693,S7-TPNONE|F1|1775770200|LONG,EXIT_SL_RAISED,False,S7-TPNONE,LONG,L,0.5,1775772234.187,1775770200,1775771100.0,1775772000
5106734.5000000615,p30,0.5,4771.68,0,4772.17,4759.073670265033,4759.06,F2,True,4469137.205,-1227751.4999999693,-1248822.7499999693,S7-TPNONE|F2|1775770200|LONG,EXIT_SL_RAISED,False,S7-TPNONE,LONG,L,0.5,1775772234.187,1775770200,1775771100.0,1775772000
5106734.5000000615,p30,0.5,4771.68,0,4772.17,4759.073670265033,4759.06,F3,True,4469137.205,-1227751.4999999693,-1248822.7499999693,S7-TPNONE|F3|1775770200|LONG,EXIT_SL_RAISED,False,S7-TPNONE,LONG,L,0.5,1775772234.187,1775770200,1775771100.0,1775772000
4683904.7500001155,p30,0.5,4775.83,0,4776.46,4763.414838635953,4763.37,F1,True,4473154.79,-1225878.5000000137,-1246949.7500000137,S7-TPNONE|F1|1776114000|LONG,EXIT_SL_RAISED,False,S7-TPNONE,LONG,L,0.5,1776117451.256,1776114000,1776114900.0,1776116700
4683904.7500001155,p30,0.5,4775.83,0,4776.46,4763.414838635953,4763.37,F2,True,4473154.79,-1225878.5000000137,-1246949.7500000137,S7-TPNONE|F2|1776114000|LONG,EXIT_SL_RAISED,False,S7-TPNONE,LONG,L,0.5,1776117451.256,1776114000,1776114900.0,1776116700
4683904.7500001155,p30,0.5,4775.83,0,4776.46,4763.414838635953,4763.37,F3,True,4473154.79,-1225878.5000000137,-1246949.7500000137,S7-TPNONE|F3|1776114000|LONG,EXIT_SL_RAISED,False,S7-TPNONE,LONG,L,0.5,1776117451.256,1776114000,1776114900.0,1776116700
2666215.4999999385,p30,0.5,4775.76,0,4776.28,4765.697121256601,4765.66,F1,True,4472986.22,-994562.9999999898,-1015634.2499999898,S7-TPNONE|F1|1776125700|LONG,EXIT_SL_RAISED,False,S7-TPNONE,LONG,L,0.5,1776129113.122,1776125700,1776126600.0,1776128400
2666215.4999999385,p30,0.5,4775.76,0,4776.28,4765.697121256601,4765.66,F2,True,4472986.22,-994562.9999999898,-1015634.2499999898,S7-TPNONE|F2|1776125700|LONG,EXIT_SL_RAISED,False,S7-TPNONE,LONG,L,0.5,1776129113.122,1776125700,1776126600.0,1776128400
2666215.4999999385,p30,0.5,4775.76,0,4776.28,4765.697121256601,4765.66,F3,True,4472986.22,-994562.9999999898,-1015634.2499999898,S7-TPNONE|F3|1776125700|LONG,EXIT_SL_RAISED,False,S7-TPNONE,LONG,L,0.5,1776129113.122,1776125700,1776126600.0,1776128400
4589318.250000181,p30,0.5,4781.92,0,4782.46,4783.78085873517,4783.66,F1,True,4478773.79,112379.99999998296,91308.74999998296,S7-TPNONE|F1|1776134700|LONG,EXIT_SL_RAISED,False,S7-TPNONE,LONG,L,0.5,1776136823.088,1776134700,1776135600.0,1776136500
4589318.250000181,p30,0.5,4781.92,0,4782.46,4783.78085873517,4783.66,F2,True,4478773.79,112379.99999998296,91308.74999998296,S7-TPNONE|F2|1776134700|LONG,EXIT_SL_RAISED,False,S7-TPNONE,LONG,L,0.5,1776136823.088,1776134700,1776135600.0,1776136500
4589318.250000181,p30,0.5,4781.92,0,4782.46,4783.78085873517,4783.66,F3,True,4478773.79,112379.99999998296,91308.74999998296,S7-TPNONE|F3|1776134700|LONG,EXIT_SL_RAISED,False,S7-TPNONE,LONG,L,0.5,1776136823.088,1776134700,1776135600.0,1776136500
2533232.499999932,p30,0.5,4842.15,0,4842.71,4832.211390365125,4832.21,F1,True,4535197.915,-983325.0,-1004396.25,S7-TPNONE|F1|1776195000|LONG,EXIT_SL_RAISED,False,S7-TPNONE,LONG,L,0.5,1776197590.558,1776195000,1776195900.0,1776196800
2533232.499999932,p30,0.5,4842.15,0,4842.71,4832.211390365125,4832.21,F2,True,4535197.915,-983325.0,-1004396.25,S7-TPNONE|F2|1776195000|LONG,EXIT_SL_RAISED,False,S7-TPNONE,LONG,L,0.5,1776197590.558,1776195000,1776195900.0,1776196800
2533232.499999932,p30,0.5,4842.15,0,4842.71,4832.211390365125,4832.21,F3,True,4535197.915,-983325.0,-1004396.25,S7-TPNONE|F3|1776195000|LONG,EXIT_SL_RAISED,False,S7-TPNONE,LONG,L,0.5,1776197590.558,1776195000,1776195900.0,1776196800
7790275.2499999525,p30,0.5,4850.11,0,4850.57,4850.83,4850.71,F1,False,4542558.805,13111.000000030663,-7960.249999969337,S7-TPNONE|F1|1776200400|LONG,EXIT_TRAIL,True,S7-TPNONE,LONG,L,0.5,1776202200,1776200400,1776201300.0,1776201300
7790275.2499999525,p30,0.5,4850.11,0,4850.57,4850.83,4850.71,F2,False,4542558.805,13111.000000030663,-7960.249999969337,S7-TPNONE|F2|1776200400|LONG,EXIT_TRAIL,True,S7-TPNONE,LONG,L,0.5,1776202200,1776200400,1776201300.0,1776201300
7790275.2499999525,p30,0.5,4850.11,0,4850.57,4850.83,4850.71,F3,False,4542558.805,13111.000000030663,-7960.249999969337,S7-TPNONE|F3|1776200400|LONG,EXIT_TRAIL,True,S7-TPNONE,LONG,L,0.5,1776202200,1776200400,1776201300.0,1776201300
5303399.500000095,p30,0.5,4832.49,0,4833.02,4825.548530767473,4825.48,F1,True,4526123.23,-706121.0000000817,-727192.2500000817,S7-TPNONE|F1|1776285000|LONG,EXIT_SL_RAISED,False,S7-TPNONE,LONG,L,0.5,1776287920.977,1776285000,1776285900.0,1776287700
5303399.500000095,p30,0.5,4832.49,0,4833.02,4825.548530767473,4825.48,F2,True,4526123.23,-706121.0000000817,-727192.2500000817,S7-TPNONE|F2|1776285000|LONG,EXIT_SL_RAISED,False,S7-TPNONE,LONG,L,0.5,1776287920.977,1776285000,1776285900.0,1776287700
5303399.500000095,p30,0.5,4832.49,0,4833.02,4825.548530767473,4825.48,F3,True,4526123.23,-706121.0000000817,-727192.2500000817,S7-TPNONE|F3|1776285000|LONG,EXIT_SL_RAISED,False,S7-TPNONE,LONG,L,0.5,1776287920.977,1776285000,1776285900.0,1776287700
2619858.749999949,p30,0.5,4826.42,0,4826.87,4828.441732421395,4828.42,F1,True,4520363.755,145157.50000001703,124086.25000001703,S7-TPNONE|F1|1776294000|LONG,EXIT_SL_RAISED,False,S7-TPNONE,LONG,L,0.5,1776303144.546,1776294000,1776294900.0,1776303000
2619858.749999949,p30,0.5,4826.42,0,4826.87,4828.441732421395,4828.42,F2,True,4520363.755,145157.50000001703,124086.25000001703,S7-TPNONE|F2|1776294000|LONG,EXIT_SL_RAISED,False,S7-TPNONE,LONG,L,0.5,1776303144.546,1776294000,1776294900.0,1776303000
2619858.749999949,p30,0.5,4826.42,0,4826.87,4828.441732421395,4828.42,F3,True,4520363.755,145157.50000001703,124086.25000001703,S7-TPNONE|F3|1776294000|LONG,EXIT_SL_RAISED,False,S7-TPNONE,LONG,L,0.5,1776303144.546,1776294000,1776294900.0,1776303000
2305662.9999998193,p30,0.5,4825.87,0,4826.47,4819.661675476544,4819.62,F1,True,4519989.155,-641502.5000000341,-662573.7500000341,S7-TPNONE|F1|1776307500|LONG,EXIT_SL_RAISED,False,S7-TPNONE,LONG,L,0.5,1776309645.791,1776307500,1776308400.0,1776309300
2305662.9999998193,p30,0.5,4825.87,0,4826.47,4819.661675476544,4819.62,F2,True,4519989.155,-641502.5000000341,-662573.7500000341,S7-TPNONE|F2|1776307500|LONG,EXIT_SL_RAISED,False,S7-TPNONE,LONG,L,0.5,1776309645.791,1776307500,1776308400.0,1776309300
2305662.9999998193,p30,0.5,4825.87,0,4826.47,4819.661675476544,4819.62,F3,True,4519989.155,-641502.5000000341,-662573.7500000341,S7-TPNONE|F3|1776307500|LONG,EXIT_SL_RAISED,False,S7-TPNONE,LONG,L,0.5,1776309645.791,1776307500,1776308400.0,1776309300
1840690.7500001465,p30,0.5,4795.16,1,4794.28,4788.854307438698,4788.83,F1,True,4489843.22,-510392.49999998295,-531463.749999983,S7-TPNONE|F1|1776362400|LONG,EXIT_SL_RAISED,False,S7-TPNONE,LONG,L,0.5,1776369653.327,1776362400,1776364200.0,1776369600
1840690.7500001465,p30,0.5,4795.16,1,4794.28,4788.854307438698,4788.83,F2,True,4489843.22,-510392.49999998295,-531463.749999983,S7-TPNONE|F2|1776362400|LONG,EXIT_SL_RAISED,False,S7-TPNONE,LONG,L,0.5,1776369653.327,1776362400,1776364200.0,1776369600
1840690.7500001465,p30,0.5,4795.16,1,4794.28,4788.854307438698,4788.83,F3,True,4489843.22,-510392.49999998295,-531463.749999983,S7-TPNONE|F3|1776362400|LONG,EXIT_SL_RAISED,False,S7-TPNONE,LONG,L,0.5,1776369653.327,1776362400,1776364200.0,1776369600
2027522.500000051,p30,0.5,4798.36,0,4799.01,4792.1765524718,4792.16,F1,True,4494272.865,-641502.5000000341,-662573.7500000341,S7-TPNONE|F1|1776371400|LONG,EXIT_SL_RAISED,False,S7-TPNONE,LONG,L,0.5,1776373278.228,1776371400,1776372300.0,1776373200
2027522.500000051,p30,0.5,4798.36,0,4799.01,4792.1765524718,4792.16,F2,True,4494272.865,-641502.5000000341,-662573.7500000341,S7-TPNONE|F2|1776371400|LONG,EXIT_SL_RAISED,False,S7-TPNONE,LONG,L,0.5,1776373278.228,1776371400,1776372300.0,1776373200
2027522.500000051,p30,0.5,4798.36,0,4799.01,4792.1765524718,4792.16,F3,True,4494272.865,-641502.5000000341,-662573.7500000341,S7-TPNONE|F3|1776371400|LONG,EXIT_SL_RAISED,False,S7-TPNONE,LONG,L,0.5,1776373278.228,1776371400,1776372300.0,1776373200
4187559.7500000987,p30,0.5,4795.82,0,4796.3,4796.206994822766,4795.99,F1,True,4491734.95,-29031.50000003748,-50102.75000003748,S7-TPNONE|F1|1776380400|LONG,EXIT_SL_RAISED,False,S7-TPNONE,LONG,L,0.5,1776390253.654,1776380400,1776381300.0,1776389400
4187559.7500000987,p30,0.5,4795.82,0,4796.3,4796.206994822766,4795.99,F2,True,4491734.95,-29031.50000003748,-50102.75000003748,S7-TPNONE|F2|1776380400|LONG,EXIT_SL_RAISED,False,S7-TPNONE,LONG,L,0.5,1776390253.654,1776380400,1776381300.0,1776389400
4187559.7500000987,p30,0.5,4795.82,0,4796.3,4796.206994822766,4795.99,F3,True,4491734.95,-29031.50000003748,-50102.75000003748,S7-TPNONE|F3|1776380400|LONG,EXIT_SL_RAISED,False,S7-TPNONE,LONG,L,0.5,1776390253.654,1776380400,1776381300.0,1776389400
2461590.249999816,p30,0.5,4791.43,0,4791.49,4793.429499415175,4793.5,F1,True,4487230.385,-188236.50000002043,-209307.75000002043,S7-TPNONE|F1|1776639600|SHORT,EXIT_SL_RAISED,False,S7-TPNONE,SHORT,S,0.5,1776650550.229,1776639600,1776640500.0,1776650400
2461590.249999816,p30,0.5,4791.43,0,4791.49,4793.429499415175,4793.5,F2,True,4487230.385,-188236.50000002043,-209307.75000002043,S7-TPNONE|F2|1776639600|SHORT,EXIT_SL_RAISED,False,S7-TPNONE,SHORT,S,0.5,1776650550.229,1776639600,1776640500.0,1776650400
2461590.249999816,p30,0.5,4791.43,0,4791.49,4793.429499415175,4793.5,F3,True,4487230.385,-188236.50000002043,-209307.75000002043,S7-TPNONE|F3|1776639600|SHORT,EXIT_SL_RAISED,False,S7-TPNONE,SHORT,S,0.5,1776650550.229,1776639600,1776640500.0,1776650400
1905777.500000034,p30,0.5,4755.04,0,4755.18,4755.657615244128,4755.67,F1,True,4453226.07,-45888.499999979555,-66959.74999997955,S7-TPNONE|F1|1776836700|SHORT,EXIT_SL_RAISED,False,S7-TPNONE,SHORT,S,0.5,1776838875.788,1776836700,1776837600.0,1776838500
1905777.500000034,p30,0.5,4755.04,0,4755.18,4755.657615244128,4755.67,F2,True,4453226.07,-45888.499999979555,-66959.74999997955,S7-TPNONE|F2|1776836700|SHORT,EXIT_SL_RAISED,False,S7-TPNONE,SHORT,S,0.5,1776838875.788,1776836700,1776837600.0,1776838500
1905777.500000034,p30,0.5,4755.04,0,4755.18,4755.657615244128,4755.67,F3,True,4453226.07,-45888.499999979555,-66959.74999997955,S7-TPNONE|F3|1776836700|SHORT,EXIT_SL_RAISED,False,S7-TPNONE,SHORT,S,0.5,1776838875.788,1776836700,1776837600.0,1776838500
2767357.499999932,p30,0.5,4746.62,0,4746.65,4749.94,4750.4,F1,False,4445237.725,-351187.5,-372258.75,S7-TPNONE|F1|1776846600|SHORT,EXIT_TRAIL,True,S7-TPNONE,SHORT,S,0.5,1776850200,1776846600,1776847500.0,1776849300
2767357.499999932,p30,0.5,4746.62,0,4746.65,4749.94,4750.4,F2,False,4445237.725,-351187.5,-372258.75,S7-TPNONE|F2|1776846600|SHORT,EXIT_TRAIL,True,S7-TPNONE,SHORT,S,0.5,1776850200,1776846600,1776847500.0,1776849300
2767357.499999932,p30,0.5,4746.62,0,4746.65,4749.94,4750.4,F3,False,4445237.725,-351187.5,-372258.75,S7-TPNONE|F3|1776846600|SHORT,EXIT_TRAIL,True,S7-TPNONE,SHORT,S,0.5,1776850200,1776846600,1776847500.0,1776849300
1958689.7499999965,p30,0.5,4730.26,0,4730.13,4741.1331874264515,4741.38,F1,True,4429766.745,-1053562.5,-1074633.75,S7-TPNONE|F1|1776867300|SHORT,EXIT_SL_RAISED,False,S7-TPNONE,SHORT,S,0.5,1776869141.557,1776867300,1776868200.0,1776869100
1958689.7499999965,p30,0.5,4730.26,0,4730.13,4741.1331874264515,4741.38,F2,True,4429766.745,-1053562.5,-1074633.75,S7-TPNONE|F2|1776867300|SHORT,EXIT_SL_RAISED,False,S7-TPNONE,SHORT,S,0.5,1776869141.557,1776867300,1776868200.0,1776869100
1958689.7499999965,p30,0.5,4730.26,0,4730.13,4741.1331874264515,4741.38,F3,True,4429766.745,-1053562.5,-1074633.75,S7-TPNONE|F3|1776867300|SHORT,EXIT_SL_RAISED,False,S7-TPNONE,SHORT,S,0.5,1776869141.557,1776867300,1776868200.0,1776869100
9611767.75000002,p30,0.5,4699.13,0,4699.22,4741.38,4741.84,F1,False,4400819.53,-3991362.9999999898,-4012434.2499999898,S7-TPNONE|F1|1776888000|SHORT,EXIT_TRAIL,True,S7-TPNONE,SHORT,S,0.5,1776889800,1776888000,1776888900.0,1776888900
9611767.75000002,p30,0.5,4699.13,0,4699.22,4741.38,4741.84,F2,False,4400819.53,-3991362.9999999898,-4012434.2499999898,S7-TPNONE|F2|1776888000|SHORT,EXIT_TRAIL,True,S7-TPNONE,SHORT,S,0.5,1776889800,1776888000,1776888900.0,1776888900
9611767.75000002,p30,0.5,4699.13,0,4699.22,4741.38,4741.84,F3,False,4400819.53,-3991362.9999999898,-4012434.2499999898,S7-TPNONE|F3|1776888000|SHORT,EXIT_TRAIL,True,S7-TPNONE,SHORT,S,0.5,1776889800,1776888000,1776888900.0,1776888900
4650659.000000072,p30,0.5,4723.08,0,4723.11,4706.017162695334,4706.13,F1,True,4423192.515,1590176.999999959,1569105.749999959,S7-TPNONE|F1|1776894300|SHORT,EXIT_SL_RAISED,False,S7-TPNONE,SHORT,S,0.5,1776908755.798,1776894300,1776895200.0,1776908700
4650659.000000072,p30,0.5,4723.08,0,4723.11,4706.017162695334,4706.13,F2,True,4423192.515,1590176.999999959,1569105.749999959,S7-TPNONE|F2|1776894300|SHORT,EXIT_SL_RAISED,False,S7-TPNONE,SHORT,S,0.5,1776908755.798,1776894300,1776895200.0,1776908700
4650659.000000072,p30,0.5,4723.08,0,4723.11,4706.017162695334,4706.13,F3,True,4423192.515,1590176.999999959,1569105.749999959,S7-TPNONE|F3|1776894300|SHORT,EXIT_SL_RAISED,False,S7-TPNONE,SHORT,S,0.5,1776908755.798,1776894300,1776895200.0,1776908700
3876641.7499999558,p30,0.5,4690.82,0,4690.7,4671.953586100535,4672.22,F1,True,4392840.55,1730651.999999959,1709580.749999959,S7-TPNONE|F1|1776979800|SHORT,EXIT_SL_RAISED,False,S7-TPNONE,SHORT,S,0.5,1776991610.768,1776979800,1776980700.0,1776991500
3876641.7499999558,p30,0.5,4690.82,0,4690.7,4671.953586100535,4672.22,F2,True,4392840.55,1730651.999999959,1709580.749999959,S7-TPNONE|F2|1776979800|SHORT,EXIT_SL_RAISED,False,S7-TPNONE,SHORT,S,0.5,1776991610.768,1776979800,1776980700.0,1776991500
3876641.7499999558,p30,0.5,4690.82,0,4690.7,4671.953586100535,4672.22,F3,True,4392840.55,1730651.999999959,1709580.749999959,S7-TPNONE|F3|1776979800|SHORT,EXIT_SL_RAISED,False,S7-TPNONE,SHORT,S,0.5,1776991610.768,1776979800,1776980700.0,1776991500
3797039.250000092,p30,0.5,4671.32,0,4671.31,4680.109046565462,4680.11,F1,True,4374681.815,-824119.9999999319,-845191.2499999319,S7-TPNONE|F1|1776996900|SHORT,EXIT_SL_RAISED,False,S7-TPNONE,SHORT,S,0.5,1777000279.349,1776996900,1776997800.0,1776999600
3797039.250000092,p30,0.5,4671.32,0,4671.31,4680.109046565462,4680.11,F2,True,4374681.815,-824119.9999999319,-845191.2499999319,S7-TPNONE|F2|1776996900|SHORT,EXIT_SL_RAISED,False,S7-TPNONE,SHORT,S,0.5,1777000279.349,1776996900,1776997800.0,1776999600
3797039.250000092,p30,0.5,4671.32,0,4671.31,4680.109046565462,4680.11,F3,True,4374681.815,-824119.9999999319,-845191.2499999319,S7-TPNONE|F3|1776996900|SHORT,EXIT_SL_RAISED,False,S7-TPNONE,SHORT,S,0.5,1777000279.349,1776996900,1776997800.0,1776999600
8120391.500000174,p30,0.5,4685.14,1,4686.44,4682.63632434884,4682.65,F1,True,4388851.06,354933.49999999657,333862.24999999657,S7-TPNONE|F1|1777226400|SHORT,EXIT_SL_RAISED,False,S7-TPNONE,SHORT,S,0.5,1777236451.032,1777226400,1777228200.0,1777236300
8120391.500000174,p30,0.5,4685.14,1,4686.44,4682.63632434884,4682.65,F2,True,4388851.06,354933.49999999657,333862.24999999657,S7-TPNONE|F2|1777226400|SHORT,EXIT_SL_RAISED,False,S7-TPNONE,SHORT,S,0.5,1777236451.032,1777226400,1777228200.0,1777236300
8120391.500000174,p30,0.5,4685.14,1,4686.44,4682.63632434884,4682.65,F3,True,4388851.06,354933.49999999657,333862.24999999657,S7-TPNONE|F3|1777226400|SHORT,EXIT_SL_RAISED,False,S7-TPNONE,SHORT,S,0.5,1777236451.032,1777226400,1777228200.0,1777236300
5855934.499999891,p30,0.5,4670.58,0,4670.52,4677.15,4677.6,F1,False,4373941.98,-663041.9999999931,-684113.2499999931,S7-TPNONE|F1|1777326300|SHORT,EXIT_TRAIL,True,S7-TPNONE,SHORT,S,0.5,1777328100,1777326300,1777327200.0,1777327200
5855934.499999891,p30,0.5,4670.58,0,4670.52,4677.15,4677.6,F2,False,4373941.98,-663041.9999999931,-684113.2499999931,S7-TPNONE|F2|1777326300|SHORT,EXIT_TRAIL,True,S7-TPNONE,SHORT,S,0.5,1777328100,1777326300,1777327200.0,1777327200
5855934.499999891,p30,0.5,4670.58,0,4670.52,4677.15,4677.6,F3,False,4373941.98,-663041.9999999931,-684113.2499999931,S7-TPNONE|F3|1777326300|SHORT,EXIT_TRAIL,True,S7-TPNONE,SHORT,S,0.5,1777328100,1777326300,1777327200.0,1777327200
1179989.999999949,p30,0.5,4671.86,0,4671.75,4657.369626170663,4657.39,F1,True,4375093.875,1344813.9999999693,1323742.7499999693,S7-TPNONE|F1|1777332600|SHORT,EXIT_SL_RAISED,False,S7-TPNONE,SHORT,S,0.5,1777339213.426,1777332600,1777333500.0,1777338900
1179989.999999949,p30,0.5,4671.86,0,4671.75,4657.369626170663,4657.39,F2,True,4375093.875,1344813.9999999693,1323742.7499999693,S7-TPNONE|F2|1777332600|SHORT,EXIT_SL_RAISED,False,S7-TPNONE,SHORT,S,0.5,1777339213.426,1777332600,1777333500.0,1777338900
1179989.999999949,p30,0.5,4671.86,0,4671.75,4657.369626170663,4657.39,F3,True,4375093.875,1344813.9999999693,1323742.7499999693,S7-TPNONE|F3|1777332600|SHORT,EXIT_SL_RAISED,False,S7-TPNONE,SHORT,S,0.5,1777339213.426,1777332600,1777333500.0,1777338900
11141540.499999853,p30,0.5,4624.72,0,4624.78,4636.3373446417445,4636.37,F1,True,4331106.47,-1085403.5000000137,-1106474.7500000137,S7-TPNONE|F1|1777339800|SHORT,EXIT_SL_RAISED,False,S7-TPNONE,SHORT,S,0.5,1777341927.366,1777339800,1777340700.0,1777341600
11141540.499999853,p30,0.5,4624.72,0,4624.78,4636.3373446417445,4636.37,F2,True,4331106.47,-1085403.5000000137,-1106474.7500000137,S7-TPNONE|F2|1777339800|SHORT,EXIT_SL_RAISED,False,S7-TPNONE,SHORT,S,0.5,1777341927.366,1777339800,1777340700.0,1777341600
11141540.499999853,p30,0.5,4624.72,0,4624.78,4636.3373446417445,4636.37,F3,True,4331106.47,-1085403.5000000137,-1106474.7500000137,S7-TPNONE|F3|1777339800|SHORT,EXIT_SL_RAISED,False,S7-TPNONE,SHORT,S,0.5,1777341927.366,1777339800,1777340700.0,1777341600
7376342.250000031,p30,0.5,4582.46,0,4582.21,4591.326814105473,4591.38,F1,True,4291239.665,-858770.5000000069,-879841.7500000069,S7-TPNONE|F1|1777410000|SHORT,EXIT_SL_RAISED,False,S7-TPNONE,SHORT,S,0.5,1777412540.936,1777410000,1777410900.0,1777411800
7376342.250000031,p30,0.5,4582.46,0,4582.21,4591.326814105473,4591.38,F2,True,4291239.665,-858770.5000000069,-879841.7500000069,S7-TPNONE|F2|1777410000|SHORT,EXIT_SL_RAISED,False,S7-TPNONE,SHORT,S,0.5,1777412540.936,1777410000,1777410900.0,1777411800
7376342.250000031,p30,0.5,4582.46,0,4582.21,4591.326814105473,4591.38,F3,True,4291239.665,-858770.5000000069,-879841.7500000069,S7-TPNONE|F3|1777410000|SHORT,EXIT_SL_RAISED,False,S7-TPNONE,SHORT,S,0.5,1777412540.936,1777410000,1777410900.0,1777411800
3228583.7499997783,p30,0.5,4584.62,0,4584.61,4600.79,4601.27,F1,False,4293487.265,-1560209.0000000715,-1581280.2500000715,S7-TPNONE|F1|1777412700|SHORT,EXIT_TRAIL,True,S7-TPNONE,SHORT,S,0.5,1777414500,1777412700,1777413600.0,1777413600
3228583.7499997783,p30,0.5,4584.62,0,4584.61,4600.79,4601.27,F2,False,4293487.265,-1560209.0000000715,-1581280.2500000715,S7-TPNONE|F2|1777412700|SHORT,EXIT_TRAIL,True,S7-TPNONE,SHORT,S,0.5,1777414500,1777412700,1777413600.0,1777413600
3228583.7499997783,p30,0.5,4584.62,0,4584.61,4600.79,4601.27,F3,False,4293487.265,-1560209.0000000715,-1581280.2500000715,S7-TPNONE|F3|1777412700|SHORT,EXIT_TRAIL,True,S7-TPNONE,SHORT,S,0.5,1777414500,1777412700,1777413600.0,1777413600
1988657.7499999693,p30,0.5,4593.63,0,4593.61,4600.67,4601.24,F1,False,4301915.765,-714549.5000000102,-714549.5000000102,S7-TPNONE|F1|1777419000|SHORT,reverse,False,S7-TPNONE,SHORT,S,0.5,1777421700,1777419000,1777419900.0,1777420800
1988657.7499999693,p30,0.5,4593.63,0,4593.61,4600.67,4601.24,F2,False,4301915.765,-714549.5000000102,-714549.5000000102,S7-TPNONE|F2|1777419000|SHORT,reverse,False,S7-TPNONE,SHORT,S,0.5,1777421700,1777419000,1777419900.0,1777420800
1988657.7499999693,p30,0.5,4593.63,0,4593.61,4600.67,4601.24,F3,False,4301915.765,-714549.5000000102,-714549.5000000102,S7-TPNONE|F3|1777419000|SHORT,reverse,False,S7-TPNONE,SHORT,S,0.5,1777421700,1777419000,1777419900.0,1777420800
3671079.999999898,p30,0.5,4588.4,0,4588.42,4569.526068547311,4569.61,F1,True,4297055.33,1761556.5000000375,1740485.2500000375,S7-TPNONE|F1|1777428000|SHORT,EXIT_SL_RAISED,False,S7-TPNONE,SHORT,S,0.5,1777437902.052,1777428000,1777428900.0,1777437900
3671079.999999898,p30,0.5,4588.4,0,4588.42,4569.526068547311,4569.61,F2,True,4297055.33,1761556.5000000375,1740485.2500000375,S7-TPNONE|F2|1777428000|SHORT,EXIT_SL_RAISED,False,S7-TPNONE,SHORT,S,0.5,1777437902.052,1777428000,1777428900.0,1777437900
3671079.999999898,p30,0.5,4588.4,0,4588.42,4569.526068547311,4569.61,F3,True,4297055.33,1761556.5000000375,1740485.2500000375,S7-TPNONE|F3|1777428000|SHORT,EXIT_SL_RAISED,False,S7-TPNONE,SHORT,S,0.5,1777437902.052,1777428000,1777428900.0,1777437900
4354725.000000085,p30,0.5,4562.18,0,4562.13,4552.660741088862,4552.68,F1,True,4272434.745,884992.499999983,863921.249999983,S7-TPNONE|F1|1777501800|SHORT,EXIT_SL_RAISED,False,S7-TPNONE,SHORT,S,0.5,1777511283.915,1777501800,1777502700.0,1777510800
4354725.000000085,p30,0.5,4562.18,0,4562.13,4552.660741088862,4552.68,F2,True,4272434.745,884992.499999983,863921.249999983,S7-TPNONE|F2|1777501800|SHORT,EXIT_SL_RAISED,False,S7-TPNONE,SHORT,S,0.5,1777511283.915,1777501800,1777502700.0,1777510800
4354725.000000085,p30,0.5,4562.18,0,4562.13,4552.660741088862,4552.68,F3,True,4272434.745,884992.499999983,863921.249999983,S7-TPNONE|F3|1777501800|SHORT,EXIT_SL_RAISED,False,S7-TPNONE,SHORT,S,0.5,1777511283.915,1777501800,1777502700.0,1777510800
1905777.500000034,p30,0.5,4609.73,0,4609.69,4571.157265045563,4571.22,F1,True,4316974.685,3602715.4999999385,3581644.2499999385,S7-TPNONE|F1|1777599000|SHORT,EXIT_SL_RAISED,False,S7-TPNONE,SHORT,S,0.5,1777616549.05,1777599000,1777599900.0,1777616100
1905777.500000034,p30,0.5,4609.73,0,4609.69,4571.157265045563,4571.22,F2,True,4316974.685,3602715.4999999385,3581644.2499999385,S7-TPNONE|F2|1777599000|SHORT,EXIT_SL_RAISED,False,S7-TPNONE,SHORT,S,0.5,1777616549.05,1777599000,1777599900.0,1777616100
1905777.500000034,p30,0.5,4609.73,0,4609.69,4571.157265045563,4571.22,F3,True,4316974.685,3602715.4999999385,3581644.2499999385,S7-TPNONE|F3|1777599000|SHORT,EXIT_SL_RAISED,False,S7-TPNONE,SHORT,S,0.5,1777616549.05,1777599000,1777599900.0,1777616100
2794515.9999999283,p30,0.5,4614.87,0,4614.89,4606.640519090414,4606.78,F1,True,4321844.485,759501.5000000545,738430.2500000545,S7-TPNONE|F1|1777834800|SHORT,EXIT_SL_RAISED,False,S7-TPNONE,SHORT,S,0.5,1777845092.571,1777834800,1777835700.0,1777844700
2794515.9999999283,p30,0.5,4614.87,0,4614.89,4606.640519090414,4606.78,F2,True,4321844.485,759501.5000000545,738430.2500000545,S7-TPNONE|F2|1777834800|SHORT,EXIT_SL_RAISED,False,S7-TPNONE,SHORT,S,0.5,1777845092.571,1777834800,1777835700.0,1777844700
2794515.9999999283,p30,0.5,4614.87,0,4614.89,4606.640519090414,4606.78,F3,True,4321844.485,759501.5000000545,738430.2500000545,S7-TPNONE|F3|1777834800|SHORT,EXIT_SL_RAISED,False,S7-TPNONE,SHORT,S,0.5,1777845092.571,1777834800,1777835700.0,1777844700
953825.249999782,p30,0.5,4518.3,0,4518.35,4527.271948148384,4527.42,F1,True,4231434.775,-849405.4999999728,-870476.7499999728,S7-TPNONE|F1|1777923000|SHORT,EXIT_SL_RAISED,False,S7-TPNONE,SHORT,S,0.5,1777925611.54,1777923000,1777923900.0,1777924800
953825.249999782,p30,0.5,4518.3,0,4518.35,4527.271948148384,4527.42,F2,True,4231434.775,-849405.4999999728,-870476.7499999728,S7-TPNONE|F2|1777923000|SHORT,EXIT_SL_RAISED,False,S7-TPNONE,SHORT,S,0.5,1777925611.54,1777923000,1777923900.0,1777924800
953825.249999782,p30,0.5,4518.3,0,4518.35,4527.271948148384,4527.42,F3,True,4231434.775,-849405.4999999728,-870476.7499999728,S7-TPNONE|F3|1777923000|SHORT,EXIT_SL_RAISED,False,S7-TPNONE,SHORT,S,0.5,1777925611.54,1777923000,1777923900.0,1777924800
4711999.749999963,p30,0.5,4662.78,0,4663.26,4657.303757667023,4657.29,F1,True,4367142.99,-559090.5000000239,-580161.7500000239,S7-TPNONE|F1|1778031900|LONG,EXIT_SL_RAISED,False,S7-TPNONE,LONG,L,0.5,1778037340.673,1778031900,1778032800.0,1778037300
4711999.749999963,p30,0.5,4662.78,0,4663.26,4657.303757667023,4657.29,F2,True,4367142.99,-559090.5000000239,-580161.7500000239,S7-TPNONE|F2|1778031900|LONG,EXIT_SL_RAISED,False,S7-TPNONE,LONG,L,0.5,1778037340.673,1778031900,1778032800.0,1778037300
4711999.749999963,p30,0.5,4662.78,0,4663.26,4657.303757667023,4657.29,F3,True,4367142.99,-559090.5000000239,-580161.7500000239,S7-TPNONE|F3|1778031900|LONG,EXIT_SL_RAISED,False,S7-TPNONE,LONG,L,0.5,1778037340.673,1778031900,1778032800.0,1778037300
8424285.749999993,p30,0.5,4709.56,0,4710.1,4703.256532419619,4703.21,F1,True,4411008.65,-645248.5000000306,-666319.7500000306,S7-TPNONE|F1|1778101200|LONG,EXIT_SL_RAISED,False,S7-TPNONE,LONG,L,0.5,1778103001.733,1778101200,1778102100.0,1778103000
8424285.749999993,p30,0.5,4709.56,0,4710.1,4703.256532419619,4703.21,F2,True,4411008.65,-645248.5000000306,-666319.7500000306,S7-TPNONE|F2|1778101200|LONG,EXIT_SL_RAISED,False,S7-TPNONE,LONG,L,0.5,1778103001.733,1778101200,1778102100.0,1778103000
8424285.749999993,p30,0.5,4709.56,0,4710.1,4703.256532419619,4703.21,F3,True,4411008.65,-645248.5000000306,-666319.7500000306,S7-TPNONE|F3|1778101200|LONG,EXIT_SL_RAISED,False,S7-TPNONE,LONG,L,0.5,1778103001.733,1778101200,1778102100.0,1778103000
3426185.2500000033,p30,0.5,4703.37,0,4703.82,4735.958000990271,4735.91,F1,True,4405127.43,3005228.5000000135,2984157.2500000135,S7-TPNONE|F1|1778117400|LONG,EXIT_SL_RAISED,False,S7-TPNONE,LONG,L,0.5,1778122504.524,1778117400,1778118300.0,1778121900
3426185.2500000033,p30,0.5,4703.37,0,4703.82,4735.958000990271,4735.91,F2,True,4405127.43,3005228.5000000135,2984157.2500000135,S7-TPNONE|F2|1778117400|LONG,EXIT_SL_RAISED,False,S7-TPNONE,LONG,L,0.5,1778122504.524,1778117400,1778118300.0,1778121900
3426185.2500000033,p30,0.5,4703.37,0,4703.82,4735.958000990271,4735.91,F3,True,4405127.43,3005228.5000000135,2984157.2500000135,S7-TPNONE|F3|1778117400|LONG,EXIT_SL_RAISED,False,S7-TPNONE,LONG,L,0.5,1778122504.524,1778117400,1778118300.0,1778121900
5726229.249999955,p30,0.5,4713.92,0,4714.15,4716.328175982291,4716.31,F1,True,4414801.475,202284.00000007154,181212.75000007154,S7-TPNONE|F1|1778187600|LONG,EXIT_SL_RAISED,False,S7-TPNONE,LONG,L,0.5,1778193317.473,1778187600,1778188500.0,1778193000
5726229.249999955,p30,0.5,4713.92,0,4714.15,4716.328175982291,4716.31,F2,True,4414801.475,202284.00000007154,181212.75000007154,S7-TPNONE|F2|1778187600|LONG,EXIT_SL_RAISED,False,S7-TPNONE,LONG,L,0.5,1778193317.473,1778187600,1778188500.0,1778193000
5726229.249999955,p30,0.5,4713.92,0,4714.15,4716.328175982291,4716.31,F3,True,4414801.475,202284.00000007154,181212.75000007154,S7-TPNONE|F3|1778187600|LONG,EXIT_SL_RAISED,False,S7-TPNONE,LONG,L,0.5,1778193317.473,1778187600,1778188500.0,1778193000
4201138.9999998845,p30,0.5,4733.47,0,4733.98,4719.425399914009,4719.23,F1,True,4433372.27,-1381337.5,-1402408.75,S7-TPNONE|F1|1778206500|LONG,EXIT_SL_RAISED,False,S7-TPNONE,LONG,L,0.5,1778209901.858,1778206500,1778207400.0,1778209200
4201138.9999998845,p30,0.5,4733.47,0,4733.98,4719.425399914009,4719.23,F2,True,4433372.27,-1381337.5,-1402408.75,S7-TPNONE|F2|1778206500|LONG,EXIT_SL_RAISED,False,S7-TPNONE,LONG,L,0.5,1778209901.858,1778206500,1778207400.0,1778209200
4201138.9999998845,p30,0.5,4733.47,0,4733.98,4719.425399914009,4719.23,F3,True,4433372.27,-1381337.5,-1402408.75,S7-TPNONE|F3|1778206500|LONG,EXIT_SL_RAISED,False,S7-TPNONE,LONG,L,0.5,1778209901.858,1778206500,1778207400.0,1778209200
4654873.249999908,p30,0.5,4698.77,0,4699.29,4685.082473226955,4685.01,F1,True,4400885.085,-1337321.9999999763,-1358393.2499999763,S7-TPNONE|F1|1778447700|LONG,EXIT_SL_RAISED,False,S7-TPNONE,LONG,L,0.5,1778450122.373,1778447700,1778448600.0,1778449500
4654873.249999908,p30,0.5,4698.77,0,4699.29,4685.082473226955,4685.01,F2,True,4400885.085,-1337321.9999999763,-1358393.2499999763,S7-TPNONE|F2|1778447700|LONG,EXIT_SL_RAISED,False,S7-TPNONE,LONG,L,0.5,1778450122.373,1778447700,1778448600.0,1778449500
4654873.249999908,p30,0.5,4698.77,0,4699.29,4685.082473226955,4685.01,F3,True,4400885.085,-1337321.9999999763,-1358393.2499999763,S7-TPNONE|F3|1778447700|LONG,EXIT_SL_RAISED,False,S7-TPNONE,LONG,L,0.5,1778450122.373,1778447700,1778448600.0,1778449500
