t_pedido,t_pedido_iso,t_devuelto,t_devuelto_iso,delta_s,evaluable,clasificacion_si_gt_60s
1785110400.0,2026-07-27T00:00:00,1785110400.12,2026-07-27T00:00:00.120000,0.11999988555908203,True,
1785111300.0,2026-07-27T00:15:00,1785111300.057,2026-07-27T00:15:00.057000,0.056999921798706055,True,
1785112200.0,2026-07-27T00:30:00,1785112200.032,2026-07-27T00:30:00.032000,0.032000064849853516,True,
1785113100.0,2026-07-27T00:45:00,1785113100.232,2026-07-27T00:45:00.232000,0.23200011253356934,True,
1785114000.0,2026-07-27T01:00:00,1785114000.126,2026-07-27T01:00:00.126000,0.12599992752075195,True,
1785114900.0,2026-07-27T01:15:00,1785114900.397,2026-07-27T01:15:00.397000,0.3970000743865967,True,
1785115800.0,2026-07-27T01:30:00,1785115800.007,2026-07-27T01:30:00.007000,0.006999969482421875,True,
1785116700.0,2026-07-27T01:45:00,1785116700.213,2026-07-27T01:45:00.213000,0.21300005912780762,True,
1785117600.0,2026-07-27T02:00:00,1785117600.156,2026-07-27T02:00:00.156000,0.15599989891052246,True,
1785118500.0,2026-07-27T02:15:00,1785118500.211,2026-07-27T02:15:00.211000,0.2109999656677246,True,
1785119400.0,2026-07-27T02:30:00,1785119400.161,2026-07-27T02:30:00.161000,0.16100001335144043,True,
1785120300.0,2026-07-27T02:45:00,1785120300.217,2026-07-27T02:45:00.217000,0.21700000762939453,True,
1785121200.0,2026-07-27T03:00:00,1785121200.032,2026-07-27T03:00:00.032000,0.032000064849853516,True,
1785122100.0,2026-07-27T03:15:00,1785122100.026,2026-07-27T03:15:00.026000,0.026000022888183594,True,
1785123000.0,2026-07-27T03:30:00,1785123000.115,2026-07-27T03:30:00.115000,0.11500000953674316,True,
1785123900.0,2026-07-27T03:45:00,1785123900.273,2026-07-27T03:45:00.273000,0.27300000190734863,True,
1785124800.0,2026-07-27T04:00:00,1785124800.153,2026-07-27T04:00:00.153000,0.1530001163482666,True,
1785125700.0,2026-07-27T04:15:00,1785125700.166,2026-07-27T04:15:00.166000,0.1659998893737793,True,
1785126600.0,2026-07-27T04:30:00,1785126600.012,2026-07-27T04:30:00.012000,0.012000083923339844,True,
1785127500.0,2026-07-27T04:45:00,1785127500.021,2026-07-27T04:45:00.021000,0.020999908447265625,True,
1785128400.0,2026-07-27T05:00:00,1785128400.181,2026-07-27T05:00:00.181000,0.1809999942779541,True,
1785129300.0,2026-07-27T05:15:00,1785129300.034,2026-07-27T05:15:00.034000,0.03399991989135742,True,
1785130200.0,2026-07-27T05:30:00,1785130200.158,2026-07-27T05:30:00.158000,0.15799999237060547,True,
1785131100.0,2026-07-27T05:45:00,1785131100.072,2026-07-27T05:45:00.072000,0.07200002670288086,True,
1785132000.0,2026-07-27T06:00:00,1785132000.064,2026-07-27T06:00:00.064000,0.06399989128112793,True,
1785132900.0,2026-07-27T06:15:00,1785132900.207,2026-07-27T06:15:00.207000,0.2070000171661377,True,
1785133800.0,2026-07-27T06:30:00,1785133800.12,2026-07-27T06:30:00.120000,0.11999988555908203,True,
1785134700.0,2026-07-27T06:45:00,1785134700.177,2026-07-27T06:45:00.177000,0.1770000457763672,True,
1785135600.0,2026-07-27T07:00:00,1785135600.023,2026-07-27T07:00:00.023000,0.023000001907348633,True,
1785136500.0,2026-07-27T07:15:00,1785136500.166,2026-07-27T07:15:00.166000,0.1659998893737793,True,
1785137400.0,2026-07-27T07:30:00,1785137400.019,2026-07-27T07:30:00.019000,0.01900005340576172,True,
1785138300.0,2026-07-27T07:45:00,1785138300.07,2026-07-27T07:45:00.070000,0.06999993324279785,True,
1785139200.0,2026-07-27T08:00:00,1785139200.029,2026-07-27T08:00:00.029000,0.029000043869018555,True,
1785140100.0,2026-07-27T08:15:00,1785140100.04,2026-07-27T08:15:00.040000,0.039999961853027344,True,
1785141000.0,2026-07-27T08:30:00,1785141000.121,2026-07-27T08:30:00.121000,0.12100005149841309,True,
1785141900.0,2026-07-27T08:45:00,1785141900.056,2026-07-27T08:45:00.056000,0.0559999942779541,True,
1785142800.0,2026-07-27T09:00:00,1785142800.123,2026-07-27T09:00:00.123000,0.12299990653991699,True,
1785143700.0,2026-07-27T09:15:00,1785143700.019,2026-07-27T09:15:00.019000,0.01900005340576172,True,
1785144600.0,2026-07-27T09:30:00,1785144600.047,2026-07-27T09:30:00.047000,0.04699993133544922,True,
1785145500.0,2026-07-27T09:45:00,1785145500.126,2026-07-27T09:45:00.126000,0.12599992752075195,True,
1785146400.0,2026-07-27T10:00:00,1785146400.001,2026-07-27T10:00:00.001000,0.0009999275207519531,True,
1785147300.0,2026-07-27T10:15:00,1785147300.1,2026-07-27T10:15:00.100000,0.09999990463256836,True,
1785148200.0,2026-07-27T10:30:00,1785148200.028,2026-07-27T10:30:00.028000,0.0280001163482666,True,
1785149100.0,2026-07-27T10:45:00,1785149100.15,2026-07-27T10:45:00.150000,0.15000009536743164,True,
1785150000.0,2026-07-27T11:00:00,1785150000.147,2026-07-27T11:00:00.147000,0.14700007438659668,True,
1785150900.0,2026-07-27T11:15:00,1785150900.028,2026-07-27T11:15:00.028000,0.0280001163482666,True,
1785151800.0,2026-07-27T11:30:00,1785151800.0,2026-07-27T11:30:00,0.0,True,
1785152700.0,2026-07-27T11:45:00,1785152700.004,2026-07-27T11:45:00.004000,0.003999948501586914,True,
1785153600.0,2026-07-27T12:00:00,1785153600.115,2026-07-27T12:00:00.115000,0.11500000953674316,True,
1785154500.0,2026-07-27T12:15:00,1785154500.038,2026-07-27T12:15:00.038000,0.03800010681152344,True,
1785155400.0,2026-07-27T12:30:00,1785155400.149,2026-07-27T12:30:00.149000,0.14899992942810059,True,
1785156300.0,2026-07-27T12:45:00,1785156300.21,2026-07-27T12:45:00.210000,0.21000003814697266,True,
1785157200.0,2026-07-27T13:00:00,1785157201.056,2026-07-27T13:00:01.056000,1.055999994277954,True,
1785158100.0,2026-07-27T13:15:00,1785158100.399,2026-07-27T13:15:00.399000,0.3989999294281006,True,
1785159000.0,2026-07-27T13:30:00,1785159000.14,2026-07-27T13:30:00.140000,0.1400001049041748,True,
1785159900.0,2026-07-27T13:45:00,1785159901.96,2026-07-27T13:45:01.960000,1.9600000381469727,True,
1785160800.0,2026-07-27T14:00:00,1785160800.168,2026-07-27T14:00:00.168000,0.1679999828338623,True,
1785161700.0,2026-07-27T14:15:00,1785161700.031,2026-07-27T14:15:00.031000,0.03099989891052246,True,
1785162600.0,2026-07-27T14:30:00,1785162600.208,2026-07-27T14:30:00.208000,0.20799994468688965,True,
1785163500.0,2026-07-27T14:45:00,1785163500.136,2026-07-27T14:45:00.136000,0.1359999179840088,True,
1785164400.0,2026-07-27T15:00:00,1785164400.031,2026-07-27T15:00:00.031000,0.03099989891052246,True,
1785165300.0,2026-07-27T15:15:00,1785165301.084,2026-07-27T15:15:01.084000,1.0840001106262207,True,
1785166200.0,2026-07-27T15:30:00,1785166200.184,2026-07-27T15:30:00.184000,0.18400001525878906,True,
1785167100.0,2026-07-27T15:45:00,1785167100.156,2026-07-27T15:45:00.156000,0.15599989891052246,True,
1785168000.0,2026-07-27T16:00:00,1785168000.113,2026-07-27T16:00:00.113000,0.11299991607666016,True,
1785168900.0,2026-07-27T16:15:00,1785168900.378,2026-07-27T16:15:00.378000,0.37800002098083496,True,
1785169800.0,2026-07-27T16:30:00,1785169800.021,2026-07-27T16:30:00.021000,0.020999908447265625,True,
1785170700.0,2026-07-27T16:45:00,1785170700.163,2026-07-27T16:45:00.163000,0.16300010681152344,True,
1785171600.0,2026-07-27T17:00:00,1785175205.732,2026-07-27T18:00:05.732000,3605.7320001125336,True,corte_mantenimiento
1785172500.0,2026-07-27T17:15:00,1785175205.732,2026-07-27T18:00:05.732000,2705.7320001125336,True,corte_mantenimiento
1785173400.0,2026-07-27T17:30:00,1785175205.732,2026-07-27T18:00:05.732000,1805.7320001125336,True,corte_mantenimiento
1785174300.0,2026-07-27T17:45:00,1785175205.732,2026-07-27T18:00:05.732000,905.7320001125336,True,corte_mantenimiento
1785175200.0,2026-07-27T18:00:00,1785175205.732,2026-07-27T18:00:05.732000,5.732000112533569,True,
1785176100.0,2026-07-27T18:15:00,1785176100.053,2026-07-27T18:15:00.053000,0.05299997329711914,True,
1785177000.0,2026-07-27T18:30:00,1785177000.036,2026-07-27T18:30:00.036000,0.03600001335144043,True,
1785177900.0,2026-07-27T18:45:00,1785177900.247,2026-07-27T18:45:00.247000,0.24699997901916504,True,
1785178800.0,2026-07-27T19:00:00,1785178800.152,2026-07-27T19:00:00.152000,0.15199995040893555,True,
1785179700.0,2026-07-27T19:15:00,1785179701.066,2026-07-27T19:15:01.066000,1.065999984741211,True,
1785180600.0,2026-07-27T19:30:00,1785180600.169,2026-07-27T19:30:00.169000,0.16899991035461426,True,
1785181500.0,2026-07-27T19:45:00,1785181500.148,2026-07-27T19:45:00.148000,0.14800000190734863,True,
1785182400.0,2026-07-27T20:00:00,1785182400.14,2026-07-27T20:00:00.140000,0.1400001049041748,True,
1785183300.0,2026-07-27T20:15:00,1785183300.015,2026-07-27T20:15:00.015000,0.015000104904174805,True,
1785184200.0,2026-07-27T20:30:00,1785184200.151,2026-07-27T20:30:00.151000,0.1510000228881836,True,
1785185100.0,2026-07-27T20:45:00,1785185100.293,2026-07-27T20:45:00.293000,0.2929999828338623,True,
1785186000.0,2026-07-27T21:00:00,1785186000.155,2026-07-27T21:00:00.155000,0.1549999713897705,True,
1785186900.0,2026-07-27T21:15:00,1785186900.019,2026-07-27T21:15:00.019000,0.01900005340576172,True,
1785187800.0,2026-07-27T21:30:00,1785187800.251,2026-07-27T21:30:00.251000,0.25099992752075195,True,
1785188700.0,2026-07-27T21:45:00,1785188700.132,2026-07-27T21:45:00.132000,0.13199996948242188,True,
1785189600.0,2026-07-27T22:00:00,1785189600.168,2026-07-27T22:00:00.168000,0.1679999828338623,True,
1785190500.0,2026-07-27T22:15:00,1785190500.281,2026-07-27T22:15:00.281000,0.28099989891052246,True,
1785191400.0,2026-07-27T22:30:00,1785191400.032,2026-07-27T22:30:00.032000,0.032000064849853516,True,
1785192300.0,2026-07-27T22:45:00,1785192300.225,2026-07-27T22:45:00.225000,0.22499990463256836,True,
1785193200.0,2026-07-27T23:00:00,1785193200.152,2026-07-27T23:00:00.152000,0.15199995040893555,True,
1785194100.0,2026-07-27T23:15:00,1785194100.59,2026-07-27T23:15:00.590000,0.5899999141693115,True,
1785195000.0,2026-07-27T23:30:00,1785195000.02,2026-07-27T23:30:00.020000,0.019999980926513672,True,
1785195900.0,2026-07-27T23:45:00,1785195900.186,2026-07-27T23:45:00.186000,0.18600010871887207,True,
1785196800.0,2026-07-28T00:00:00,1785196800.158,2026-07-28T00:00:00.158000,0.15799999237060547,True,
1785197700.0,2026-07-28T00:15:00,1785197700.038,2026-07-28T00:15:00.038000,0.03800010681152344,True,
1785198600.0,2026-07-28T00:30:00,1785198600.186,2026-07-28T00:30:00.186000,0.18600010871887207,True,
1785199500.0,2026-07-28T00:45:00,1785199500.837,2026-07-28T00:45:00.837000,0.8369998931884766,True,
1785200400.0,2026-07-28T01:00:00,1785200400.159,2026-07-28T01:00:00.159000,0.15899991989135742,True,
1785201300.0,2026-07-28T01:15:00,1785201300.117,2026-07-28T01:15:00.117000,0.11700010299682617,True,
1785202200.0,2026-07-28T01:30:00,1785202200.06,2026-07-28T01:30:00.060000,0.059999942779541016,True,
1785203100.0,2026-07-28T01:45:00,1785203100.041,2026-07-28T01:45:00.041000,0.0409998893737793,True,
1785204000.0,2026-07-28T02:00:00,1785204000.02,2026-07-28T02:00:00.020000,0.019999980926513672,True,
1785204900.0,2026-07-28T02:15:00,1785204900.058,2026-07-28T02:15:00.058000,0.05800008773803711,True,
1785205800.0,2026-07-28T02:30:00,1785205800.04,2026-07-28T02:30:00.040000,0.039999961853027344,True,
1785206700.0,2026-07-28T02:45:00,1785206700.027,2026-07-28T02:45:00.027000,0.026999950408935547,True,
1785207600.0,2026-07-28T03:00:00,1785207600.121,2026-07-28T03:00:00.121000,0.12100005149841309,True,
1785208500.0,2026-07-28T03:15:00,1785208500.262,2026-07-28T03:15:00.262000,0.26200008392333984,True,
1785209400.0,2026-07-28T03:30:00,1785209400.174,2026-07-28T03:30:00.174000,0.17400002479553223,True,
1785210300.0,2026-07-28T03:45:00,1785210300.176,2026-07-28T03:45:00.176000,0.17600011825561523,True,
1785211200.0,2026-07-28T04:00:00,1785211200.11,2026-07-28T04:00:00.110000,0.1099998950958252,True,
1785212100.0,2026-07-28T04:15:00,1785212100.17,2026-07-28T04:15:00.170000,0.1700000762939453,True,
1785213000.0,2026-07-28T04:30:00,1785213000.001,2026-07-28T04:30:00.001000,0.0009999275207519531,True,
1785213900.0,2026-07-28T04:45:00,1785213900.282,2026-07-28T04:45:00.282000,0.2820000648498535,True,
1785214800.0,2026-07-28T05:00:00,1785214800.026,2026-07-28T05:00:00.026000,0.026000022888183594,True,
1785215700.0,2026-07-28T05:15:00,1785215700.149,2026-07-28T05:15:00.149000,0.14899992942810059,True,
1785216600.0,2026-07-28T05:30:00,1785216600.038,2026-07-28T05:30:00.038000,0.03800010681152344,True,
1785217500.0,2026-07-28T05:45:00,1785217500.013,2026-07-28T05:45:00.013000,0.013000011444091797,True,
1785218400.0,2026-07-28T06:00:00,1785218400.042,2026-07-28T06:00:00.042000,0.04200005531311035,True,
1785219300.0,2026-07-28T06:15:00,1785219300.168,2026-07-28T06:15:00.168000,0.1679999828338623,True,
1785220200.0,2026-07-28T06:30:00,1785220200.121,2026-07-28T06:30:00.121000,0.12100005149841309,True,
1785221100.0,2026-07-28T06:45:00,1785221100.398,2026-07-28T06:45:00.398000,0.39800000190734863,True,
1785222000.0,2026-07-28T07:00:00,1785222000.117,2026-07-28T07:00:00.117000,0.11700010299682617,True,
1785222900.0,2026-07-28T07:15:00,1785222900.256,2026-07-28T07:15:00.256000,0.2560000419616699,True,
1785223800.0,2026-07-28T07:30:00,1785223800.066,2026-07-28T07:30:00.066000,0.06599998474121094,True,
1785224700.0,2026-07-28T07:45:00,1785224700.056,2026-07-28T07:45:00.056000,0.0559999942779541,True,
1785225600.0,2026-07-28T08:00:00,1785225600.027,2026-07-28T08:00:00.027000,0.026999950408935547,True,
1785226500.0,2026-07-28T08:15:00,1785226500.121,2026-07-28T08:15:00.121000,0.12100005149841309,True,
1785227400.0,2026-07-28T08:30:00,1785227400.142,2026-07-28T08:30:00.142000,0.1419999599456787,True,
1785228300.0,2026-07-28T08:45:00,1785228300.181,2026-07-28T08:45:00.181000,0.1809999942779541,True,
1785229200.0,2026-07-28T09:00:00,1785229200.145,2026-07-28T09:00:00.145000,0.14499998092651367,True,
1785230100.0,2026-07-28T09:15:00,1785230100.089,2026-07-28T09:15:00.089000,0.08899998664855957,True,
1785231000.0,2026-07-28T09:30:00,1785231000.03,2026-07-28T09:30:00.030000,0.029999971389770508,True,
1785231900.0,2026-07-28T09:45:00,1785231900.081,2026-07-28T09:45:00.081000,0.08100008964538574,True,
1785232800.0,2026-07-28T10:00:00,1785232800.151,2026-07-28T10:00:00.151000,0.1510000228881836,True,
1785233700.0,2026-07-28T10:15:00,1785233700.061,2026-07-28T10:15:00.061000,0.06100010871887207,True,
1785234600.0,2026-07-28T10:30:00,1785234600.131,2026-07-28T10:30:00.131000,0.13100004196166992,True,
1785235500.0,2026-07-28T10:45:00,1785235500.383,2026-07-28T10:45:00.383000,0.38299989700317383,True,
1785236400.0,2026-07-28T11:00:00,1785236400.015,2026-07-28T11:00:00.015000,0.015000104904174805,True,
1785237300.0,2026-07-28T11:15:00,1785237300.022,2026-07-28T11:15:00.022000,0.02200007438659668,True,
1785238200.0,2026-07-28T11:30:00,1785238200.08,2026-07-28T11:30:00.080000,0.07999992370605469,True,
1785239100.0,2026-07-28T11:45:00,1785239100.023,2026-07-28T11:45:00.023000,0.023000001907348633,True,
1785240000.0,2026-07-28T12:00:00,1785240000.124,2026-07-28T12:00:00.124000,0.12400007247924805,True,
1785240900.0,2026-07-28T12:15:00,1785240900.048,2026-07-28T12:15:00.048000,0.04800009727478027,True,
1785241800.0,2026-07-28T12:30:00,1785241800.145,2026-07-28T12:30:00.145000,0.14499998092651367,True,
1785242700.0,2026-07-28T12:45:00,1785242700.387,2026-07-28T12:45:00.387000,0.38700008392333984,True,
1785243600.0,2026-07-28T13:00:00,1785243600.147,2026-07-28T13:00:00.147000,0.14700007438659668,True,
1785244500.0,2026-07-28T13:15:00,1785244500.009,2026-07-28T13:15:00.009000,0.009000062942504883,True,
1785245400.0,2026-07-28T13:30:00,1785245400.057,2026-07-28T13:30:00.057000,0.056999921798706055,True,
1785246300.0,2026-07-28T13:45:00,1785246300.352,2026-07-28T13:45:00.352000,0.35199999809265137,True,
1785247200.0,2026-07-28T14:00:00,1785247200.121,2026-07-28T14:00:00.121000,0.12100005149841309,True,
1785248100.0,2026-07-28T14:15:00,1785248101.101,2026-07-28T14:15:01.101000,1.1010000705718994,True,
1785249000.0,2026-07-28T14:30:00,1785249000.013,2026-07-28T14:30:00.013000,0.013000011444091797,True,
1785249900.0,2026-07-28T14:45:00,1785249900.007,2026-07-28T14:45:00.007000,0.006999969482421875,True,
1785250800.0,2026-07-28T15:00:00,1785250800.144,2026-07-28T15:00:00.144000,0.14400005340576172,True,
1785251700.0,2026-07-28T15:15:00,1785251700.201,2026-07-28T15:15:00.201000,0.20099997520446777,True,
1785252600.0,2026-07-28T15:30:00,1785252600.127,2026-07-28T15:30:00.127000,0.127000093460083,True,
1785253500.0,2026-07-28T15:45:00,1785253500.14,2026-07-28T15:45:00.140000,0.1400001049041748,True,
1785254400.0,2026-07-28T16:00:00,1785254400.041,2026-07-28T16:00:00.041000,0.0409998893737793,True,
1785255300.0,2026-07-28T16:15:00,1785255300.175,2026-07-28T16:15:00.175000,0.17499995231628418,True,
1785256200.0,2026-07-28T16:30:00,1785256200.24,2026-07-28T16:30:00.240000,0.24000000953674316,True,
1785257100.0,2026-07-28T16:45:00,1785257100.152,2026-07-28T16:45:00.152000,0.15199995040893555,True,
1785258000.0,2026-07-28T17:00:00,1785261606.393,2026-07-28T18:00:06.393000,3606.3929998874664,True,corte_mantenimiento
1785258900.0,2026-07-28T17:15:00,1785261606.393,2026-07-28T18:00:06.393000,2706.3929998874664,True,corte_mantenimiento
1785259800.0,2026-07-28T17:30:00,1785261606.393,2026-07-28T18:00:06.393000,1806.3929998874664,True,corte_mantenimiento
1785260700.0,2026-07-28T17:45:00,1785261606.393,2026-07-28T18:00:06.393000,906.3929998874664,True,corte_mantenimiento
1785261600.0,2026-07-28T18:00:00,1785261606.393,2026-07-28T18:00:06.393000,6.392999887466431,True,
1785262500.0,2026-07-28T18:15:00,1785262500.356,2026-07-28T18:15:00.356000,0.3559999465942383,True,
1785263400.0,2026-07-28T18:30:00,1785263400.013,2026-07-28T18:30:00.013000,0.013000011444091797,True,
1785264300.0,2026-07-28T18:45:00,1785264300.159,2026-07-28T18:45:00.159000,0.15899991989135742,True,
1785265200.0,2026-07-28T19:00:00,1785265200.381,2026-07-28T19:00:00.381000,0.3810000419616699,True,
1785266100.0,2026-07-28T19:15:00,1785266100.245,2026-07-28T19:15:00.245000,0.24499988555908203,True,
1785267000.0,2026-07-28T19:30:00,1785267000.528,2026-07-28T19:30:00.528000,0.5280001163482666,True,
1785267900.0,2026-07-28T19:45:00,1785267900.049,2026-07-28T19:45:00.049000,0.04900002479553223,True,
1785268800.0,2026-07-28T20:00:00,1785268800.153,2026-07-28T20:00:00.153000,0.1530001163482666,True,
1785269700.0,2026-07-28T20:15:00,1785269700.208,2026-07-28T20:15:00.208000,0.20799994468688965,True,
1785270600.0,2026-07-28T20:30:00,1785270600.028,2026-07-28T20:30:00.028000,0.0280001163482666,True,
1785271500.0,2026-07-28T20:45:00,1785271500.222,2026-07-28T20:45:00.222000,0.2219998836517334,True,
1785272400.0,2026-07-28T21:00:00,1785272400.109,2026-07-28T21:00:00.109000,0.10899996757507324,True,
1785273300.0,2026-07-28T21:15:00,1785273300.148,2026-07-28T21:15:00.148000,0.14800000190734863,True,
1785274200.0,2026-07-28T21:30:00,1785274200.11,2026-07-28T21:30:00.110000,0.1099998950958252,True,
1785275100.0,2026-07-28T21:45:00,1785275100.139,2026-07-28T21:45:00.139000,0.13899993896484375,True,
1785276000.0,2026-07-28T22:00:00,1785276000.167,2026-07-28T22:00:00.167000,0.16700005531311035,True,
1785276900.0,2026-07-28T22:15:00,1785276900.065,2026-07-28T22:15:00.065000,0.06500005722045898,True,
1785277800.0,2026-07-28T22:30:00,1785277800.122,2026-07-28T22:30:00.122000,0.12199997901916504,True,
1785278700.0,2026-07-28T22:45:00,1785278700.174,2026-07-28T22:45:00.174000,0.17400002479553223,True,
1785279600.0,2026-07-28T23:00:00,1785279600.024,2026-07-28T23:00:00.024000,0.023999929428100586,True,
1785280500.0,2026-07-28T23:15:00,1785280500.025,2026-07-28T23:15:00.025000,0.02500009536743164,True,
1785281400.0,2026-07-28T23:30:00,1785281400.145,2026-07-28T23:30:00.145000,0.14499998092651367,True,
1785282300.0,2026-07-28T23:45:00,1785282300.046,2026-07-28T23:45:00.046000,0.046000003814697266,True,
1785283200.0,2026-07-29T00:00:00,1785283200.16,2026-07-29T00:00:00.160000,0.16000008583068848,True,
1785284100.0,2026-07-29T00:15:00,1785284100.815,2026-07-29T00:15:00.815000,0.815000057220459,True,
1785285000.0,2026-07-29T00:30:00,1785285000.106,2026-07-29T00:30:00.106000,0.10599994659423828,True,
1785285900.0,2026-07-29T00:45:00,1785285900.075,2026-07-29T00:45:00.075000,0.07500004768371582,True,
1785286800.0,2026-07-29T01:00:00,1785286800.164,2026-07-29T01:00:00.164000,0.1640000343322754,True,
1785287700.0,2026-07-29T01:15:00,1785287700.038,2026-07-29T01:15:00.038000,0.03800010681152344,True,
1785288600.0,2026-07-29T01:30:00,1785288600.164,2026-07-29T01:30:00.164000,0.1640000343322754,True,
1785289500.0,2026-07-29T01:45:00,1785289500.051,2026-07-29T01:45:00.051000,0.051000118255615234,True,
1785290400.0,2026-07-29T02:00:00,1785290400.049,2026-07-29T02:00:00.049000,0.04900002479553223,True,
1785291300.0,2026-07-29T02:15:00,1785291300.043,2026-07-29T02:15:00.043000,0.042999982833862305,True,
1785292200.0,2026-07-29T02:30:00,1785292200.055,2026-07-29T02:30:00.055000,0.05500006675720215,True,
1785293100.0,2026-07-29T02:45:00,1785293101.285,2026-07-29T02:45:01.285000,1.2850000858306885,True,
1785294000.0,2026-07-29T03:00:00,1785294000.031,2026-07-29T03:00:00.031000,0.03099989891052246,True,
1785294900.0,2026-07-29T03:15:00,1785294900.027,2026-07-29T03:15:00.027000,0.026999950408935547,True,
1785295800.0,2026-07-29T03:30:00,1785295800.107,2026-07-29T03:30:00.107000,0.10700011253356934,True,
1785296700.0,2026-07-29T03:45:00,1785296700.032,2026-07-29T03:45:00.032000,0.032000064849853516,True,
1785297600.0,2026-07-29T04:00:00,1785297600.045,2026-07-29T04:00:00.045000,0.04500007629394531,True,
1785298500.0,2026-07-29T04:15:00,1785298500.098,2026-07-29T04:15:00.098000,0.09800004959106445,True,
1785299400.0,2026-07-29T04:30:00,1785299400.038,2026-07-29T04:30:00.038000,0.03800010681152344,True,
1785300300.0,2026-07-29T04:45:00,1785300301.906,2026-07-29T04:45:01.906000,1.9059998989105225,True,
1785301200.0,2026-07-29T05:00:00,1785301200.054,2026-07-29T05:00:00.054000,0.053999900817871094,True,
1785302100.0,2026-07-29T05:15:00,1785302100.184,2026-07-29T05:15:00.184000,0.18400001525878906,True,
1785303000.0,2026-07-29T05:30:00,1785303000.164,2026-07-29T05:30:00.164000,0.1640000343322754,True,
1785303900.0,2026-07-29T05:45:00,1785303900.176,2026-07-29T05:45:00.176000,0.17600011825561523,True,
1785304800.0,2026-07-29T06:00:00,1785304800.001,2026-07-29T06:00:00.001000,0.0009999275207519531,True,
1785305700.0,2026-07-29T06:15:00,1785305700.036,2026-07-29T06:15:00.036000,0.03600001335144043,True,
1785306600.0,2026-07-29T06:30:00,1785306600.057,2026-07-29T06:30:00.057000,0.056999921798706055,True,
1785307500.0,2026-07-29T06:45:00,1785307500.195,2026-07-29T06:45:00.195000,0.19499993324279785,True,
1785308400.0,2026-07-29T07:00:00,1785308400.057,2026-07-29T07:00:00.057000,0.056999921798706055,True,
1785309300.0,2026-07-29T07:15:00,1785309300.462,2026-07-29T07:15:00.462000,0.46199989318847656,True,
1785310200.0,2026-07-29T07:30:00,1785310200.148,2026-07-29T07:30:00.148000,0.14800000190734863,True,
1785311100.0,2026-07-29T07:45:00,1785311100.094,2026-07-29T07:45:00.094000,0.09400010108947754,True,
1785312000.0,2026-07-29T08:00:00,1785312000.153,2026-07-29T08:00:00.153000,0.1530001163482666,True,
1785312900.0,2026-07-29T08:15:00,1785312900.321,2026-07-29T08:15:00.321000,0.3210000991821289,True,
1785313800.0,2026-07-29T08:30:00,1785313800.036,2026-07-29T08:30:00.036000,0.03600001335144043,True,
1785314700.0,2026-07-29T08:45:00,1785314700.173,2026-07-29T08:45:00.173000,0.17300009727478027,True,
1785315600.0,2026-07-29T09:00:00,1785315600.026,2026-07-29T09:00:00.026000,0.026000022888183594,True,
1785316500.0,2026-07-29T09:15:00,1785316500.111,2026-07-29T09:15:00.111000,0.11100006103515625,True,
1785317400.0,2026-07-29T09:30:00,1785317400.011,2026-07-29T09:30:00.011000,0.010999917984008789,True,
1785318300.0,2026-07-29T09:45:00,1785318300.156,2026-07-29T09:45:00.156000,0.15599989891052246,True,
1785319200.0,2026-07-29T10:00:00,1785319200.039,2026-07-29T10:00:00.039000,0.03900003433227539,True,
1785320100.0,2026-07-29T10:15:00,1785320100.018,2026-07-29T10:15:00.018000,0.017999887466430664,True,
1785321000.0,2026-07-29T10:30:00,1785321000.146,2026-07-29T10:30:00.146000,0.14599990844726562,True,
1785321900.0,2026-07-29T10:45:00,1785321900.151,2026-07-29T10:45:00.151000,0.1510000228881836,True,
1785322800.0,2026-07-29T11:00:00,1785322800.137,2026-07-29T11:00:00.137000,0.13700008392333984,True,
1785323700.0,2026-07-29T11:15:00,1785323700.049,2026-07-29T11:15:00.049000,0.04900002479553223,True,
1785324600.0,2026-07-29T11:30:00,1785324600.054,2026-07-29T11:30:00.054000,0.053999900817871094,True,
1785325500.0,2026-07-29T11:45:00,1785325500.012,2026-07-29T11:45:00.012000,0.012000083923339844,True,
1785326400.0,2026-07-29T12:00:00,1785326400.13,2026-07-29T12:00:00.130000,0.13000011444091797,True,
1785327300.0,2026-07-29T12:15:00,1785327300.151,2026-07-29T12:15:00.151000,0.1510000228881836,True,
1785328200.0,2026-07-29T12:30:00,1785328200.01,2026-07-29T12:30:00.010000,0.009999990463256836,True,
1785329100.0,2026-07-29T12:45:00,1785329100.155,2026-07-29T12:45:00.155000,0.1549999713897705,True,
1785330000.0,2026-07-29T13:00:00,1785330000.024,2026-07-29T13:00:00.024000,0.023999929428100586,True,
1785330900.0,2026-07-29T13:15:00,1785330900.014,2026-07-29T13:15:00.014000,0.01399993896484375,True,
1785331800.0,2026-07-29T13:30:00,1785331800.02,2026-07-29T13:30:00.020000,0.019999980926513672,True,
1785332700.0,2026-07-29T13:45:00,1785332700.152,2026-07-29T13:45:00.152000,0.15199995040893555,True,
1785333600.0,2026-07-29T14:00:00,1785333600.007,2026-07-29T14:00:00.007000,0.006999969482421875,True,
1785334500.0,2026-07-29T14:15:00,1785334500.188,2026-07-29T14:15:00.188000,0.18799996376037598,True,
1785335400.0,2026-07-29T14:30:00,1785335400.166,2026-07-29T14:30:00.166000,0.1659998893737793,True,
1785336300.0,2026-07-29T14:45:00,1785336300.026,2026-07-29T14:45:00.026000,0.026000022888183594,True,
1785337200.0,2026-07-29T15:00:00,1785337200.032,2026-07-29T15:00:00.032000,0.032000064849853516,True,
1785338100.0,2026-07-29T15:15:00,1785338100.007,2026-07-29T15:15:00.007000,0.006999969482421875,True,
1785339000.0,2026-07-29T15:30:00,1785339000.027,2026-07-29T15:30:00.027000,0.026999950408935547,True,
1785339900.0,2026-07-29T15:45:00,1785339900.012,2026-07-29T15:45:00.012000,0.012000083923339844,True,
1785340800.0,2026-07-29T16:00:00,1785340800.001,2026-07-29T16:00:00.001000,0.0009999275207519531,True,
1785341700.0,2026-07-29T16:15:00,1785341700.224,2026-07-29T16:15:00.224000,0.2239999771118164,True,
1785342600.0,2026-07-29T16:30:00,1785342600.155,2026-07-29T16:30:00.155000,0.1549999713897705,True,
1785343500.0,2026-07-29T16:45:00,1785343500.055,2026-07-29T16:45:00.055000,0.05500006675720215,True,
1785344400.0,2026-07-29T17:00:00,1785348005.947,2026-07-29T18:00:05.947000,3605.947000026703,True,corte_mantenimiento
1785345300.0,2026-07-29T17:15:00,1785348005.947,2026-07-29T18:00:05.947000,2705.947000026703,True,corte_mantenimiento
1785346200.0,2026-07-29T17:30:00,1785348005.947,2026-07-29T18:00:05.947000,1805.9470000267029,True,corte_mantenimiento
1785347100.0,2026-07-29T17:45:00,1785348005.947,2026-07-29T18:00:05.947000,905.9470000267029,True,corte_mantenimiento
1785348000.0,2026-07-29T18:00:00,1785348005.947,2026-07-29T18:00:05.947000,5.947000026702881,True,
1785348900.0,2026-07-29T18:15:00,1785348900.129,2026-07-29T18:15:00.129000,0.12899994850158691,True,
1785349800.0,2026-07-29T18:30:00,1785349800.582,2026-07-29T18:30:00.582000,0.5820000171661377,True,
1785350700.0,2026-07-29T18:45:00,1785350700.097,2026-07-29T18:45:00.097000,0.0969998836517334,True,
1785351600.0,2026-07-29T19:00:00,1785351600.015,2026-07-29T19:00:00.015000,0.015000104904174805,True,
1785352500.0,2026-07-29T19:15:00,1785352500.035,2026-07-29T19:15:00.035000,0.03500008583068848,True,
1785353400.0,2026-07-29T19:30:00,1785353400.054,2026-07-29T19:30:00.054000,0.053999900817871094,True,
1785354300.0,2026-07-29T19:45:00,1785354300.002,2026-07-29T19:45:00.002000,0.002000093460083008,True,
1785355200.0,2026-07-29T20:00:00,1785355200.032,2026-07-29T20:00:00.032000,0.032000064849853516,True,
1785356100.0,2026-07-29T20:15:00,1785356100.031,2026-07-29T20:15:00.031000,0.03099989891052246,True,
1785357000.0,2026-07-29T20:30:00,1785357000.11,2026-07-29T20:30:00.110000,0.1099998950958252,True,
1785357900.0,2026-07-29T20:45:00,1785357900.209,2026-07-29T20:45:00.209000,0.2090001106262207,True,
1785358800.0,2026-07-29T21:00:00,1785358800.14,2026-07-29T21:00:00.140000,0.1400001049041748,True,
1785359700.0,2026-07-29T21:15:00,1785359700.024,2026-07-29T21:15:00.024000,0.023999929428100586,True,
1785360600.0,2026-07-29T21:30:00,1785360600.185,2026-07-29T21:30:00.185000,0.18499994277954102,True,
1785361500.0,2026-07-29T21:45:00,1785361500.068,2026-07-29T21:45:00.068000,0.06800007820129395,True,
1785362400.0,2026-07-29T22:00:00,1785362400.115,2026-07-29T22:00:00.115000,0.11500000953674316,True,
1785363300.0,2026-07-29T22:15:00,1785363300.152,2026-07-29T22:15:00.152000,0.15199995040893555,True,
1785364200.0,2026-07-29T22:30:00,1785364201.029,2026-07-29T22:30:01.029000,1.0290000438690186,True,
1785365100.0,2026-07-29T22:45:00,1785365100.221,2026-07-29T22:45:00.221000,0.22099995613098145,True,
1785366000.0,2026-07-29T23:00:00,1785366000.004,2026-07-29T23:00:00.004000,0.003999948501586914,True,
1785366900.0,2026-07-29T23:15:00,1785366900.206,2026-07-29T23:15:00.206000,0.20600008964538574,True,
1785367800.0,2026-07-29T23:30:00,1785367800.034,2026-07-29T23:30:00.034000,0.03399991989135742,True,
1785368700.0,2026-07-29T23:45:00,1785368700.297,2026-07-29T23:45:00.297000,0.2969999313354492,True,
1785369600.0,2026-07-30T00:00:00,1785369600.167,2026-07-30T00:00:00.167000,0.16700005531311035,True,
1785370500.0,2026-07-30T00:15:00,1785370500.2,2026-07-30T00:15:00.200000,0.20000004768371582,True,
1785371400.0,2026-07-30T00:30:00,1785371400.018,2026-07-30T00:30:00.018000,0.017999887466430664,True,
1785372300.0,2026-07-30T00:45:00,1785372300.067,2026-07-30T00:45:00.067000,0.06699991226196289,True,
1785373200.0,2026-07-30T01:00:00,1785373200.004,2026-07-30T01:00:00.004000,0.003999948501586914,True,
1785374100.0,2026-07-30T01:15:00,1785374100.247,2026-07-30T01:15:00.247000,0.24699997901916504,True,
1785375000.0,2026-07-30T01:30:00,1785375000.1,2026-07-30T01:30:00.100000,0.09999990463256836,True,
1785375900.0,2026-07-30T01:45:00,1785375900.02,2026-07-30T01:45:00.020000,0.019999980926513672,True,
1785376800.0,2026-07-30T02:00:00,1785376800.376,2026-07-30T02:00:00.376000,0.37599992752075195,True,
1785377700.0,2026-07-30T02:15:00,1785377700.163,2026-07-30T02:15:00.163000,0.16300010681152344,True,
1785378600.0,2026-07-30T02:30:00,1785378600.081,2026-07-30T02:30:00.081000,0.08100008964538574,True,
1785379500.0,2026-07-30T02:45:00,1785379500.002,2026-07-30T02:45:00.002000,0.002000093460083008,True,
1785380400.0,2026-07-30T03:00:00,1785380400.03,2026-07-30T03:00:00.030000,0.029999971389770508,True,
1785381300.0,2026-07-30T03:15:00,1785381300.008,2026-07-30T03:15:00.008000,0.007999897003173828,True,
1785382200.0,2026-07-30T03:30:00,1785382200.189,2026-07-30T03:30:00.189000,0.18899989128112793,True,
1785383100.0,2026-07-30T03:45:00,1785383100.12,2026-07-30T03:45:00.120000,0.11999988555908203,True,
1785384000.0,2026-07-30T04:00:00,1785384000.084,2026-07-30T04:00:00.084000,0.0840001106262207,True,
1785384900.0,2026-07-30T04:15:00,1785384900.012,2026-07-30T04:15:00.012000,0.012000083923339844,True,
1785385800.0,2026-07-30T04:30:00,1785385800.053,2026-07-30T04:30:00.053000,0.05299997329711914,True,
1785386700.0,2026-07-30T04:45:00,1785386700.188,2026-07-30T04:45:00.188000,0.18799996376037598,True,
1785387600.0,2026-07-30T05:00:00,1785387600.043,2026-07-30T05:00:00.043000,0.042999982833862305,True,
1785388500.0,2026-07-30T05:15:00,1785388500.014,2026-07-30T05:15:00.014000,0.01399993896484375,True,
1785389400.0,2026-07-30T05:30:00,1785389400.161,2026-07-30T05:30:00.161000,0.16100001335144043,True,
1785390300.0,2026-07-30T05:45:00,1785390300.073,2026-07-30T05:45:00.073000,0.07299995422363281,True,
1785391200.0,2026-07-30T06:00:00,1785391200.123,2026-07-30T06:00:00.123000,0.12299990653991699,True,
1785392100.0,2026-07-30T06:15:00,1785392100.175,2026-07-30T06:15:00.175000,0.17499995231628418,True,
1785393000.0,2026-07-30T06:30:00,1785393000.031,2026-07-30T06:30:00.031000,0.03099989891052246,True,
1785393900.0,2026-07-30T06:45:00,1785393900.214,2026-07-30T06:45:00.214000,0.21399998664855957,True,
1785394800.0,2026-07-30T07:00:00,1785394800.01,2026-07-30T07:00:00.010000,0.009999990463256836,True,
1785395700.0,2026-07-30T07:15:00,1785395700.028,2026-07-30T07:15:00.028000,0.0280001163482666,True,
1785396600.0,2026-07-30T07:30:00,1785396600.045,2026-07-30T07:30:00.045000,0.04500007629394531,True,
1785397500.0,2026-07-30T07:45:00,1785397500.201,2026-07-30T07:45:00.201000,0.20099997520446777,True,
1785398400.0,2026-07-30T08:00:00,1785398400.004,2026-07-30T08:00:00.004000,0.003999948501586914,True,
1785399300.0,2026-07-30T08:15:00,1785399300.2,2026-07-30T08:15:00.200000,0.20000004768371582,True,
1785400200.0,2026-07-30T08:30:00,1785400200.175,2026-07-30T08:30:00.175000,0.17499995231628418,True,
1785401100.0,2026-07-30T08:45:00,1785401100.217,2026-07-30T08:45:00.217000,0.21700000762939453,True,
1785402000.0,2026-07-30T09:00:00,1785402000.179,2026-07-30T09:00:00.179000,0.1789999008178711,True,
1785402900.0,2026-07-30T09:15:00,1785402900.091,2026-07-30T09:15:00.091000,0.09100008010864258,True,
1785403800.0,2026-07-30T09:30:00,1785403800.069,2026-07-30T09:30:00.069000,0.0690000057220459,True,
1785404700.0,2026-07-30T09:45:00,1785404700.046,2026-07-30T09:45:00.046000,0.046000003814697266,True,
1785405600.0,2026-07-30T10:00:00,1785405600.033,2026-07-30T10:00:00.033000,0.03299999237060547,True,
1785406500.0,2026-07-30T10:15:00,1785406500.073,2026-07-30T10:15:00.073000,0.07299995422363281,True,
1785407400.0,2026-07-30T10:30:00,1785407400.157,2026-07-30T10:30:00.157000,0.15700006484985352,True,
1785408300.0,2026-07-30T10:45:00,1785408300.07,2026-07-30T10:45:00.070000,0.06999993324279785,True,
1785409200.0,2026-07-30T11:00:00,1785409200.001,2026-07-30T11:00:00.001000,0.0009999275207519531,True,
1785410100.0,2026-07-30T11:15:00,1785410100.001,2026-07-30T11:15:00.001000,0.0009999275207519531,True,
1785411000.0,2026-07-30T11:30:00,1785411000.011,2026-07-30T11:30:00.011000,0.010999917984008789,True,
1785411900.0,2026-07-30T11:45:00,1785411900.233,2026-07-30T11:45:00.233000,0.2330000400543213,True,
1785412800.0,2026-07-30T12:00:00,1785412800.042,2026-07-30T12:00:00.042000,0.04200005531311035,True,
1785413700.0,2026-07-30T12:15:00,1785413700.147,2026-07-30T12:15:00.147000,0.14700007438659668,True,
1785414600.0,2026-07-30T12:30:00,1785414600.002,2026-07-30T12:30:00.002000,0.002000093460083008,True,
1785415500.0,2026-07-30T12:45:00,1785415500.009,2026-07-30T12:45:00.009000,0.009000062942504883,True,
1785416400.0,2026-07-30T13:00:00,1785416400.974,2026-07-30T13:00:00.974000,0.9739999771118164,True,
1785417300.0,2026-07-30T13:15:00,1785417300.08,2026-07-30T13:15:00.080000,0.07999992370605469,True,
1785418200.0,2026-07-30T13:30:00,1785418200.167,2026-07-30T13:30:00.167000,0.16700005531311035,True,
1785419100.0,2026-07-30T13:45:00,1785419100.02,2026-07-30T13:45:00.020000,0.019999980926513672,True,
1785420000.0,2026-07-30T14:00:00,1785420000.007,2026-07-30T14:00:00.007000,0.006999969482421875,True,
1785420900.0,2026-07-30T14:15:00,1785420900.178,2026-07-30T14:15:00.178000,0.17799997329711914,True,
1785421800.0,2026-07-30T14:30:00,1785421800.021,2026-07-30T14:30:00.021000,0.020999908447265625,True,
1785422700.0,2026-07-30T14:45:00,1785422700.036,2026-07-30T14:45:00.036000,0.03600001335144043,True,
1785423600.0,2026-07-30T15:00:00,1785423600.135,2026-07-30T15:00:00.135000,0.13499999046325684,True,
1785424500.0,2026-07-30T15:15:00,1785424500.237,2026-07-30T15:15:00.237000,0.2369999885559082,True,
1785425400.0,2026-07-30T15:30:00,1785425400.082,2026-07-30T15:30:00.082000,0.0820000171661377,True,
1785426300.0,2026-07-30T15:45:00,1785426300.292,2026-07-30T15:45:00.292000,0.29200005531311035,True,
1785427200.0,2026-07-30T16:00:00,1785427200.01,2026-07-30T16:00:00.010000,0.009999990463256836,True,
1785428100.0,2026-07-30T16:15:00,1785428100.265,2026-07-30T16:15:00.265000,0.2650001049041748,True,
1785429000.0,2026-07-30T16:30:00,1785429000.156,2026-07-30T16:30:00.156000,0.15599989891052246,True,
1785429900.0,2026-07-30T16:45:00,1785429900.151,2026-07-30T16:45:00.151000,0.1510000228881836,True,
1785430800.0,2026-07-30T17:00:00,1785434405.971,2026-07-30T18:00:05.971000,3605.970999956131,True,corte_mantenimiento
1785431700.0,2026-07-30T17:15:00,1785434405.971,2026-07-30T18:00:05.971000,2705.970999956131,True,corte_mantenimiento
1785432600.0,2026-07-30T17:30:00,1785434405.971,2026-07-30T18:00:05.971000,1805.970999956131,True,corte_mantenimiento
1785433500.0,2026-07-30T17:45:00,1785434405.971,2026-07-30T18:00:05.971000,905.970999956131,True,corte_mantenimiento
1785434400.0,2026-07-30T18:00:00,1785434405.971,2026-07-30T18:00:05.971000,5.9709999561309814,True,
1785435300.0,2026-07-30T18:15:00,1785435300.155,2026-07-30T18:15:00.155000,0.1549999713897705,True,
1785436200.0,2026-07-30T18:30:00,1785436200.323,2026-07-30T18:30:00.323000,0.3229999542236328,True,
1785437100.0,2026-07-30T18:45:00,1785437100.498,2026-07-30T18:45:00.498000,0.497999906539917,True,
1785438000.0,2026-07-30T19:00:00,1785438000.226,2026-07-30T19:00:00.226000,0.22600007057189941,True,
1785438900.0,2026-07-30T19:15:00,1785438902.843,2026-07-30T19:15:02.843000,2.8429999351501465,True,
1785439800.0,2026-07-30T19:30:00,1785439800.142,2026-07-30T19:30:00.142000,0.1419999599456787,True,
1785440700.0,2026-07-30T19:45:00,1785440700.394,2026-07-30T19:45:00.394000,0.3940000534057617,True,
1785441600.0,2026-07-30T20:00:00,1785441600.122,2026-07-30T20:00:00.122000,0.12199997901916504,True,
1785442500.0,2026-07-30T20:15:00,1785442500.373,2026-07-30T20:15:00.373000,0.372999906539917,True,
1785443400.0,2026-07-30T20:30:00,1785443400.079,2026-07-30T20:30:00.079000,0.07899999618530273,True,
1785444300.0,2026-07-30T20:45:00,1785444300.079,2026-07-30T20:45:00.079000,0.07899999618530273,True,
1785445200.0,2026-07-30T21:00:00,1785445200.143,2026-07-30T21:00:00.143000,0.14299988746643066,True,
1785446100.0,2026-07-30T21:15:00,1785446100.0,2026-07-30T21:15:00,0.0,True,
1785447000.0,2026-07-30T21:30:00,1785447000.326,2026-07-30T21:30:00.326000,0.3259999752044678,True,
1785447900.0,2026-07-30T21:45:00,1785447900.19,2026-07-30T21:45:00.190000,0.19000005722045898,True,
1785448800.0,2026-07-30T22:00:00,1785448800.141,2026-07-30T22:00:00.141000,0.14100003242492676,True,
1785449700.0,2026-07-30T22:15:00,1785449701.139,2026-07-30T22:15:01.139000,1.1389999389648438,True,
1785450600.0,2026-07-30T22:30:00,1785450600.174,2026-07-30T22:30:00.174000,0.17400002479553223,True,
1785451500.0,2026-07-30T22:45:00,1785451500.034,2026-07-30T22:45:00.034000,0.03399991989135742,True,
1785452400.0,2026-07-30T23:00:00,1785452400.13,2026-07-30T23:00:00.130000,0.13000011444091797,True,
1785453300.0,2026-07-30T23:15:00,1785453300.21,2026-07-30T23:15:00.210000,0.21000003814697266,True,
1785454200.0,2026-07-30T23:30:00,1785454200.186,2026-07-30T23:30:00.186000,0.18600010871887207,True,
1785455100.0,2026-07-30T23:45:00,1785455100.183,2026-07-30T23:45:00.183000,0.1830000877380371,True,
1785456000.0,2026-07-31T00:00:00,1785456000.217,2026-07-31T00:00:00.217000,0.21700000762939453,True,
1785456900.0,2026-07-31T00:15:00,1785456900.005,2026-07-31T00:15:00.005000,0.005000114440917969,True,
1785457800.0,2026-07-31T00:30:00,1785457800.036,2026-07-31T00:30:00.036000,0.03600001335144043,True,
1785458700.0,2026-07-31T00:45:00,1785458700.579,2026-07-31T00:45:00.579000,0.5789999961853027,True,
1785459600.0,2026-07-31T01:00:00,1785459600.203,2026-07-31T01:00:00.203000,0.20300006866455078,True,
1785460500.0,2026-07-31T01:15:00,1785460500.281,2026-07-31T01:15:00.281000,0.28099989891052246,True,
1785461400.0,2026-07-31T01:30:00,1785461400.206,2026-07-31T01:30:00.206000,0.20600008964538574,True,
1785462300.0,2026-07-31T01:45:00,1785462301.019,2026-07-31T01:45:01.019000,1.0190000534057617,True,
1785463200.0,2026-07-31T02:00:00,1785463200.046,2026-07-31T02:00:00.046000,0.046000003814697266,True,
1785464100.0,2026-07-31T02:15:00,1785464100.155,2026-07-31T02:15:00.155000,0.1549999713897705,True,
1785465000.0,2026-07-31T02:30:00,1785465000.056,2026-07-31T02:30:00.056000,0.0559999942779541,True,
1785465900.0,2026-07-31T02:45:00,1785465900.03,2026-07-31T02:45:00.030000,0.029999971389770508,True,
1785466800.0,2026-07-31T03:00:00,1785466800.162,2026-07-31T03:00:00.162000,0.16199994087219238,True,
1785467700.0,2026-07-31T03:15:00,1785467700.202,2026-07-31T03:15:00.202000,0.20199990272521973,True,
1785468600.0,2026-07-31T03:30:00,1785468600.112,2026-07-31T03:30:00.112000,0.1119999885559082,True,
1785469500.0,2026-07-31T03:45:00,1785469500.193,2026-07-31T03:45:00.193000,0.19300007820129395,True,
1785470400.0,2026-07-31T04:00:00,1785470400.144,2026-07-31T04:00:00.144000,0.14400005340576172,True,
1785471300.0,2026-07-31T04:15:00,1785471300.162,2026-07-31T04:15:00.162000,0.16199994087219238,True,
1785472200.0,2026-07-31T04:30:00,1785472200.117,2026-07-31T04:30:00.117000,0.11700010299682617,True,
1785473100.0,2026-07-31T04:45:00,1785473100.015,2026-07-31T04:45:00.015000,0.015000104904174805,True,
1785474000.0,2026-07-31T05:00:00,1785474000.135,2026-07-31T05:00:00.135000,0.13499999046325684,True,
1785474900.0,2026-07-31T05:15:00,1785474900.152,2026-07-31T05:15:00.152000,0.15199995040893555,True,
1785475800.0,2026-07-31T05:30:00,1785475800.007,2026-07-31T05:30:00.007000,0.006999969482421875,True,
1785476700.0,2026-07-31T05:45:00,1785476700.25,2026-07-31T05:45:00.250000,0.25,True,
1785477600.0,2026-07-31T06:00:00,1785477600.141,2026-07-31T06:00:00.141000,0.14100003242492676,True,
1785478500.0,2026-07-31T06:15:00,1785478500.183,2026-07-31T06:15:00.183000,0.1830000877380371,True,
1785479400.0,2026-07-31T06:30:00,1785479400.179,2026-07-31T06:30:00.179000,0.1789999008178711,True,
1785480300.0,2026-07-31T06:45:00,1785480300.235,2026-07-31T06:45:00.235000,0.2349998950958252,True,
1785481200.0,2026-07-31T07:00:00,1785481200.155,2026-07-31T07:00:00.155000,0.1549999713897705,True,
1785482100.0,2026-07-31T07:15:00,1785482100.177,2026-07-31T07:15:00.177000,0.1770000457763672,True,
1785483000.0,2026-07-31T07:30:00,1785483000.226,2026-07-31T07:30:00.226000,0.22600007057189941,True,
1785483900.0,2026-07-31T07:45:00,1785483900.914,2026-07-31T07:45:00.914000,0.9140000343322754,True,
1785484800.0,2026-07-31T08:00:00,1785484800.118,2026-07-31T08:00:00.118000,0.11800003051757812,True,
1785485700.0,2026-07-31T08:15:00,1785485700.177,2026-07-31T08:15:00.177000,0.1770000457763672,True,
1785486600.0,2026-07-31T08:30:00,1785486600.087,2026-07-31T08:30:00.087000,0.08699989318847656,True,
1785487500.0,2026-07-31T08:45:00,1785487500.181,2026-07-31T08:45:00.181000,0.1809999942779541,True,
1785488400.0,2026-07-31T09:00:00,1785488400.166,2026-07-31T09:00:00.166000,0.1659998893737793,True,
1785489300.0,2026-07-31T09:15:00,1785489300.076,2026-07-31T09:15:00.076000,0.07599997520446777,True,
1785490200.0,2026-07-31T09:30:00,1785490200.15,2026-07-31T09:30:00.150000,0.15000009536743164,True,
1785491100.0,2026-07-31T09:45:00,1785491100.02,2026-07-31T09:45:00.020000,0.019999980926513672,True,
1785492000.0,2026-07-31T10:00:00,1785492000.072,2026-07-31T10:00:00.072000,0.07200002670288086,True,
1785492900.0,2026-07-31T10:15:00,1785492900.061,2026-07-31T10:15:00.061000,0.06100010871887207,True,
1785493800.0,2026-07-31T10:30:00,1785493800.016,2026-07-31T10:30:00.016000,0.016000032424926758,True,
1785494700.0,2026-07-31T10:45:00,1785494700.194,2026-07-31T10:45:00.194000,0.1940000057220459,True,
1785495600.0,2026-07-31T11:00:00,1785495600.165,2026-07-31T11:00:00.165000,0.16499996185302734,True,
1785496500.0,2026-07-31T11:15:00,1785496500.002,2026-07-31T11:15:00.002000,0.002000093460083008,True,
1785497400.0,2026-07-31T11:30:00,1785497400.068,2026-07-31T11:30:00.068000,0.06800007820129395,True,
1785498300.0,2026-07-31T11:45:00,1785498300.167,2026-07-31T11:45:00.167000,0.16700005531311035,True,
1785499200.0,2026-07-31T12:00:00,1785499200.141,2026-07-31T12:00:00.141000,0.14100003242492676,True,
1785500100.0,2026-07-31T12:15:00,1785500100.035,2026-07-31T12:15:00.035000,0.03500008583068848,True,
1785501000.0,2026-07-31T12:30:00,1785501000.142,2026-07-31T12:30:00.142000,0.1419999599456787,True,
1785501900.0,2026-07-31T12:45:00,1785501900.13,2026-07-31T12:45:00.130000,0.13000011444091797,True,
1785502800.0,2026-07-31T13:00:00,1785502800.011,2026-07-31T13:00:00.011000,0.010999917984008789,True,
1785503700.0,2026-07-31T13:15:00,1785503700.005,2026-07-31T13:15:00.005000,0.005000114440917969,True,
1785504600.0,2026-07-31T13:30:00,1785504600.102,2026-07-31T13:30:00.102000,0.10199999809265137,True,
1785505500.0,2026-07-31T13:45:00,1785505500.266,2026-07-31T13:45:00.266000,0.26600003242492676,True,
1785506400.0,2026-07-31T14:00:00,1785506400.009,2026-07-31T14:00:00.009000,0.009000062942504883,True,
1785507300.0,2026-07-31T14:15:00,1785507300.112,2026-07-31T14:15:00.112000,0.1119999885559082,True,
1785508200.0,2026-07-31T14:30:00,1785508200.227,2026-07-31T14:30:00.227000,0.22699999809265137,True,
1785509100.0,2026-07-31T14:45:00,1785509100.52,2026-07-31T14:45:00.520000,0.5199999809265137,True,
1785510000.0,2026-07-31T15:00:00,1785510000.159,2026-07-31T15:00:00.159000,0.15899991989135742,True,
1785510900.0,2026-07-31T15:15:00,1785510900.178,2026-07-31T15:15:00.178000,0.17799997329711914,True,
1785511800.0,2026-07-31T15:30:00,1785511800.198,2026-07-31T15:30:00.198000,0.1979999542236328,True,
1785512700.0,2026-07-31T15:45:00,1785512700.157,2026-07-31T15:45:00.157000,0.15700006484985352,True,
1785513600.0,2026-07-31T16:00:00,1785513600.047,2026-07-31T16:00:00.047000,0.04699993133544922,True,
1785514500.0,2026-07-31T16:15:00,1785514500.014,2026-07-31T16:15:00.014000,0.01399993896484375,True,
1785515400.0,2026-07-31T16:30:00,1785515400.115,2026-07-31T16:30:00.115000,0.11500000953674316,True,
1785516300.0,2026-07-31T16:45:00,1785516300.117,2026-07-31T16:45:00.117000,0.11700010299682617,True,
1785517200.0,2026-07-31T17:00:00,1785693605.896,2026-08-02T18:00:05.896000,176405.89599990845,True,corte_mantenimiento
1785518100.0,2026-07-31T17:15:00,1785693605.896,2026-08-02T18:00:05.896000,175505.89599990845,True,corte_mantenimiento
1785519000.0,2026-07-31T17:30:00,1785693605.896,2026-08-02T18:00:05.896000,174605.89599990845,True,corte_mantenimiento
1785519900.0,2026-07-31T17:45:00,1785693605.896,2026-08-02T18:00:05.896000,173705.89599990845,True,corte_mantenimiento
1785520800.0,2026-07-31T18:00:00,1785693605.896,2026-08-02T18:00:05.896000,172805.89599990845,True,corte_mantenimiento
1785521700.0,2026-07-31T18:15:00,1785693605.896,2026-08-02T18:00:05.896000,171905.89599990845,True,corte_mantenimiento
1785522600.0,2026-07-31T18:30:00,1785693605.896,2026-08-02T18:00:05.896000,171005.89599990845,True,corte_mantenimiento
1785523500.0,2026-07-31T18:45:00,1785693605.896,2026-08-02T18:00:05.896000,170105.89599990845,True,corte_mantenimiento
1785524400.0,2026-07-31T19:00:00,1785693605.896,2026-08-02T18:00:05.896000,169205.89599990845,True,fin_de_semana
1785525300.0,2026-07-31T19:15:00,1785693605.896,2026-08-02T18:00:05.896000,168305.89599990845,True,fin_de_semana
1785526200.0,2026-07-31T19:30:00,1785693605.896,2026-08-02T18:00:05.896000,167405.89599990845,True,fin_de_semana
1785527100.0,2026-07-31T19:45:00,1785693605.896,2026-08-02T18:00:05.896000,166505.89599990845,True,fin_de_semana
1785528000.0,2026-07-31T20:00:00,1785693605.896,2026-08-02T18:00:05.896000,165605.89599990845,True,fin_de_semana
1785528900.0,2026-07-31T20:15:00,1785693605.896,2026-08-02T18:00:05.896000,164705.89599990845,True,fin_de_semana
1785529800.0,2026-07-31T20:30:00,1785693605.896,2026-08-02T18:00:05.896000,163805.89599990845,True,fin_de_semana
1785530700.0,2026-07-31T20:45:00,1785693605.896,2026-08-02T18:00:05.896000,162905.89599990845,True,fin_de_semana
1785531600.0,2026-07-31T21:00:00,1785693605.896,2026-08-02T18:00:05.896000,162005.89599990845,True,fin_de_semana
1785532500.0,2026-07-31T21:15:00,1785693605.896,2026-08-02T18:00:05.896000,161105.89599990845,True,fin_de_semana
1785533400.0,2026-07-31T21:30:00,1785693605.896,2026-08-02T18:00:05.896000,160205.89599990845,True,fin_de_semana
1785534300.0,2026-07-31T21:45:00,1785693605.896,2026-08-02T18:00:05.896000,159305.89599990845,True,fin_de_semana
1785535200.0,2026-07-31T22:00:00,1785693605.896,2026-08-02T18:00:05.896000,158405.89599990845,True,fin_de_semana
1785536100.0,2026-07-31T22:15:00,1785693605.896,2026-08-02T18:00:05.896000,157505.89599990845,True,fin_de_semana
1785537000.0,2026-07-31T22:30:00,1785693605.896,2026-08-02T18:00:05.896000,156605.89599990845,True,fin_de_semana
1785537900.0,2026-07-31T22:45:00,1785693605.896,2026-08-02T18:00:05.896000,155705.89599990845,True,fin_de_semana
1785538800.0,2026-07-31T23:00:00,1785693605.896,2026-08-02T18:00:05.896000,154805.89599990845,True,fin_de_semana
1785539700.0,2026-07-31T23:15:00,1785693605.896,2026-08-02T18:00:05.896000,153905.89599990845,True,fin_de_semana
1785540600.0,2026-07-31T23:30:00,1785693605.896,2026-08-02T18:00:05.896000,153005.89599990845,True,fin_de_semana
1785541500.0,2026-07-31T23:45:00,1785693605.896,2026-08-02T18:00:05.896000,152105.89599990845,True,fin_de_semana
1785542400.0,2026-08-01T00:00:00,1785693605.896,2026-08-02T18:00:05.896000,151205.89599990845,True,fin_de_semana
1785543300.0,2026-08-01T00:15:00,1785693605.896,2026-08-02T18:00:05.896000,150305.89599990845,True,fin_de_semana
1785544200.0,2026-08-01T00:30:00,1785693605.896,2026-08-02T18:00:05.896000,149405.89599990845,True,fin_de_semana
1785545100.0,2026-08-01T00:45:00,1785693605.896,2026-08-02T18:00:05.896000,148505.89599990845,True,fin_de_semana
1785546000.0,2026-08-01T01:00:00,1785693605.896,2026-08-02T18:00:05.896000,147605.89599990845,True,fin_de_semana
1785546900.0,2026-08-01T01:15:00,1785693605.896,2026-08-02T18:00:05.896000,146705.89599990845,True,fin_de_semana
1785547800.0,2026-08-01T01:30:00,1785693605.896,2026-08-02T18:00:05.896000,145805.89599990845,True,fin_de_semana
1785548700.0,2026-08-01T01:45:00,1785693605.896,2026-08-02T18:00:05.896000,144905.89599990845,True,fin_de_semana
1785549600.0,2026-08-01T02:00:00,1785693605.896,2026-08-02T18:00:05.896000,144005.89599990845,True,fin_de_semana
1785550500.0,2026-08-01T02:15:00,1785693605.896,2026-08-02T18:00:05.896000,143105.89599990845,True,fin_de_semana
1785551400.0,2026-08-01T02:30:00,1785693605.896,2026-08-02T18:00:05.896000,142205.89599990845,True,fin_de_semana
1785552300.0,2026-08-01T02:45:00,1785693605.896,2026-08-02T18:00:05.896000,141305.89599990845,True,fin_de_semana
1785553200.0,2026-08-01T03:00:00,1785693605.896,2026-08-02T18:00:05.896000,140405.89599990845,True,fin_de_semana
1785554100.0,2026-08-01T03:15:00,1785693605.896,2026-08-02T18:00:05.896000,139505.89599990845,True,fin_de_semana
1785555000.0,2026-08-01T03:30:00,1785693605.896,2026-08-02T18:00:05.896000,138605.89599990845,True,fin_de_semana
1785555900.0,2026-08-01T03:45:00,1785693605.896,2026-08-02T18:00:05.896000,137705.89599990845,True,fin_de_semana
1785556800.0,2026-08-01T04:00:00,1785693605.896,2026-08-02T18:00:05.896000,136805.89599990845,True,fin_de_semana
1785557700.0,2026-08-01T04:15:00,1785693605.896,2026-08-02T18:00:05.896000,135905.89599990845,True,fin_de_semana
1785558600.0,2026-08-01T04:30:00,1785693605.896,2026-08-02T18:00:05.896000,135005.89599990845,True,fin_de_semana
1785559500.0,2026-08-01T04:45:00,1785693605.896,2026-08-02T18:00:05.896000,134105.89599990845,True,fin_de_semana
1785560400.0,2026-08-01T05:00:00,1785693605.896,2026-08-02T18:00:05.896000,133205.89599990845,True,fin_de_semana
1785561300.0,2026-08-01T05:15:00,1785693605.896,2026-08-02T18:00:05.896000,132305.89599990845,True,fin_de_semana
1785562200.0,2026-08-01T05:30:00,1785693605.896,2026-08-02T18:00:05.896000,131405.89599990845,True,fin_de_semana
1785563100.0,2026-08-01T05:45:00,1785693605.896,2026-08-02T18:00:05.896000,130505.89599990845,True,fin_de_semana
1785564000.0,2026-08-01T06:00:00,1785693605.896,2026-08-02T18:00:05.896000,129605.89599990845,True,fin_de_semana
1785564900.0,2026-08-01T06:15:00,1785693605.896,2026-08-02T18:00:05.896000,128705.89599990845,True,fin_de_semana
1785565800.0,2026-08-01T06:30:00,1785693605.896,2026-08-02T18:00:05.896000,127805.89599990845,True,fin_de_semana
1785566700.0,2026-08-01T06:45:00,1785693605.896,2026-08-02T18:00:05.896000,126905.89599990845,True,fin_de_semana
1785567600.0,2026-08-01T07:00:00,1785693605.896,2026-08-02T18:00:05.896000,126005.89599990845,True,fin_de_semana
1785568500.0,2026-08-01T07:15:00,1785693605.896,2026-08-02T18:00:05.896000,125105.89599990845,True,fin_de_semana
1785569400.0,2026-08-01T07:30:00,1785693605.896,2026-08-02T18:00:05.896000,124205.89599990845,True,fin_de_semana
1785570300.0,2026-08-01T07:45:00,1785693605.896,2026-08-02T18:00:05.896000,123305.89599990845,True,fin_de_semana
1785571200.0,2026-08-01T08:00:00,1785693605.896,2026-08-02T18:00:05.896000,122405.89599990845,True,fin_de_semana
1785572100.0,2026-08-01T08:15:00,1785693605.896,2026-08-02T18:00:05.896000,121505.89599990845,True,fin_de_semana
1785573000.0,2026-08-01T08:30:00,1785693605.896,2026-08-02T18:00:05.896000,120605.89599990845,True,fin_de_semana
1785573900.0,2026-08-01T08:45:00,1785693605.896,2026-08-02T18:00:05.896000,119705.89599990845,True,fin_de_semana
1785574800.0,2026-08-01T09:00:00,1785693605.896,2026-08-02T18:00:05.896000,118805.89599990845,True,fin_de_semana
1785575700.0,2026-08-01T09:15:00,1785693605.896,2026-08-02T18:00:05.896000,117905.89599990845,True,fin_de_semana
1785576600.0,2026-08-01T09:30:00,1785693605.896,2026-08-02T18:00:05.896000,117005.89599990845,True,fin_de_semana
1785577500.0,2026-08-01T09:45:00,1785693605.896,2026-08-02T18:00:05.896000,116105.89599990845,True,fin_de_semana
1785578400.0,2026-08-01T10:00:00,1785693605.896,2026-08-02T18:00:05.896000,115205.89599990845,True,fin_de_semana
1785579300.0,2026-08-01T10:15:00,1785693605.896,2026-08-02T18:00:05.896000,114305.89599990845,True,fin_de_semana
1785580200.0,2026-08-01T10:30:00,1785693605.896,2026-08-02T18:00:05.896000,113405.89599990845,True,fin_de_semana
1785581100.0,2026-08-01T10:45:00,1785693605.896,2026-08-02T18:00:05.896000,112505.89599990845,True,fin_de_semana
1785582000.0,2026-08-01T11:00:00,1785693605.896,2026-08-02T18:00:05.896000,111605.89599990845,True,fin_de_semana
1785582900.0,2026-08-01T11:15:00,1785693605.896,2026-08-02T18:00:05.896000,110705.89599990845,True,fin_de_semana
1785583800.0,2026-08-01T11:30:00,1785693605.896,2026-08-02T18:00:05.896000,109805.89599990845,True,fin_de_semana
1785584700.0,2026-08-01T11:45:00,1785693605.896,2026-08-02T18:00:05.896000,108905.89599990845,True,fin_de_semana
1785585600.0,2026-08-01T12:00:00,1785693605.896,2026-08-02T18:00:05.896000,108005.89599990845,True,fin_de_semana
1785586500.0,2026-08-01T12:15:00,1785693605.896,2026-08-02T18:00:05.896000,107105.89599990845,True,fin_de_semana
1785587400.0,2026-08-01T12:30:00,1785693605.896,2026-08-02T18:00:05.896000,106205.89599990845,True,fin_de_semana
1785588300.0,2026-08-01T12:45:00,1785693605.896,2026-08-02T18:00:05.896000,105305.89599990845,True,fin_de_semana
1785589200.0,2026-08-01T13:00:00,1785693605.896,2026-08-02T18:00:05.896000,104405.89599990845,True,fin_de_semana
1785590100.0,2026-08-01T13:15:00,1785693605.896,2026-08-02T18:00:05.896000,103505.89599990845,True,fin_de_semana
1785591000.0,2026-08-01T13:30:00,1785693605.896,2026-08-02T18:00:05.896000,102605.89599990845,True,fin_de_semana
1785591900.0,2026-08-01T13:45:00,1785693605.896,2026-08-02T18:00:05.896000,101705.89599990845,True,fin_de_semana
1785592800.0,2026-08-01T14:00:00,1785693605.896,2026-08-02T18:00:05.896000,100805.89599990845,True,fin_de_semana
1785593700.0,2026-08-01T14:15:00,1785693605.896,2026-08-02T18:00:05.896000,99905.89599990845,True,fin_de_semana
1785594600.0,2026-08-01T14:30:00,1785693605.896,2026-08-02T18:00:05.896000,99005.89599990845,True,fin_de_semana
1785595500.0,2026-08-01T14:45:00,1785693605.896,2026-08-02T18:00:05.896000,98105.89599990845,True,fin_de_semana
1785596400.0,2026-08-01T15:00:00,1785693605.896,2026-08-02T18:00:05.896000,97205.89599990845,True,fin_de_semana
1785597300.0,2026-08-01T15:15:00,1785693605.896,2026-08-02T18:00:05.896000,96305.89599990845,True,fin_de_semana
1785598200.0,2026-08-01T15:30:00,1785693605.896,2026-08-02T18:00:05.896000,95405.89599990845,True,fin_de_semana
1785599100.0,2026-08-01T15:45:00,1785693605.896,2026-08-02T18:00:05.896000,94505.89599990845,True,fin_de_semana
1785600000.0,2026-08-01T16:00:00,1785693605.896,2026-08-02T18:00:05.896000,93605.89599990845,True,fin_de_semana
1785600900.0,2026-08-01T16:15:00,1785693605.896,2026-08-02T18:00:05.896000,92705.89599990845,True,fin_de_semana
1785601800.0,2026-08-01T16:30:00,1785693605.896,2026-08-02T18:00:05.896000,91805.89599990845,True,fin_de_semana
1785602700.0,2026-08-01T16:45:00,1785693605.896,2026-08-02T18:00:05.896000,90905.89599990845,True,fin_de_semana
1785603600.0,2026-08-01T17:00:00,1785693605.896,2026-08-02T18:00:05.896000,90005.89599990845,True,fin_de_semana
1785604500.0,2026-08-01T17:15:00,1785693605.896,2026-08-02T18:00:05.896000,89105.89599990845,True,fin_de_semana
1785605400.0,2026-08-01T17:30:00,1785693605.896,2026-08-02T18:00:05.896000,88205.89599990845,True,fin_de_semana
1785606300.0,2026-08-01T17:45:00,1785693605.896,2026-08-02T18:00:05.896000,87305.89599990845,True,fin_de_semana
1785607200.0,2026-08-01T18:00:00,1785693605.896,2026-08-02T18:00:05.896000,86405.89599990845,True,fin_de_semana
1785608100.0,2026-08-01T18:15:00,1785693605.896,2026-08-02T18:00:05.896000,85505.89599990845,True,fin_de_semana
1785609000.0,2026-08-01T18:30:00,1785693605.896,2026-08-02T18:00:05.896000,84605.89599990845,True,fin_de_semana
1785609900.0,2026-08-01T18:45:00,1785693605.896,2026-08-02T18:00:05.896000,83705.89599990845,True,fin_de_semana
1785610800.0,2026-08-01T19:00:00,1785693605.896,2026-08-02T18:00:05.896000,82805.89599990845,True,fin_de_semana
1785611700.0,2026-08-01T19:15:00,1785693605.896,2026-08-02T18:00:05.896000,81905.89599990845,True,fin_de_semana
1785612600.0,2026-08-01T19:30:00,1785693605.896,2026-08-02T18:00:05.896000,81005.89599990845,True,fin_de_semana
1785613500.0,2026-08-01T19:45:00,1785693605.896,2026-08-02T18:00:05.896000,80105.89599990845,True,fin_de_semana
1785614400.0,2026-08-01T20:00:00,1785693605.896,2026-08-02T18:00:05.896000,79205.89599990845,True,fin_de_semana
1785615300.0,2026-08-01T20:15:00,1785693605.896,2026-08-02T18:00:05.896000,78305.89599990845,True,fin_de_semana
1785616200.0,2026-08-01T20:30:00,1785693605.896,2026-08-02T18:00:05.896000,77405.89599990845,True,fin_de_semana
1785617100.0,2026-08-01T20:45:00,1785693605.896,2026-08-02T18:00:05.896000,76505.89599990845,True,fin_de_semana
1785618000.0,2026-08-01T21:00:00,1785693605.896,2026-08-02T18:00:05.896000,75605.89599990845,True,fin_de_semana
1785618900.0,2026-08-01T21:15:00,1785693605.896,2026-08-02T18:00:05.896000,74705.89599990845,True,fin_de_semana
1785619800.0,2026-08-01T21:30:00,1785693605.896,2026-08-02T18:00:05.896000,73805.89599990845,True,fin_de_semana
1785620700.0,2026-08-01T21:45:00,1785693605.896,2026-08-02T18:00:05.896000,72905.89599990845,True,fin_de_semana
1785621600.0,2026-08-01T22:00:00,1785693605.896,2026-08-02T18:00:05.896000,72005.89599990845,True,fin_de_semana
1785622500.0,2026-08-01T22:15:00,1785693605.896,2026-08-02T18:00:05.896000,71105.89599990845,True,fin_de_semana
1785623400.0,2026-08-01T22:30:00,1785693605.896,2026-08-02T18:00:05.896000,70205.89599990845,True,fin_de_semana
1785624300.0,2026-08-01T22:45:00,1785693605.896,2026-08-02T18:00:05.896000,69305.89599990845,True,fin_de_semana
1785625200.0,2026-08-01T23:00:00,1785693605.896,2026-08-02T18:00:05.896000,68405.89599990845,True,fin_de_semana
1785626100.0,2026-08-01T23:15:00,1785693605.896,2026-08-02T18:00:05.896000,67505.89599990845,True,fin_de_semana
1785627000.0,2026-08-01T23:30:00,1785693605.896,2026-08-02T18:00:05.896000,66605.89599990845,True,fin_de_semana
1785627900.0,2026-08-01T23:45:00,1785693605.896,2026-08-02T18:00:05.896000,65705.89599990845,True,fin_de_semana
1785628800.0,2026-08-02T00:00:00,1785693605.896,2026-08-02T18:00:05.896000,64805.89599990845,True,fin_de_semana
1785629700.0,2026-08-02T00:15:00,1785693605.896,2026-08-02T18:00:05.896000,63905.89599990845,True,fin_de_semana
1785630600.0,2026-08-02T00:30:00,1785693605.896,2026-08-02T18:00:05.896000,63005.89599990845,True,fin_de_semana
1785631500.0,2026-08-02T00:45:00,1785693605.896,2026-08-02T18:00:05.896000,62105.89599990845,True,fin_de_semana
1785632400.0,2026-08-02T01:00:00,1785693605.896,2026-08-02T18:00:05.896000,61205.89599990845,True,fin_de_semana
1785633300.0,2026-08-02T01:15:00,1785693605.896,2026-08-02T18:00:05.896000,60305.89599990845,True,fin_de_semana
1785634200.0,2026-08-02T01:30:00,1785693605.896,2026-08-02T18:00:05.896000,59405.89599990845,True,fin_de_semana
1785635100.0,2026-08-02T01:45:00,1785693605.896,2026-08-02T18:00:05.896000,58505.89599990845,True,fin_de_semana
1785636000.0,2026-08-02T02:00:00,1785693605.896,2026-08-02T18:00:05.896000,57605.89599990845,True,fin_de_semana
1785636900.0,2026-08-02T02:15:00,1785693605.896,2026-08-02T18:00:05.896000,56705.89599990845,True,fin_de_semana
1785637800.0,2026-08-02T02:30:00,1785693605.896,2026-08-02T18:00:05.896000,55805.89599990845,True,fin_de_semana
1785638700.0,2026-08-02T02:45:00,1785693605.896,2026-08-02T18:00:05.896000,54905.89599990845,True,fin_de_semana
1785639600.0,2026-08-02T03:00:00,1785693605.896,2026-08-02T18:00:05.896000,54005.89599990845,True,fin_de_semana
1785640500.0,2026-08-02T03:15:00,1785693605.896,2026-08-02T18:00:05.896000,53105.89599990845,True,fin_de_semana
1785641400.0,2026-08-02T03:30:00,1785693605.896,2026-08-02T18:00:05.896000,52205.89599990845,True,fin_de_semana
1785642300.0,2026-08-02T03:45:00,1785693605.896,2026-08-02T18:00:05.896000,51305.89599990845,True,fin_de_semana
1785643200.0,2026-08-02T04:00:00,1785693605.896,2026-08-02T18:00:05.896000,50405.89599990845,True,fin_de_semana
1785644100.0,2026-08-02T04:15:00,1785693605.896,2026-08-02T18:00:05.896000,49505.89599990845,True,fin_de_semana
1785645000.0,2026-08-02T04:30:00,1785693605.896,2026-08-02T18:00:05.896000,48605.89599990845,True,fin_de_semana
1785645900.0,2026-08-02T04:45:00,1785693605.896,2026-08-02T18:00:05.896000,47705.89599990845,True,fin_de_semana
1785646800.0,2026-08-02T05:00:00,1785693605.896,2026-08-02T18:00:05.896000,46805.89599990845,True,fin_de_semana
1785647700.0,2026-08-02T05:15:00,1785693605.896,2026-08-02T18:00:05.896000,45905.89599990845,True,fin_de_semana
1785648600.0,2026-08-02T05:30:00,1785693605.896,2026-08-02T18:00:05.896000,45005.89599990845,True,fin_de_semana
1785649500.0,2026-08-02T05:45:00,1785693605.896,2026-08-02T18:00:05.896000,44105.89599990845,True,fin_de_semana
1785650400.0,2026-08-02T06:00:00,1785693605.896,2026-08-02T18:00:05.896000,43205.89599990845,True,fin_de_semana
1785651300.0,2026-08-02T06:15:00,1785693605.896,2026-08-02T18:00:05.896000,42305.89599990845,True,fin_de_semana
1785652200.0,2026-08-02T06:30:00,1785693605.896,2026-08-02T18:00:05.896000,41405.89599990845,True,fin_de_semana
1785653100.0,2026-08-02T06:45:00,1785693605.896,2026-08-02T18:00:05.896000,40505.89599990845,True,fin_de_semana
1785654000.0,2026-08-02T07:00:00,1785693605.896,2026-08-02T18:00:05.896000,39605.89599990845,True,fin_de_semana
1785654900.0,2026-08-02T07:15:00,1785693605.896,2026-08-02T18:00:05.896000,38705.89599990845,True,fin_de_semana
1785655800.0,2026-08-02T07:30:00,1785693605.896,2026-08-02T18:00:05.896000,37805.89599990845,True,fin_de_semana
1785656700.0,2026-08-02T07:45:00,1785693605.896,2026-08-02T18:00:05.896000,36905.89599990845,True,fin_de_semana
1785657600.0,2026-08-02T08:00:00,1785693605.896,2026-08-02T18:00:05.896000,36005.89599990845,True,fin_de_semana
1785658500.0,2026-08-02T08:15:00,1785693605.896,2026-08-02T18:00:05.896000,35105.89599990845,True,fin_de_semana
1785659400.0,2026-08-02T08:30:00,1785693605.896,2026-08-02T18:00:05.896000,34205.89599990845,True,fin_de_semana
1785660300.0,2026-08-02T08:45:00,1785693605.896,2026-08-02T18:00:05.896000,33305.89599990845,True,fin_de_semana
1785661200.0,2026-08-02T09:00:00,1785693605.896,2026-08-02T18:00:05.896000,32405.895999908447,True,fin_de_semana
1785662100.0,2026-08-02T09:15:00,1785693605.896,2026-08-02T18:00:05.896000,31505.895999908447,True,fin_de_semana
1785663000.0,2026-08-02T09:30:00,1785693605.896,2026-08-02T18:00:05.896000,30605.895999908447,True,fin_de_semana
1785663900.0,2026-08-02T09:45:00,1785693605.896,2026-08-02T18:00:05.896000,29705.895999908447,True,fin_de_semana
1785664800.0,2026-08-02T10:00:00,1785693605.896,2026-08-02T18:00:05.896000,28805.895999908447,True,fin_de_semana
1785665700.0,2026-08-02T10:15:00,1785693605.896,2026-08-02T18:00:05.896000,27905.895999908447,True,fin_de_semana
1785666600.0,2026-08-02T10:30:00,1785693605.896,2026-08-02T18:00:05.896000,27005.895999908447,True,fin_de_semana
1785667500.0,2026-08-02T10:45:00,1785693605.896,2026-08-02T18:00:05.896000,26105.895999908447,True,fin_de_semana
1785668400.0,2026-08-02T11:00:00,1785693605.896,2026-08-02T18:00:05.896000,25205.895999908447,True,fin_de_semana
1785669300.0,2026-08-02T11:15:00,1785693605.896,2026-08-02T18:00:05.896000,24305.895999908447,True,fin_de_semana
1785670200.0,2026-08-02T11:30:00,1785693605.896,2026-08-02T18:00:05.896000,23405.895999908447,True,fin_de_semana
1785671100.0,2026-08-02T11:45:00,1785693605.896,2026-08-02T18:00:05.896000,22505.895999908447,True,fin_de_semana
1785672000.0,2026-08-02T12:00:00,1785693605.896,2026-08-02T18:00:05.896000,21605.895999908447,True,fin_de_semana
1785672900.0,2026-08-02T12:15:00,1785693605.896,2026-08-02T18:00:05.896000,20705.895999908447,True,fin_de_semana
1785673800.0,2026-08-02T12:30:00,1785693605.896,2026-08-02T18:00:05.896000,19805.895999908447,True,fin_de_semana
1785674700.0,2026-08-02T12:45:00,1785693605.896,2026-08-02T18:00:05.896000,18905.895999908447,True,fin_de_semana
1785675600.0,2026-08-02T13:00:00,1785693605.896,2026-08-02T18:00:05.896000,18005.895999908447,True,fin_de_semana
1785676500.0,2026-08-02T13:15:00,1785693605.896,2026-08-02T18:00:05.896000,17105.895999908447,True,fin_de_semana
1785677400.0,2026-08-02T13:30:00,1785693605.896,2026-08-02T18:00:05.896000,16205.895999908447,True,fin_de_semana
1785678300.0,2026-08-02T13:45:00,1785693605.896,2026-08-02T18:00:05.896000,15305.895999908447,True,fin_de_semana
1785679200.0,2026-08-02T14:00:00,1785693605.896,2026-08-02T18:00:05.896000,14405.895999908447,True,fin_de_semana
1785680100.0,2026-08-02T14:15:00,1785693605.896,2026-08-02T18:00:05.896000,13505.895999908447,True,fin_de_semana
1785681000.0,2026-08-02T14:30:00,1785693605.896,2026-08-02T18:00:05.896000,12605.895999908447,True,fin_de_semana
1785681900.0,2026-08-02T14:45:00,1785693605.896,2026-08-02T18:00:05.896000,11705.895999908447,True,fin_de_semana
1785682800.0,2026-08-02T15:00:00,1785693605.896,2026-08-02T18:00:05.896000,10805.895999908447,True,fin_de_semana
1785683700.0,2026-08-02T15:15:00,1785693605.896,2026-08-02T18:00:05.896000,9905.895999908447,True,fin_de_semana
1785684600.0,2026-08-02T15:30:00,1785693605.896,2026-08-02T18:00:05.896000,9005.895999908447,True,fin_de_semana
1785685500.0,2026-08-02T15:45:00,1785693605.896,2026-08-02T18:00:05.896000,8105.895999908447,True,fin_de_semana
1785686400.0,2026-08-02T16:00:00,1785693605.896,2026-08-02T18:00:05.896000,7205.895999908447,True,fin_de_semana
1785687300.0,2026-08-02T16:15:00,1785693605.896,2026-08-02T18:00:05.896000,6305.895999908447,True,fin_de_semana
1785688200.0,2026-08-02T16:30:00,1785693605.896,2026-08-02T18:00:05.896000,5405.895999908447,True,fin_de_semana
1785689100.0,2026-08-02T16:45:00,1785693605.896,2026-08-02T18:00:05.896000,4505.895999908447,True,fin_de_semana
1785690000.0,2026-08-02T17:00:00,1785693605.896,2026-08-02T18:00:05.896000,3605.8959999084473,True,fin_de_semana
1785690900.0,2026-08-02T17:15:00,1785693605.896,2026-08-02T18:00:05.896000,2705.8959999084473,True,fin_de_semana
1785691800.0,2026-08-02T17:30:00,1785693605.896,2026-08-02T18:00:05.896000,1805.8959999084473,True,fin_de_semana
1785692700.0,2026-08-02T17:45:00,1785693605.896,2026-08-02T18:00:05.896000,905.8959999084473,True,fin_de_semana
1785693600.0,2026-08-02T18:00:00,1785693605.896,2026-08-02T18:00:05.896000,5.895999908447266,True,
1785694500.0,2026-08-02T18:15:00,1785694500.18,2026-08-02T18:15:00.180000,0.18000006675720215,True,
1785695400.0,2026-08-02T18:30:00,1785695400.474,2026-08-02T18:30:00.474000,0.4739999771118164,True,
1785696300.0,2026-08-02T18:45:00,1785696300.139,2026-08-02T18:45:00.139000,0.13899993896484375,True,
1785697200.0,2026-08-02T19:00:00,1785697200.177,2026-08-02T19:00:00.177000,0.1770000457763672,True,
1785698100.0,2026-08-02T19:15:00,1785698100.134,2026-08-02T19:15:00.134000,0.13400006294250488,True,
1785699000.0,2026-08-02T19:30:00,1785699000.407,2026-08-02T19:30:00.407000,0.4070000648498535,True,
1785699900.0,2026-08-02T19:45:00,1785699900.086,2026-08-02T19:45:00.086000,0.08599996566772461,True,
1785700800.0,2026-08-02T20:00:00,1785700800.047,2026-08-02T20:00:00.047000,0.04699993133544922,True,
1785701700.0,2026-08-02T20:15:00,1785701700.063,2026-08-02T20:15:00.063000,0.06299996376037598,True,
1785702600.0,2026-08-02T20:30:00,1785702600.136,2026-08-02T20:30:00.136000,0.1359999179840088,True,
1785703500.0,2026-08-02T20:45:00,1785703500.136,2026-08-02T20:45:00.136000,0.1359999179840088,True,
1785704400.0,2026-08-02T21:00:00,1785704400.028,2026-08-02T21:00:00.028000,0.0280001163482666,True,
1785705300.0,2026-08-02T21:15:00,1785705300.023,2026-08-02T21:15:00.023000,0.023000001907348633,True,
1785706200.0,2026-08-02T21:30:00,1785706200.145,2026-08-02T21:30:00.145000,0.14499998092651367,True,
1785707100.0,2026-08-02T21:45:00,1785707100.178,2026-08-02T21:45:00.178000,0.17799997329711914,True,
1785708000.0,2026-08-02T22:00:00,1785708000.028,2026-08-02T22:00:00.028000,0.0280001163482666,True,
1785708900.0,2026-08-02T22:15:00,1785708900.37,2026-08-02T22:15:00.370000,0.36999988555908203,True,
1785709800.0,2026-08-02T22:30:00,1785709800.271,2026-08-02T22:30:00.271000,0.2709999084472656,True,
1785710700.0,2026-08-02T22:45:00,1785710700.71,2026-08-02T22:45:00.710000,0.7100000381469727,True,
1785711600.0,2026-08-02T23:00:00,1785711600.155,2026-08-02T23:00:00.155000,0.1549999713897705,True,
1785712500.0,2026-08-02T23:15:00,1785712500.497,2026-08-02T23:15:00.497000,0.49699997901916504,True,
1785713400.0,2026-08-02T23:30:00,1785713400.137,2026-08-02T23:30:00.137000,0.13700008392333984,True,
1785714300.0,2026-08-02T23:45:00,1785714300.193,2026-08-02T23:45:00.193000,0.19300007820129395,True,
1785715200.0,2026-08-03T00:00:00,1785715200.166,2026-08-03T00:00:00.166000,0.1659998893737793,True,
1785716100.0,2026-08-03T00:15:00,1785716100.876,2026-08-03T00:15:00.876000,0.875999927520752,True,
1785717000.0,2026-08-03T00:30:00,1785717000.141,2026-08-03T00:30:00.141000,0.14100003242492676,True,
1785717900.0,2026-08-03T00:45:00,1785717900.043,2026-08-03T00:45:00.043000,0.042999982833862305,True,
1785718800.0,2026-08-03T01:00:00,1785718800.082,2026-08-03T01:00:00.082000,0.0820000171661377,True,
1785719700.0,2026-08-03T01:15:00,1785719700.048,2026-08-03T01:15:00.048000,0.04800009727478027,True,
1785720600.0,2026-08-03T01:30:00,1785720600.086,2026-08-03T01:30:00.086000,0.08599996566772461,True,
1785721500.0,2026-08-03T01:45:00,1785721500.209,2026-08-03T01:45:00.209000,0.2090001106262207,True,
1785722400.0,2026-08-03T02:00:00,1785722400.058,2026-08-03T02:00:00.058000,0.05800008773803711,True,
1785723300.0,2026-08-03T02:15:00,1785723301.226,2026-08-03T02:15:01.226000,1.2260000705718994,True,
1785724200.0,2026-08-03T02:30:00,1785724200.134,2026-08-03T02:30:00.134000,0.13400006294250488,True,
1785725100.0,2026-08-03T02:45:00,1785725100.16,2026-08-03T02:45:00.160000,0.16000008583068848,True,
1785726000.0,2026-08-03T03:00:00,1785726000.118,2026-08-03T03:00:00.118000,0.11800003051757812,True,
1785726900.0,2026-08-03T03:15:00,1785726900.235,2026-08-03T03:15:00.235000,0.2349998950958252,True,
1785727800.0,2026-08-03T03:30:00,1785727800.231,2026-08-03T03:30:00.231000,0.23099994659423828,True,
1785728700.0,2026-08-03T03:45:00,1785728700.008,2026-08-03T03:45:00.008000,0.007999897003173828,True,
1785729600.0,2026-08-03T04:00:00,1785729600.169,2026-08-03T04:00:00.169000,0.16899991035461426,True,
1785730500.0,2026-08-03T04:15:00,1785730500.326,2026-08-03T04:15:00.326000,0.3259999752044678,True,
1785731400.0,2026-08-03T04:30:00,1785731400.031,2026-08-03T04:30:00.031000,0.03099989891052246,True,
1785732300.0,2026-08-03T04:45:00,1785732300.022,2026-08-03T04:45:00.022000,0.02200007438659668,True,
1785733200.0,2026-08-03T05:00:00,1785733200.17,2026-08-03T05:00:00.170000,0.1700000762939453,True,
1785734100.0,2026-08-03T05:15:00,1785734100.291,2026-08-03T05:15:00.291000,0.2909998893737793,True,
1785735000.0,2026-08-03T05:30:00,1785735000.165,2026-08-03T05:30:00.165000,0.16499996185302734,True,
1785735900.0,2026-08-03T05:45:00,1785735900.105,2026-08-03T05:45:00.105000,0.10500001907348633,True,
1785736800.0,2026-08-03T06:00:00,1785736800.151,2026-08-03T06:00:00.151000,0.1510000228881836,True,
1785737700.0,2026-08-03T06:15:00,1785737700.091,2026-08-03T06:15:00.091000,0.09100008010864258,True,
1785738600.0,2026-08-03T06:30:00,1785738600.001,2026-08-03T06:30:00.001000,0.0009999275207519531,True,
1785739500.0,2026-08-03T06:45:00,1785739500.155,2026-08-03T06:45:00.155000,0.1549999713897705,True,
1785740400.0,2026-08-03T07:00:00,1785740400.018,2026-08-03T07:00:00.018000,0.017999887466430664,True,
1785741300.0,2026-08-03T07:15:00,1785741300.169,2026-08-03T07:15:00.169000,0.16899991035461426,True,
1785742200.0,2026-08-03T07:30:00,1785742200.028,2026-08-03T07:30:00.028000,0.0280001163482666,True,
1785743100.0,2026-08-03T07:45:00,1785743100.185,2026-08-03T07:45:00.185000,0.18499994277954102,True,
1785744000.0,2026-08-03T08:00:00,1785744000.016,2026-08-03T08:00:00.016000,0.016000032424926758,True,
1785744900.0,2026-08-03T08:15:00,1785744900.155,2026-08-03T08:15:00.155000,0.1549999713897705,True,
1785745800.0,2026-08-03T08:30:00,1785745800.137,2026-08-03T08:30:00.137000,0.13700008392333984,True,
1785746700.0,2026-08-03T08:45:00,1785746700.165,2026-08-03T08:45:00.165000,0.16499996185302734,True,
1785747600.0,2026-08-03T09:00:00,1785747600.177,2026-08-03T09:00:00.177000,0.1770000457763672,True,
1785748500.0,2026-08-03T09:15:00,1785748500.033,2026-08-03T09:15:00.033000,0.03299999237060547,True,
1785749400.0,2026-08-03T09:30:00,1785749400.022,2026-08-03T09:30:00.022000,0.02200007438659668,True,
1785750300.0,2026-08-03T09:45:00,1785750300.013,2026-08-03T09:45:00.013000,0.013000011444091797,True,
1785751200.0,2026-08-03T10:00:00,1785751200.036,2026-08-03T10:00:00.036000,0.03600001335144043,True,
1785752100.0,2026-08-03T10:15:00,1785752100.036,2026-08-03T10:15:00.036000,0.03600001335144043,True,
1785753000.0,2026-08-03T10:30:00,1785753000.187,2026-08-03T10:30:00.187000,0.18700003623962402,True,
1785753900.0,2026-08-03T10:45:00,1785753900.006,2026-08-03T10:45:00.006000,0.006000041961669922,True,
1785754800.0,2026-08-03T11:00:00,1785754800.121,2026-08-03T11:00:00.121000,0.12100005149841309,True,
1785755700.0,2026-08-03T11:15:00,1785755700.227,2026-08-03T11:15:00.227000,0.22699999809265137,True,
1785756600.0,2026-08-03T11:30:00,1785756600.023,2026-08-03T11:30:00.023000,0.023000001907348633,True,
1785757500.0,2026-08-03T11:45:00,1785757500.249,2026-08-03T11:45:00.249000,0.24900007247924805,True,
1785758400.0,2026-08-03T12:00:00,1785758400.012,2026-08-03T12:00:00.012000,0.012000083923339844,True,
1785759300.0,2026-08-03T12:15:00,1785759300.047,2026-08-03T12:15:00.047000,0.04699993133544922,True,
1785760200.0,2026-08-03T12:30:00,1785760200.288,2026-08-03T12:30:00.288000,0.28800010681152344,True,
1785761100.0,2026-08-03T12:45:00,1785761100.043,2026-08-03T12:45:00.043000,0.042999982833862305,True,
1785762000.0,2026-08-03T13:00:00,1785762000.123,2026-08-03T13:00:00.123000,0.12299990653991699,True,
1785762900.0,2026-08-03T13:15:00,1785762900.288,2026-08-03T13:15:00.288000,0.28800010681152344,True,
1785763800.0,2026-08-03T13:30:00,1785763800.142,2026-08-03T13:30:00.142000,0.1419999599456787,True,
1785764700.0,2026-08-03T13:45:00,1785764700.432,2026-08-03T13:45:00.432000,0.43199992179870605,True,
1785765600.0,2026-08-03T14:00:00,1785765600.121,2026-08-03T14:00:00.121000,0.12100005149841309,True,
1785766500.0,2026-08-03T14:15:00,1785766500.307,2026-08-03T14:15:00.307000,0.30699992179870605,True,
1785767400.0,2026-08-03T14:30:00,1785767400.032,2026-08-03T14:30:00.032000,0.032000064849853516,True,
1785768300.0,2026-08-03T14:45:00,1785768300.099,2026-08-03T14:45:00.099000,0.0989999771118164,True,
1785769200.0,2026-08-03T15:00:00,1785769200.04,2026-08-03T15:00:00.040000,0.039999961853027344,True,
1785770100.0,2026-08-03T15:15:00,1785770100.336,2026-08-03T15:15:00.336000,0.3359999656677246,True,
1785771000.0,2026-08-03T15:30:00,1785771000.33,2026-08-03T15:30:00.330000,0.3299999237060547,True,
1785771900.0,2026-08-03T15:45:00,1785771900.322,2026-08-03T15:45:00.322000,0.32200002670288086,True,
1785772800.0,2026-08-03T16:00:00,1785772800.019,2026-08-03T16:00:00.019000,0.01900005340576172,True,
1785773700.0,2026-08-03T16:15:00,1785773705.525,2026-08-03T16:15:05.525000,5.525000095367432,True,
1785774600.0,2026-08-03T16:30:00,1785774600.145,2026-08-03T16:30:00.145000,0.14499998092651367,True,
1785775500.0,2026-08-03T16:45:00,1785775500.167,2026-08-03T16:45:00.167000,0.16700005531311035,True,
1785776400.0,2026-08-03T17:00:00,1785780006.09,2026-08-03T18:00:06.090000,3606.0899999141693,True,corte_mantenimiento
1785777300.0,2026-08-03T17:15:00,1785780006.09,2026-08-03T18:00:06.090000,2706.0899999141693,True,corte_mantenimiento
1785778200.0,2026-08-03T17:30:00,1785780006.09,2026-08-03T18:00:06.090000,1806.0899999141693,True,corte_mantenimiento
1785779100.0,2026-08-03T17:45:00,1785780006.09,2026-08-03T18:00:06.090000,906.0899999141693,True,corte_mantenimiento
1785780000.0,2026-08-03T18:00:00,1785780006.09,2026-08-03T18:00:06.090000,6.0899999141693115,True,
1785780900.0,2026-08-03T18:15:00,1785780900.203,2026-08-03T18:15:00.203000,0.20300006866455078,True,
1785781800.0,2026-08-03T18:30:00,1785781800.203,2026-08-03T18:30:00.203000,0.20300006866455078,True,
1785782700.0,2026-08-03T18:45:00,1785782700.014,2026-08-03T18:45:00.014000,0.01399993896484375,True,
1785783600.0,2026-08-03T19:00:00,1785783600.14,2026-08-03T19:00:00.140000,0.1400001049041748,True,
1785784500.0,2026-08-03T19:15:00,1785784500.511,2026-08-03T19:15:00.511000,0.5109999179840088,True,
1785785400.0,2026-08-03T19:30:00,1785785400.469,2026-08-03T19:30:00.469000,0.46900010108947754,True,
1785786300.0,2026-08-03T19:45:00,1785786300.331,2026-08-03T19:45:00.331000,0.33100008964538574,True,
1785787200.0,2026-08-03T20:00:00,1785787200.214,2026-08-03T20:00:00.214000,0.21399998664855957,True,
1785788100.0,2026-08-03T20:15:00,1785788100.188,2026-08-03T20:15:00.188000,0.18799996376037598,True,
1785789000.0,2026-08-03T20:30:00,1785789000.245,2026-08-03T20:30:00.245000,0.24499988555908203,True,
1785789900.0,2026-08-03T20:45:00,1785789900.304,2026-08-03T20:45:00.304000,0.3039999008178711,True,
1785790800.0,2026-08-03T21:00:00,1785790800.036,2026-08-03T21:00:00.036000,0.03600001335144043,True,
1785791700.0,2026-08-03T21:15:00,1785791700.194,2026-08-03T21:15:00.194000,0.1940000057220459,True,
1785792600.0,2026-08-03T21:30:00,1785792600.214,2026-08-03T21:30:00.214000,0.21399998664855957,True,
1785793500.0,2026-08-03T21:45:00,1785793500.145,2026-08-03T21:45:00.145000,0.14499998092651367,True,
1785794400.0,2026-08-03T22:00:00,1785794400.17,2026-08-03T22:00:00.170000,0.1700000762939453,True,
1785795300.0,2026-08-03T22:15:00,1785795300.816,2026-08-03T22:15:00.816000,0.8159999847412109,True,
1785796200.0,2026-08-03T22:30:00,1785796200.012,2026-08-03T22:30:00.012000,0.012000083923339844,True,
1785797100.0,2026-08-03T22:45:00,1785797100.249,2026-08-03T22:45:00.249000,0.24900007247924805,True,
1785798000.0,2026-08-03T23:00:00,1785798000.163,2026-08-03T23:00:00.163000,0.16300010681152344,True,
1785798900.0,2026-08-03T23:15:00,1785798900.027,2026-08-03T23:15:00.027000,0.026999950408935547,True,
1785799800.0,2026-08-03T23:30:00,1785799800.212,2026-08-03T23:30:00.212000,0.21199989318847656,True,
1785800700.0,2026-08-03T23:45:00,1785800700.193,2026-08-03T23:45:00.193000,0.19300007820129395,True,
1785801600.0,2026-08-04T00:00:00,1785801600.424,2026-08-04T00:00:00.424000,0.4240000247955322,True,
1785802500.0,2026-08-04T00:15:00,1785802500.147,2026-08-04T00:15:00.147000,0.14700007438659668,True,
1785803400.0,2026-08-04T00:30:00,1785803400.298,2026-08-04T00:30:00.298000,0.2980000972747803,True,
1785804300.0,2026-08-04T00:45:00,1785804300.13,2026-08-04T00:45:00.130000,0.13000011444091797,True,
1785805200.0,2026-08-04T01:00:00,1785805200.152,2026-08-04T01:00:00.152000,0.15199995040893555,True,
1785806100.0,2026-08-04T01:15:00,1785806100.176,2026-08-04T01:15:00.176000,0.17600011825561523,True,
1785807000.0,2026-08-04T01:30:00,1785807000.172,2026-08-04T01:30:00.172000,0.17199993133544922,True,
1785807900.0,2026-08-04T01:45:00,1785807900.223,2026-08-04T01:45:00.223000,0.22300004959106445,True,
1785808800.0,2026-08-04T02:00:00,1785808800.173,2026-08-04T02:00:00.173000,0.17300009727478027,True,
1785809700.0,2026-08-04T02:15:00,1785809700.147,2026-08-04T02:15:00.147000,0.14700007438659668,True,
1785810600.0,2026-08-04T02:30:00,1785810600.097,2026-08-04T02:30:00.097000,0.0969998836517334,True,
1785811500.0,2026-08-04T02:45:00,1785811500.11,2026-08-04T02:45:00.110000,0.1099998950958252,True,
1785812400.0,2026-08-04T03:00:00,1785812400.093,2026-08-04T03:00:00.093000,0.09299993515014648,True,
1785813300.0,2026-08-04T03:15:00,1785813300.299,2026-08-04T03:15:00.299000,0.2990000247955322,True,
1785814200.0,2026-08-04T03:30:00,1785814200.38,2026-08-04T03:30:00.380000,0.38000011444091797,True,
1785815100.0,2026-08-04T03:45:00,1785815100.166,2026-08-04T03:45:00.166000,0.1659998893737793,True,
1785816000.0,2026-08-04T04:00:00,1785816000.15,2026-08-04T04:00:00.150000,0.15000009536743164,True,
1785816900.0,2026-08-04T04:15:00,1785816900.248,2026-08-04T04:15:00.248000,0.247999906539917,True,
1785817800.0,2026-08-04T04:30:00,1785817800.124,2026-08-04T04:30:00.124000,0.12400007247924805,True,
1785818700.0,2026-08-04T04:45:00,1785818700.17,2026-08-04T04:45:00.170000,0.1700000762939453,True,
1785819600.0,2026-08-04T05:00:00,1785819600.041,2026-08-04T05:00:00.041000,0.0409998893737793,True,
1785820500.0,2026-08-04T05:15:00,1785820500.06,2026-08-04T05:15:00.060000,0.059999942779541016,True,
1785821400.0,2026-08-04T05:30:00,1785821400.0,2026-08-04T05:30:00,0.0,True,
1785822300.0,2026-08-04T05:45:00,1785822300.186,2026-08-04T05:45:00.186000,0.18600010871887207,True,
1785823200.0,2026-08-04T06:00:00,1785823200.051,2026-08-04T06:00:00.051000,0.051000118255615234,True,
1785824100.0,2026-08-04T06:15:00,1785824100.171,2026-08-04T06:15:00.171000,0.17100000381469727,True,
1785825000.0,2026-08-04T06:30:00,1785825000.165,2026-08-04T06:30:00.165000,0.16499996185302734,True,
1785825900.0,2026-08-04T06:45:00,1785825900.108,2026-08-04T06:45:00.108000,0.10800004005432129,True,
1785826800.0,2026-08-04T07:00:00,1785826800.163,2026-08-04T07:00:00.163000,0.16300010681152344,True,
1785827700.0,2026-08-04T07:15:00,1785827700.085,2026-08-04T07:15:00.085000,0.08500003814697266,True,
1785828600.0,2026-08-04T07:30:00,1785828600.104,2026-08-04T07:30:00.104000,0.10400009155273438,True,
1785829500.0,2026-08-04T07:45:00,1785829500.027,2026-08-04T07:45:00.027000,0.026999950408935547,True,
1785830400.0,2026-08-04T08:00:00,1785830400.145,2026-08-04T08:00:00.145000,0.14499998092651367,True,
1785831300.0,2026-08-04T08:15:00,1785831300.166,2026-08-04T08:15:00.166000,0.1659998893737793,True,
1785832200.0,2026-08-04T08:30:00,1785832200.198,2026-08-04T08:30:00.198000,0.1979999542236328,True,
1785833100.0,2026-08-04T08:45:00,1785833100.028,2026-08-04T08:45:00.028000,0.0280001163482666,True,
1785834000.0,2026-08-04T09:00:00,1785834000.066,2026-08-04T09:00:00.066000,0.06599998474121094,True,
1785834900.0,2026-08-04T09:15:00,1785834900.178,2026-08-04T09:15:00.178000,0.17799997329711914,True,
1785835800.0,2026-08-04T09:30:00,1785835800.065,2026-08-04T09:30:00.065000,0.06500005722045898,True,
1785836700.0,2026-08-04T09:45:00,1785836700.041,2026-08-04T09:45:00.041000,0.0409998893737793,True,
1785837600.0,2026-08-04T10:00:00,1785837600.034,2026-08-04T10:00:00.034000,0.03399991989135742,True,
1785838500.0,2026-08-04T10:15:00,1785838500.009,2026-08-04T10:15:00.009000,0.009000062942504883,True,
1785839400.0,2026-08-04T10:30:00,1785839400.008,2026-08-04T10:30:00.008000,0.007999897003173828,True,
1785840300.0,2026-08-04T10:45:00,1785840300.052,2026-08-04T10:45:00.052000,0.05200004577636719,True,
1785841200.0,2026-08-04T11:00:00,1785841200.147,2026-08-04T11:00:00.147000,0.14700007438659668,True,
1785842100.0,2026-08-04T11:15:00,1785842100.157,2026-08-04T11:15:00.157000,0.15700006484985352,True,
1785843000.0,2026-08-04T11:30:00,1785843000.133,2026-08-04T11:30:00.133000,0.13299989700317383,True,
1785843900.0,2026-08-04T11:45:00,1785843900.252,2026-08-04T11:45:00.252000,0.252000093460083,True,
1785844800.0,2026-08-04T12:00:00,1785844800.161,2026-08-04T12:00:00.161000,0.16100001335144043,True,
1785845700.0,2026-08-04T12:15:00,1785845700.148,2026-08-04T12:15:00.148000,0.14800000190734863,True,
1785846600.0,2026-08-04T12:30:00,1785846600.222,2026-08-04T12:30:00.222000,0.2219998836517334,True,
1785847500.0,2026-08-04T12:45:00,1785847500.253,2026-08-04T12:45:00.253000,0.25300002098083496,True,
1785848400.0,2026-08-04T13:00:00,1785848400.127,2026-08-04T13:00:00.127000,0.127000093460083,True,
1785849300.0,2026-08-04T13:15:00,1785849300.151,2026-08-04T13:15:00.151000,0.1510000228881836,True,
1785850200.0,2026-08-04T13:30:00,1785850200.018,2026-08-04T13:30:00.018000,0.017999887466430664,True,
1785851100.0,2026-08-04T13:45:00,1785851100.029,2026-08-04T13:45:00.029000,0.029000043869018555,True,
1785852000.0,2026-08-04T14:00:00,1785852000.16,2026-08-04T14:00:00.160000,0.16000008583068848,True,
1785852900.0,2026-08-04T14:15:00,1785852900.174,2026-08-04T14:15:00.174000,0.17400002479553223,True,
1785853800.0,2026-08-04T14:30:00,1785853800.074,2026-08-04T14:30:00.074000,0.07399988174438477,True,
1785854700.0,2026-08-04T14:45:00,1785854700.153,2026-08-04T14:45:00.153000,0.1530001163482666,True,
1785855600.0,2026-08-04T15:00:00,1785855600.148,2026-08-04T15:00:00.148000,0.14800000190734863,True,
1785856500.0,2026-08-04T15:15:00,1785856500.162,2026-08-04T15:15:00.162000,0.16199994087219238,True,
1785857400.0,2026-08-04T15:30:00,1785857400.163,2026-08-04T15:30:00.163000,0.16300010681152344,True,
1785858300.0,2026-08-04T15:45:00,1785858300.17,2026-08-04T15:45:00.170000,0.1700000762939453,True,
1785859200.0,2026-08-04T16:00:00,1785859200.0,2026-08-04T16:00:00,0.0,True,
1785860100.0,2026-08-04T16:15:00,1785860100.164,2026-08-04T16:15:00.164000,0.1640000343322754,True,
1785861000.0,2026-08-04T16:30:00,1785861000.164,2026-08-04T16:30:00.164000,0.1640000343322754,True,
1785861900.0,2026-08-04T16:45:00,1785861900.088,2026-08-04T16:45:00.088000,0.08800005912780762,True,
1785862800.0,2026-08-04T17:00:00,1785866406.196,2026-08-04T18:00:06.196000,3606.196000099182,True,corte_mantenimiento
1785863700.0,2026-08-04T17:15:00,1785866406.196,2026-08-04T18:00:06.196000,2706.196000099182,True,corte_mantenimiento
1785864600.0,2026-08-04T17:30:00,1785866406.196,2026-08-04T18:00:06.196000,1806.1960000991821,True,corte_mantenimiento
1785865500.0,2026-08-04T17:45:00,1785866406.196,2026-08-04T18:00:06.196000,906.1960000991821,True,corte_mantenimiento
1785866400.0,2026-08-04T18:00:00,1785866406.196,2026-08-04T18:00:06.196000,6.196000099182129,True,
1785867300.0,2026-08-04T18:15:00,1785867300.18,2026-08-04T18:15:00.180000,0.18000006675720215,True,
1785868200.0,2026-08-04T18:30:00,1785868200.294,2026-08-04T18:30:00.294000,0.29399991035461426,True,
1785869100.0,2026-08-04T18:45:00,1785869100.157,2026-08-04T18:45:00.157000,0.15700006484985352,True,
1785870000.0,2026-08-04T19:00:00,1785870000.119,2026-08-04T19:00:00.119000,0.11899995803833008,True,
1785870900.0,2026-08-04T19:15:00,1785870900.032,2026-08-04T19:15:00.032000,0.032000064849853516,True,
1785871800.0,2026-08-04T19:30:00,1785871800.168,2026-08-04T19:30:00.168000,0.1679999828338623,True,
1785872700.0,2026-08-04T19:45:00,1785872700.06,2026-08-04T19:45:00.060000,0.059999942779541016,True,
1785873600.0,2026-08-04T20:00:00,1785873600.193,2026-08-04T20:00:00.193000,0.19300007820129395,True,
1785874500.0,2026-08-04T20:15:00,1785874500.129,2026-08-04T20:15:00.129000,0.12899994850158691,True,
1785875400.0,2026-08-04T20:30:00,1785875400.182,2026-08-04T20:30:00.182000,0.18199992179870605,True,
1785876300.0,2026-08-04T20:45:00,1785876301.552,2026-08-04T20:45:01.552000,1.5520000457763672,True,
1785877200.0,2026-08-04T21:00:00,1785877200.231,2026-08-04T21:00:00.231000,0.23099994659423828,True,
1785878100.0,2026-08-04T21:15:00,1785878100.152,2026-08-04T21:15:00.152000,0.15199995040893555,True,
1785879000.0,2026-08-04T21:30:00,1785879000.12,2026-08-04T21:30:00.120000,0.11999988555908203,True,
1785879900.0,2026-08-04T21:45:00,1785879900.233,2026-08-04T21:45:00.233000,0.2330000400543213,True,
1785880800.0,2026-08-04T22:00:00,1785880800.02,2026-08-04T22:00:00.020000,0.019999980926513672,True,
1785881700.0,2026-08-04T22:15:00,1785881700.334,2026-08-04T22:15:00.334000,0.3340001106262207,True,
1785882600.0,2026-08-04T22:30:00,1785882601.211,2026-08-04T22:30:01.211000,1.2109999656677246,True,
1785883500.0,2026-08-04T22:45:00,1785883500.15,2026-08-04T22:45:00.150000,0.15000009536743164,True,
1785884400.0,2026-08-04T23:00:00,1785884400.181,2026-08-04T23:00:00.181000,0.1809999942779541,True,
1785885300.0,2026-08-04T23:15:00,1785885300.198,2026-08-04T23:15:00.198000,0.1979999542236328,True,
1785886200.0,2026-08-04T23:30:00,1785886200.112,2026-08-04T23:30:00.112000,0.1119999885559082,True,
1785887100.0,2026-08-04T23:45:00,1785887100.247,2026-08-04T23:45:00.247000,0.24699997901916504,True,
1785888000.0,2026-08-05T00:00:00,1785888000.206,2026-08-05T00:00:00.206000,0.20600008964538574,True,
1785888900.0,2026-08-05T00:15:00,1785888900.247,2026-08-05T00:15:00.247000,0.24699997901916504,True,
1785889800.0,2026-08-05T00:30:00,1785889801.382,2026-08-05T00:30:01.382000,1.3819999694824219,True,
1785890700.0,2026-08-05T00:45:00,1785890700.27,2026-08-05T00:45:00.270000,0.26999998092651367,True,
1785891600.0,2026-08-05T01:00:00,1785891600.18,2026-08-05T01:00:00.180000,0.18000006675720215,True,
1785892500.0,2026-08-05T01:15:00,1785892500.12,2026-08-05T01:15:00.120000,0.11999988555908203,True,
1785893400.0,2026-08-05T01:30:00,1785893400.131,2026-08-05T01:30:00.131000,0.13100004196166992,True,
1785894300.0,2026-08-05T01:45:00,1785894300.032,2026-08-05T01:45:00.032000,0.032000064849853516,True,
1785895200.0,2026-08-05T02:00:00,1785895200.01,2026-08-05T02:00:00.010000,0.009999990463256836,True,
1785896100.0,2026-08-05T02:15:00,1785896100.013,2026-08-05T02:15:00.013000,0.013000011444091797,True,
1785897000.0,2026-08-05T02:30:00,1785897000.069,2026-08-05T02:30:00.069000,0.0690000057220459,True,
1785897900.0,2026-08-05T02:45:00,1785897900.065,2026-08-05T02:45:00.065000,0.06500005722045898,True,
1785898800.0,2026-08-05T03:00:00,1785898801.085,2026-08-05T03:00:01.085000,1.0850000381469727,True,
1785899700.0,2026-08-05T03:15:00,1785899700.081,2026-08-05T03:15:00.081000,0.08100008964538574,True,
1785900600.0,2026-08-05T03:30:00,1785900600.201,2026-08-05T03:30:00.201000,0.20099997520446777,True,
1785901500.0,2026-08-05T03:45:00,1785901500.313,2026-08-05T03:45:00.313000,0.312999963760376,True,
1785902400.0,2026-08-05T04:00:00,1785902400.002,2026-08-05T04:00:00.002000,0.002000093460083008,True,
1785903300.0,2026-08-05T04:15:00,1785903300.005,2026-08-05T04:15:00.005000,0.005000114440917969,True,
1785904200.0,2026-08-05T04:30:00,1785904200.037,2026-08-05T04:30:00.037000,0.03699994087219238,True,
1785905100.0,2026-08-05T04:45:00,1785905100.034,2026-08-05T04:45:00.034000,0.03399991989135742,True,
1785906000.0,2026-08-05T05:00:00,1785906000.147,2026-08-05T05:00:00.147000,0.14700007438659668,True,
1785906900.0,2026-08-05T05:15:00,1785906900.096,2026-08-05T05:15:00.096000,0.09599995613098145,True,
1785907800.0,2026-08-05T05:30:00,1785907800.034,2026-08-05T05:30:00.034000,0.03399991989135742,True,
1785908700.0,2026-08-05T05:45:00,1785908700.233,2026-08-05T05:45:00.233000,0.2330000400543213,True,
1785909600.0,2026-08-05T06:00:00,1785909600.014,2026-08-05T06:00:00.014000,0.01399993896484375,True,
1785910500.0,2026-08-05T06:15:00,1785910500.183,2026-08-05T06:15:00.183000,0.1830000877380371,True,
1785911400.0,2026-08-05T06:30:00,1785911400.086,2026-08-05T06:30:00.086000,0.08599996566772461,True,
1785912300.0,2026-08-05T06:45:00,1785912300.351,2026-08-05T06:45:00.351000,0.3510000705718994,True,
1785913200.0,2026-08-05T07:00:00,1785913201.073,2026-08-05T07:00:01.073000,1.0729999542236328,True,
1785914100.0,2026-08-05T07:15:00,1785914100.047,2026-08-05T07:15:00.047000,0.04699993133544922,True,
1785915000.0,2026-08-05T07:30:00,1785915000.114,2026-08-05T07:30:00.114000,0.11400008201599121,True,
1785915900.0,2026-08-05T07:45:00,1785915900.057,2026-08-05T07:45:00.057000,0.056999921798706055,True,
1785916800.0,2026-08-05T08:00:00,1785916800.126,2026-08-05T08:00:00.126000,0.12599992752075195,True,
1785917700.0,2026-08-05T08:15:00,1785917700.015,2026-08-05T08:15:00.015000,0.015000104904174805,True,
1785918600.0,2026-08-05T08:30:00,1785918600.16,2026-08-05T08:30:00.160000,0.16000008583068848,True,
1785919500.0,2026-08-05T08:45:00,1785919500.152,2026-08-05T08:45:00.152000,0.15199995040893555,True,
1785920400.0,2026-08-05T09:00:00,1785920400.017,2026-08-05T09:00:00.017000,0.01699995994567871,True,
1785921300.0,2026-08-05T09:15:00,1785921300.021,2026-08-05T09:15:00.021000,0.020999908447265625,True,
1785922200.0,2026-08-05T09:30:00,1785922200.087,2026-08-05T09:30:00.087000,0.08699989318847656,True,
1785923100.0,2026-08-05T09:45:00,1785923100.257,2026-08-05T09:45:00.257000,0.2569999694824219,True,
1785924000.0,2026-08-05T10:00:00,1785924000.075,2026-08-05T10:00:00.075000,0.07500004768371582,True,
1785924900.0,2026-08-05T10:15:00,1785924900.15,2026-08-05T10:15:00.150000,0.15000009536743164,True,
1785925800.0,2026-08-05T10:30:00,1785925800.003,2026-08-05T10:30:00.003000,0.003000020980834961,True,
1785926700.0,2026-08-05T10:45:00,1785926700.124,2026-08-05T10:45:00.124000,0.12400007247924805,True,
1785927600.0,2026-08-05T11:00:00,1785927601.305,2026-08-05T11:00:01.305000,1.3050000667572021,True,
1785928500.0,2026-08-05T11:15:00,1785928500.129,2026-08-05T11:15:00.129000,0.12899994850158691,True,
1785929400.0,2026-08-05T11:30:00,1785929400.028,2026-08-05T11:30:00.028000,0.0280001163482666,True,
1785930300.0,2026-08-05T11:45:00,1785930300.108,2026-08-05T11:45:00.108000,0.10800004005432129,True,
1785931200.0,2026-08-05T12:00:00,1785931200.021,2026-08-05T12:00:00.021000,0.020999908447265625,True,
1785932100.0,2026-08-05T12:15:00,1785932100.363,2026-08-05T12:15:00.363000,0.36299991607666016,True,
1785933000.0,2026-08-05T12:30:00,1785933000.028,2026-08-05T12:30:00.028000,0.0280001163482666,True,
1785933900.0,2026-08-05T12:45:00,1785933900.016,2026-08-05T12:45:00.016000,0.016000032424926758,True,
1785934800.0,2026-08-05T13:00:00,1785934800.613,2026-08-05T13:00:00.613000,0.6129999160766602,True,
1785935700.0,2026-08-05T13:15:00,1785935700.015,2026-08-05T13:15:00.015000,0.015000104904174805,True,
1785936600.0,2026-08-05T13:30:00,1785936600.021,2026-08-05T13:30:00.021000,0.020999908447265625,True,
1785937500.0,2026-08-05T13:45:00,1785937500.214,2026-08-05T13:45:00.214000,0.21399998664855957,True,
1785938400.0,2026-08-05T14:00:00,1785938400.029,2026-08-05T14:00:00.029000,0.029000043869018555,True,
1785939300.0,2026-08-05T14:15:00,1785939300.198,2026-08-05T14:15:00.198000,0.1979999542236328,True,
1785940200.0,2026-08-05T14:30:00,1785940200.192,2026-08-05T14:30:00.192000,0.1919999122619629,True,
1785941100.0,2026-08-05T14:45:00,1785941101.022,2026-08-05T14:45:01.022000,1.0220000743865967,True,
1785942000.0,2026-08-05T15:00:00,1785942000.191,2026-08-05T15:00:00.191000,0.19099998474121094,True,
1785942900.0,2026-08-05T15:15:00,1785942900.001,2026-08-05T15:15:00.001000,0.0009999275207519531,True,
1785943800.0,2026-08-05T15:30:00,1785943800.002,2026-08-05T15:30:00.002000,0.002000093460083008,True,
1785944700.0,2026-08-05T15:45:00,1785944700.019,2026-08-05T15:45:00.019000,0.01900005340576172,True,
1785945600.0,2026-08-05T16:00:00,1785945600.012,2026-08-05T16:00:00.012000,0.012000083923339844,True,
1785946500.0,2026-08-05T16:15:00,1785946500.177,2026-08-05T16:15:00.177000,0.1770000457763672,True,
1785947400.0,2026-08-05T16:30:00,1785947400.132,2026-08-05T16:30:00.132000,0.13199996948242188,True,
1785948300.0,2026-08-05T16:45:00,1785948300.093,2026-08-05T16:45:00.093000,0.09299993515014648,True,
1785949200.0,2026-08-05T17:00:00,1785952806.396,2026-08-05T18:00:06.396000,3606.3959999084473,True,corte_mantenimiento
1785950100.0,2026-08-05T17:15:00,1785952806.396,2026-08-05T18:00:06.396000,2706.3959999084473,True,corte_mantenimiento
1785951000.0,2026-08-05T17:30:00,1785952806.396,2026-08-05T18:00:06.396000,1806.3959999084473,True,corte_mantenimiento
1785951900.0,2026-08-05T17:45:00,1785952806.396,2026-08-05T18:00:06.396000,906.3959999084473,True,corte_mantenimiento
1785952800.0,2026-08-05T18:00:00,1785952806.396,2026-08-05T18:00:06.396000,6.395999908447266,True,
1785953700.0,2026-08-05T18:15:00,1785953700.191,2026-08-05T18:15:00.191000,0.19099998474121094,True,
1785954600.0,2026-08-05T18:30:00,1785954602.362,2026-08-05T18:30:02.362000,2.361999988555908,True,
1785955500.0,2026-08-05T18:45:00,1785955500.005,2026-08-05T18:45:00.005000,0.005000114440917969,True,
1785956400.0,2026-08-05T19:00:00,1785956400.198,2026-08-05T19:00:00.198000,0.1979999542236328,True,
1785957300.0,2026-08-05T19:15:00,1785957300.188,2026-08-05T19:15:00.188000,0.18799996376037598,True,
1785958200.0,2026-08-05T19:30:00,1785958200.183,2026-08-05T19:30:00.183000,0.1830000877380371,True,
1785959100.0,2026-08-05T19:45:00,1785959100.668,2026-08-05T19:45:00.668000,0.6679999828338623,True,
1785960000.0,2026-08-05T20:00:00,1785960000.132,2026-08-05T20:00:00.132000,0.13199996948242188,True,
1785960900.0,2026-08-05T20:15:00,1785960900.041,2026-08-05T20:15:00.041000,0.0409998893737793,True,
1785961800.0,2026-08-05T20:30:00,1785961800.2,2026-08-05T20:30:00.200000,0.20000004768371582,True,
1785962700.0,2026-08-05T20:45:00,1785962700.208,2026-08-05T20:45:00.208000,0.20799994468688965,True,
1785963600.0,2026-08-05T21:00:00,1785963600.019,2026-08-05T21:00:00.019000,0.01900005340576172,True,
1785964500.0,2026-08-05T21:15:00,1785964500.502,2026-08-05T21:15:00.502000,0.502000093460083,True,
1785965400.0,2026-08-05T21:30:00,1785965400.023,2026-08-05T21:30:00.023000,0.023000001907348633,True,
1785966300.0,2026-08-05T21:45:00,1785966300.006,2026-08-05T21:45:00.006000,0.006000041961669922,True,
1785967200.0,2026-08-05T22:00:00,1785967200.002,2026-08-05T22:00:00.002000,0.002000093460083008,True,
1785968100.0,2026-08-05T22:15:00,1785968100.003,2026-08-05T22:15:00.003000,0.003000020980834961,True,
1785969000.0,2026-08-05T22:30:00,1785969000.015,2026-08-05T22:30:00.015000,0.015000104904174805,True,
1785969900.0,2026-08-05T22:45:00,1785969900.208,2026-08-05T22:45:00.208000,0.20799994468688965,True,
1785970800.0,2026-08-05T23:00:00,1785970800.009,2026-08-05T23:00:00.009000,0.009000062942504883,True,
1785971700.0,2026-08-05T23:15:00,1785971700.004,2026-08-05T23:15:00.004000,0.003999948501586914,True,
1785972600.0,2026-08-05T23:30:00,1785972600.007,2026-08-05T23:30:00.007000,0.006999969482421875,True,
1785973500.0,2026-08-05T23:45:00,1785973500.036,2026-08-05T23:45:00.036000,0.03600001335144043,True,
1785974400.0,2026-08-06T00:00:00,1785974400.015,2026-08-06T00:00:00.015000,0.015000104904174805,True,
1785975300.0,2026-08-06T00:15:00,1785975300.063,2026-08-06T00:15:00.063000,0.06299996376037598,True,
1785976200.0,2026-08-06T00:30:00,1785976200.056,2026-08-06T00:30:00.056000,0.0559999942779541,True,
1785977100.0,2026-08-06T00:45:00,1785977100.146,2026-08-06T00:45:00.146000,0.14599990844726562,True,
1785978000.0,2026-08-06T01:00:00,1785978000.17,2026-08-06T01:00:00.170000,0.1700000762939453,True,
1785978900.0,2026-08-06T01:15:00,1785978900.205,2026-08-06T01:15:00.205000,0.2049999237060547,True,
1785979800.0,2026-08-06T01:30:00,1785979800.114,2026-08-06T01:30:00.114000,0.11400008201599121,True,
1785980700.0,2026-08-06T01:45:00,1785980700.104,2026-08-06T01:45:00.104000,0.10400009155273438,True,
1785981600.0,2026-08-06T02:00:00,1785981600.015,2026-08-06T02:00:00.015000,0.015000104904174805,True,
1785982500.0,2026-08-06T02:15:00,1785982500.057,2026-08-06T02:15:00.057000,0.056999921798706055,True,
1785983400.0,2026-08-06T02:30:00,1785983400.15,2026-08-06T02:30:00.150000,0.15000009536743164,True,
1785984300.0,2026-08-06T02:45:00,1785984300.011,2026-08-06T02:45:00.011000,0.010999917984008789,True,
1785985200.0,2026-08-06T03:00:00,1785985200.095,2026-08-06T03:00:00.095000,0.09500002861022949,True,
1785986100.0,2026-08-06T03:15:00,1785986100.194,2026-08-06T03:15:00.194000,0.1940000057220459,True,
1785987000.0,2026-08-06T03:30:00,1785987000.417,2026-08-06T03:30:00.417000,0.41700005531311035,True,
1785987900.0,2026-08-06T03:45:00,1785987900.179,2026-08-06T03:45:00.179000,0.1789999008178711,True,
1785988800.0,2026-08-06T04:00:00,1785988800.119,2026-08-06T04:00:00.119000,0.11899995803833008,True,
1785989700.0,2026-08-06T04:15:00,1785989700.16,2026-08-06T04:15:00.160000,0.16000008583068848,True,
1785990600.0,2026-08-06T04:30:00,1785990600.044,2026-08-06T04:30:00.044000,0.04399991035461426,True,
1785991500.0,2026-08-06T04:45:00,1785991500.05,2026-08-06T04:45:00.050000,0.04999995231628418,True,
1785992400.0,2026-08-06T05:00:00,1785992400.03,2026-08-06T05:00:00.030000,0.029999971389770508,True,
1785993300.0,2026-08-06T05:15:00,1785993300.174,2026-08-06T05:15:00.174000,0.17400002479553223,True,
1785994200.0,2026-08-06T05:30:00,1785994200.052,2026-08-06T05:30:00.052000,0.05200004577636719,True,
1785995100.0,2026-08-06T05:45:00,1785995100.175,2026-08-06T05:45:00.175000,0.17499995231628418,True,
1785996000.0,2026-08-06T06:00:00,1785996000.038,2026-08-06T06:00:00.038000,0.03800010681152344,True,
1785996900.0,2026-08-06T06:15:00,1785996900.034,2026-08-06T06:15:00.034000,0.03399991989135742,True,
1785997800.0,2026-08-06T06:30:00,1785997800.19,2026-08-06T06:30:00.190000,0.19000005722045898,True,
1785998700.0,2026-08-06T06:45:00,1785998700.115,2026-08-06T06:45:00.115000,0.11500000953674316,True,
1785999600.0,2026-08-06T07:00:00,1785999600.205,2026-08-06T07:00:00.205000,0.2049999237060547,True,
1786000500.0,2026-08-06T07:15:00,1786000500.144,2026-08-06T07:15:00.144000,0.14400005340576172,True,
1786001400.0,2026-08-06T07:30:00,1786001400.05,2026-08-06T07:30:00.050000,0.04999995231628418,True,
1786002300.0,2026-08-06T07:45:00,1786002300.068,2026-08-06T07:45:00.068000,0.06800007820129395,True,
1786003200.0,2026-08-06T08:00:00,1786003200.155,2026-08-06T08:00:00.155000,0.1549999713897705,True,
1786004100.0,2026-08-06T08:15:00,1786004100.159,2026-08-06T08:15:00.159000,0.15899991989135742,True,
1786005000.0,2026-08-06T08:30:00,1786005000.034,2026-08-06T08:30:00.034000,0.03399991989135742,True,
1786005900.0,2026-08-06T08:45:00,1786005900.166,2026-08-06T08:45:00.166000,0.1659998893737793,True,
1786006800.0,2026-08-06T09:00:00,1786006800.145,2026-08-06T09:00:00.145000,0.14499998092651367,True,
1786007700.0,2026-08-06T09:15:00,1786007700.149,2026-08-06T09:15:00.149000,0.14899992942810059,True,
1786008600.0,2026-08-06T09:30:00,1786008600.146,2026-08-06T09:30:00.146000,0.14599990844726562,True,
1786009500.0,2026-08-06T09:45:00,1786009500.028,2026-08-06T09:45:00.028000,0.0280001163482666,True,
1786010400.0,2026-08-06T10:00:00,1786010400.066,2026-08-06T10:00:00.066000,0.06599998474121094,True,
1786011300.0,2026-08-06T10:15:00,1786011300.003,2026-08-06T10:15:00.003000,0.003000020980834961,True,
1786012200.0,2026-08-06T10:30:00,1786012200.143,2026-08-06T10:30:00.143000,0.14299988746643066,True,
1786013100.0,2026-08-06T10:45:00,1786013100.176,2026-08-06T10:45:00.176000,0.17600011825561523,True,
1786014000.0,2026-08-06T11:00:00,1786014000.0,2026-08-06T11:00:00,0.0,True,
1786014900.0,2026-08-06T11:15:00,1786014900.173,2026-08-06T11:15:00.173000,0.17300009727478027,True,
1786015800.0,2026-08-06T11:30:00,1786015800.051,2026-08-06T11:30:00.051000,0.051000118255615234,True,
1786016700.0,2026-08-06T11:45:00,1786016700.052,2026-08-06T11:45:00.052000,0.05200004577636719,True,
1786017600.0,2026-08-06T12:00:00,1786017600.137,2026-08-06T12:00:00.137000,0.13700008392333984,True,
1786018500.0,2026-08-06T12:15:00,1786018500.142,2026-08-06T12:15:00.142000,0.1419999599456787,True,
1786019400.0,2026-08-06T12:30:00,1786019400.159,2026-08-06T12:30:00.159000,0.15899991989135742,True,
1786020300.0,2026-08-06T12:45:00,1786020300.042,2026-08-06T12:45:00.042000,0.04200005531311035,True,
1786021200.0,2026-08-06T13:00:00,1786021200.131,2026-08-06T13:00:00.131000,0.13100004196166992,True,
1786022100.0,2026-08-06T13:15:00,1786022100.007,2026-08-06T13:15:00.007000,0.006999969482421875,True,
1786023000.0,2026-08-06T13:30:00,1786023000.007,2026-08-06T13:30:00.007000,0.006999969482421875,True,
1786023900.0,2026-08-06T13:45:00,1786023900.161,2026-08-06T13:45:00.161000,0.16100001335144043,True,
1786024800.0,2026-08-06T14:00:00,1786024800.243,2026-08-06T14:00:00.243000,0.24300003051757812,True,
1786025700.0,2026-08-06T14:15:00,1786025700.056,2026-08-06T14:15:00.056000,0.0559999942779541,True,
1786026600.0,2026-08-06T14:30:00,1786026600.175,2026-08-06T14:30:00.175000,0.17499995231628418,True,
1786027500.0,2026-08-06T14:45:00,1786027500.107,2026-08-06T14:45:00.107000,0.10700011253356934,True,
1786028400.0,2026-08-06T15:00:00,1786028400.158,2026-08-06T15:00:00.158000,0.15799999237060547,True,
1786029300.0,2026-08-06T15:15:00,1786029300.164,2026-08-06T15:15:00.164000,0.1640000343322754,True,
1786030200.0,2026-08-06T15:30:00,1786030200.053,2026-08-06T15:30:00.053000,0.05299997329711914,True,
1786031100.0,2026-08-06T15:45:00,1786031100.153,2026-08-06T15:45:00.153000,0.1530001163482666,True,
1786032000.0,2026-08-06T16:00:00,1786032000.146,2026-08-06T16:00:00.146000,0.14599990844726562,True,
1786032900.0,2026-08-06T16:15:00,1786032900.152,2026-08-06T16:15:00.152000,0.15199995040893555,True,
1786033800.0,2026-08-06T16:30:00,1786033800.908,2026-08-06T16:30:00.908000,0.9079999923706055,True,
1786034700.0,2026-08-06T16:45:00,1786034700.128,2026-08-06T16:45:00.128000,0.12800002098083496,True,
1786035600.0,2026-08-06T17:00:00,1786039206.165,2026-08-06T18:00:06.165000,3606.164999961853,True,corte_mantenimiento
1786036500.0,2026-08-06T17:15:00,1786039206.165,2026-08-06T18:00:06.165000,2706.164999961853,True,corte_mantenimiento
1786037400.0,2026-08-06T17:30:00,1786039206.165,2026-08-06T18:00:06.165000,1806.164999961853,True,corte_mantenimiento
1786038300.0,2026-08-06T17:45:00,1786039206.165,2026-08-06T18:00:06.165000,906.164999961853,True,corte_mantenimiento
1786039200.0,2026-08-06T18:00:00,1786039206.165,2026-08-06T18:00:06.165000,6.164999961853027,True,
1786040100.0,2026-08-06T18:15:00,1786040100.025,2026-08-06T18:15:00.025000,0.02500009536743164,True,
1786041000.0,2026-08-06T18:30:00,1786041000.07,2026-08-06T18:30:00.070000,0.06999993324279785,True,
1786041900.0,2026-08-06T18:45:00,1786041900.596,2026-08-06T18:45:00.596000,0.5959999561309814,True,
1786042800.0,2026-08-06T19:00:00,1786042800.033,2026-08-06T19:00:00.033000,0.03299999237060547,True,
1786043700.0,2026-08-06T19:15:00,1786043700.201,2026-08-06T19:15:00.201000,0.20099997520446777,True,
1786044600.0,2026-08-06T19:30:00,1786044600.43,2026-08-06T19:30:00.430000,0.43000006675720215,True,
1786045500.0,2026-08-06T19:45:00,1786045500.151,2026-08-06T19:45:00.151000,0.1510000228881836,True,
1786046400.0,2026-08-06T20:00:00,1786046400.222,2026-08-06T20:00:00.222000,0.2219998836517334,True,
1786047300.0,2026-08-06T20:15:00,1786047300.057,2026-08-06T20:15:00.057000,0.056999921798706055,True,
1786048200.0,2026-08-06T20:30:00,1786048200.026,2026-08-06T20:30:00.026000,0.026000022888183594,True,
1786049100.0,2026-08-06T20:45:00,1786049100.42,2026-08-06T20:45:00.420000,0.4200000762939453,True,
1786050000.0,2026-08-06T21:00:00,1786050000.164,2026-08-06T21:00:00.164000,0.1640000343322754,True,
1786050900.0,2026-08-06T21:15:00,1786050900.203,2026-08-06T21:15:00.203000,0.20300006866455078,True,
1786051800.0,2026-08-06T21:30:00,1786051800.176,2026-08-06T21:30:00.176000,0.17600011825561523,True,
1786052700.0,2026-08-06T21:45:00,1786052700.244,2026-08-06T21:45:00.244000,0.24399995803833008,True,
1786053600.0,2026-08-06T22:00:00,1786053600.118,2026-08-06T22:00:00.118000,0.11800003051757812,True,
1786054500.0,2026-08-06T22:15:00,1786054500.573,2026-08-06T22:15:00.573000,0.5729999542236328,True,
1786055400.0,2026-08-06T22:30:00,1786055400.023,2026-08-06T22:30:00.023000,0.023000001907348633,True,
1786056300.0,2026-08-06T22:45:00,1786056300.143,2026-08-06T22:45:00.143000,0.14299988746643066,True,
1786057200.0,2026-08-06T23:00:00,1786057200.06,2026-08-06T23:00:00.060000,0.059999942779541016,True,
1786058100.0,2026-08-06T23:15:00,1786058100.044,2026-08-06T23:15:00.044000,0.04399991035461426,True,
1786059000.0,2026-08-06T23:30:00,1786059000.081,2026-08-06T23:30:00.081000,0.08100008964538574,True,
1786059900.0,2026-08-06T23:45:00,1786059900.089,2026-08-06T23:45:00.089000,0.08899998664855957,True,
1786060800.0,2026-08-07T00:00:00,1786060800.163,2026-08-07T00:00:00.163000,0.16300010681152344,True,
1786061700.0,2026-08-07T00:15:00,1786061700.194,2026-08-07T00:15:00.194000,0.1940000057220459,True,
1786062600.0,2026-08-07T00:30:00,1786062600.056,2026-08-07T00:30:00.056000,0.0559999942779541,True,
1786063500.0,2026-08-07T00:45:00,1786063500.203,2026-08-07T00:45:00.203000,0.20300006866455078,True,
1786064400.0,2026-08-07T01:00:00,1786064400.207,2026-08-07T01:00:00.207000,0.2070000171661377,True,
1786065300.0,2026-08-07T01:15:00,1786065300.238,2026-08-07T01:15:00.238000,0.23799991607666016,True,
1786066200.0,2026-08-07T01:30:00,1786066200.005,2026-08-07T01:30:00.005000,0.005000114440917969,True,
1786067100.0,2026-08-07T01:45:00,1786067101.204,2026-08-07T01:45:01.204000,1.2039999961853027,True,
1786068000.0,2026-08-07T02:00:00,1786068000.406,2026-08-07T02:00:00.406000,0.40599989891052246,True,
1786068900.0,2026-08-07T02:15:00,1786068900.224,2026-08-07T02:15:00.224000,0.2239999771118164,True,
1786069800.0,2026-08-07T02:30:00,1786069800.075,2026-08-07T02:30:00.075000,0.07500004768371582,True,
1786070700.0,2026-08-07T02:45:00,1786070700.072,2026-08-07T02:45:00.072000,0.07200002670288086,True,
1786071600.0,2026-08-07T03:00:00,1786071600.024,2026-08-07T03:00:00.024000,0.023999929428100586,True,
1786072500.0,2026-08-07T03:15:00,1786072500.319,2026-08-07T03:15:00.319000,0.3190000057220459,True,
1786073400.0,2026-08-07T03:30:00,1786073400.179,2026-08-07T03:30:00.179000,0.1789999008178711,True,
1786074300.0,2026-08-07T03:45:00,1786074300.182,2026-08-07T03:45:00.182000,0.18199992179870605,True,
1786075200.0,2026-08-07T04:00:00,1786075200.122,2026-08-07T04:00:00.122000,0.12199997901916504,True,
1786076100.0,2026-08-07T04:15:00,1786076100.062,2026-08-07T04:15:00.062000,0.06200003623962402,True,
1786077000.0,2026-08-07T04:30:00,1786077000.026,2026-08-07T04:30:00.026000,0.026000022888183594,True,
1786077900.0,2026-08-07T04:45:00,1786077900.187,2026-08-07T04:45:00.187000,0.18700003623962402,True,
1786078800.0,2026-08-07T05:00:00,1786078800.153,2026-08-07T05:00:00.153000,0.1530001163482666,True,
1786079700.0,2026-08-07T05:15:00,1786079700.157,2026-08-07T05:15:00.157000,0.15700006484985352,True,
1786080600.0,2026-08-07T05:30:00,1786080600.162,2026-08-07T05:30:00.162000,0.16199994087219238,True,
1786081500.0,2026-08-07T05:45:00,1786081500.199,2026-08-07T05:45:00.199000,0.19899988174438477,True,
1786082400.0,2026-08-07T06:00:00,1786082400.136,2026-08-07T06:00:00.136000,0.1359999179840088,True,
1786083300.0,2026-08-07T06:15:00,1786083300.12,2026-08-07T06:15:00.120000,0.11999988555908203,True,
1786084200.0,2026-08-07T06:30:00,1786084200.187,2026-08-07T06:30:00.187000,0.18700003623962402,True,
1786085100.0,2026-08-07T06:45:00,1786085100.168,2026-08-07T06:45:00.168000,0.1679999828338623,True,
1786086000.0,2026-08-07T07:00:00,1786086000.176,2026-08-07T07:00:00.176000,0.17600011825561523,True,
1786086900.0,2026-08-07T07:15:00,1786086900.172,2026-08-07T07:15:00.172000,0.17199993133544922,True,
1786087800.0,2026-08-07T07:30:00,1786087800.066,2026-08-07T07:30:00.066000,0.06599998474121094,True,
1786088700.0,2026-08-07T07:45:00,1786088700.02,2026-08-07T07:45:00.020000,0.019999980926513672,True,
1786089600.0,2026-08-07T08:00:00,1786089600.139,2026-08-07T08:00:00.139000,0.13899993896484375,True,
1786090500.0,2026-08-07T08:15:00,1786090500.328,2026-08-07T08:15:00.328000,0.3280000686645508,True,
1786091400.0,2026-08-07T08:30:00,1786091400.008,2026-08-07T08:30:00.008000,0.007999897003173828,True,
1786092300.0,2026-08-07T08:45:00,1786092300.056,2026-08-07T08:45:00.056000,0.0559999942779541,True,
1786093200.0,2026-08-07T09:00:00,1786093200.017,2026-08-07T09:00:00.017000,0.01699995994567871,True,
1786094100.0,2026-08-07T09:15:00,1786094100.018,2026-08-07T09:15:00.018000,0.017999887466430664,True,
1786095000.0,2026-08-07T09:30:00,1786095000.028,2026-08-07T09:30:00.028000,0.0280001163482666,True,
1786095900.0,2026-08-07T09:45:00,1786095900.031,2026-08-07T09:45:00.031000,0.03099989891052246,True,
1786096800.0,2026-08-07T10:00:00,1786096800.007,2026-08-07T10:00:00.007000,0.006999969482421875,True,
1786097700.0,2026-08-07T10:15:00,1786097700.031,2026-08-07T10:15:00.031000,0.03099989891052246,True,
1786098600.0,2026-08-07T10:30:00,1786098600.148,2026-08-07T10:30:00.148000,0.14800000190734863,True,
1786099500.0,2026-08-07T10:45:00,1786099500.007,2026-08-07T10:45:00.007000,0.006999969482421875,True,
1786100400.0,2026-08-07T11:00:00,1786100400.167,2026-08-07T11:00:00.167000,0.16700005531311035,True,
1786101300.0,2026-08-07T11:15:00,1786101300.012,2026-08-07T11:15:00.012000,0.012000083923339844,True,
1786102200.0,2026-08-07T11:30:00,1786102200.158,2026-08-07T11:30:00.158000,0.15799999237060547,True,
1786103100.0,2026-08-07T11:45:00,1786103100.27,2026-08-07T11:45:00.270000,0.26999998092651367,True,
1786104000.0,2026-08-07T12:00:00,1786104000.118,2026-08-07T12:00:00.118000,0.11800003051757812,True,
1786104900.0,2026-08-07T12:15:00,1786104900.051,2026-08-07T12:15:00.051000,0.051000118255615234,True,
1786105800.0,2026-08-07T12:30:00,1786105800.063,2026-08-07T12:30:00.063000,0.06299996376037598,True,
1786106700.0,2026-08-07T12:45:00,1786106700.19,2026-08-07T12:45:00.190000,0.19000005722045898,True,
1786107600.0,2026-08-07T13:00:00,1786107600.036,2026-08-07T13:00:00.036000,0.03600001335144043,True,
1786108500.0,2026-08-07T13:15:00,1786108500.098,2026-08-07T13:15:00.098000,0.09800004959106445,True,
1786109400.0,2026-08-07T13:30:00,1786109400.008,2026-08-07T13:30:00.008000,0.007999897003173828,True,
1786110300.0,2026-08-07T13:45:00,1786110300.171,2026-08-07T13:45:00.171000,0.17100000381469727,True,
1786111200.0,2026-08-07T14:00:00,1786111200.18,2026-08-07T14:00:00.180000,0.18000006675720215,True,
1786112100.0,2026-08-07T14:15:00,1786112100.166,2026-08-07T14:15:00.166000,0.1659998893737793,True,
1786113000.0,2026-08-07T14:30:00,1786113000.151,2026-08-07T14:30:00.151000,0.1510000228881836,True,
1786113900.0,2026-08-07T14:45:00,1786113900.009,2026-08-07T14:45:00.009000,0.009000062942504883,True,
1786114800.0,2026-08-07T15:00:00,1786114800.007,2026-08-07T15:00:00.007000,0.006999969482421875,True,
1786115700.0,2026-08-07T15:15:00,1786115700.192,2026-08-07T15:15:00.192000,0.1919999122619629,True,
1786116600.0,2026-08-07T15:30:00,1786116600.0,2026-08-07T15:30:00,0.0,True,
1786117500.0,2026-08-07T15:45:00,1786117500.201,2026-08-07T15:45:00.201000,0.20099997520446777,True,
1786118400.0,2026-08-07T16:00:00,1786118400.105,2026-08-07T16:00:00.105000,0.10500001907348633,True,
1786119300.0,2026-08-07T16:15:00,1786119300.193,2026-08-07T16:15:00.193000,0.19300007820129395,True,
1786120200.0,2026-08-07T16:30:00,1786120200.151,2026-08-07T16:30:00.151000,0.1510000228881836,True,
1786121100.0,2026-08-07T16:45:00,1786121100.145,2026-08-07T16:45:00.145000,0.14499998092651367,True,
1786122000.0,2026-08-07T17:00:00,1786298405.894,2026-08-09T18:00:05.894000,176405.8940000534,True,corte_mantenimiento
1786122900.0,2026-08-07T17:15:00,1786298405.894,2026-08-09T18:00:05.894000,175505.8940000534,True,corte_mantenimiento
1786123800.0,2026-08-07T17:30:00,1786298405.894,2026-08-09T18:00:05.894000,174605.8940000534,True,corte_mantenimiento
1786124700.0,2026-08-07T17:45:00,1786298405.894,2026-08-09T18:00:05.894000,173705.8940000534,True,corte_mantenimiento
1786125600.0,2026-08-07T18:00:00,1786298405.894,2026-08-09T18:00:05.894000,172805.8940000534,True,corte_mantenimiento
1786126500.0,2026-08-07T18:15:00,1786298405.894,2026-08-09T18:00:05.894000,171905.8940000534,True,corte_mantenimiento
1786127400.0,2026-08-07T18:30:00,1786298405.894,2026-08-09T18:00:05.894000,171005.8940000534,True,corte_mantenimiento
1786128300.0,2026-08-07T18:45:00,1786298405.894,2026-08-09T18:00:05.894000,170105.8940000534,True,corte_mantenimiento
1786129200.0,2026-08-07T19:00:00,1786298405.894,2026-08-09T18:00:05.894000,169205.8940000534,True,fin_de_semana
1786130100.0,2026-08-07T19:15:00,1786298405.894,2026-08-09T18:00:05.894000,168305.8940000534,True,fin_de_semana
1786131000.0,2026-08-07T19:30:00,1786298405.894,2026-08-09T18:00:05.894000,167405.8940000534,True,fin_de_semana
1786131900.0,2026-08-07T19:45:00,1786298405.894,2026-08-09T18:00:05.894000,166505.8940000534,True,fin_de_semana
1786132800.0,2026-08-07T20:00:00,1786298405.894,2026-08-09T18:00:05.894000,165605.8940000534,True,fin_de_semana
1786133700.0,2026-08-07T20:15:00,1786298405.894,2026-08-09T18:00:05.894000,164705.8940000534,True,fin_de_semana
1786134600.0,2026-08-07T20:30:00,1786298405.894,2026-08-09T18:00:05.894000,163805.8940000534,True,fin_de_semana
1786135500.0,2026-08-07T20:45:00,1786298405.894,2026-08-09T18:00:05.894000,162905.8940000534,True,fin_de_semana
1786136400.0,2026-08-07T21:00:00,1786298405.894,2026-08-09T18:00:05.894000,162005.8940000534,True,fin_de_semana
1786137300.0,2026-08-07T21:15:00,1786298405.894,2026-08-09T18:00:05.894000,161105.8940000534,True,fin_de_semana
1786138200.0,2026-08-07T21:30:00,1786298405.894,2026-08-09T18:00:05.894000,160205.8940000534,True,fin_de_semana
1786139100.0,2026-08-07T21:45:00,1786298405.894,2026-08-09T18:00:05.894000,159305.8940000534,True,fin_de_semana
1786140000.0,2026-08-07T22:00:00,1786298405.894,2026-08-09T18:00:05.894000,158405.8940000534,True,fin_de_semana
1786140900.0,2026-08-07T22:15:00,1786298405.894,2026-08-09T18:00:05.894000,157505.8940000534,True,fin_de_semana
1786141800.0,2026-08-07T22:30:00,1786298405.894,2026-08-09T18:00:05.894000,156605.8940000534,True,fin_de_semana
1786142700.0,2026-08-07T22:45:00,1786298405.894,2026-08-09T18:00:05.894000,155705.8940000534,True,fin_de_semana
1786143600.0,2026-08-07T23:00:00,1786298405.894,2026-08-09T18:00:05.894000,154805.8940000534,True,fin_de_semana
1786144500.0,2026-08-07T23:15:00,1786298405.894,2026-08-09T18:00:05.894000,153905.8940000534,True,fin_de_semana
1786145400.0,2026-08-07T23:30:00,1786298405.894,2026-08-09T18:00:05.894000,153005.8940000534,True,fin_de_semana
1786146300.0,2026-08-07T23:45:00,1786298405.894,2026-08-09T18:00:05.894000,152105.8940000534,True,fin_de_semana
1786147200.0,2026-08-08T00:00:00,1786298405.894,2026-08-09T18:00:05.894000,151205.8940000534,True,fin_de_semana
1786148100.0,2026-08-08T00:15:00,1786298405.894,2026-08-09T18:00:05.894000,150305.8940000534,True,fin_de_semana
1786149000.0,2026-08-08T00:30:00,1786298405.894,2026-08-09T18:00:05.894000,149405.8940000534,True,fin_de_semana
1786149900.0,2026-08-08T00:45:00,1786298405.894,2026-08-09T18:00:05.894000,148505.8940000534,True,fin_de_semana
1786150800.0,2026-08-08T01:00:00,1786298405.894,2026-08-09T18:00:05.894000,147605.8940000534,True,fin_de_semana
1786151700.0,2026-08-08T01:15:00,1786298405.894,2026-08-09T18:00:05.894000,146705.8940000534,True,fin_de_semana
1786152600.0,2026-08-08T01:30:00,1786298405.894,2026-08-09T18:00:05.894000,145805.8940000534,True,fin_de_semana
1786153500.0,2026-08-08T01:45:00,1786298405.894,2026-08-09T18:00:05.894000,144905.8940000534,True,fin_de_semana
1786154400.0,2026-08-08T02:00:00,1786298405.894,2026-08-09T18:00:05.894000,144005.8940000534,True,fin_de_semana
1786155300.0,2026-08-08T02:15:00,1786298405.894,2026-08-09T18:00:05.894000,143105.8940000534,True,fin_de_semana
1786156200.0,2026-08-08T02:30:00,1786298405.894,2026-08-09T18:00:05.894000,142205.8940000534,True,fin_de_semana
1786157100.0,2026-08-08T02:45:00,1786298405.894,2026-08-09T18:00:05.894000,141305.8940000534,True,fin_de_semana
1786158000.0,2026-08-08T03:00:00,1786298405.894,2026-08-09T18:00:05.894000,140405.8940000534,True,fin_de_semana
1786158900.0,2026-08-08T03:15:00,1786298405.894,2026-08-09T18:00:05.894000,139505.8940000534,True,fin_de_semana
1786159800.0,2026-08-08T03:30:00,1786298405.894,2026-08-09T18:00:05.894000,138605.8940000534,True,fin_de_semana
1786160700.0,2026-08-08T03:45:00,1786298405.894,2026-08-09T18:00:05.894000,137705.8940000534,True,fin_de_semana
1786161600.0,2026-08-08T04:00:00,1786298405.894,2026-08-09T18:00:05.894000,136805.8940000534,True,fin_de_semana
1786162500.0,2026-08-08T04:15:00,1786298405.894,2026-08-09T18:00:05.894000,135905.8940000534,True,fin_de_semana
1786163400.0,2026-08-08T04:30:00,1786298405.894,2026-08-09T18:00:05.894000,135005.8940000534,True,fin_de_semana
1786164300.0,2026-08-08T04:45:00,1786298405.894,2026-08-09T18:00:05.894000,134105.8940000534,True,fin_de_semana
1786165200.0,2026-08-08T05:00:00,1786298405.894,2026-08-09T18:00:05.894000,133205.8940000534,True,fin_de_semana
1786166100.0,2026-08-08T05:15:00,1786298405.894,2026-08-09T18:00:05.894000,132305.8940000534,True,fin_de_semana
1786167000.0,2026-08-08T05:30:00,1786298405.894,2026-08-09T18:00:05.894000,131405.8940000534,True,fin_de_semana
1786167900.0,2026-08-08T05:45:00,1786298405.894,2026-08-09T18:00:05.894000,130505.8940000534,True,fin_de_semana
1786168800.0,2026-08-08T06:00:00,1786298405.894,2026-08-09T18:00:05.894000,129605.8940000534,True,fin_de_semana
1786169700.0,2026-08-08T06:15:00,1786298405.894,2026-08-09T18:00:05.894000,128705.8940000534,True,fin_de_semana
1786170600.0,2026-08-08T06:30:00,1786298405.894,2026-08-09T18:00:05.894000,127805.8940000534,True,fin_de_semana
1786171500.0,2026-08-08T06:45:00,1786298405.894,2026-08-09T18:00:05.894000,126905.8940000534,True,fin_de_semana
1786172400.0,2026-08-08T07:00:00,1786298405.894,2026-08-09T18:00:05.894000,126005.8940000534,True,fin_de_semana
1786173300.0,2026-08-08T07:15:00,1786298405.894,2026-08-09T18:00:05.894000,125105.8940000534,True,fin_de_semana
1786174200.0,2026-08-08T07:30:00,1786298405.894,2026-08-09T18:00:05.894000,124205.8940000534,True,fin_de_semana
1786175100.0,2026-08-08T07:45:00,1786298405.894,2026-08-09T18:00:05.894000,123305.8940000534,True,fin_de_semana
1786176000.0,2026-08-08T08:00:00,1786298405.894,2026-08-09T18:00:05.894000,122405.8940000534,True,fin_de_semana
1786176900.0,2026-08-08T08:15:00,1786298405.894,2026-08-09T18:00:05.894000,121505.8940000534,True,fin_de_semana
1786177800.0,2026-08-08T08:30:00,1786298405.894,2026-08-09T18:00:05.894000,120605.8940000534,True,fin_de_semana
1786178700.0,2026-08-08T08:45:00,1786298405.894,2026-08-09T18:00:05.894000,119705.8940000534,True,fin_de_semana
1786179600.0,2026-08-08T09:00:00,1786298405.894,2026-08-09T18:00:05.894000,118805.8940000534,True,fin_de_semana
1786180500.0,2026-08-08T09:15:00,1786298405.894,2026-08-09T18:00:05.894000,117905.8940000534,True,fin_de_semana
1786181400.0,2026-08-08T09:30:00,1786298405.894,2026-08-09T18:00:05.894000,117005.8940000534,True,fin_de_semana
1786182300.0,2026-08-08T09:45:00,1786298405.894,2026-08-09T18:00:05.894000,116105.8940000534,True,fin_de_semana
1786183200.0,2026-08-08T10:00:00,1786298405.894,2026-08-09T18:00:05.894000,115205.8940000534,True,fin_de_semana
1786184100.0,2026-08-08T10:15:00,1786298405.894,2026-08-09T18:00:05.894000,114305.8940000534,True,fin_de_semana
1786185000.0,2026-08-08T10:30:00,1786298405.894,2026-08-09T18:00:05.894000,113405.8940000534,True,fin_de_semana
1786185900.0,2026-08-08T10:45:00,1786298405.894,2026-08-09T18:00:05.894000,112505.8940000534,True,fin_de_semana
1786186800.0,2026-08-08T11:00:00,1786298405.894,2026-08-09T18:00:05.894000,111605.8940000534,True,fin_de_semana
1786187700.0,2026-08-08T11:15:00,1786298405.894,2026-08-09T18:00:05.894000,110705.8940000534,True,fin_de_semana
1786188600.0,2026-08-08T11:30:00,1786298405.894,2026-08-09T18:00:05.894000,109805.8940000534,True,fin_de_semana
1786189500.0,2026-08-08T11:45:00,1786298405.894,2026-08-09T18:00:05.894000,108905.8940000534,True,fin_de_semana
1786190400.0,2026-08-08T12:00:00,1786298405.894,2026-08-09T18:00:05.894000,108005.8940000534,True,fin_de_semana
1786191300.0,2026-08-08T12:15:00,1786298405.894,2026-08-09T18:00:05.894000,107105.8940000534,True,fin_de_semana
1786192200.0,2026-08-08T12:30:00,1786298405.894,2026-08-09T18:00:05.894000,106205.8940000534,True,fin_de_semana
1786193100.0,2026-08-08T12:45:00,1786298405.894,2026-08-09T18:00:05.894000,105305.8940000534,True,fin_de_semana
1786194000.0,2026-08-08T13:00:00,1786298405.894,2026-08-09T18:00:05.894000,104405.8940000534,True,fin_de_semana
1786194900.0,2026-08-08T13:15:00,1786298405.894,2026-08-09T18:00:05.894000,103505.8940000534,True,fin_de_semana
1786195800.0,2026-08-08T13:30:00,1786298405.894,2026-08-09T18:00:05.894000,102605.8940000534,True,fin_de_semana
1786196700.0,2026-08-08T13:45:00,1786298405.894,2026-08-09T18:00:05.894000,101705.8940000534,True,fin_de_semana
1786197600.0,2026-08-08T14:00:00,1786298405.894,2026-08-09T18:00:05.894000,100805.8940000534,True,fin_de_semana
1786198500.0,2026-08-08T14:15:00,1786298405.894,2026-08-09T18:00:05.894000,99905.8940000534,True,fin_de_semana
1786199400.0,2026-08-08T14:30:00,1786298405.894,2026-08-09T18:00:05.894000,99005.8940000534,True,fin_de_semana
1786200300.0,2026-08-08T14:45:00,1786298405.894,2026-08-09T18:00:05.894000,98105.8940000534,True,fin_de_semana
1786201200.0,2026-08-08T15:00:00,1786298405.894,2026-08-09T18:00:05.894000,97205.8940000534,True,fin_de_semana
1786202100.0,2026-08-08T15:15:00,1786298405.894,2026-08-09T18:00:05.894000,96305.8940000534,True,fin_de_semana
1786203000.0,2026-08-08T15:30:00,1786298405.894,2026-08-09T18:00:05.894000,95405.8940000534,True,fin_de_semana
1786203900.0,2026-08-08T15:45:00,1786298405.894,2026-08-09T18:00:05.894000,94505.8940000534,True,fin_de_semana
1786204800.0,2026-08-08T16:00:00,1786298405.894,2026-08-09T18:00:05.894000,93605.8940000534,True,fin_de_semana
1786205700.0,2026-08-08T16:15:00,1786298405.894,2026-08-09T18:00:05.894000,92705.8940000534,True,fin_de_semana
1786206600.0,2026-08-08T16:30:00,1786298405.894,2026-08-09T18:00:05.894000,91805.8940000534,True,fin_de_semana
1786207500.0,2026-08-08T16:45:00,1786298405.894,2026-08-09T18:00:05.894000,90905.8940000534,True,fin_de_semana
1786208400.0,2026-08-08T17:00:00,1786298405.894,2026-08-09T18:00:05.894000,90005.8940000534,True,fin_de_semana
1786209300.0,2026-08-08T17:15:00,1786298405.894,2026-08-09T18:00:05.894000,89105.8940000534,True,fin_de_semana
1786210200.0,2026-08-08T17:30:00,1786298405.894,2026-08-09T18:00:05.894000,88205.8940000534,True,fin_de_semana
1786211100.0,2026-08-08T17:45:00,1786298405.894,2026-08-09T18:00:05.894000,87305.8940000534,True,fin_de_semana
1786212000.0,2026-08-08T18:00:00,1786298405.894,2026-08-09T18:00:05.894000,86405.8940000534,True,fin_de_semana
1786212900.0,2026-08-08T18:15:00,1786298405.894,2026-08-09T18:00:05.894000,85505.8940000534,True,fin_de_semana
1786213800.0,2026-08-08T18:30:00,1786298405.894,2026-08-09T18:00:05.894000,84605.8940000534,True,fin_de_semana
1786214700.0,2026-08-08T18:45:00,1786298405.894,2026-08-09T18:00:05.894000,83705.8940000534,True,fin_de_semana
1786215600.0,2026-08-08T19:00:00,1786298405.894,2026-08-09T18:00:05.894000,82805.8940000534,True,fin_de_semana
1786216500.0,2026-08-08T19:15:00,1786298405.894,2026-08-09T18:00:05.894000,81905.8940000534,True,fin_de_semana
1786217400.0,2026-08-08T19:30:00,1786298405.894,2026-08-09T18:00:05.894000,81005.8940000534,True,fin_de_semana
1786218300.0,2026-08-08T19:45:00,1786298405.894,2026-08-09T18:00:05.894000,80105.8940000534,True,fin_de_semana
1786219200.0,2026-08-08T20:00:00,1786298405.894,2026-08-09T18:00:05.894000,79205.8940000534,True,fin_de_semana
1786220100.0,2026-08-08T20:15:00,1786298405.894,2026-08-09T18:00:05.894000,78305.8940000534,True,fin_de_semana
1786221000.0,2026-08-08T20:30:00,1786298405.894,2026-08-09T18:00:05.894000,77405.8940000534,True,fin_de_semana
1786221900.0,2026-08-08T20:45:00,1786298405.894,2026-08-09T18:00:05.894000,76505.8940000534,True,fin_de_semana
1786222800.0,2026-08-08T21:00:00,1786298405.894,2026-08-09T18:00:05.894000,75605.8940000534,True,fin_de_semana
1786223700.0,2026-08-08T21:15:00,1786298405.894,2026-08-09T18:00:05.894000,74705.8940000534,True,fin_de_semana
1786224600.0,2026-08-08T21:30:00,1786298405.894,2026-08-09T18:00:05.894000,73805.8940000534,True,fin_de_semana
1786225500.0,2026-08-08T21:45:00,1786298405.894,2026-08-09T18:00:05.894000,72905.8940000534,True,fin_de_semana
1786226400.0,2026-08-08T22:00:00,1786298405.894,2026-08-09T18:00:05.894000,72005.8940000534,True,fin_de_semana
1786227300.0,2026-08-08T22:15:00,1786298405.894,2026-08-09T18:00:05.894000,71105.8940000534,True,fin_de_semana
1786228200.0,2026-08-08T22:30:00,1786298405.894,2026-08-09T18:00:05.894000,70205.8940000534,True,fin_de_semana
1786229100.0,2026-08-08T22:45:00,1786298405.894,2026-08-09T18:00:05.894000,69305.8940000534,True,fin_de_semana
1786230000.0,2026-08-08T23:00:00,1786298405.894,2026-08-09T18:00:05.894000,68405.8940000534,True,fin_de_semana
1786230900.0,2026-08-08T23:15:00,1786298405.894,2026-08-09T18:00:05.894000,67505.8940000534,True,fin_de_semana
1786231800.0,2026-08-08T23:30:00,1786298405.894,2026-08-09T18:00:05.894000,66605.8940000534,True,fin_de_semana
1786232700.0,2026-08-08T23:45:00,1786298405.894,2026-08-09T18:00:05.894000,65705.8940000534,True,fin_de_semana
1786233600.0,2026-08-09T00:00:00,1786298405.894,2026-08-09T18:00:05.894000,64805.894000053406,True,fin_de_semana
1786234500.0,2026-08-09T00:15:00,1786298405.894,2026-08-09T18:00:05.894000,63905.894000053406,True,fin_de_semana
1786235400.0,2026-08-09T00:30:00,1786298405.894,2026-08-09T18:00:05.894000,63005.894000053406,True,fin_de_semana
1786236300.0,2026-08-09T00:45:00,1786298405.894,2026-08-09T18:00:05.894000,62105.894000053406,True,fin_de_semana
1786237200.0,2026-08-09T01:00:00,1786298405.894,2026-08-09T18:00:05.894000,61205.894000053406,True,fin_de_semana
1786238100.0,2026-08-09T01:15:00,1786298405.894,2026-08-09T18:00:05.894000,60305.894000053406,True,fin_de_semana
1786239000.0,2026-08-09T01:30:00,1786298405.894,2026-08-09T18:00:05.894000,59405.894000053406,True,fin_de_semana
1786239900.0,2026-08-09T01:45:00,1786298405.894,2026-08-09T18:00:05.894000,58505.894000053406,True,fin_de_semana
1786240800.0,2026-08-09T02:00:00,1786298405.894,2026-08-09T18:00:05.894000,57605.894000053406,True,fin_de_semana
1786241700.0,2026-08-09T02:15:00,1786298405.894,2026-08-09T18:00:05.894000,56705.894000053406,True,fin_de_semana
1786242600.0,2026-08-09T02:30:00,1786298405.894,2026-08-09T18:00:05.894000,55805.894000053406,True,fin_de_semana
1786243500.0,2026-08-09T02:45:00,1786298405.894,2026-08-09T18:00:05.894000,54905.894000053406,True,fin_de_semana
1786244400.0,2026-08-09T03:00:00,1786298405.894,2026-08-09T18:00:05.894000,54005.894000053406,True,fin_de_semana
1786245300.0,2026-08-09T03:15:00,1786298405.894,2026-08-09T18:00:05.894000,53105.894000053406,True,fin_de_semana
1786246200.0,2026-08-09T03:30:00,1786298405.894,2026-08-09T18:00:05.894000,52205.894000053406,True,fin_de_semana
1786247100.0,2026-08-09T03:45:00,1786298405.894,2026-08-09T18:00:05.894000,51305.894000053406,True,fin_de_semana
1786248000.0,2026-08-09T04:00:00,1786298405.894,2026-08-09T18:00:05.894000,50405.894000053406,True,fin_de_semana
1786248900.0,2026-08-09T04:15:00,1786298405.894,2026-08-09T18:00:05.894000,49505.894000053406,True,fin_de_semana
1786249800.0,2026-08-09T04:30:00,1786298405.894,2026-08-09T18:00:05.894000,48605.894000053406,True,fin_de_semana
1786250700.0,2026-08-09T04:45:00,1786298405.894,2026-08-09T18:00:05.894000,47705.894000053406,True,fin_de_semana
1786251600.0,2026-08-09T05:00:00,1786298405.894,2026-08-09T18:00:05.894000,46805.894000053406,True,fin_de_semana
1786252500.0,2026-08-09T05:15:00,1786298405.894,2026-08-09T18:00:05.894000,45905.894000053406,True,fin_de_semana
1786253400.0,2026-08-09T05:30:00,1786298405.894,2026-08-09T18:00:05.894000,45005.894000053406,True,fin_de_semana
1786254300.0,2026-08-09T05:45:00,1786298405.894,2026-08-09T18:00:05.894000,44105.894000053406,True,fin_de_semana
1786255200.0,2026-08-09T06:00:00,1786298405.894,2026-08-09T18:00:05.894000,43205.894000053406,True,fin_de_semana
1786256100.0,2026-08-09T06:15:00,1786298405.894,2026-08-09T18:00:05.894000,42305.894000053406,True,fin_de_semana
1786257000.0,2026-08-09T06:30:00,1786298405.894,2026-08-09T18:00:05.894000,41405.894000053406,True,fin_de_semana
1786257900.0,2026-08-09T06:45:00,1786298405.894,2026-08-09T18:00:05.894000,40505.894000053406,True,fin_de_semana
1786258800.0,2026-08-09T07:00:00,1786298405.894,2026-08-09T18:00:05.894000,39605.894000053406,True,fin_de_semana
1786259700.0,2026-08-09T07:15:00,1786298405.894,2026-08-09T18:00:05.894000,38705.894000053406,True,fin_de_semana
1786260600.0,2026-08-09T07:30:00,1786298405.894,2026-08-09T18:00:05.894000,37805.894000053406,True,fin_de_semana
1786261500.0,2026-08-09T07:45:00,1786298405.894,2026-08-09T18:00:05.894000,36905.894000053406,True,fin_de_semana
1786262400.0,2026-08-09T08:00:00,1786298405.894,2026-08-09T18:00:05.894000,36005.894000053406,True,fin_de_semana
1786263300.0,2026-08-09T08:15:00,1786298405.894,2026-08-09T18:00:05.894000,35105.894000053406,True,fin_de_semana
1786264200.0,2026-08-09T08:30:00,1786298405.894,2026-08-09T18:00:05.894000,34205.894000053406,True,fin_de_semana
1786265100.0,2026-08-09T08:45:00,1786298405.894,2026-08-09T18:00:05.894000,33305.894000053406,True,fin_de_semana
1786266000.0,2026-08-09T09:00:00,1786298405.894,2026-08-09T18:00:05.894000,32405.894000053406,True,fin_de_semana
1786266900.0,2026-08-09T09:15:00,1786298405.894,2026-08-09T18:00:05.894000,31505.894000053406,True,fin_de_semana
1786267800.0,2026-08-09T09:30:00,1786298405.894,2026-08-09T18:00:05.894000,30605.894000053406,True,fin_de_semana
1786268700.0,2026-08-09T09:45:00,1786298405.894,2026-08-09T18:00:05.894000,29705.894000053406,True,fin_de_semana
1786269600.0,2026-08-09T10:00:00,1786298405.894,2026-08-09T18:00:05.894000,28805.894000053406,True,fin_de_semana
1786270500.0,2026-08-09T10:15:00,1786298405.894,2026-08-09T18:00:05.894000,27905.894000053406,True,fin_de_semana
1786271400.0,2026-08-09T10:30:00,1786298405.894,2026-08-09T18:00:05.894000,27005.894000053406,True,fin_de_semana
1786272300.0,2026-08-09T10:45:00,1786298405.894,2026-08-09T18:00:05.894000,26105.894000053406,True,fin_de_semana
1786273200.0,2026-08-09T11:00:00,1786298405.894,2026-08-09T18:00:05.894000,25205.894000053406,True,fin_de_semana
1786274100.0,2026-08-09T11:15:00,1786298405.894,2026-08-09T18:00:05.894000,24305.894000053406,True,fin_de_semana
1786275000.0,2026-08-09T11:30:00,1786298405.894,2026-08-09T18:00:05.894000,23405.894000053406,True,fin_de_semana
1786275900.0,2026-08-09T11:45:00,1786298405.894,2026-08-09T18:00:05.894000,22505.894000053406,True,fin_de_semana
1786276800.0,2026-08-09T12:00:00,1786298405.894,2026-08-09T18:00:05.894000,21605.894000053406,True,fin_de_semana
1786277700.0,2026-08-09T12:15:00,1786298405.894,2026-08-09T18:00:05.894000,20705.894000053406,True,fin_de_semana
1786278600.0,2026-08-09T12:30:00,1786298405.894,2026-08-09T18:00:05.894000,19805.894000053406,True,fin_de_semana
1786279500.0,2026-08-09T12:45:00,1786298405.894,2026-08-09T18:00:05.894000,18905.894000053406,True,fin_de_semana
1786280400.0,2026-08-09T13:00:00,1786298405.894,2026-08-09T18:00:05.894000,18005.894000053406,True,fin_de_semana
1786281300.0,2026-08-09T13:15:00,1786298405.894,2026-08-09T18:00:05.894000,17105.894000053406,True,fin_de_semana
1786282200.0,2026-08-09T13:30:00,1786298405.894,2026-08-09T18:00:05.894000,16205.894000053406,True,fin_de_semana
1786283100.0,2026-08-09T13:45:00,1786298405.894,2026-08-09T18:00:05.894000,15305.894000053406,True,fin_de_semana
1786284000.0,2026-08-09T14:00:00,1786298405.894,2026-08-09T18:00:05.894000,14405.894000053406,True,fin_de_semana
1786284900.0,2026-08-09T14:15:00,1786298405.894,2026-08-09T18:00:05.894000,13505.894000053406,True,fin_de_semana
1786285800.0,2026-08-09T14:30:00,1786298405.894,2026-08-09T18:00:05.894000,12605.894000053406,True,fin_de_semana
1786286700.0,2026-08-09T14:45:00,1786298405.894,2026-08-09T18:00:05.894000,11705.894000053406,True,fin_de_semana
1786287600.0,2026-08-09T15:00:00,1786298405.894,2026-08-09T18:00:05.894000,10805.894000053406,True,fin_de_semana
1786288500.0,2026-08-09T15:15:00,1786298405.894,2026-08-09T18:00:05.894000,9905.894000053406,True,fin_de_semana
1786289400.0,2026-08-09T15:30:00,1786298405.894,2026-08-09T18:00:05.894000,9005.894000053406,True,fin_de_semana
1786290300.0,2026-08-09T15:45:00,1786298405.894,2026-08-09T18:00:05.894000,8105.894000053406,True,fin_de_semana
1786291200.0,2026-08-09T16:00:00,1786298405.894,2026-08-09T18:00:05.894000,7205.894000053406,True,fin_de_semana
1786292100.0,2026-08-09T16:15:00,1786298405.894,2026-08-09T18:00:05.894000,6305.894000053406,True,fin_de_semana
1786293000.0,2026-08-09T16:30:00,1786298405.894,2026-08-09T18:00:05.894000,5405.894000053406,True,fin_de_semana
1786293900.0,2026-08-09T16:45:00,1786298405.894,2026-08-09T18:00:05.894000,4505.894000053406,True,fin_de_semana
1786294800.0,2026-08-09T17:00:00,1786298405.894,2026-08-09T18:00:05.894000,3605.8940000534058,True,fin_de_semana
1786295700.0,2026-08-09T17:15:00,1786298405.894,2026-08-09T18:00:05.894000,2705.8940000534058,True,fin_de_semana
1786296600.0,2026-08-09T17:30:00,1786298405.894,2026-08-09T18:00:05.894000,1805.8940000534058,True,fin_de_semana
1786297500.0,2026-08-09T17:45:00,1786298405.894,2026-08-09T18:00:05.894000,905.8940000534058,True,fin_de_semana
1786298400.0,2026-08-09T18:00:00,1786298405.894,2026-08-09T18:00:05.894000,5.894000053405762,True,
1786299300.0,2026-08-09T18:15:00,1786299300.12,2026-08-09T18:15:00.120000,0.11999988555908203,True,
1786300200.0,2026-08-09T18:30:00,1786300200.235,2026-08-09T18:30:00.235000,0.2349998950958252,True,
1786301100.0,2026-08-09T18:45:00,1786301100.114,2026-08-09T18:45:00.114000,0.11400008201599121,True,
1786302000.0,2026-08-09T19:00:00,1786302000.147,2026-08-09T19:00:00.147000,0.14700007438659668,True,
1786302900.0,2026-08-09T19:15:00,1786302900.242,2026-08-09T19:15:00.242000,0.24200010299682617,True,
1786303800.0,2026-08-09T19:30:00,1786303800.189,2026-08-09T19:30:00.189000,0.18899989128112793,True,
1786304700.0,2026-08-09T19:45:00,1786304700.355,2026-08-09T19:45:00.355000,0.35500001907348633,True,
1786305600.0,2026-08-09T20:00:00,1786305600.038,2026-08-09T20:00:00.038000,0.03800010681152344,True,
1786306500.0,2026-08-09T20:15:00,1786306500.117,2026-08-09T20:15:00.117000,0.11700010299682617,True,
1786307400.0,2026-08-09T20:30:00,1786307400.087,2026-08-09T20:30:00.087000,0.08699989318847656,True,
1786308300.0,2026-08-09T20:45:00,1786308300.261,2026-08-09T20:45:00.261000,0.2609999179840088,True,
1786309200.0,2026-08-09T21:00:00,1786309200.02,2026-08-09T21:00:00.020000,0.019999980926513672,True,
1786310100.0,2026-08-09T21:15:00,1786310100.017,2026-08-09T21:15:00.017000,0.01699995994567871,True,
1786311000.0,2026-08-09T21:30:00,1786311000.026,2026-08-09T21:30:00.026000,0.026000022888183594,True,
1786311900.0,2026-08-09T21:45:00,1786311900.217,2026-08-09T21:45:00.217000,0.21700000762939453,True,
1786312800.0,2026-08-09T22:00:00,1786312800.181,2026-08-09T22:00:00.181000,0.1809999942779541,True,
1786313700.0,2026-08-09T22:15:00,1786313700.255,2026-08-09T22:15:00.255000,0.25500011444091797,True,
1786314600.0,2026-08-09T22:30:00,1786314600.243,2026-08-09T22:30:00.243000,0.24300003051757812,True,
1786315500.0,2026-08-09T22:45:00,1786315500.0,2026-08-09T22:45:00,0.0,True,
1786316400.0,2026-08-09T23:00:00,1786316400.176,2026-08-09T23:00:00.176000,0.17600011825561523,True,
1786317300.0,2026-08-09T23:15:00,1786317300.048,2026-08-09T23:15:00.048000,0.04800009727478027,True,
1786318200.0,2026-08-09T23:30:00,1786318200.232,2026-08-09T23:30:00.232000,0.23200011253356934,True,
1786319100.0,2026-08-09T23:45:00,1786319100.144,2026-08-09T23:45:00.144000,0.14400005340576172,True,
1786320000.0,2026-08-10T00:00:00,1786320000.38,2026-08-10T00:00:00.380000,0.38000011444091797,True,
1786320900.0,2026-08-10T00:15:00,1786320900.251,2026-08-10T00:15:00.251000,0.25099992752075195,True,
1786321800.0,2026-08-10T00:30:00,1786321800.201,2026-08-10T00:30:00.201000,0.20099997520446777,True,
1786322700.0,2026-08-10T00:45:00,1786322700.012,2026-08-10T00:45:00.012000,0.012000083923339844,True,
1786323600.0,2026-08-10T01:00:00,1786323600.22,2026-08-10T01:00:00.220000,0.2200000286102295,True,
1786324500.0,2026-08-10T01:15:00,1786324500.328,2026-08-10T01:15:00.328000,0.3280000686645508,True,
1786325400.0,2026-08-10T01:30:00,1786325400.183,2026-08-10T01:30:00.183000,0.1830000877380371,True,
1786326300.0,2026-08-10T01:45:00,1786326300.17,2026-08-10T01:45:00.170000,0.1700000762939453,True,
1786327200.0,2026-08-10T02:00:00,1786327200.216,2026-08-10T02:00:00.216000,0.21600008010864258,True,
1786328100.0,2026-08-10T02:15:00,1786328100.737,2026-08-10T02:15:00.737000,0.7369999885559082,True,
1786329000.0,2026-08-10T02:30:00,1786329000.085,2026-08-10T02:30:00.085000,0.08500003814697266,True,
1786329900.0,2026-08-10T02:45:00,1786329900.121,2026-08-10T02:45:00.121000,0.12100005149841309,True,
1786330800.0,2026-08-10T03:00:00,1786330800.009,2026-08-10T03:00:00.009000,0.009000062942504883,True,
1786331700.0,2026-08-10T03:15:00,1786331700.292,2026-08-10T03:15:00.292000,0.29200005531311035,True,
1786332600.0,2026-08-10T03:30:00,1786332600.021,2026-08-10T03:30:00.021000,0.020999908447265625,True,
1786333500.0,2026-08-10T03:45:00,1786333500.158,2026-08-10T03:45:00.158000,0.15799999237060547,True,
1786334400.0,2026-08-10T04:00:00,1786334400.15,2026-08-10T04:00:00.150000,0.15000009536743164,True,
1786335300.0,2026-08-10T04:15:00,1786335300.082,2026-08-10T04:15:00.082000,0.0820000171661377,True,
1786336200.0,2026-08-10T04:30:00,1786336200.057,2026-08-10T04:30:00.057000,0.056999921798706055,True,
1786337100.0,2026-08-10T04:45:00,1786337100.189,2026-08-10T04:45:00.189000,0.18899989128112793,True,
1786338000.0,2026-08-10T05:00:00,1786338000.013,2026-08-10T05:00:00.013000,0.013000011444091797,True,
1786338900.0,2026-08-10T05:15:00,1786338900.11,2026-08-10T05:15:00.110000,0.1099998950958252,True,
1786339800.0,2026-08-10T05:30:00,1786339800.178,2026-08-10T05:30:00.178000,0.17799997329711914,True,
1786340700.0,2026-08-10T05:45:00,1786340700.181,2026-08-10T05:45:00.181000,0.1809999942779541,True,
1786341600.0,2026-08-10T06:00:00,1786341600.01,2026-08-10T06:00:00.010000,0.009999990463256836,True,
1786342500.0,2026-08-10T06:15:00,1786342500.022,2026-08-10T06:15:00.022000,0.02200007438659668,True,
1786343400.0,2026-08-10T06:30:00,1786343400.019,2026-08-10T06:30:00.019000,0.01900005340576172,True,
1786344300.0,2026-08-10T06:45:00,1786344300.042,2026-08-10T06:45:00.042000,0.04200005531311035,True,
1786345200.0,2026-08-10T07:00:00,1786345200.143,2026-08-10T07:00:00.143000,0.14299988746643066,True,
1786346100.0,2026-08-10T07:15:00,1786346100.107,2026-08-10T07:15:00.107000,0.10700011253356934,True,
1786347000.0,2026-08-10T07:30:00,1786347000.007,2026-08-10T07:30:00.007000,0.006999969482421875,True,
1786347900.0,2026-08-10T07:45:00,1786347900.091,2026-08-10T07:45:00.091000,0.09100008010864258,True,
1786348800.0,2026-08-10T08:00:00,1786348800.141,2026-08-10T08:00:00.141000,0.14100003242492676,True,
1786349700.0,2026-08-10T08:15:00,1786349700.113,2026-08-10T08:15:00.113000,0.11299991607666016,True,
1786350600.0,2026-08-10T08:30:00,1786350600.145,2026-08-10T08:30:00.145000,0.14499998092651367,True,
1786351500.0,2026-08-10T08:45:00,1786351500.005,2026-08-10T08:45:00.005000,0.005000114440917969,True,
1786352400.0,2026-08-10T09:00:00,1786352400.134,2026-08-10T09:00:00.134000,0.13400006294250488,True,
1786353300.0,2026-08-10T09:15:00,1786353300.126,2026-08-10T09:15:00.126000,0.12599992752075195,True,
1786354200.0,2026-08-10T09:30:00,1786354200.099,2026-08-10T09:30:00.099000,0.0989999771118164,True,
1786355100.0,2026-08-10T09:45:00,1786355100.138,2026-08-10T09:45:00.138000,0.1380000114440918,True,
1786356000.0,2026-08-10T10:00:00,1786356000.042,2026-08-10T10:00:00.042000,0.04200005531311035,True,
1786356900.0,2026-08-10T10:15:00,1786356900.003,2026-08-10T10:15:00.003000,0.003000020980834961,True,
1786357800.0,2026-08-10T10:30:00,1786357800.072,2026-08-10T10:30:00.072000,0.07200002670288086,True,
1786358700.0,2026-08-10T10:45:00,1786358700.186,2026-08-10T10:45:00.186000,0.18600010871887207,True,
1786359600.0,2026-08-10T11:00:00,1786359600.116,2026-08-10T11:00:00.116000,0.11599993705749512,True,
1786360500.0,2026-08-10T11:15:00,1786360500.038,2026-08-10T11:15:00.038000,0.03800010681152344,True,
1786361400.0,2026-08-10T11:30:00,1786361400.05,2026-08-10T11:30:00.050000,0.04999995231628418,True,
1786362300.0,2026-08-10T11:45:00,1786362300.26,2026-08-10T11:45:00.260000,0.25999999046325684,True,
1786363200.0,2026-08-10T12:00:00,1786363200.264,2026-08-10T12:00:00.264000,0.26399993896484375,True,
1786364100.0,2026-08-10T12:15:00,1786364100.281,2026-08-10T12:15:00.281000,0.28099989891052246,True,
1786365000.0,2026-08-10T12:30:00,1786365000.152,2026-08-10T12:30:00.152000,0.15199995040893555,True,
1786365900.0,2026-08-10T12:45:00,1786365900.256,2026-08-10T12:45:00.256000,0.2560000419616699,True,
1786366800.0,2026-08-10T13:00:00,1786366800.209,2026-08-10T13:00:00.209000,0.2090001106262207,True,
1786367700.0,2026-08-10T13:15:00,1786367700.153,2026-08-10T13:15:00.153000,0.1530001163482666,True,
1786368600.0,2026-08-10T13:30:00,1786368600.06,2026-08-10T13:30:00.060000,0.059999942779541016,True,
1786369500.0,2026-08-10T13:45:00,1786369500.017,2026-08-10T13:45:00.017000,0.01699995994567871,True,
1786370400.0,2026-08-10T14:00:00,1786370400.143,2026-08-10T14:00:00.143000,0.14299988746643066,True,
1786371300.0,2026-08-10T14:15:00,1786371300.283,2026-08-10T14:15:00.283000,0.28299999237060547,True,
1786372200.0,2026-08-10T14:30:00,1786372200.14,2026-08-10T14:30:00.140000,0.1400001049041748,True,
1786373100.0,2026-08-10T14:45:00,1786373100.224,2026-08-10T14:45:00.224000,0.2239999771118164,True,
1786374000.0,2026-08-10T15:00:00,1786374000.012,2026-08-10T15:00:00.012000,0.012000083923339844,True,
1786374900.0,2026-08-10T15:15:00,1786374900.009,2026-08-10T15:15:00.009000,0.009000062942504883,True,
1786375800.0,2026-08-10T15:30:00,1786375800.146,2026-08-10T15:30:00.146000,0.14599990844726562,True,
1786376700.0,2026-08-10T15:45:00,1786376700.003,2026-08-10T15:45:00.003000,0.003000020980834961,True,
1786377600.0,2026-08-10T16:00:00,1786377600.037,2026-08-10T16:00:00.037000,0.03699994087219238,True,
1786378500.0,2026-08-10T16:15:00,1786378500.171,2026-08-10T16:15:00.171000,0.17100000381469727,True,
1786379400.0,2026-08-10T16:30:00,1786379400.45,2026-08-10T16:30:00.450000,0.4500000476837158,True,
1786380300.0,2026-08-10T16:45:00,1786380300.147,2026-08-10T16:45:00.147000,0.14700007438659668,True,
1786381200.0,2026-08-10T17:00:00,1786384806.138,2026-08-10T18:00:06.138000,3606.138000011444,True,corte_mantenimiento
1786382100.0,2026-08-10T17:15:00,1786384806.138,2026-08-10T18:00:06.138000,2706.138000011444,True,corte_mantenimiento
1786383000.0,2026-08-10T17:30:00,1786384806.138,2026-08-10T18:00:06.138000,1806.138000011444,True,corte_mantenimiento
1786383900.0,2026-08-10T17:45:00,1786384806.138,2026-08-10T18:00:06.138000,906.1380000114441,True,corte_mantenimiento
1786384800.0,2026-08-10T18:00:00,1786384806.138,2026-08-10T18:00:06.138000,6.138000011444092,True,
1786385700.0,2026-08-10T18:15:00,1786385700.014,2026-08-10T18:15:00.014000,0.01399993896484375,True,
1786386600.0,2026-08-10T18:30:00,1786386600.771,2026-08-10T18:30:00.771000,0.7709999084472656,True,
1786387500.0,2026-08-10T18:45:00,1786387500.146,2026-08-10T18:45:00.146000,0.14599990844726562,True,
1786388400.0,2026-08-10T19:00:00,1786388400.004,2026-08-10T19:00:00.004000,0.003999948501586914,True,
1786389300.0,2026-08-10T19:15:00,1786389300.194,2026-08-10T19:15:00.194000,0.1940000057220459,True,
1786390200.0,2026-08-10T19:30:00,1786390200.184,2026-08-10T19:30:00.184000,0.18400001525878906,True,
1786391100.0,2026-08-10T19:45:00,1786391100.437,2026-08-10T19:45:00.437000,0.437000036239624,True,
1786392000.0,2026-08-10T20:00:00,1786392000.192,2026-08-10T20:00:00.192000,0.1919999122619629,True,
1786392900.0,2026-08-10T20:15:00,1786392900.044,2026-08-10T20:15:00.044000,0.04399991035461426,True,
1786393800.0,2026-08-10T20:30:00,1786393800.238,2026-08-10T20:30:00.238000,0.23799991607666016,True,
1786394700.0,2026-08-10T20:45:00,1786394700.097,2026-08-10T20:45:00.097000,0.0969998836517334,True,
1786395600.0,2026-08-10T21:00:00,1786395600.105,2026-08-10T21:00:00.105000,0.10500001907348633,True,
1786396500.0,2026-08-10T21:15:00,1786396500.018,2026-08-10T21:15:00.018000,0.017999887466430664,True,
1786397400.0,2026-08-10T21:30:00,1786397400.15,2026-08-10T21:30:00.150000,0.15000009536743164,True,
1786398300.0,2026-08-10T21:45:00,1786398300.194,2026-08-10T21:45:00.194000,0.1940000057220459,True,
1786399200.0,2026-08-10T22:00:00,1786399200.068,2026-08-10T22:00:00.068000,0.06800007820129395,True,
1786400100.0,2026-08-10T22:15:00,1786400100.01,2026-08-10T22:15:00.010000,0.009999990463256836,True,
1786401000.0,2026-08-10T22:30:00,1786401000.177,2026-08-10T22:30:00.177000,0.1770000457763672,True,
1786401900.0,2026-08-10T22:45:00,1786401900.214,2026-08-10T22:45:00.214000,0.21399998664855957,True,
1786402800.0,2026-08-10T23:00:00,1786402800.155,2026-08-10T23:00:00.155000,0.1549999713897705,True,
1786403700.0,2026-08-10T23:15:00,1786403700.082,2026-08-10T23:15:00.082000,0.0820000171661377,True,
1786404600.0,2026-08-10T23:30:00,1786404600.212,2026-08-10T23:30:00.212000,0.21199989318847656,True,
1786405500.0,2026-08-10T23:45:00,1786405500.145,2026-08-10T23:45:00.145000,0.14499998092651367,True,
1786406400.0,2026-08-11T00:00:00,1786406400.117,2026-08-11T00:00:00.117000,0.11700010299682617,True,
1786407300.0,2026-08-11T00:15:00,1786407300.424,2026-08-11T00:15:00.424000,0.4240000247955322,True,
1786408200.0,2026-08-11T00:30:00,1786408200.153,2026-08-11T00:30:00.153000,0.1530001163482666,True,
1786409100.0,2026-08-11T00:45:00,1786409101.239,2026-08-11T00:45:01.239000,1.2390000820159912,True,
1786410000.0,2026-08-11T01:00:00,1786410000.183,2026-08-11T01:00:00.183000,0.1830000877380371,True,
1786410900.0,2026-08-11T01:15:00,1786410900.428,2026-08-11T01:15:00.428000,0.42799997329711914,True,
1786411800.0,2026-08-11T01:30:00,1786411800.004,2026-08-11T01:30:00.004000,0.003999948501586914,True,
1786412700.0,2026-08-11T01:45:00,1786412700.357,2026-08-11T01:45:00.357000,0.35700011253356934,True,
1786413600.0,2026-08-11T02:00:00,1786413600.023,2026-08-11T02:00:00.023000,0.023000001907348633,True,
1786414500.0,2026-08-11T02:15:00,1786414500.178,2026-08-11T02:15:00.178000,0.17799997329711914,True,
1786415400.0,2026-08-11T02:30:00,1786415400.069,2026-08-11T02:30:00.069000,0.0690000057220459,True,
1786416300.0,2026-08-11T02:45:00,1786416300.148,2026-08-11T02:45:00.148000,0.14800000190734863,True,
1786417200.0,2026-08-11T03:00:00,1786417200.028,2026-08-11T03:00:00.028000,0.0280001163482666,True,
1786418100.0,2026-08-11T03:15:00,1786418100.026,2026-08-11T03:15:00.026000,0.026000022888183594,True,
1786419000.0,2026-08-11T03:30:00,1786419000.265,2026-08-11T03:30:00.265000,0.2650001049041748,True,
1786419900.0,2026-08-11T03:45:00,1786419900.032,2026-08-11T03:45:00.032000,0.032000064849853516,True,
1786420800.0,2026-08-11T04:00:00,1786420800.02,2026-08-11T04:00:00.020000,0.019999980926513672,True,
1786421700.0,2026-08-11T04:15:00,1786421701.676,2026-08-11T04:15:01.676000,1.6760001182556152,True,
1786422600.0,2026-08-11T04:30:00,1786422600.142,2026-08-11T04:30:00.142000,0.1419999599456787,True,
1786423500.0,2026-08-11T04:45:00,1786423500.198,2026-08-11T04:45:00.198000,0.1979999542236328,True,
1786424400.0,2026-08-11T05:00:00,1786424400.162,2026-08-11T05:00:00.162000,0.16199994087219238,True,
1786425300.0,2026-08-11T05:15:00,1786425300.043,2026-08-11T05:15:00.043000,0.042999982833862305,True,
1786426200.0,2026-08-11T05:30:00,1786426200.165,2026-08-11T05:30:00.165000,0.16499996185302734,True,
1786427100.0,2026-08-11T05:45:00,1786427100.001,2026-08-11T05:45:00.001000,0.0009999275207519531,True,
1786428000.0,2026-08-11T06:00:00,1786428000.187,2026-08-11T06:00:00.187000,0.18700003623962402,True,
1786428900.0,2026-08-11T06:15:00,1786428900.213,2026-08-11T06:15:00.213000,0.21300005912780762,True,
1786429800.0,2026-08-11T06:30:00,1786429800.158,2026-08-11T06:30:00.158000,0.15799999237060547,True,
1786430700.0,2026-08-11T06:45:00,1786430700.02,2026-08-11T06:45:00.020000,0.019999980926513672,True,
1786431600.0,2026-08-11T07:00:00,1786431600.012,2026-08-11T07:00:00.012000,0.012000083923339844,True,
1786432500.0,2026-08-11T07:15:00,1786432500.08,2026-08-11T07:15:00.080000,0.07999992370605469,True,
1786433400.0,2026-08-11T07:30:00,1786433400.149,2026-08-11T07:30:00.149000,0.14899992942810059,True,
1786434300.0,2026-08-11T07:45:00,1786434300.027,2026-08-11T07:45:00.027000,0.026999950408935547,True,
1786435200.0,2026-08-11T08:00:00,1786435200.175,2026-08-11T08:00:00.175000,0.17499995231628418,True,
1786436100.0,2026-08-11T08:15:00,1786436100.041,2026-08-11T08:15:00.041000,0.0409998893737793,True,
1786437000.0,2026-08-11T08:30:00,1786437000.153,2026-08-11T08:30:00.153000,0.1530001163482666,True,
1786437900.0,2026-08-11T08:45:00,1786437900.061,2026-08-11T08:45:00.061000,0.06100010871887207,True,
1786438800.0,2026-08-11T09:00:00,1786438800.078,2026-08-11T09:00:00.078000,0.07800006866455078,True,
1786439700.0,2026-08-11T09:15:00,1786439700.161,2026-08-11T09:15:00.161000,0.16100001335144043,True,
1786440600.0,2026-08-11T09:30:00,1786440600.146,2026-08-11T09:30:00.146000,0.14599990844726562,True,
1786441500.0,2026-08-11T09:45:00,1786441500.015,2026-08-11T09:45:00.015000,0.015000104904174805,True,
1786442400.0,2026-08-11T10:00:00,1786442400.014,2026-08-11T10:00:00.014000,0.01399993896484375,True,
1786443300.0,2026-08-11T10:15:00,1786443300.013,2026-08-11T10:15:00.013000,0.013000011444091797,True,
1786444200.0,2026-08-11T10:30:00,1786444200.12,2026-08-11T10:30:00.120000,0.11999988555908203,True,
1786445100.0,2026-08-11T10:45:00,1786445100.192,2026-08-11T10:45:00.192000,0.1919999122619629,True,
1786446000.0,2026-08-11T11:00:00,1786446000.152,2026-08-11T11:00:00.152000,0.15199995040893555,True,
1786446900.0,2026-08-11T11:15:00,1786446900.003,2026-08-11T11:15:00.003000,0.003000020980834961,True,
1786447800.0,2026-08-11T11:30:00,1786447800.016,2026-08-11T11:30:00.016000,0.016000032424926758,True,
1786448700.0,2026-08-11T11:45:00,1786448700.028,2026-08-11T11:45:00.028000,0.0280001163482666,True,
1786449600.0,2026-08-11T12:00:00,1786449600.029,2026-08-11T12:00:00.029000,0.029000043869018555,True,
1786450500.0,2026-08-11T12:15:00,1786450500.181,2026-08-11T12:15:00.181000,0.1809999942779541,True,
1786451400.0,2026-08-11T12:30:00,1786451400.106,2026-08-11T12:30:00.106000,0.10599994659423828,True,
1786452300.0,2026-08-11T12:45:00,1786452300.171,2026-08-11T12:45:00.171000,0.17100000381469727,True,
1786453200.0,2026-08-11T13:00:00,1786453200.123,2026-08-11T13:00:00.123000,0.12299990653991699,True,
1786454100.0,2026-08-11T13:15:00,1786454100.144,2026-08-11T13:15:00.144000,0.14400005340576172,True,
1786455000.0,2026-08-11T13:30:00,1786455000.142,2026-08-11T13:30:00.142000,0.1419999599456787,True,
1786455900.0,2026-08-11T13:45:00,1786455900.184,2026-08-11T13:45:00.184000,0.18400001525878906,True,
1786456800.0,2026-08-11T14:00:00,1786456800.126,2026-08-11T14:00:00.126000,0.12599992752075195,True,
1786457700.0,2026-08-11T14:15:00,1786457700.034,2026-08-11T14:15:00.034000,0.03399991989135742,True,
1786458600.0,2026-08-11T14:30:00,1786458600.0,2026-08-11T14:30:00,0.0,True,
1786459500.0,2026-08-11T14:45:00,1786459500.593,2026-08-11T14:45:00.593000,0.5929999351501465,True,
1786460400.0,2026-08-11T15:00:00,1786460400.144,2026-08-11T15:00:00.144000,0.14400005340576172,True,
1786461300.0,2026-08-11T15:15:00,1786461300.099,2026-08-11T15:15:00.099000,0.0989999771118164,True,
1786462200.0,2026-08-11T15:30:00,1786462200.159,2026-08-11T15:30:00.159000,0.15899991989135742,True,
1786463100.0,2026-08-11T15:45:00,1786463100.131,2026-08-11T15:45:00.131000,0.13100004196166992,True,
1786464000.0,2026-08-11T16:00:00,1786464000.013,2026-08-11T16:00:00.013000,0.013000011444091797,True,
1786464900.0,2026-08-11T16:15:00,1786464901.153,2026-08-11T16:15:01.153000,1.1530001163482666,True,
1786465800.0,2026-08-11T16:30:00,1786465800.157,2026-08-11T16:30:00.157000,0.15700006484985352,True,
1786466700.0,2026-08-11T16:45:00,1786466700.159,2026-08-11T16:45:00.159000,0.15899991989135742,True,
1786467600.0,2026-08-11T17:00:00,1786471206.266,2026-08-11T18:00:06.266000,3606.266000032425,True,corte_mantenimiento
1786468500.0,2026-08-11T17:15:00,1786471206.266,2026-08-11T18:00:06.266000,2706.266000032425,True,corte_mantenimiento
1786469400.0,2026-08-11T17:30:00,1786471206.266,2026-08-11T18:00:06.266000,1806.266000032425,True,corte_mantenimiento
1786470300.0,2026-08-11T17:45:00,1786471206.266,2026-08-11T18:00:06.266000,906.2660000324249,True,corte_mantenimiento
1786471200.0,2026-08-11T18:00:00,1786471206.266,2026-08-11T18:00:06.266000,6.266000032424927,True,
1786472100.0,2026-08-11T18:15:00,1786472100.202,2026-08-11T18:15:00.202000,0.20199990272521973,True,
1786473000.0,2026-08-11T18:30:00,1786473000.411,2026-08-11T18:30:00.411000,0.41100001335144043,True,
1786473900.0,2026-08-11T18:45:00,1786473900.408,2026-08-11T18:45:00.408000,0.40799999237060547,True,
1786474800.0,2026-08-11T19:00:00,1786474800.088,2026-08-11T19:00:00.088000,0.08800005912780762,True,
1786475700.0,2026-08-11T19:15:00,1786475700.665,2026-08-11T19:15:00.665000,0.6649999618530273,True,
1786476600.0,2026-08-11T19:30:00,1786476600.238,2026-08-11T19:30:00.238000,0.23799991607666016,True,
1786477500.0,2026-08-11T19:45:00,1786477502.873,2026-08-11T19:45:02.873000,2.872999906539917,True,
1786478400.0,2026-08-11T20:00:00,1786478400.157,2026-08-11T20:00:00.157000,0.15700006484985352,True,
1786479300.0,2026-08-11T20:15:00,1786479300.02,2026-08-11T20:15:00.020000,0.019999980926513672,True,
1786480200.0,2026-08-11T20:30:00,1786480200.301,2026-08-11T20:30:00.301000,0.30100011825561523,True,
1786481100.0,2026-08-11T20:45:00,1786481100.229,2026-08-11T20:45:00.229000,0.22900009155273438,True,
1786482000.0,2026-08-11T21:00:00,1786482000.173,2026-08-11T21:00:00.173000,0.17300009727478027,True,
1786482900.0,2026-08-11T21:15:00,1786482900.709,2026-08-11T21:15:00.709000,0.7090001106262207,True,
1786483800.0,2026-08-11T21:30:00,1786483800.068,2026-08-11T21:30:00.068000,0.06800007820129395,True,
1786484700.0,2026-08-11T21:45:00,1786484700.054,2026-08-11T21:45:00.054000,0.053999900817871094,True,
1786485600.0,2026-08-11T22:00:00,1786485600.119,2026-08-11T22:00:00.119000,0.11899995803833008,True,
1786486500.0,2026-08-11T22:15:00,1786486500.005,2026-08-11T22:15:00.005000,0.005000114440917969,True,
1786487400.0,2026-08-11T22:30:00,,,,False,
1786488300.0,2026-08-11T22:45:00,,,,False,
1786489200.0,2026-08-11T23:00:00,,,,False,
1786490100.0,2026-08-11T23:15:00,,,,False,
1786491000.0,2026-08-11T23:30:00,,,,False,
1786491900.0,2026-08-11T23:45:00,,,,False,
