R1,arm,band,entry_bid,entry_delay_bars,entry_fill,exit_bid,exit_fill,ficha,level_slip,margin1,net1,net1_con_coste,pos_id,reason,same_bar,sid,side,side_l,spread,t_exit,t_in,t_in_exec,t_out
4455398.749999898,default,0.5,4450.43,0,4450.98,4460.264055972061,4458.94,F1,True,4168342.7699999996,745454.0000000034,724382.7500000034,S6-K2P0|F1|1767653100|LONG,EXIT_SL_RAISED,False,S6-K2P0,LONG,L,0.5,1767667628.615,1767653100,1767654000.0,1767667500
4455398.749999898,default,0.5,4450.43,0,4450.98,4460.264055972061,4458.94,F2,True,4168342.7699999996,745454.0000000034,724382.7500000034,S6-K2P0|F2|1767653100|LONG,EXIT_SL_RAISED,False,S6-K2P0,LONG,L,0.5,1767667628.615,1767653100,1767654000.0,1767667500
4455398.749999898,default,0.5,4450.43,0,4450.98,4460.264055972061,4458.94,F3,True,4168342.7699999996,745454.0000000034,724382.7500000034,S6-K2P0|F3|1767653100|LONG,EXIT_SL_RAISED,False,S6-K2P0,LONG,L,0.5,1767667628.615,1767653100,1767654000.0,1767667500
8483753.500000013,default,0.5,4470.76,0,4470.81,4475.9206584781505,4475.93,F1,True,4186913.5650000004,-479487.99999998976,-500559.24999998976,S6-K2P0|F1|1767736800|SHORT,EXIT_SL_RAISED,False,S6-K2P0,SHORT,S,0.5,1767742290.856,1767736800,1767737700.0,1767742200
8483753.500000013,default,0.5,4470.76,0,4470.81,4475.9206584781505,4475.93,F2,True,4186913.5650000004,-479487.99999998976,-500559.24999998976,S6-K2P0|F2|1767736800|SHORT,EXIT_SL_RAISED,False,S6-K2P0,SHORT,S,0.5,1767742290.856,1767736800,1767737700.0,1767742200
8483753.500000013,default,0.5,4470.76,0,4470.81,4475.9206584781505,4475.93,F3,True,4186913.5650000004,-479487.99999998976,-500559.24999998976,S6-K2P0|F3|1767736800|SHORT,EXIT_SL_RAISED,False,S6-K2P0,SHORT,S,0.5,1767742290.856,1767736800,1767737700.0,1767742200
1503550.7500001977,default,0.5,4474.68,0,4474.48,4458.543331583283,4458.6,F1,True,4190350.5199999996,1487161.999999925,1466090.749999925,S6-K2P0|F1|1767746700|SHORT,EXIT_SL_RAISED,False,S6-K2P0,SHORT,S,0.5,1767755342.79,1767746700,1767747600.0,1767754800
1503550.7500001977,default,0.5,4474.68,0,4474.48,4458.543331583283,4458.6,F2,True,4190350.5199999996,1487161.999999925,1466090.749999925,S6-K2P0|F2|1767746700|SHORT,EXIT_SL_RAISED,False,S6-K2P0,SHORT,S,0.5,1767755342.79,1767746700,1767747600.0,1767754800
1503550.7500001977,default,0.5,4474.68,0,4474.48,4458.543331583283,4458.6,F3,True,4190350.5199999996,1487161.999999925,1466090.749999925,S6-K2P0|F3|1767746700|SHORT,EXIT_SL_RAISED,False,S6-K2P0,SHORT,S,0.5,1767755342.79,1767746700,1767747600.0,1767754800
2376837.0000000102,default,0.5,4454.86,0,4454.87,4457.241646448888,4457.25,F1,True,4171985.755,-222887.00000001022,-243958.25000001022,S6-K2P0|F1|1767755700|SHORT,EXIT_SL_RAISED,False,S6-K2P0,SHORT,S,0.5,1767760591.353,1767755700,1767756600.0,1767760200
2376837.0000000102,default,0.5,4454.86,0,4454.87,4457.241646448888,4457.25,F2,True,4171985.755,-222887.00000001022,-243958.25000001022,S6-K2P0|F2|1767755700|SHORT,EXIT_SL_RAISED,False,S6-K2P0,SHORT,S,0.5,1767760591.353,1767755700,1767756600.0,1767760200
2376837.0000000102,default,0.5,4454.86,0,4454.87,4457.241646448888,4457.25,F3,True,4171985.755,-222887.00000001022,-243958.25000001022,S6-K2P0|F3|1767755700|SHORT,EXIT_SL_RAISED,False,S6-K2P0,SHORT,S,0.5,1767760591.353,1767755700,1767756600.0,1767760200
3631278.749999881,default,0.5,4435.53,0,4435.97,4425.69,4425.63,F1,False,4154285.905,-968341.0000000136,-968341.0000000136,S6-K2P0|F1|1767843000|LONG,reverse,False,S6-K2P0,LONG,L,0.5,1767849300,1767843000,1767843900.0,1767848400
3631278.749999881,default,0.5,4435.53,0,4435.97,4425.69,4425.63,F2,False,4154285.905,-968341.0000000136,-968341.0000000136,S6-K2P0|F2|1767843000|LONG,reverse,False,S6-K2P0,LONG,L,0.5,1767849300,1767843000,1767843900.0,1767848400
3631278.749999881,default,0.5,4435.53,0,4435.97,4425.69,4425.63,F3,False,4154285.905,-968341.0000000136,-968341.0000000136,S6-K2P0|F3|1767843000|LONG,reverse,False,S6-K2P0,LONG,L,0.5,1767849300,1767843000,1767843900.0,1767848400
2372622.749999833,default,0.5,4464.06,0,4464.05,4469.6912154457195,4469.74,F1,True,4180582.825,-532868.4999999625,-553939.7499999625,S6-K2P0|F1|1767916800|SHORT,EXIT_SL_RAISED,False,S6-K2P0,SHORT,S,0.5,1767925937.276,1767916800,1767917700.0,1767925800
2372622.749999833,default,0.5,4464.06,0,4464.05,4469.6912154457195,4469.74,F2,True,4180582.825,-532868.4999999625,-553939.7499999625,S6-K2P0|F2|1767916800|SHORT,EXIT_SL_RAISED,False,S6-K2P0,SHORT,S,0.5,1767925937.276,1767916800,1767917700.0,1767925800
2372622.749999833,default,0.5,4464.06,0,4464.05,4469.6912154457195,4469.74,F3,True,4180582.825,-532868.4999999625,-553939.7499999625,S6-K2P0|F3|1767916800|SHORT,EXIT_SL_RAISED,False,S6-K2P0,SHORT,S,0.5,1767925937.276,1767916800,1767917700.0,1767925800
1290496.999999891,default,0.5,4572.26,0,4572.6,4585.336923789546,4585.31,F1,True,4282239.9,1190291.5000000035,1169220.2500000035,S6-K2P0|F1|1768184100|LONG,EXIT_SL_RAISED,False,S6-K2P0,LONG,L,0.5,1768206350.922,1768184100,1768185000.0,1768205700
1290496.999999891,default,0.5,4572.26,0,4572.6,4585.336923789546,4585.31,F2,True,4282239.9,1190291.5000000035,1169220.2500000035,S6-K2P0|F2|1768184100|LONG,EXIT_SL_RAISED,False,S6-K2P0,LONG,L,0.5,1768206350.922,1768184100,1768185000.0,1768205700
1290496.999999891,default,0.5,4572.26,0,4572.6,4585.336923789546,4585.31,F3,True,4282239.9,1190291.5000000035,1169220.2500000035,S6-K2P0|F3|1768184100|LONG,EXIT_SL_RAISED,False,S6-K2P0,LONG,L,0.5,1768206350.922,1768184100,1768185000.0,1768205700
4402954.750000031,default,0.5,4598.93,0,4599.68,4581.7478809396835,4581.49,F1,True,4307600.32,-1703493.5000000477,-1724564.7500000477,S6-K2P0|F1|1768250700|LONG,EXIT_SL_RAISED,False,S6-K2P0,LONG,L,0.5,1768255478.209,1768250700,1768251600.0,1768255200
4402954.750000031,default,0.5,4598.93,0,4599.68,4581.7478809396835,4581.49,F2,True,4307600.32,-1703493.5000000477,-1724564.7500000477,S6-K2P0|F2|1768250700|LONG,EXIT_SL_RAISED,False,S6-K2P0,LONG,L,0.5,1768255478.209,1768250700,1768251600.0,1768255200
4402954.750000031,default,0.5,4598.93,0,4599.68,4581.7478809396835,4581.49,F3,True,4307600.32,-1703493.5000000477,-1724564.7500000477,S6-K2P0|F3|1768250700|LONG,EXIT_SL_RAISED,False,S6-K2P0,LONG,L,0.5,1768255478.209,1768250700,1768251600.0,1768255200
4607579.999999813,default,0.5,4581.59,0,4581.59,4594.252981659563,4594.39,F1,True,4290659.035,-1198720.000000017,-1219791.250000017,S6-K2P0|F1|1768256100|SHORT,EXIT_SL_RAISED,False,S6-K2P0,SHORT,S,0.5,1768261613.248,1768256100,1768257000.0,1768261500
4607579.999999813,default,0.5,4581.59,0,4581.59,4594.252981659563,4594.39,F2,True,4290659.035,-1198720.000000017,-1219791.250000017,S6-K2P0|F2|1768256100|SHORT,EXIT_SL_RAISED,False,S6-K2P0,SHORT,S,0.5,1768261613.248,1768256100,1768257000.0,1768261500
4607579.999999813,default,0.5,4581.59,0,4581.59,4594.252981659563,4594.39,F3,True,4290659.035,-1198720.000000017,-1219791.250000017,S6-K2P0|F3|1768256100|SHORT,EXIT_SL_RAISED,False,S6-K2P0,SHORT,S,0.5,1768261613.248,1768256100,1768257000.0,1768261500
2400717.750000191,default,0.5,4601.2,0,4601.68,4587.596688507731,4587.45,F1,True,4309473.32,-1332639.5000000442,-1353710.7500000442,S6-K2P0|F1|1768270500|LONG,EXIT_SL_RAISED,False,S6-K2P0,LONG,L,0.5,1768274161.686,1768270500,1768271400.0,1768274100
2400717.750000191,default,0.5,4601.2,0,4601.68,4587.596688507731,4587.45,F2,True,4309473.32,-1332639.5000000442,-1353710.7500000442,S6-K2P0|F2|1768270500|LONG,EXIT_SL_RAISED,False,S6-K2P0,LONG,L,0.5,1768274161.686,1768270500,1768271400.0,1768274100
2400717.750000191,default,0.5,4601.2,0,4601.68,4587.596688507731,4587.45,F3,True,4309473.32,-1332639.5000000442,-1353710.7500000442,S6-K2P0|F3|1768270500|LONG,EXIT_SL_RAISED,False,S6-K2P0,LONG,L,0.5,1768274161.686,1768270500,1768271400.0,1768274100
2573970.2500000545,default,0.5,4595.76,0,4596.26,4626.362553869822,4626.02,F1,True,4304397.49,2787024.0000000205,2765952.7500000205,S6-K2P0|F1|1768334400|LONG,EXIT_SL_RAISED,False,S6-K2P0,LONG,L,0.5,1768359374.798,1768334400,1768335300.0,1768358700
2573970.2500000545,default,0.5,4595.76,0,4596.26,4626.362553869822,4626.02,F2,True,4304397.49,2787024.0000000205,2765952.7500000205,S6-K2P0|F2|1768334400|LONG,EXIT_SL_RAISED,False,S6-K2P0,LONG,L,0.5,1768359374.798,1768334400,1768335300.0,1768358700
2573970.2500000545,default,0.5,4595.76,0,4596.26,4626.362553869822,4626.02,F3,True,4304397.49,2787024.0000000205,2765952.7500000205,S6-K2P0|F3|1768334400|LONG,EXIT_SL_RAISED,False,S6-K2P0,LONG,L,0.5,1768359374.798,1768334400,1768335300.0,1768358700
4618349.7500000475,default,0.5,4591.32,0,4591.28,4599.856052213936,4600.02,F1,True,4299733.72,-818501.0000000647,-839572.2500000647,S6-K2P0|F1|1768435200|SHORT,EXIT_SL_RAISED,False,S6-K2P0,SHORT,S,0.5,1768446119.284,1768435200,1768436100.0,1768446000
4618349.7500000475,default,0.5,4591.32,0,4591.28,4599.856052213936,4600.02,F2,True,4299733.72,-818501.0000000647,-839572.2500000647,S6-K2P0|F2|1768435200|SHORT,EXIT_SL_RAISED,False,S6-K2P0,SHORT,S,0.5,1768446119.284,1768435200,1768436100.0,1768446000
4618349.7500000475,default,0.5,4591.32,0,4591.28,4599.856052213936,4600.02,F3,True,4299733.72,-818501.0000000647,-839572.2500000647,S6-K2P0|F3|1768435200|SHORT,EXIT_SL_RAISED,False,S6-K2P0,SHORT,S,0.5,1768446119.284,1768435200,1768436100.0,1768446000
4610857.750000055,default,0.5,4605.17,0,4605.76,4601.59,4601.56,F1,False,4313294.24,-393329.99999998295,-393329.99999998295,S6-K2P0|F1|1768446000|LONG,reverse,False,S6-K2P0,LONG,L,0.5,1768453200,1768446000,1768446900.0,1768452300
4610857.750000055,default,0.5,4605.17,0,4605.76,4601.59,4601.56,F2,False,4313294.24,-393329.99999998295,-393329.99999998295,S6-K2P0|F2|1768446000|LONG,reverse,False,S6-K2P0,LONG,L,0.5,1768453200,1768446000,1768446900.0,1768452300
4610857.750000055,default,0.5,4605.17,0,4605.76,4601.59,4601.56,F3,False,4313294.24,-393329.99999998295,-393329.99999998295,S6-K2P0|F3|1768446000|LONG,reverse,False,S6-K2P0,LONG,L,0.5,1768453200,1768446000,1768446900.0,1768452300
2720532.500000017,default,0.5,4595.79,0,4595.75,4602.276352458522,4602.33,F1,True,4303919.875,-616216.9999999931,-637288.2499999931,S6-K2P0|F1|1768519800|SHORT,EXIT_SL_RAISED,False,S6-K2P0,SHORT,S,0.5,1768530647.638,1768519800,1768520700.0,1768530600
2720532.500000017,default,0.5,4595.79,0,4595.75,4602.276352458522,4602.33,F2,True,4303919.875,-616216.9999999931,-637288.2499999931,S6-K2P0|F2|1768519800|SHORT,EXIT_SL_RAISED,False,S6-K2P0,SHORT,S,0.5,1768530647.638,1768519800,1768520700.0,1768530600
2720532.500000017,default,0.5,4595.79,0,4595.75,4602.276352458522,4602.33,F3,True,4303919.875,-616216.9999999931,-637288.2499999931,S6-K2P0|F3|1768519800|SHORT,EXIT_SL_RAISED,False,S6-K2P0,SHORT,S,0.5,1768530647.638,1768519800,1768520700.0,1768530600
4046616.5000000033,default,0.5,4595.8,0,4595.79,4606.970632274678,4607.01,F1,True,4303957.335,-1050753.0000000237,-1071824.2500000237,S6-K2P0|F1|1768534200|SHORT,EXIT_SL_RAISED,False,S6-K2P0,SHORT,S,0.5,1768536609.792,1768534200,1768535100.0,1768536000
4046616.5000000033,default,0.5,4595.8,0,4595.79,4606.970632274678,4607.01,F2,True,4303957.335,-1050753.0000000237,-1071824.2500000237,S6-K2P0|F2|1768534200|SHORT,EXIT_SL_RAISED,False,S6-K2P0,SHORT,S,0.5,1768536609.792,1768534200,1768535100.0,1768536000
4046616.5000000033,default,0.5,4595.8,0,4595.79,4606.970632274678,4607.01,F3,True,4303957.335,-1050753.0000000237,-1071824.2500000237,S6-K2P0|F3|1768534200|SHORT,EXIT_SL_RAISED,False,S6-K2P0,SHORT,S,0.5,1768536609.792,1768534200,1768535100.0,1768536000
2345932.499999847,default,0.5,4668.77,0,4669.26,4663.544000938896,4663.53,F1,True,4372761.99,-536614.5000000442,-557685.7500000442,S6-K2P0|F1|1768780800|LONG,EXIT_SL_RAISED,False,S6-K2P0,LONG,L,0.5,1768797920.634,1768780800,1768781700.0,1768797900
2345932.499999847,default,0.5,4668.77,0,4669.26,4663.544000938896,4663.53,F2,True,4372761.99,-536614.5000000442,-557685.7500000442,S6-K2P0|F2|1768780800|LONG,EXIT_SL_RAISED,False,S6-K2P0,LONG,L,0.5,1768797920.634,1768780800,1768781700.0,1768797900
2345932.499999847,default,0.5,4668.77,0,4669.26,4663.544000938896,4663.53,F3,True,4372761.99,-536614.5000000442,-557685.7500000442,S6-K2P0|F3|1768780800|LONG,EXIT_SL_RAISED,False,S6-K2P0,LONG,L,0.5,1768797920.634,1768780800,1768781700.0,1768797900
4150568.000000143,default,0.5,4670.04,0,4670.54,4723.275664873638,4723.23,F1,True,4373960.71,4934418.499999963,4913347.249999963,S6-K2P0|F1|1768860000|LONG,EXIT_SL_RAISED,False,S6-K2P0,LONG,L,0.5,1768894386.235,1768860000,1768860900.0,1768894200
4150568.000000143,default,0.5,4670.04,0,4670.54,4723.275664873638,4723.23,F2,True,4373960.71,4934418.499999963,4913347.249999963,S6-K2P0|F2|1768860000|LONG,EXIT_SL_RAISED,False,S6-K2P0,LONG,L,0.5,1768894386.235,1768860000,1768860900.0,1768894200
4150568.000000143,default,0.5,4670.04,0,4670.54,4723.275664873638,4723.23,F3,True,4373960.71,4934418.499999963,4913347.249999963,S6-K2P0|F3|1768860000|LONG,EXIT_SL_RAISED,False,S6-K2P0,LONG,L,0.5,1768894386.235,1768860000,1768860900.0,1768894200
6453889.7499999115,default,0.5,4847.32,0,4847.32,4855.03,4855.63,F1,False,4539515.18,-778231.5000000375,-778231.5000000375,S6-K2P0|F1|1768967100|SHORT,reverse,False,S6-K2P0,SHORT,S,0.5,1768971600,1768967100,1768968000.0,1768970700
6453889.7499999115,default,0.5,4847.32,0,4847.32,4855.03,4855.63,F2,False,4539515.18,-778231.5000000375,-778231.5000000375,S6-K2P0|F2|1768967100|SHORT,reverse,False,S6-K2P0,SHORT,S,0.5,1768971600,1768967100,1768968000.0,1768970700
6453889.7499999115,default,0.5,4847.32,0,4847.32,4855.03,4855.63,F3,False,4539515.18,-778231.5000000375,-778231.5000000375,S6-K2P0|F3|1768967100|SHORT,reverse,False,S6-K2P0,SHORT,S,0.5,1768971600,1768967100,1768968000.0,1768970700
9214691.75000021,default,0.5,4814.73,0,4814.73,4809.022630985752,4809.82,F1,True,4508994.645,459821.4999999864,438750.2499999864,S6-K2P0|F1|1769025600|SHORT,EXIT_SL_RAISED,False,S6-K2P0,SHORT,S,0.5,1769034255.715,1769025600,1769026500.0,1769033700
9214691.75000021,default,0.5,4814.73,0,4814.73,4809.022630985752,4809.82,F2,True,4508994.645,459821.4999999864,438750.2499999864,S6-K2P0|F2|1769025600|SHORT,EXIT_SL_RAISED,False,S6-K2P0,SHORT,S,0.5,1769034255.715,1769025600,1769026500.0,1769033700
9214691.75000021,default,0.5,4814.73,0,4814.73,4809.022630985752,4809.82,F3,True,4508994.645,459821.4999999864,438750.2499999864,S6-K2P0|F3|1769025600|SHORT,EXIT_SL_RAISED,False,S6-K2P0,SHORT,S,0.5,1769034255.715,1769025600,1769026500.0,1769033700
2960276.4999999693,default,0.5,4793.32,0,4793.39,4796.5,4797.0,F1,False,4489009.735,-338076.4999999693,-338076.4999999693,S6-K2P0|F1|1769036400|SHORT,reverse,False,S6-K2P0,SHORT,S,0.5,1769043600,1769036400,1769037300.0,1769042700
2960276.4999999693,default,0.5,4793.32,0,4793.39,4796.5,4797.0,F2,False,4489009.735,-338076.4999999693,-338076.4999999693,S6-K2P0|F2|1769036400|SHORT,reverse,False,S6-K2P0,SHORT,S,0.5,1769043600,1769036400,1769037300.0,1769042700
2960276.4999999693,default,0.5,4793.32,0,4793.39,4796.5,4797.0,F3,False,4489009.735,-338076.4999999693,-338076.4999999693,S6-K2P0|F3|1769036400|SHORT,reverse,False,S6-K2P0,SHORT,S,0.5,1769043600,1769036400,1769037300.0,1769042700
2184386.249999898,default,0.5,4796.5,0,4797.0,4795.23,4795.23,F1,False,4492390.5,-165760.5000000409,-165760.5000000409,S6-K2P0|F1|1769042700|LONG,reverse,False,S6-K2P0,LONG,L,0.5,1769049000,1769042700,1769043600.0,1769048100
2184386.249999898,default,0.5,4796.5,0,4797.0,4795.23,4795.23,F2,False,4492390.5,-165760.5000000409,-165760.5000000409,S6-K2P0|F2|1769042700|LONG,reverse,False,S6-K2P0,LONG,L,0.5,1769049000,1769042700,1769043600.0,1769048100
2184386.249999898,default,0.5,4796.5,0,4797.0,4795.23,4795.23,F3,False,4492390.5,-165760.5000000409,-165760.5000000409,S6-K2P0|F3|1769042700|LONG,reverse,False,S6-K2P0,LONG,L,0.5,1769049000,1769042700,1769043600.0,1769048100
1734866.249999966,default,0.5,4795.23,0,4795.23,4813.754999999999,4813.8,F1,True,4490732.895,-1739080.500000058,-1760151.750000058,S6-K2P0|F1|1769048100|SHORT,EXIT_INITSL,False,S6-K2P0,SHORT,S,0.5,1769050284.646,1769048100,1769049000.0,1769049900
1734866.249999966,default,0.5,4795.23,0,4795.23,4813.754999999999,4813.8,F2,True,4490732.895,-1739080.500000058,-1760151.750000058,S6-K2P0|F2|1769048100|SHORT,EXIT_INITSL,False,S6-K2P0,SHORT,S,0.5,1769050284.646,1769048100,1769049000.0,1769049900
1734866.249999966,default,0.5,4795.23,0,4795.23,4813.754999999999,4813.8,F3,True,4490732.895,-1739080.500000058,-1760151.750000058,S6-K2P0|F3|1769048100|SHORT,EXIT_INITSL,False,S6-K2P0,SHORT,S,0.5,1769050284.646,1769048100,1769049000.0,1769049900
6879060.7499999935,default,0.5,4821.16,0,4821.67,4821.421893710133,4820.82,F1,True,4515493.955,-79602.50000003407,-100673.75000003407,S6-K2P0|F1|1769049900|LONG,EXIT_SL_RAISED,False,S6-K2P0,LONG,L,0.5,1769063546.448,1769049900,1769050800.0,1769063400
6879060.7499999935,default,0.5,4821.16,0,4821.67,4821.421893710133,4820.82,F2,True,4515493.955,-79602.50000003407,-100673.75000003407,S6-K2P0|F2|1769049900|LONG,EXIT_SL_RAISED,False,S6-K2P0,LONG,L,0.5,1769063546.448,1769049900,1769050800.0,1769063400
6879060.7499999935,default,0.5,4821.16,0,4821.67,4821.421893710133,4820.82,F3,True,4515493.955,-79602.50000003407,-100673.75000003407,S6-K2P0|F3|1769049900|LONG,EXIT_SL_RAISED,False,S6-K2P0,LONG,L,0.5,1769063546.448,1769049900,1769050800.0,1769063400
5386748.000000041,default,0.5,4964.98,0,4965.48,4945.824384713693,4945.48,F1,True,4650172.02,-1873000.0,-1894071.25,S6-K2P0|F1|1769118300|LONG,EXIT_SL_RAISED,False,S6-K2P0,LONG,L,0.5,1769127520.283,1769118300,1769119200.0,1769127300
5386748.000000041,default,0.5,4964.98,0,4965.48,4945.824384713693,4945.48,F2,True,4650172.02,-1873000.0,-1894071.25,S6-K2P0|F2|1769118300|LONG,EXIT_SL_RAISED,False,S6-K2P0,LONG,L,0.5,1769127520.283,1769118300,1769119200.0,1769127300
5386748.000000041,default,0.5,4964.98,0,4965.48,4945.824384713693,4945.48,F3,True,4650172.02,-1873000.0,-1894071.25,S6-K2P0|F3|1769118300|LONG,EXIT_SL_RAISED,False,S6-K2P0,LONG,L,0.5,1769127520.283,1769118300,1769119200.0,1769127300
1935745.500000092,default,0.5,4956.7,0,4957.2,4951.244329997637,4951.18,F1,True,4642417.8,-563772.9999999558,-584844.2499999558,S6-K2P0|F1|1769131800|LONG,EXIT_SL_RAISED,False,S6-K2P0,LONG,L,0.5,1769137894.666,1769131800,1769132700.0,1769137200
1935745.500000092,default,0.5,4956.7,0,4957.2,4951.244329997637,4951.18,F2,True,4642417.8,-563772.9999999558,-584844.2499999558,S6-K2P0|F2|1769131800|LONG,EXIT_SL_RAISED,False,S6-K2P0,LONG,L,0.5,1769137894.666,1769131800,1769132700.0,1769137200
1935745.500000092,default,0.5,4956.7,0,4957.2,4951.244329997637,4951.18,F3,True,4642417.8,-563772.9999999558,-584844.2499999558,S6-K2P0|F3|1769131800|LONG,EXIT_SL_RAISED,False,S6-K2P0,LONG,L,0.5,1769137894.666,1769131800,1769132700.0,1769137200
5316978.750000136,default,0.5,5059.79,0,5059.75,5074.23,5074.64,F1,False,4738455.875,-1394448.5000000307,-1394448.5000000307,S6-K2P0|F1|1769392800|SHORT,reverse,False,S6-K2P0,SHORT,S,0.5,1769396400,1769392800,1769393700.0,1769395500
5316978.750000136,default,0.5,5059.79,0,5059.75,5074.23,5074.64,F2,False,4738455.875,-1394448.5000000307,-1394448.5000000307,S6-K2P0|F2|1769392800|SHORT,reverse,False,S6-K2P0,SHORT,S,0.5,1769396400,1769392800,1769393700.0,1769395500
5316978.750000136,default,0.5,5059.79,0,5059.75,5074.23,5074.64,F3,False,4738455.875,-1394448.5000000307,-1394448.5000000307,S6-K2P0|F3|1769392800|SHORT,reverse,False,S6-K2P0,SHORT,S,0.5,1769396400,1769392800,1769393700.0,1769395500
5743086.250000154,default,0.5,5074.23,0,5074.64,5077.78,5077.88,F1,False,4752400.36,303425.99999997957,282354.74999997957,S6-K2P0|F1|1769395500|LONG,EXIT_TRAIL,True,S6-K2P0,LONG,L,0.5,1769400000,1769395500,1769396400.0,1769399100
5743086.250000154,default,0.5,5074.23,0,5074.64,5077.78,5077.88,F2,False,4752400.36,303425.99999997957,282354.74999997957,S6-K2P0|F2|1769395500|LONG,EXIT_TRAIL,True,S6-K2P0,LONG,L,0.5,1769400000,1769395500,1769396400.0,1769399100
5743086.250000154,default,0.5,5074.23,0,5074.64,5077.78,5077.88,F3,False,4752400.36,303425.99999997957,282354.74999997957,S6-K2P0|F3|1769395500|LONG,EXIT_TRAIL,True,S6-K2P0,LONG,L,0.5,1769400000,1769395500,1769396400.0,1769399100
4865585.7499999935,default,0.5,5052.19,0,5052.68,5031.77,5031.71,F1,False,4731834.82,-1963840.5000000237,-1963840.5000000237,S6-K2P0|F1|1769461200|LONG,reverse,False,S6-K2P0,LONG,L,0.5,1769463900,1769461200,1769462100.0,1769463000
4865585.7499999935,default,0.5,5052.19,0,5052.68,5031.77,5031.71,F2,False,4731834.82,-1963840.5000000237,-1963840.5000000237,S6-K2P0|F2|1769461200|LONG,reverse,False,S6-K2P0,LONG,L,0.5,1769463900,1769461200,1769462100.0,1769463000
4865585.7499999935,default,0.5,5052.19,0,5052.68,5031.77,5031.71,F3,False,4731834.82,-1963840.5000000237,-1963840.5000000237,S6-K2P0|F3|1769461200|LONG,reverse,False,S6-K2P0,LONG,L,0.5,1769463900,1769461200,1769462100.0,1769463000
6532087.500000085,default,0.5,5031.77,0,5031.71,5053.104461192788,5053.15,F1,True,4712196.415,-2007855.9999999625,-2028927.2499999625,S6-K2P0|F1|1769463000|SHORT,EXIT_SL_RAISED,False,S6-K2P0,SHORT,S,0.5,1769465406.353,1769463000,1769463900.0,1769464800
6532087.500000085,default,0.5,5031.77,0,5031.71,5053.104461192788,5053.15,F2,True,4712196.415,-2007855.9999999625,-2028927.2499999625,S6-K2P0|F2|1769463000|SHORT,EXIT_SL_RAISED,False,S6-K2P0,SHORT,S,0.5,1769465406.353,1769463000,1769463900.0,1769464800
6532087.500000085,default,0.5,5031.77,0,5031.71,5053.104461192788,5053.15,F3,True,4712196.415,-2007855.9999999625,-2028927.2499999625,S6-K2P0|F3|1769463000|SHORT,EXIT_SL_RAISED,False,S6-K2P0,SHORT,S,0.5,1769465406.353,1769463000,1769463900.0,1769464800
5563746.499999986,default,0.5,5063.78,0,5064.28,5063.39,5063.58,F1,False,4742698.22,-65554.99999998296,-65554.99999998296,S6-K2P0|F1|1769468400|LONG,reverse,False,S6-K2P0,LONG,L,0.5,1769480100,1769468400,1769469300.0,1769479200
5563746.499999986,default,0.5,5063.78,0,5064.28,5063.39,5063.58,F2,False,4742698.22,-65554.99999998296,-65554.99999998296,S6-K2P0|F2|1769468400|LONG,reverse,False,S6-K2P0,LONG,L,0.5,1769480100,1769468400,1769469300.0,1769479200
5563746.499999986,default,0.5,5063.78,0,5064.28,5063.39,5063.58,F3,False,4742698.22,-65554.99999998296,-65554.99999998296,S6-K2P0|F3|1769468400|LONG,reverse,False,S6-K2P0,LONG,L,0.5,1769480100,1769468400,1769469300.0,1769479200
3096537.2500000475,default,0.5,5063.39,0,5063.58,5074.48,5074.96,F1,False,4742042.67,-1065737.0000000102,-1065737.0000000102,S6-K2P0|F1|1769479200|SHORT,reverse,False,S6-K2P0,SHORT,S,0.5,1769481900,1769479200,1769480100.0,1769481000
3096537.2500000475,default,0.5,5063.39,0,5063.58,5074.48,5074.96,F2,False,4742042.67,-1065737.0000000102,-1065737.0000000102,S6-K2P0|F2|1769479200|SHORT,reverse,False,S6-K2P0,SHORT,S,0.5,1769481900,1769479200,1769480100.0,1769481000
3096537.2500000475,default,0.5,5063.39,0,5063.58,5074.48,5074.96,F3,False,4742042.67,-1065737.0000000102,-1065737.0000000102,S6-K2P0|F3|1769479200|SHORT,reverse,False,S6-K2P0,SHORT,S,0.5,1769481900,1769479200,1769480100.0,1769481000
4859030.2500000205,default,0.5,5074.48,0,5074.96,5076.335440065676,5076.33,F1,True,4752700.04,128300.49999998978,107229.24999998978,S6-K2P0|F1|1769481000|LONG,EXIT_SL_RAISED,False,S6-K2P0,LONG,L,0.5,1769491768.394,1769481000,1769481900.0,1769490900
4859030.2500000205,default,0.5,5074.48,0,5074.96,5076.335440065676,5076.33,F2,True,4752700.04,128300.49999998978,107229.24999998978,S6-K2P0|F2|1769481000|LONG,EXIT_SL_RAISED,False,S6-K2P0,LONG,L,0.5,1769491768.394,1769481000,1769481900.0,1769490900
4859030.2500000205,default,0.5,5074.48,0,5074.96,5076.335440065676,5076.33,F3,True,4752700.04,128300.49999998978,107229.24999998978,S6-K2P0|F3|1769481000|LONG,EXIT_SL_RAISED,False,S6-K2P0,LONG,L,0.5,1769491768.394,1769481000,1769481900.0,1769490900
9843083.24999979,default,0.5,5190.91,0,5190.07,5283.9668052275965,5283.96,F1,True,4860500.555,8792798.50000003,8771727.25000003,S6-K2P0|F1|1769551200|LONG,EXIT_SL_RAISED,False,S6-K2P0,LONG,L,0.5,1769579154.85,1769551200,1769552100.0,1769579100
9843083.24999979,default,0.5,5190.91,0,5190.07,5283.9668052275965,5283.96,F2,True,4860500.555,8792798.50000003,8771727.25000003,S6-K2P0|F2|1769551200|LONG,EXIT_SL_RAISED,False,S6-K2P0,LONG,L,0.5,1769579154.85,1769551200,1769552100.0,1769579100
9843083.24999979,default,0.5,5190.91,0,5190.07,5283.9668052275965,5283.96,F3,True,4860500.555,8792798.50000003,8771727.25000003,S6-K2P0|F3|1769551200|LONG,EXIT_SL_RAISED,False,S6-K2P0,LONG,L,0.5,1769579154.85,1769551200,1769552100.0,1769579100
8211232.000000197,default,0.5,5525.67,0,5526.06,5547.056212210802,5546.63,F1,True,5175155.19,1926380.4999999728,1905309.2499999728,S6-K2P0|F1|1769643000|LONG,EXIT_SL_RAISED,False,S6-K2P0,LONG,L,0.5,1769660912.588,1769643000,1769643900.0,1769660100
8211232.000000197,default,0.5,5525.67,0,5526.06,5547.056212210802,5546.63,F2,True,5175155.19,1926380.4999999728,1905309.2499999728,S6-K2P0|F2|1769643000|LONG,EXIT_SL_RAISED,False,S6-K2P0,LONG,L,0.5,1769660912.588,1769643000,1769643900.0,1769660100
8211232.000000197,default,0.5,5525.67,0,5526.06,5547.056212210802,5546.63,F3,True,5175155.19,1926380.4999999728,1905309.2499999728,S6-K2P0|F3|1769643000|LONG,EXIT_SL_RAISED,False,S6-K2P0,LONG,L,0.5,1769660912.588,1769643000,1769643900.0,1769660100
33085140.250000156,default,0.5,5310.91,0,5309.65,5217.255182320333,5218.43,F1,True,4972487.225,8542752.999999939,8521681.749999939,S6-K2P0|F1|1769724000|SHORT,EXIT_SL_RAISED,False,S6-K2P0,SHORT,S,0.5,1769729957.356,1769724000,1769724900.0,1769729400
33085140.250000156,default,0.5,5310.91,0,5309.65,5217.255182320333,5218.43,F2,True,4972487.225,8542752.999999939,8521681.749999939,S6-K2P0|F2|1769724000|SHORT,EXIT_SL_RAISED,False,S6-K2P0,SHORT,S,0.5,1769729957.356,1769724000,1769724900.0,1769729400
33085140.250000156,default,0.5,5310.91,0,5309.65,5217.255182320333,5218.43,F3,True,4972487.225,8542752.999999939,8521681.749999939,S6-K2P0|F3|1769724000|SHORT,EXIT_SL_RAISED,False,S6-K2P0,SHORT,S,0.5,1769729957.356,1769724000,1769724900.0,1769729400
17544859.24999994,default,0.5,5184.7,0,5184.51,5052.835403337422,5053.3,F1,True,4855293.615,12287816.500000004,12266745.250000004,S6-K2P0|F1|1769741100|SHORT,EXIT_SL_RAISED,False,S6-K2P0,SHORT,S,0.5,1769757586.308,1769741100,1769742000.0,1769757300
17544859.24999994,default,0.5,5184.7,0,5184.51,5052.835403337422,5053.3,F2,True,4855293.615,12287816.500000004,12266745.250000004,S6-K2P0|F2|1769741100|SHORT,EXIT_SL_RAISED,False,S6-K2P0,SHORT,S,0.5,1769757586.308,1769741100,1769742000.0,1769757300
17544859.24999994,default,0.5,5184.7,0,5184.51,5052.835403337422,5053.3,F3,True,4855293.615,12287816.500000004,12266745.250000004,S6-K2P0|F3|1769741100|SHORT,EXIT_SL_RAISED,False,S6-K2P0,SHORT,S,0.5,1769757586.308,1769741100,1769742000.0,1769757300
23204597.00000006,default,0.5,4838.06,1,4741.16,4829.137040942913,4830.93,F1,True,4440096.34,-8406960.500000041,-8428031.750000041,S6-K2P0|F1|1769795100|SHORT,EXIT_SL_RAISED,False,S6-K2P0,SHORT,S,0.5,1769980306.427,1769795100,1769976900.0,1769979600
23204597.00000006,default,0.5,4838.06,1,4741.16,4829.137040942913,4830.93,F2,True,4440096.34,-8406960.500000041,-8428031.750000041,S6-K2P0|F2|1769795100|SHORT,EXIT_SL_RAISED,False,S6-K2P0,SHORT,S,0.5,1769980306.427,1769795100,1769976900.0,1769979600
23204597.00000006,default,0.5,4838.06,1,4741.16,4829.137040942913,4830.93,F3,True,4440096.34,-8406960.500000041,-8428031.750000041,S6-K2P0|F3|1769795100|SHORT,EXIT_SL_RAISED,False,S6-K2P0,SHORT,S,0.5,1769980306.427,1769795100,1769976900.0,1769979600
60088181.25000017,default,0.5,4643.74,0,4643.27,4533.3926162096195,4533.65,F1,True,4348422.355,10265913.000000075,10244841.750000075,S6-K2P0|F1|1769983200|SHORT,EXIT_SL_RAISED,False,S6-K2P0,SHORT,S,0.5,1770005024.658,1769983200,1769984100.0,1770004800
60088181.25000017,default,0.5,4643.74,0,4643.27,4533.3926162096195,4533.65,F2,True,4348422.355,10265913.000000075,10244841.750000075,S6-K2P0|F2|1769983200|SHORT,EXIT_SL_RAISED,False,S6-K2P0,SHORT,S,0.5,1770005024.658,1769983200,1769984100.0,1770004800
60088181.25000017,default,0.5,4643.74,0,4643.27,4533.3926162096195,4533.65,F3,True,4348422.355,10265913.000000075,10244841.750000075,S6-K2P0|F3|1769983200|SHORT,EXIT_SL_RAISED,False,S6-K2P0,SHORT,S,0.5,1770005024.658,1769983200,1769984100.0,1770004800
20803879.249999955,default,0.5,4829.13,0,4829.84,4778.959934821185,4777.87,F1,True,4523145.16,-4866990.500000024,-4888061.750000024,S6-K2P0|F1|1770069600|LONG,EXIT_SL_RAISED,False,S6-K2P0,LONG,L,0.5,1770074294.568,1770069600,1770070500.0,1770074100
20803879.249999955,default,0.5,4829.13,0,4829.84,4778.959934821185,4777.87,F2,True,4523145.16,-4866990.500000024,-4888061.750000024,S6-K2P0|F2|1770069600|LONG,EXIT_SL_RAISED,False,S6-K2P0,LONG,L,0.5,1770074294.568,1770069600,1770070500.0,1770074100
20803879.249999955,default,0.5,4829.13,0,4829.84,4778.959934821185,4777.87,F3,True,4523145.16,-4866990.500000024,-4888061.750000024,S6-K2P0|F3|1770069600|LONG,EXIT_SL_RAISED,False,S6-K2P0,LONG,L,0.5,1770074294.568,1770069600,1770070500.0,1770074100
12988318.500000132,default,0.5,4805.57,0,4805.78,4898.4478308849,4898.41,F1,True,4500612.97,8674799.50000001,8653728.25000001,S6-K2P0|F1|1770078600|LONG,EXIT_SL_RAISED,False,S6-K2P0,LONG,L,0.5,1770100036.48,1770078600,1770079500.0,1770099300
12988318.500000132,default,0.5,4805.57,0,4805.78,4898.4478308849,4898.41,F2,True,4500612.97,8674799.50000001,8653728.25000001,S6-K2P0|F2|1770078600|LONG,EXIT_SL_RAISED,False,S6-K2P0,LONG,L,0.5,1770100036.48,1770078600,1770079500.0,1770099300
12988318.500000132,default,0.5,4805.57,0,4805.78,4898.4478308849,4898.41,F3,True,4500612.97,8674799.50000001,8653728.25000001,S6-K2P0|F3|1770078600|LONG,EXIT_SL_RAISED,False,S6-K2P0,LONG,L,0.5,1770100036.48,1770078600,1770079500.0,1770099300
18157330.250000104,default,0.5,4932.57,0,4932.69,4974.7454444366695,4975.96,F1,True,4619464.185,-4052235.500000041,-4073306.750000041,S6-K2P0|F1|1770148800|SHORT,EXIT_SL_RAISED,False,S6-K2P0,SHORT,S,0.5,1770153196.803,1770148800,1770149700.0,1770152400
18157330.250000104,default,0.5,4932.57,0,4932.69,4974.7454444366695,4975.96,F2,True,4619464.185,-4052235.500000041,-4073306.750000041,S6-K2P0|F2|1770148800|SHORT,EXIT_SL_RAISED,False,S6-K2P0,SHORT,S,0.5,1770153196.803,1770148800,1770149700.0,1770152400
18157330.250000104,default,0.5,4932.57,0,4932.69,4974.7454444366695,4975.96,F3,True,4619464.185,-4052235.500000041,-4073306.750000041,S6-K2P0|F3|1770148800|SHORT,EXIT_SL_RAISED,False,S6-K2P0,SHORT,S,0.5,1770153196.803,1770148800,1770149700.0,1770152400
13384457.999999836,default,0.5,4986.66,0,4987.15,5052.764964698067,5052.12,F1,True,4670465.975,6084440.500000024,6063369.250000024,S6-K2P0|F1|1770152400|LONG,EXIT_SL_RAISED,False,S6-K2P0,LONG,L,0.5,1770174921.256,1770152400,1770153300.0,1770174900
13384457.999999836,default,0.5,4986.66,0,4987.15,5052.764964698067,5052.12,F2,True,4670465.975,6084440.500000024,6063369.250000024,S6-K2P0|F2|1770152400|LONG,EXIT_SL_RAISED,False,S6-K2P0,LONG,L,0.5,1770174921.256,1770152400,1770153300.0,1770174900
13384457.999999836,default,0.5,4986.66,0,4987.15,5052.764964698067,5052.12,F3,True,4670465.975,6084440.500000024,6063369.250000024,S6-K2P0|F3|1770152400|LONG,EXIT_SL_RAISED,False,S6-K2P0,LONG,L,0.5,1770174921.256,1770152400,1770153300.0,1770174900
3823261.249999898,default,0.5,5076.53,0,5076.93,5056.306099226791,5056.25,F1,True,4754544.945,-1936682.0000000272,-1957753.2500000272,S6-K2P0|F1|1770176700|LONG,EXIT_SL_RAISED,False,S6-K2P0,LONG,L,0.5,1770186191.038,1770176700,1770177600.0,1770185700
3823261.249999898,default,0.5,5076.53,0,5076.93,5056.306099226791,5056.25,F2,True,4754544.945,-1936682.0000000272,-1957753.2500000272,S6-K2P0|F2|1770176700|LONG,EXIT_SL_RAISED,False,S6-K2P0,LONG,L,0.5,1770186191.038,1770176700,1770177600.0,1770185700
3823261.249999898,default,0.5,5076.53,0,5076.93,5056.306099226791,5056.25,F3,True,4754544.945,-1936682.0000000272,-1957753.2500000272,S6-K2P0|F3|1770176700|LONG,EXIT_SL_RAISED,False,S6-K2P0,LONG,L,0.5,1770186191.038,1770176700,1770177600.0,1770185700
8506229.499999823,default,0.5,4852.82,0,4852.82,4897.000582758488,4897.1,F1,True,4544665.93,-4146822.0000000615,-4167893.2500000615,S6-K2P0|F1|1770256800|SHORT,EXIT_SL_RAISED,False,S6-K2P0,SHORT,S,0.5,1770259518.313,1770256800,1770257700.0,1770259500
8506229.499999823,default,0.5,4852.82,0,4852.82,4897.000582758488,4897.1,F2,True,4544665.93,-4146822.0000000615,-4167893.2500000615,S6-K2P0|F2|1770256800|SHORT,EXIT_SL_RAISED,False,S6-K2P0,SHORT,S,0.5,1770259518.313,1770256800,1770257700.0,1770259500
8506229.499999823,default,0.5,4852.82,0,4852.82,4897.000582758488,4897.1,F3,True,4544665.93,-4146822.0000000615,-4167893.2500000615,S6-K2P0|F3|1770256800|SHORT,EXIT_SL_RAISED,False,S6-K2P0,SHORT,S,0.5,1770259518.313,1770256800,1770257700.0,1770259500
12894668.500000048,default,0.5,4910.2,0,4910.75,4912.35,4912.26,F1,False,4598917.375,141411.50000002043,141411.50000002043,S6-K2P0|F1|1770260400|LONG,reverse,False,S6-K2P0,LONG,L,0.5,1770271200,1770260400,1770261300.0,1770270300
12894668.500000048,default,0.5,4910.2,0,4910.75,4912.35,4912.26,F2,False,4598917.375,141411.50000002043,141411.50000002043,S6-K2P0|F2|1770260400|LONG,reverse,False,S6-K2P0,LONG,L,0.5,1770271200,1770260400,1770261300.0,1770270300
12894668.500000048,default,0.5,4910.2,0,4910.75,4912.35,4912.26,F3,False,4598917.375,141411.50000002043,141411.50000002043,S6-K2P0|F3|1770260400|LONG,reverse,False,S6-K2P0,LONG,L,0.5,1770271200,1770260400,1770261300.0,1770270300
14822453.749999966,default,0.5,4773.96,0,4774.52,4844.629810875216,4843.79,F1,True,4471337.98,6487135.499999955,6466064.249999955,S6-K2P0|F1|1770331500|LONG,EXIT_SL_RAISED,False,S6-K2P0,LONG,L,0.5,1770348873.376,1770331500,1770332400.0,1770348600
14822453.749999966,default,0.5,4773.96,0,4774.52,4844.629810875216,4843.79,F2,True,4471337.98,6487135.499999955,6466064.249999955,S6-K2P0|F2|1770331500|LONG,EXIT_SL_RAISED,False,S6-K2P0,LONG,L,0.5,1770348873.376,1770331500,1770332400.0,1770348600
14822453.749999966,default,0.5,4773.96,0,4774.52,4844.629810875216,4843.79,F3,True,4471337.98,6487135.499999955,6466064.249999955,S6-K2P0|F3|1770331500|LONG,EXIT_SL_RAISED,False,S6-K2P0,LONG,L,0.5,1770348873.376,1770331500,1770332400.0,1770348600
10234072.000000147,default,0.5,4982.43,0,4982.43,5013.475141503601,5013.68,F1,True,4666045.695,-2926562.5,-2947633.75,S6-K2P0|F1|1770590700|SHORT,EXIT_SL_RAISED,False,S6-K2P0,SHORT,S,0.5,1770594876.87,1770590700,1770591600.0,1770594300
10234072.000000147,default,0.5,4982.43,0,4982.43,5013.475141503601,5013.68,F2,True,4666045.695,-2926562.5,-2947633.75,S6-K2P0|F2|1770590700|SHORT,EXIT_SL_RAISED,False,S6-K2P0,SHORT,S,0.5,1770594876.87,1770590700,1770591600.0,1770594300
10234072.000000147,default,0.5,4982.43,0,4982.43,5013.475141503601,5013.68,F3,True,4666045.695,-2926562.5,-2947633.75,S6-K2P0|F3|1770590700|SHORT,EXIT_SL_RAISED,False,S6-K2P0,SHORT,S,0.5,1770594876.87,1770590700,1770591600.0,1770594300
4693269.7499999795,default,0.5,5036.86,0,5037.01,5011.333621151338,5011.27,F1,True,4717159.865,-2410550.9999999795,-2431622.2499999795,S6-K2P0|F1|1770605100|LONG,EXIT_SL_RAISED,False,S6-K2P0,LONG,L,0.5,1770610444.227,1770605100,1770606000.0,1770609600
4693269.7499999795,default,0.5,5036.86,0,5037.01,5011.333621151338,5011.27,F2,True,4717159.865,-2410550.9999999795,-2431622.2499999795,S6-K2P0|F2|1770605100|LONG,EXIT_SL_RAISED,False,S6-K2P0,LONG,L,0.5,1770610444.227,1770605100,1770606000.0,1770609600
4693269.7499999795,default,0.5,5036.86,0,5037.01,5011.333621151338,5011.27,F3,True,4717159.865,-2410550.9999999795,-2431622.2499999795,S6-K2P0|F3|1770605100|LONG,EXIT_SL_RAISED,False,S6-K2P0,LONG,L,0.5,1770610444.227,1770605100,1770606000.0,1770609600
26483283.49999991,default,0.5,5013.04,0,5013.21,5038.346381295852,5038.57,F1,True,4694871.165,-2374963.9999999693,-2396035.2499999693,S6-K2P0|F1|1770667200|SHORT,EXIT_SL_RAISED,False,S6-K2P0,SHORT,S,0.5,1770669825.977,1770667200,1770668100.0,1770669000
26483283.49999991,default,0.5,5013.04,0,5013.21,5038.346381295852,5038.57,F2,True,4694871.165,-2374963.9999999693,-2396035.2499999693,S6-K2P0|F2|1770667200|SHORT,EXIT_SL_RAISED,False,S6-K2P0,SHORT,S,0.5,1770669825.977,1770667200,1770668100.0,1770669000
26483283.49999991,default,0.5,5013.04,0,5013.21,5038.346381295852,5038.57,F3,True,4694871.165,-2374963.9999999693,-2396035.2499999693,S6-K2P0|F3|1770667200|SHORT,EXIT_SL_RAISED,False,S6-K2P0,SHORT,S,0.5,1770669825.977,1770667200,1770668100.0,1770669000
7499491.9999999935,default,0.5,5017.32,0,5017.1,5050.833156333912,5051.02,F1,True,4698514.15,-3176608.000000007,-3197679.250000007,S6-K2P0|F1|1770675300|SHORT,EXIT_SL_RAISED,False,S6-K2P0,SHORT,S,0.5,1770679357.236,1770675300,1770676200.0,1770678900
7499491.9999999935,default,0.5,5017.32,0,5017.1,5050.833156333912,5051.02,F2,True,4698514.15,-3176608.000000007,-3197679.250000007,S6-K2P0|F2|1770675300|SHORT,EXIT_SL_RAISED,False,S6-K2P0,SHORT,S,0.5,1770679357.236,1770675300,1770676200.0,1770678900
7499491.9999999935,default,0.5,5017.32,0,5017.1,5050.833156333912,5051.02,F3,True,4698514.15,-3176608.000000007,-3197679.250000007,S6-K2P0|F3|1770675300|SHORT,EXIT_SL_RAISED,False,S6-K2P0,SHORT,S,0.5,1770679357.236,1770675300,1770676200.0,1770678900
4077989.250000007,default,0.5,5026.74,0,5026.77,5039.577378721084,5040.37,F1,True,4707570.105,-1273639.999999949,-1294711.249999949,S6-K2P0|F1|1770681600|SHORT,EXIT_SL_RAISED,False,S6-K2P0,SHORT,S,0.5,1770691981.921,1770681600,1770682500.0,1770691500
4077989.250000007,default,0.5,5026.74,0,5026.77,5039.577378721084,5040.37,F2,True,4707570.105,-1273639.999999949,-1294711.249999949,S6-K2P0|F2|1770681600|SHORT,EXIT_SL_RAISED,False,S6-K2P0,SHORT,S,0.5,1770691981.921,1770681600,1770682500.0,1770691500
4077989.250000007,default,0.5,5026.74,0,5026.77,5039.577378721084,5040.37,F3,True,4707570.105,-1273639.999999949,-1294711.249999949,S6-K2P0|F3|1770681600|SHORT,EXIT_SL_RAISED,False,S6-K2P0,SHORT,S,0.5,1770691981.921,1770681600,1770682500.0,1770691500
3558231.749999734,default,0.5,5025.1,0,5025.1,5050.179156611153,5051.02,F1,True,4706006.15,-2427408.000000007,-2448479.250000007,S6-K2P0|F1|1770696900|SHORT,EXIT_SL_RAISED,False,S6-K2P0,SHORT,S,0.5,1770702352.957,1770696900,1770697800.0,1770702300
3558231.749999734,default,0.5,5025.1,0,5025.1,5050.179156611153,5051.02,F2,True,4706006.15,-2427408.000000007,-2448479.250000007,S6-K2P0|F2|1770696900|SHORT,EXIT_SL_RAISED,False,S6-K2P0,SHORT,S,0.5,1770702352.957,1770696900,1770697800.0,1770702300
3558231.749999734,default,0.5,5025.1,0,5025.1,5050.179156611153,5051.02,F3,True,4706006.15,-2427408.000000007,-2448479.250000007,S6-K2P0|F3|1770696900|SHORT,EXIT_SL_RAISED,False,S6-K2P0,SHORT,S,0.5,1770702352.957,1770696900,1770697800.0,1770702300
4117322.2500000987,default,0.5,5040.04,0,5040.54,5049.111717565969,5048.88,F1,True,4720465.71,781041.0000000136,759969.7500000136,S6-K2P0|F1|1770758100|LONG,EXIT_SL_RAISED,False,S6-K2P0,LONG,L,0.5,1770785287.64,1770758100,1770759000.0,1770785100
4117322.2500000987,default,0.5,5040.04,0,5040.54,5049.111717565969,5048.88,F2,True,4720465.71,781041.0000000136,759969.7500000136,S6-K2P0|F2|1770758100|LONG,EXIT_SL_RAISED,False,S6-K2P0,LONG,L,0.5,1770785287.64,1770758100,1770759000.0,1770785100
4117322.2500000987,default,0.5,5040.04,0,5040.54,5049.111717565969,5048.88,F3,True,4720465.71,781041.0000000136,759969.7500000136,S6-K2P0|F3|1770758100|LONG,EXIT_SL_RAISED,False,S6-K2P0,LONG,L,0.5,1770785287.64,1770758100,1770759000.0,1770785100
2832912.500000085,default,0.5,5059.11,0,5059.05,5071.049694453968,5071.22,F1,True,4737800.325,-1139720.5000000068,-1160791.7500000068,S6-K2P0|F1|1770845400|SHORT,EXIT_SL_RAISED,False,S6-K2P0,SHORT,S,0.5,1770850860.487,1770845400,1770846300.0,1770850800
2832912.500000085,default,0.5,5059.11,0,5059.05,5071.049694453968,5071.22,F2,True,4737800.325,-1139720.5000000068,-1160791.7500000068,S6-K2P0|F2|1770845400|SHORT,EXIT_SL_RAISED,False,S6-K2P0,SHORT,S,0.5,1770850860.487,1770845400,1770846300.0,1770850800
2832912.500000085,default,0.5,5059.11,0,5059.05,5071.049694453968,5071.22,F3,True,4737800.325,-1139720.5000000068,-1160791.7500000068,S6-K2P0|F3|1770845400|SHORT,EXIT_SL_RAISED,False,S6-K2P0,SHORT,S,0.5,1770850860.487,1770845400,1770846300.0,1770850800
4786451.4999998845,default,0.5,5059.9,0,5059.9,5072.913939337219,5073.5,F1,True,4738596.35,-1273640.000000034,-1294711.250000034,S6-K2P0|F1|1770855300|SHORT,EXIT_SL_RAISED,False,S6-K2P0,SHORT,S,0.5,1770861961.142,1770855300,1770856200.0,1770861600
4786451.4999998845,default,0.5,5059.9,0,5059.9,5072.913939337219,5073.5,F2,True,4738596.35,-1273640.000000034,-1294711.250000034,S6-K2P0|F2|1770855300|SHORT,EXIT_SL_RAISED,False,S6-K2P0,SHORT,S,0.5,1770861961.142,1770855300,1770856200.0,1770861600
4786451.4999998845,default,0.5,5059.9,0,5059.9,5072.913939337219,5073.5,F3,True,4738596.35,-1273640.000000034,-1294711.250000034,S6-K2P0|F3|1770855300|SHORT,EXIT_SL_RAISED,False,S6-K2P0,SHORT,S,0.5,1770861961.142,1770855300,1770856200.0,1770861600
4906323.500000201,default,0.5,5055.35,0,5055.37,5068.095095030843,5068.33,F1,True,4734354.005,-1213704.0000000035,-1234775.2500000035,S6-K2P0|F1|1770866100|SHORT,EXIT_SL_RAISED,False,S6-K2P0,SHORT,S,0.5,1770872682.461,1770866100,1770867000.0,1770872400
4906323.500000201,default,0.5,5055.35,0,5055.37,5068.095095030843,5068.33,F2,True,4734354.005,-1213704.0000000035,-1234775.2500000035,S6-K2P0|F2|1770866100|SHORT,EXIT_SL_RAISED,False,S6-K2P0,SHORT,S,0.5,1770872682.461,1770866100,1770867000.0,1770872400
4906323.500000201,default,0.5,5055.35,0,5055.37,5068.095095030843,5068.33,F3,True,4734354.005,-1213704.0000000035,-1234775.2500000035,S6-K2P0|F3|1770866100|SHORT,EXIT_SL_RAISED,False,S6-K2P0,SHORT,S,0.5,1770872682.461,1770866100,1770867000.0,1770872400
10859654.000000004,default,0.5,4941.87,0,4942.37,4969.081159819822,4968.96,F1,True,4628529.505,2490153.5000000135,2469082.2500000135,S6-K2P0|F1|1770930000|LONG,EXIT_SL_RAISED,False,S6-K2P0,LONG,L,0.5,1770949154.466,1770930000,1770930900.0,1770948900
10859654.000000004,default,0.5,4941.87,0,4942.37,4969.081159819822,4968.96,F2,True,4628529.505,2490153.5000000135,2469082.2500000135,S6-K2P0|F2|1770930000|LONG,EXIT_SL_RAISED,False,S6-K2P0,LONG,L,0.5,1770949154.466,1770930000,1770930900.0,1770948900
10859654.000000004,default,0.5,4941.87,0,4942.37,4969.081159819822,4968.96,F3,True,4628529.505,2490153.5000000135,2469082.2500000135,S6-K2P0|F3|1770930000|LONG,EXIT_SL_RAISED,False,S6-K2P0,LONG,L,0.5,1770949154.466,1770930000,1770930900.0,1770948900
5976742.999999887,default,0.5,4963.96,0,4963.96,4967.04,4967.52,F1,False,4648748.54,-333394.0000000375,-333394.0000000375,S6-K2P0|F1|1770949800|SHORT,reverse,False,S6-K2P0,SHORT,S,0.5,1770955200,1770949800,1770950700.0,1770954300
5976742.999999887,default,0.5,4963.96,0,4963.96,4967.04,4967.52,F2,False,4648748.54,-333394.0000000375,-333394.0000000375,S6-K2P0|F2|1770949800|SHORT,reverse,False,S6-K2P0,SHORT,S,0.5,1770955200,1770949800,1770950700.0,1770954300
5976742.999999887,default,0.5,4963.96,0,4963.96,4967.04,4967.52,F3,False,4648748.54,-333394.0000000375,-333394.0000000375,S6-K2P0|F3|1770949800|SHORT,reverse,False,S6-K2P0,SHORT,S,0.5,1770955200,1770949800,1770950700.0,1770954300
5747300.499999905,default,0.5,4967.04,0,4967.52,4964.3,4964.6,F1,False,4652082.48,-273458.0000000068,-273458.0000000068,S6-K2P0|F1|1770954300|LONG,reverse,False,S6-K2P0,LONG,L,0.5,1770964200,1770954300,1770955200.0,1770963300
5747300.499999905,default,0.5,4967.04,0,4967.52,4964.3,4964.6,F2,False,4652082.48,-273458.0000000068,-273458.0000000068,S6-K2P0|F2|1770954300|LONG,reverse,False,S6-K2P0,LONG,L,0.5,1770964200,1770954300,1770955200.0,1770963300
5747300.499999905,default,0.5,4967.04,0,4967.52,4964.3,4964.6,F3,False,4652082.48,-273458.0000000068,-273458.0000000068,S6-K2P0|F3|1770954300|LONG,reverse,False,S6-K2P0,LONG,L,0.5,1770964200,1770954300,1770955200.0,1770963300
3305844.999999932,default,0.5,5029.16,0,5029.66,5003.007299980186,5002.96,F1,True,4710276.59,-2500454.999999983,-2521526.249999983,S6-K2P0|F1|1771186500|LONG,EXIT_SL_RAISED,False,S6-K2P0,LONG,L,0.5,1771189412.165,1771186500,1771187400.0,1771189200
3305844.999999932,default,0.5,5029.16,0,5029.66,5003.007299980186,5002.96,F2,True,4710276.59,-2500454.999999983,-2521526.249999983,S6-K2P0|F2|1771186500|LONG,EXIT_SL_RAISED,False,S6-K2P0,LONG,L,0.5,1771189412.165,1771186500,1771187400.0,1771189200
3305844.999999932,default,0.5,5029.16,0,5029.66,5003.007299980186,5002.96,F3,True,4710276.59,-2500454.999999983,-2521526.249999983,S6-K2P0|F3|1771186500|LONG,EXIT_SL_RAISED,False,S6-K2P0,LONG,L,0.5,1771189412.165,1771186500,1771187400.0,1771189200
3810150.2499999525,default,0.5,5012.12,0,5012.34,4987.621631015482,4987.65,F1,True,4694056.41,2312218.5000000475,2291147.2500000475,S6-K2P0|F1|1771190100|SHORT,EXIT_SL_RAISED,False,S6-K2P0,SHORT,S,0.5,1771209008.88,1771190100,1771191000.0,1771209000
3810150.2499999525,default,0.5,5012.12,0,5012.34,4987.621631015482,4987.65,F2,True,4694056.41,2312218.5000000475,2291147.2500000475,S6-K2P0|F2|1771190100|SHORT,EXIT_SL_RAISED,False,S6-K2P0,SHORT,S,0.5,1771209008.88,1771190100,1771191000.0,1771209000
3810150.2499999525,default,0.5,5012.12,0,5012.34,4987.621631015482,4987.65,F3,True,4694056.41,2312218.5000000475,2291147.2500000475,S6-K2P0|F3|1771190100|SHORT,EXIT_SL_RAISED,False,S6-K2P0,SHORT,S,0.5,1771209008.88,1771190100,1771191000.0,1771209000
2439582.499999847,default,0.5,4989.75,0,4989.75,4950.12,4950.46,F1,False,4672900.875,3679508.4999999967,3658437.2499999967,S6-K2P0|F1|1771273800|SHORT,EXIT_TRAIL,True,S6-K2P0,SHORT,S,0.5,1771280100,1771273800,1771274700.0,1771279200
2439582.499999847,default,0.5,4989.75,0,4989.75,4950.12,4950.46,F2,False,4672900.875,3679508.4999999967,3658437.2499999967,S6-K2P0|F2|1771273800|SHORT,EXIT_TRAIL,True,S6-K2P0,SHORT,S,0.5,1771280100,1771273800,1771274700.0,1771279200
2439582.499999847,default,0.5,4989.75,0,4989.75,4950.12,4950.46,F3,False,4672900.875,3679508.4999999967,3658437.2499999967,S6-K2P0|F3|1771273800|SHORT,EXIT_TRAIL,True,S6-K2P0,SHORT,S,0.5,1771280100,1771273800,1771274700.0,1771279200
2442391.999999993,default,0.5,4957.34,0,4957.55,4893.728916409805,4895.63,F1,True,4642745.575,5798808.0000000065,5777736.7500000065,S6-K2P0|F1|1771281900|SHORT,EXIT_SL_RAISED,False,S6-K2P0,SHORT,S,0.5,1771296762.638,1771281900,1771282800.0,1771296300
2442391.999999993,default,0.5,4957.34,0,4957.55,4893.728916409805,4895.63,F2,True,4642745.575,5798808.0000000065,5777736.7500000065,S6-K2P0|F2|1771281900|SHORT,EXIT_SL_RAISED,False,S6-K2P0,SHORT,S,0.5,1771296762.638,1771281900,1771282800.0,1771296300
2442391.999999993,default,0.5,4957.34,0,4957.55,4893.728916409805,4895.63,F3,True,4642745.575,5798808.0000000065,5777736.7500000065,S6-K2P0|F3|1771281900|SHORT,EXIT_SL_RAISED,False,S6-K2P0,SHORT,S,0.5,1771296762.638,1771281900,1771282800.0,1771296300
4313050.749999942,default,0.5,4878.21,0,4878.71,4925.5257314582,4925.47,F1,True,4568911.915,4379074.0000000205,4358002.7500000205,S6-K2P0|F1|1771363800|LONG,EXIT_SL_RAISED,False,S6-K2P0,LONG,L,0.5,1771391903.547,1771363800,1771364700.0,1771391700
4313050.749999942,default,0.5,4878.21,0,4878.71,4925.5257314582,4925.47,F2,True,4568911.915,4379074.0000000205,4358002.7500000205,S6-K2P0|F2|1771363800|LONG,EXIT_SL_RAISED,False,S6-K2P0,LONG,L,0.5,1771391903.547,1771363800,1771364700.0,1771391700
4313050.749999942,default,0.5,4878.21,0,4878.71,4925.5257314582,4925.47,F3,True,4568911.915,4379074.0000000205,4358002.7500000205,S6-K2P0|F3|1771363800|LONG,EXIT_SL_RAISED,False,S6-K2P0,LONG,L,0.5,1771391903.547,1771363800,1771364700.0,1771391700
2672771.000000082,default,0.5,4965.11,0,4965.11,4975.769373402828,4975.91,F1,True,4649825.515,-1011420.000000017,-1032491.250000017,S6-K2P0|F1|1771450200|SHORT,EXIT_SL_RAISED,False,S6-K2P0,SHORT,S,0.5,1771461062.793,1771450200,1771451100.0,1771461000
2672771.000000082,default,0.5,4965.11,0,4965.11,4975.769373402828,4975.91,F2,True,4649825.515,-1011420.000000017,-1032491.250000017,S6-K2P0|F2|1771450200|SHORT,EXIT_SL_RAISED,False,S6-K2P0,SHORT,S,0.5,1771461062.793,1771450200,1771451100.0,1771461000
2672771.000000082,default,0.5,4965.11,0,4965.11,4975.769373402828,4975.91,F3,True,4649825.515,-1011420.000000017,-1032491.250000017,S6-K2P0|F3|1771450200|SHORT,EXIT_SL_RAISED,False,S6-K2P0,SHORT,S,0.5,1771461062.793,1771450200,1771451100.0,1771461000
4799562.500000085,default,0.5,4987.46,0,4987.46,5004.091209906704,5004.21,F1,True,4670756.29,-1568637.5,-1589708.75,S6-K2P0|F1|1771533900|SHORT,EXIT_SL_RAISED,False,S6-K2P0,SHORT,S,0.5,1771538163.079,1771533900,1771534800.0,1771537500
4799562.500000085,default,0.5,4987.46,0,4987.46,5004.091209906704,5004.21,F2,True,4670756.29,-1568637.5,-1589708.75,S6-K2P0|F2|1771533900|SHORT,EXIT_SL_RAISED,False,S6-K2P0,SHORT,S,0.5,1771538163.079,1771533900,1771534800.0,1771537500
4799562.500000085,default,0.5,4987.46,0,4987.46,5004.091209906704,5004.21,F3,True,4670756.29,-1568637.5,-1589708.75,S6-K2P0|F3|1771533900|SHORT,EXIT_SL_RAISED,False,S6-K2P0,SHORT,S,0.5,1771538163.079,1771533900,1771534800.0,1771537500
4331312.50000017,default,0.5,5006.38,0,5006.9,4995.465181253914,4995.42,F1,True,4688961.85,-1075101.999999959,-1096173.249999959,S6-K2P0|F1|1771537500|LONG,EXIT_SL_RAISED,False,S6-K2P0,LONG,L,0.5,1771540678.728,1771537500,1771538400.0,1771540200
4331312.50000017,default,0.5,5006.38,0,5006.9,4995.465181253914,4995.42,F2,True,4688961.85,-1075101.999999959,-1096173.249999959,S6-K2P0|F2|1771537500|LONG,EXIT_SL_RAISED,False,S6-K2P0,LONG,L,0.5,1771540678.728,1771537500,1771538400.0,1771540200
4331312.50000017,default,0.5,5006.38,0,5006.9,4995.465181253914,4995.42,F3,True,4688961.85,-1075101.999999959,-1096173.249999959,S6-K2P0|F3|1771537500|LONG,EXIT_SL_RAISED,False,S6-K2P0,LONG,L,0.5,1771540678.728,1771537500,1771538400.0,1771540200
4414660.999999776,default,0.5,4996.64,0,4996.6,4999.611832818292,4999.75,F1,True,4679315.9,-294997.49999996595,-316068.74999996595,S6-K2P0|F1|1771542000|SHORT,EXIT_SL_RAISED,False,S6-K2P0,SHORT,S,0.5,1771551649.508,1771542000,1771542900.0,1771551000
4414660.999999776,default,0.5,4996.64,0,4996.6,4999.611832818292,4999.75,F2,True,4679315.9,-294997.49999996595,-316068.74999996595,S6-K2P0|F2|1771542000|SHORT,EXIT_SL_RAISED,False,S6-K2P0,SHORT,S,0.5,1771551649.508,1771542000,1771542900.0,1771551000
4414660.999999776,default,0.5,4996.64,0,4996.6,4999.611832818292,4999.75,F3,True,4679315.9,-294997.49999996595,-316068.74999996595,S6-K2P0|F3|1771542000|SHORT,EXIT_SL_RAISED,False,S6-K2P0,SHORT,S,0.5,1771551649.508,1771542000,1771542900.0,1771551000
3618167.7499999353,default,0.5,5022.54,0,5023.04,5006.07,5006.24,F1,False,4704076.96,-1573320.000000017,-1573320.000000017,S6-K2P0|F1|1771560000|LONG,reverse,False,S6-K2P0,LONG,L,0.5,1771563600,1771560000,1771560900.0,1771562700
3618167.7499999353,default,0.5,5022.54,0,5023.04,5006.07,5006.24,F2,False,4704076.96,-1573320.000000017,-1573320.000000017,S6-K2P0|F2|1771560000|LONG,reverse,False,S6-K2P0,LONG,L,0.5,1771563600,1771560000,1771560900.0,1771562700
3618167.7499999353,default,0.5,5022.54,0,5023.04,5006.07,5006.24,F3,False,4704076.96,-1573320.000000017,-1573320.000000017,S6-K2P0|F3|1771560000|LONG,reverse,False,S6-K2P0,LONG,L,0.5,1771563600,1771560000,1771560900.0,1771562700
2975728.749999966,default,0.5,5152.6,0,5152.6,5143.942175421794,5144.39,F1,True,4825409.9,768866.5000000034,747795.2500000034,S6-K2P0|F1|1771816500|SHORT,EXIT_SL_RAISED,False,S6-K2P0,SHORT,S,0.5,1771826725.574,1771816500,1771817400.0,1771826400
2975728.749999966,default,0.5,5152.6,0,5152.6,5143.942175421794,5144.39,F2,True,4825409.9,768866.5000000034,747795.2500000034,S6-K2P0|F2|1771816500|SHORT,EXIT_SL_RAISED,False,S6-K2P0,SHORT,S,0.5,1771826725.574,1771816500,1771817400.0,1771826400
2975728.749999966,default,0.5,5152.6,0,5152.6,5143.942175421794,5144.39,F3,True,4825409.9,768866.5000000034,747795.2500000034,S6-K2P0|F3|1771816500|SHORT,EXIT_SL_RAISED,False,S6-K2P0,SHORT,S,0.5,1771826725.574,1771816500,1771817400.0,1771826400
3347051.0000000647,default,0.5,5223.72,0,5223.86,5175.488454227637,5175.96,F1,True,4892144.89,4485834.999999966,4464763.749999966,S6-K2P0|F1|1771883100|SHORT,EXIT_SL_RAISED,False,S6-K2P0,SHORT,S,0.5,1771886255.708,1771883100,1771884000.0,1771885800
3347051.0000000647,default,0.5,5223.72,0,5223.86,5175.488454227637,5175.96,F2,True,4892144.89,4485834.999999966,4464763.749999966,S6-K2P0|F2|1771883100|SHORT,EXIT_SL_RAISED,False,S6-K2P0,SHORT,S,0.5,1771886255.708,1771883100,1771884000.0,1771885800
3347051.0000000647,default,0.5,5223.72,0,5223.86,5175.488454227637,5175.96,F3,True,4892144.89,4485834.999999966,4464763.749999966,S6-K2P0|F3|1771883100|SHORT,EXIT_SL_RAISED,False,S6-K2P0,SHORT,S,0.5,1771886255.708,1771883100,1771884000.0,1771885800
4168361.5000001057,default,0.5,5182.45,0,5182.96,5162.337316787679,5161.42,F1,True,4853842.04,-2017220.9999999965,-2038292.2499999965,S6-K2P0|F1|1771901100|LONG,EXIT_SL_RAISED,False,S6-K2P0,LONG,L,0.5,1771904106.341,1771901100,1771902000.0,1771903800
4168361.5000001057,default,0.5,5182.45,0,5182.96,5162.337316787679,5161.42,F2,True,4853842.04,-2017220.9999999965,-2038292.2499999965,S6-K2P0|F2|1771901100|LONG,EXIT_SL_RAISED,False,S6-K2P0,LONG,L,0.5,1771904106.341,1771901100,1771902000.0,1771903800
4168361.5000001057,default,0.5,5182.45,0,5182.96,5162.337316787679,5161.42,F3,True,4853842.04,-2017220.9999999965,-2038292.2499999965,S6-K2P0|F3|1771901100|LONG,EXIT_SL_RAISED,False,S6-K2P0,LONG,L,0.5,1771904106.341,1771901100,1771902000.0,1771903800
8864440.750000061,default,0.5,5135.6,0,5135.6,5152.353061251106,5153.39,F1,True,4809489.4,-1666033.4999999965,-1687104.7499999965,S6-K2P0|F1|1771963200|SHORT,EXIT_SL_RAISED,False,S6-K2P0,SHORT,S,0.5,1771969087.484,1771963200,1771964100.0,1771968600
8864440.750000061,default,0.5,5135.6,0,5135.6,5152.353061251106,5153.39,F2,True,4809489.4,-1666033.4999999965,-1687104.7499999965,S6-K2P0|F2|1771963200|SHORT,EXIT_SL_RAISED,False,S6-K2P0,SHORT,S,0.5,1771969087.484,1771963200,1771964100.0,1771968600
8864440.750000061,default,0.5,5135.6,0,5135.6,5152.353061251106,5153.39,F3,True,4809489.4,-1666033.4999999965,-1687104.7499999965,S6-K2P0|F3|1771963200|SHORT,EXIT_SL_RAISED,False,S6-K2P0,SHORT,S,0.5,1771969087.484,1771963200,1771964100.0,1771968600
4295725.500000245,default,0.5,5152.15,0,5152.65,5168.2020638526565,5168.1,F1,True,4825456.725,1446892.5000000682,1425821.2500000682,S6-K2P0|F1|1771969500|LONG,EXIT_SL_RAISED,False,S6-K2P0,LONG,L,0.5,1771977073.021,1771969500,1771970400.0,1771976700
4295725.500000245,default,0.5,5152.15,0,5152.65,5168.2020638526565,5168.1,F2,True,4825456.725,1446892.5000000682,1425821.2500000682,S6-K2P0|F2|1771969500|LONG,EXIT_SL_RAISED,False,S6-K2P0,LONG,L,0.5,1771977073.021,1771969500,1771970400.0,1771976700
4295725.500000245,default,0.5,5152.15,0,5152.65,5168.2020638526565,5168.1,F3,True,4825456.725,1446892.5000000682,1425821.2500000682,S6-K2P0|F3|1771969500|LONG,EXIT_SL_RAISED,False,S6-K2P0,LONG,L,0.5,1771977073.021,1771969500,1771970400.0,1771976700
2632969.749999809,default,0.5,5188.29,0,5188.74,5189.877565539269,5189.76,F1,True,4859255.01,95523.00000004089,74451.75000004089,S6-K2P0|F1|1771984800|LONG,EXIT_SL_RAISED,False,S6-K2P0,LONG,L,0.5,1771988865.193,1771984800,1771985700.0,1771988400
2632969.749999809,default,0.5,5188.29,0,5188.74,5189.877565539269,5189.76,F2,True,4859255.01,95523.00000004089,74451.75000004089,S6-K2P0|F2|1771984800|LONG,EXIT_SL_RAISED,False,S6-K2P0,LONG,L,0.5,1771988865.193,1771984800,1771985700.0,1771988400
2632969.749999809,default,0.5,5188.29,0,5188.74,5189.877565539269,5189.76,F3,True,4859255.01,95523.00000004089,74451.75000004089,S6-K2P0|F3|1771984800|LONG,EXIT_SL_RAISED,False,S6-K2P0,LONG,L,0.5,1771988865.193,1771984800,1771985700.0,1771988400
5589968.500000133,default,0.5,5162.89,0,5162.97,5180.476518157455,5180.65,F1,True,4835121.405,-1655731.999999942,-1676803.249999942,S6-K2P0|F1|1772052300|SHORT,EXIT_SL_RAISED,False,S6-K2P0,SHORT,S,0.5,1772054663.694,1772052300,1772053200.0,1772054100
5589968.500000133,default,0.5,5162.89,0,5162.97,5180.476518157455,5180.65,F2,True,4835121.405,-1655731.999999942,-1676803.249999942,S6-K2P0|F2|1772052300|SHORT,EXIT_SL_RAISED,False,S6-K2P0,SHORT,S,0.5,1772054663.694,1772052300,1772053200.0,1772054100
5589968.500000133,default,0.5,5162.89,0,5162.97,5180.476518157455,5180.65,F3,True,4835121.405,-1655731.999999942,-1676803.249999942,S6-K2P0|F3|1772052300|SHORT,EXIT_SL_RAISED,False,S6-K2P0,SHORT,S,0.5,1772054663.694,1772052300,1772053200.0,1772054100
6052131.25,default,0.5,5184.89,0,5185.62,5180.66,5180.66,F1,False,4856333.13,-464504.00000000343,-464504.00000000343,S6-K2P0|F1|1772054100|LONG,reverse,False,S6-K2P0,LONG,L,0.5,1772062200,1772054100,1772055000.0,1772061300
6052131.25,default,0.5,5184.89,0,5185.62,5180.66,5180.66,F2,False,4856333.13,-464504.00000000343,-464504.00000000343,S6-K2P0|F2|1772054100|LONG,reverse,False,S6-K2P0,LONG,L,0.5,1772062200,1772054100,1772055000.0,1772061300
6052131.25,default,0.5,5184.89,0,5185.62,5180.66,5180.66,F3,False,4856333.13,-464504.00000000343,-464504.00000000343,S6-K2P0|F3|1772054100|LONG,reverse,False,S6-K2P0,LONG,L,0.5,1772062200,1772054100,1772055000.0,1772061300
2987434.999999966,default,0.5,5180.66,0,5180.66,5187.08,5187.58,F1,False,4851688.09,-648058.0000000069,-648058.0000000069,S6-K2P0|F1|1772061300|SHORT,reverse,False,S6-K2P0,SHORT,S,0.5,1772064900,1772061300,1772062200.0,1772064000
2987434.999999966,default,0.5,5180.66,0,5180.66,5187.08,5187.58,F2,False,4851688.09,-648058.0000000069,-648058.0000000069,S6-K2P0|F2|1772061300|SHORT,reverse,False,S6-K2P0,SHORT,S,0.5,1772064900,1772061300,1772062200.0,1772064000
2987434.999999966,default,0.5,5180.66,0,5180.66,5187.08,5187.58,F3,False,4851688.09,-648058.0000000069,-648058.0000000069,S6-K2P0|F3|1772061300|SHORT,reverse,False,S6-K2P0,SHORT,S,0.5,1772064900,1772061300,1772062200.0,1772064000
1630914.7499999115,default,0.5,5187.08,0,5187.58,5189.0669081879805,5189.03,F1,True,4858168.67,135792.49999998297,114721.24999998297,S6-K2P0|F1|1772064000|LONG,EXIT_SL_RAISED,False,S6-K2P0,LONG,L,0.5,1772078560.127,1772064000,1772064900.0,1772078400
1630914.7499999115,default,0.5,5187.08,0,5187.58,5189.0669081879805,5189.03,F2,True,4858168.67,135792.49999998297,114721.24999998297,S6-K2P0|F2|1772064000|LONG,EXIT_SL_RAISED,False,S6-K2P0,LONG,L,0.5,1772078560.127,1772064000,1772064900.0,1772078400
1630914.7499999115,default,0.5,5187.08,0,5187.58,5189.0669081879805,5189.03,F3,True,4858168.67,135792.49999998297,114721.24999998297,S6-K2P0|F3|1772064000|LONG,EXIT_SL_RAISED,False,S6-K2P0,LONG,L,0.5,1772078560.127,1772064000,1772064900.0,1772078400
2595509.749999843,default,0.5,5188.09,0,5188.44,5170.119770186353,5169.87,F1,True,4858974.06,-1739080.4999999728,-1760151.7499999728,S6-K2P0|F1|1772140500|LONG,EXIT_SL_RAISED,False,S6-K2P0,LONG,L,0.5,1772143323.905,1772140500,1772141400.0,1772143200
2595509.749999843,default,0.5,5188.09,0,5188.44,5170.119770186353,5169.87,F2,True,4858974.06,-1739080.4999999728,-1760151.7499999728,S6-K2P0|F2|1772140500|LONG,EXIT_SL_RAISED,False,S6-K2P0,LONG,L,0.5,1772143323.905,1772140500,1772141400.0,1772143200
2595509.749999843,default,0.5,5188.09,0,5188.44,5170.119770186353,5169.87,F3,True,4858974.06,-1739080.4999999728,-1760151.7499999728,S6-K2P0|F3|1772140500|LONG,EXIT_SL_RAISED,False,S6-K2P0,LONG,L,0.5,1772143323.905,1772140500,1772141400.0,1772143200
5663015.500000024,default,0.5,5188.3,0,5188.77,5179.962825574541,5178.37,F1,True,4859283.105,-973960.0000000511,-995031.2500000511,S6-K2P0|F1|1772145000|LONG,EXIT_SL_RAISED,False,S6-K2P0,LONG,L,0.5,1772149007.445,1772145000,1772145900.0,1772148600
5663015.500000024,default,0.5,5188.3,0,5188.77,5179.962825574541,5178.37,F2,True,4859283.105,-973960.0000000511,-995031.2500000511,S6-K2P0|F2|1772145000|LONG,EXIT_SL_RAISED,False,S6-K2P0,LONG,L,0.5,1772149007.445,1772145000,1772145900.0,1772148600
5663015.500000024,default,0.5,5188.3,0,5188.77,5179.962825574541,5178.37,F3,True,4859283.105,-973960.0000000511,-995031.2500000511,S6-K2P0|F3|1772145000|LONG,EXIT_SL_RAISED,False,S6-K2P0,LONG,L,0.5,1772149007.445,1772145000,1772145900.0,1772148600
1269425.749999942,default,0.5,5186.45,0,5186.95,5185.287165670906,5185.04,F1,True,4857578.675,-178871.49999998638,-199942.74999998638,S6-K2P0|F1|1772154000|LONG,EXIT_SL_RAISED,False,S6-K2P0,LONG,L,0.5,1772164634.898,1772154000,1772154900.0,1772163900
1269425.749999942,default,0.5,5186.45,0,5186.95,5185.287165670906,5185.04,F2,True,4857578.675,-178871.49999998638,-199942.74999998638,S6-K2P0|F2|1772154000|LONG,EXIT_SL_RAISED,False,S6-K2P0,LONG,L,0.5,1772164634.898,1772154000,1772154900.0,1772163900
1269425.749999942,default,0.5,5186.45,0,5186.95,5185.287165670906,5185.04,F3,True,4857578.675,-178871.49999998638,-199942.74999998638,S6-K2P0|F3|1772154000|LONG,EXIT_SL_RAISED,False,S6-K2P0,LONG,L,0.5,1772164634.898,1772154000,1772154900.0,1772163900
11014176.500000054,default,0.5,5117.11,0,5117.58,5151.58651552323,5151.57,F1,True,4792613.67,3183163.4999999795,3162092.2499999795,S6-K2P0|F1|1772568000|LONG,EXIT_SL_RAISED,False,S6-K2P0,LONG,L,0.5,1772582570.266,1772568000,1772568900.0,1772582400
11014176.500000054,default,0.5,5117.11,0,5117.58,5151.58651552323,5151.57,F2,True,4792613.67,3183163.4999999795,3162092.2499999795,S6-K2P0|F2|1772568000|LONG,EXIT_SL_RAISED,False,S6-K2P0,LONG,L,0.5,1772582570.266,1772568000,1772568900.0,1772582400
11014176.500000054,default,0.5,5117.11,0,5117.58,5151.58651552323,5151.57,F3,True,4792613.67,3183163.4999999795,3162092.2499999795,S6-K2P0|F3|1772568000|LONG,EXIT_SL_RAISED,False,S6-K2P0,LONG,L,0.5,1772582570.266,1772568000,1772568900.0,1772582400
5585286.0000001155,default,0.5,5174.41,0,5174.83,5148.203746054432,5146.19,F1,True,4846228.295,-2682136.0000000307,-2703207.2500000307,S6-K2P0|F1|1772585100|LONG,EXIT_SL_RAISED,False,S6-K2P0,LONG,L,0.5,1772593285.982,1772585100,1772586000.0,1772593200
5585286.0000001155,default,0.5,5174.41,0,5174.83,5148.203746054432,5146.19,F2,True,4846228.295,-2682136.0000000307,-2703207.2500000307,S6-K2P0|F2|1772585100|LONG,EXIT_SL_RAISED,False,S6-K2P0,LONG,L,0.5,1772593285.982,1772585100,1772586000.0,1772593200
5585286.0000001155,default,0.5,5174.41,0,5174.83,5148.203746054432,5146.19,F3,True,4846228.295,-2682136.0000000307,-2703207.2500000307,S6-K2P0|F3|1772585100|LONG,EXIT_SL_RAISED,False,S6-K2P0,LONG,L,0.5,1772593285.982,1772585100,1772586000.0,1772593200
4548580.500000058,default,0.5,5160.27,0,5161.24,5179.131356015504,5178.5,F1,True,4833501.26,1616399.0000000205,1595327.7500000205,S6-K2P0|F1|1772595900|LONG,EXIT_SL_RAISED,False,S6-K2P0,LONG,L,0.5,1772615947.722,1772595900,1772596800.0,1772615700
4548580.500000058,default,0.5,5160.27,0,5161.24,5179.131356015504,5178.5,F2,True,4833501.26,1616399.0000000205,1595327.7500000205,S6-K2P0|F2|1772595900|LONG,EXIT_SL_RAISED,False,S6-K2P0,LONG,L,0.5,1772615947.722,1772595900,1772596800.0,1772615700
4548580.500000058,default,0.5,5160.27,0,5161.24,5179.131356015504,5178.5,F3,True,4833501.26,1616399.0000000205,1595327.7500000205,S6-K2P0|F3|1772595900|LONG,EXIT_SL_RAISED,False,S6-K2P0,LONG,L,0.5,1772615947.722,1772595900,1772596800.0,1772615700
3051116.999999993,default,0.5,5178.57,0,5179.07,5172.492147899086,5172.37,F1,True,4850199.055,-627454.999999983,-648526.249999983,S6-K2P0|F1|1772665200|LONG,EXIT_SL_RAISED,False,S6-K2P0,LONG,L,0.5,1772675262.016,1772665200,1772666100.0,1772675100
3051116.999999993,default,0.5,5178.57,0,5179.07,5172.492147899086,5172.37,F2,True,4850199.055,-627454.999999983,-648526.249999983,S6-K2P0|F2|1772665200|LONG,EXIT_SL_RAISED,False,S6-K2P0,LONG,L,0.5,1772675262.016,1772665200,1772666100.0,1772675100
3051116.999999993,default,0.5,5178.57,0,5179.07,5172.492147899086,5172.37,F3,True,4850199.055,-627454.999999983,-648526.249999983,S6-K2P0|F3|1772665200|LONG,EXIT_SL_RAISED,False,S6-K2P0,LONG,L,0.5,1772675262.016,1772665200,1772666100.0,1772675100
11240341.249999966,default,0.5,5118.52,0,5118.77,5121.383833001321,5121.02,F1,True,4793728.105,210712.5,189641.25,S6-K2P0|F1|1772749800|LONG,EXIT_SL_RAISED,False,S6-K2P0,LONG,L,0.5,1772764699.392,1772749800,1772750700.0,1772764200
11240341.249999966,default,0.5,5118.52,0,5118.77,5121.383833001321,5121.02,F2,True,4793728.105,210712.5,189641.25,S6-K2P0|F2|1772749800|LONG,EXIT_SL_RAISED,False,S6-K2P0,LONG,L,0.5,1772764699.392,1772749800,1772750700.0,1772764200
11240341.249999966,default,0.5,5118.52,0,5118.77,5121.383833001321,5121.02,F3,True,4793728.105,210712.5,189641.25,S6-K2P0|F3|1772749800|LONG,EXIT_SL_RAISED,False,S6-K2P0,LONG,L,0.5,1772764699.392,1772749800,1772750700.0,1772764200
17265782.249999896,default,0.5,5125.47,0,5125.79,5072.5,5072.82,F1,False,4800302.335,4960640.500000024,4939569.250000024,S6-K2P0|F1|1772998200|SHORT,EXIT_TRAIL,True,S6-K2P0,SHORT,S,0.5,1773008100,1772998200,1772999100.0,1773007200
17265782.249999896,default,0.5,5125.47,0,5125.79,5072.5,5072.82,F2,False,4800302.335,4960640.500000024,4939569.250000024,S6-K2P0|F2|1772998200|SHORT,EXIT_TRAIL,True,S6-K2P0,SHORT,S,0.5,1773008100,1772998200,1772999100.0,1773007200
17265782.249999896,default,0.5,5125.47,0,5125.79,5072.5,5072.82,F3,False,4800302.335,4960640.500000024,4939569.250000024,S6-K2P0|F3|1772998200|SHORT,EXIT_TRAIL,True,S6-K2P0,SHORT,S,0.5,1773008100,1772998200,1772999100.0,1773007200
13013135.749999823,default,0.5,5094.32,0,5094.82,5104.155276621315,5104.01,F1,True,4771298.93,860643.5000000477,839572.2500000477,S6-K2P0|F1|1773010800|LONG,EXIT_SL_RAISED,False,S6-K2P0,LONG,L,0.5,1773028123.798,1773010800,1773011700.0,1773027900
13013135.749999823,default,0.5,5094.32,0,5094.82,5104.155276621315,5104.01,F2,True,4771298.93,860643.5000000477,839572.2500000477,S6-K2P0|F2|1773010800|LONG,EXIT_SL_RAISED,False,S6-K2P0,LONG,L,0.5,1773028123.798,1773010800,1773011700.0,1773027900
13013135.749999823,default,0.5,5094.32,0,5094.82,5104.155276621315,5104.01,F3,True,4771298.93,860643.5000000477,839572.2500000477,S6-K2P0|F3|1773010800|LONG,EXIT_SL_RAISED,False,S6-K2P0,LONG,L,0.5,1773028123.798,1773010800,1773011700.0,1773027900
4560755.000000068,default,0.5,5097.45,0,5097.63,5112.49,5113.09,F1,False,4773930.495,-1447829.0000000035,-1447829.0000000035,S6-K2P0|F1|1773027900|SHORT,reverse,False,S6-K2P0,SHORT,S,0.5,1773036900,1773027900,1773028800.0,1773036000
4560755.000000068,default,0.5,5097.45,0,5097.63,5112.49,5113.09,F2,False,4773930.495,-1447829.0000000035,-1447829.0000000035,S6-K2P0|F2|1773027900|SHORT,reverse,False,S6-K2P0,SHORT,S,0.5,1773036900,1773027900,1773028800.0,1773036000
4560755.000000068,default,0.5,5097.45,0,5097.63,5112.49,5113.09,F3,False,4773930.495,-1447829.0000000035,-1447829.0000000035,S6-K2P0|F3|1773027900|SHORT,reverse,False,S6-K2P0,SHORT,S,0.5,1773036900,1773027900,1773028800.0,1773036000
5529095.999999741,default,0.5,5152.67,0,5153.32,5129.828641054479,5129.53,F1,True,4826084.18,-2227933.4999999967,-2249004.7499999967,S6-K2P0|F1|1773085500|LONG,EXIT_SL_RAISED,False,S6-K2P0,LONG,L,0.5,1773091382.639,1773085500,1773086400.0,1773090900
5529095.999999741,default,0.5,5152.67,0,5153.32,5129.828641054479,5129.53,F2,True,4826084.18,-2227933.4999999967,-2249004.7499999967,S6-K2P0|F2|1773085500|LONG,EXIT_SL_RAISED,False,S6-K2P0,LONG,L,0.5,1773091382.639,1773085500,1773086400.0,1773090900
5529095.999999741,default,0.5,5152.67,0,5153.32,5129.828641054479,5129.53,F3,True,4826084.18,-2227933.4999999967,-2249004.7499999967,S6-K2P0|F3|1773085500|LONG,EXIT_SL_RAISED,False,S6-K2P0,LONG,L,0.5,1773091382.639,1773085500,1773086400.0,1773090900
8520745.249999885,default,0.5,5143.18,0,5143.68,5159.342662020248,5159.1,F1,True,4817056.32,1444083.0000000068,1423011.7500000068,S6-K2P0|F1|1773093600|LONG,EXIT_SL_RAISED,False,S6-K2P0,LONG,L,0.5,1773103559.9,1773093600,1773094500.0,1773103500
8520745.249999885,default,0.5,5143.18,0,5143.68,5159.342662020248,5159.1,F2,True,4817056.32,1444083.0000000068,1423011.7500000068,S6-K2P0|F2|1773093600|LONG,EXIT_SL_RAISED,False,S6-K2P0,LONG,L,0.5,1773103559.9,1773093600,1773094500.0,1773103500
8520745.249999885,default,0.5,5143.18,0,5143.68,5159.342662020248,5159.1,F3,True,4817056.32,1444083.0000000068,1423011.7500000068,S6-K2P0|F3|1773093600|LONG,EXIT_SL_RAISED,False,S6-K2P0,LONG,L,0.5,1773103559.9,1773093600,1773094500.0,1773103500
3142425.749999857,default,0.5,5172.73,0,5173.23,5162.30865097552,5162.07,F1,True,4844729.895,-1045133.9999999864,-1066205.2499999865,S6-K2P0|F1|1773108000|LONG,EXIT_SL_RAISED,False,S6-K2P0,LONG,L,0.5,1773116543.224,1773108000,1773108900.0,1773116100
3142425.749999857,default,0.5,5172.73,0,5173.23,5162.30865097552,5162.07,F2,True,4844729.895,-1045133.9999999864,-1066205.2499999865,S6-K2P0|F2|1773108000|LONG,EXIT_SL_RAISED,False,S6-K2P0,LONG,L,0.5,1773116543.224,1773108000,1773108900.0,1773116100
3142425.749999857,default,0.5,5172.73,0,5173.23,5162.30865097552,5162.07,F3,True,4844729.895,-1045133.9999999864,-1066205.2499999865,S6-K2P0|F3|1773108000|LONG,EXIT_SL_RAISED,False,S6-K2P0,LONG,L,0.5,1773116543.224,1773108000,1773108900.0,1773116100
2894721.4999999013,default,0.5,5190.56,0,5190.56,5206.990805419407,5207.07,F1,True,4860959.44,-1546161.4999999353,-1567232.7499999353,S6-K2P0|F1|1773170100|SHORT,EXIT_SL_RAISED,False,S6-K2P0,SHORT,S,0.5,1773177665.294,1773170100,1773171000.0,1773177300
2894721.4999999013,default,0.5,5190.56,0,5190.56,5206.990805419407,5207.07,F2,True,4860959.44,-1546161.4999999353,-1567232.7499999353,S6-K2P0|F2|1773170100|SHORT,EXIT_SL_RAISED,False,S6-K2P0,SHORT,S,0.5,1773177665.294,1773170100,1773171000.0,1773177300
2894721.4999999013,default,0.5,5190.56,0,5190.56,5206.990805419407,5207.07,F3,True,4860959.44,-1546161.4999999353,-1567232.7499999353,S6-K2P0|F3|1773170100|SHORT,EXIT_SL_RAISED,False,S6-K2P0,SHORT,S,0.5,1773177665.294,1773170100,1773171000.0,1773177300
4413256.250000255,default,0.5,5201.47,0,5201.36,5207.4667959543995,5207.71,F1,True,4871073.64,-594677.5000000341,-615748.7500000341,S6-K2P0|F1|1773183600|SHORT,EXIT_SL_RAISED,False,S6-K2P0,SHORT,S,0.5,1773198800.346,1773183600,1773184500.0,1773198000
4413256.250000255,default,0.5,5201.47,0,5201.36,5207.4667959543995,5207.71,F2,True,4871073.64,-594677.5000000341,-615748.7500000341,S6-K2P0|F2|1773183600|SHORT,EXIT_SL_RAISED,False,S6-K2P0,SHORT,S,0.5,1773198800.346,1773183600,1773184500.0,1773198000
4413256.250000255,default,0.5,5201.47,0,5201.36,5207.4667959543995,5207.71,F3,True,4871073.64,-594677.5000000341,-615748.7500000341,S6-K2P0|F3|1773183600|SHORT,EXIT_SL_RAISED,False,S6-K2P0,SHORT,S,0.5,1773198800.346,1773183600,1773184500.0,1773198000
4643167.000000078,default,0.5,5194.72,0,5194.72,5194.167222229655,5194.41,F1,True,4864855.28,29031.50000003748,7960.2500000374785,S6-K2P0|F1|1773199800|SHORT,EXIT_SL_RAISED,False,S6-K2P0,SHORT,S,0.5,1773210782.632,1773199800,1773200700.0,1773210600
4643167.000000078,default,0.5,5194.72,0,5194.72,5194.167222229655,5194.41,F2,True,4864855.28,29031.50000003748,7960.2500000374785,S6-K2P0|F2|1773199800|SHORT,EXIT_SL_RAISED,False,S6-K2P0,SHORT,S,0.5,1773210782.632,1773199800,1773200700.0,1773210600
4643167.000000078,default,0.5,5194.72,0,5194.72,5194.167222229655,5194.41,F3,True,4864855.28,29031.50000003748,7960.2500000374785,S6-K2P0|F3|1773199800|SHORT,EXIT_SL_RAISED,False,S6-K2P0,SHORT,S,0.5,1773210782.632,1773199800,1773200700.0,1773210600
4802840.250000156,default,0.5,5174.99,0,5175.03,5152.07766523902,5152.75,F1,True,4846415.595,2086521.9999999763,2065450.7499999763,S6-K2P0|F1|1773255600|SHORT,EXIT_SL_RAISED,False,S6-K2P0,SHORT,S,0.5,1773259947.705,1773255600,1773256500.0,1773259200
4802840.250000156,default,0.5,5174.99,0,5175.03,5152.07766523902,5152.75,F2,True,4846415.595,2086521.9999999763,2065450.7499999763,S6-K2P0|F2|1773255600|SHORT,EXIT_SL_RAISED,False,S6-K2P0,SHORT,S,0.5,1773259947.705,1773255600,1773256500.0,1773259200
4802840.250000156,default,0.5,5174.99,0,5175.03,5152.07766523902,5152.75,F3,True,4846415.595,2086521.9999999763,2065450.7499999763,S6-K2P0|F3|1773255600|SHORT,EXIT_SL_RAISED,False,S6-K2P0,SHORT,S,0.5,1773259947.705,1773255600,1773256500.0,1773259200
5126400.999999895,default,0.5,5169.54,0,5170.19,5157.34,5157.37,F1,False,4841882.935,-1200592.9999999728,-1200592.9999999728,S6-K2P0|F1|1773268200|LONG,reverse,False,S6-K2P0,LONG,L,0.5,1773272700,1773268200,1773269100.0,1773271800
5126400.999999895,default,0.5,5169.54,0,5170.19,5157.34,5157.37,F2,False,4841882.935,-1200592.9999999728,-1200592.9999999728,S6-K2P0|F2|1773268200|LONG,reverse,False,S6-K2P0,LONG,L,0.5,1773272700,1773268200,1773269100.0,1773271800
5126400.999999895,default,0.5,5169.54,0,5170.19,5157.34,5157.37,F3,False,4841882.935,-1200592.9999999728,-1200592.9999999728,S6-K2P0|F3|1773268200|LONG,reverse,False,S6-K2P0,LONG,L,0.5,1773272700,1773268200,1773269100.0,1773271800
5021512.99999999,default,0.5,5157.34,0,5157.37,5155.13796481243,5155.94,F1,True,4829877.005,133919.50000002724,112848.25000002724,S6-K2P0|F1|1773271800|SHORT,EXIT_SL_RAISED,False,S6-K2P0,SHORT,S,0.5,1773283531.451,1773271800,1773272700.0,1773283500
5021512.99999999,default,0.5,5157.34,0,5157.37,5155.13796481243,5155.94,F2,True,4829877.005,133919.50000002724,112848.25000002724,S6-K2P0|F2|1773271800|SHORT,EXIT_SL_RAISED,False,S6-K2P0,SHORT,S,0.5,1773283531.451,1773271800,1773272700.0,1773283500
5021512.99999999,default,0.5,5157.34,0,5157.37,5155.13796481243,5155.94,F3,True,4829877.005,133919.50000002724,112848.25000002724,S6-K2P0|F3|1773271800|SHORT,EXIT_SL_RAISED,False,S6-K2P0,SHORT,S,0.5,1773283531.451,1773271800,1773272700.0,1773283500
5089409.2499999385,default,0.5,5124.02,0,5124.49,5110.401046040248,5110.01,F1,True,4799084.885,-1356051.999999959,-1377123.249999959,S6-K2P0|F1|1773355500|LONG,EXIT_SL_RAISED,False,S6-K2P0,LONG,L,0.5,1773360030.647,1773355500,1773356400.0,1773360000
5089409.2499999385,default,0.5,5124.02,0,5124.49,5110.401046040248,5110.01,F2,True,4799084.885,-1356051.999999959,-1377123.249999959,S6-K2P0|F2|1773355500|LONG,EXIT_SL_RAISED,False,S6-K2P0,LONG,L,0.5,1773360030.647,1773355500,1773356400.0,1773360000
5089409.2499999385,default,0.5,5124.02,0,5124.49,5110.401046040248,5110.01,F3,True,4799084.885,-1356051.999999959,-1377123.249999959,S6-K2P0|F3|1773355500|LONG,EXIT_SL_RAISED,False,S6-K2P0,LONG,L,0.5,1773360030.647,1773355500,1773356400.0,1773360000
2019093.999999867,default,0.5,5115.48,0,5115.98,5102.505400417866,5102.5,F1,True,4791115.27,-1262401.999999959,-1283473.249999959,S6-K2P0|F1|1773362700|LONG,EXIT_SL_RAISED,False,S6-K2P0,LONG,L,0.5,1773367540.536,1773362700,1773363600.0,1773367200
2019093.999999867,default,0.5,5115.48,0,5115.98,5102.505400417866,5102.5,F2,True,4791115.27,-1262401.999999959,-1283473.249999959,S6-K2P0|F2|1773362700|LONG,EXIT_SL_RAISED,False,S6-K2P0,LONG,L,0.5,1773367540.536,1773362700,1773363600.0,1773367200
2019093.999999867,default,0.5,5115.48,0,5115.98,5102.505400417866,5102.5,F3,True,4791115.27,-1262401.999999959,-1283473.249999959,S6-K2P0|F3|1773362700|LONG,EXIT_SL_RAISED,False,S6-K2P0,LONG,L,0.5,1773367540.536,1773362700,1773363600.0,1773367200
1873000.0,default,0.5,5005.88,1,5004.08,5013.7042742397725,5013.93,F1,True,4686320.92,-922452.5000000341,-943523.7500000341,S6-K2P0|F1|1773683100|SHORT,EXIT_SL_RAISED,False,S6-K2P0,SHORT,S,0.5,1773699396.157,1773683100,1773688500.0,1773699300
1873000.0,default,0.5,5005.88,1,5004.08,5013.7042742397725,5013.93,F2,True,4686320.92,-922452.5000000341,-943523.7500000341,S6-K2P0|F2|1773683100|SHORT,EXIT_SL_RAISED,False,S6-K2P0,SHORT,S,0.5,1773699396.157,1773683100,1773688500.0,1773699300
1873000.0,default,0.5,5005.88,1,5004.08,5013.7042742397725,5013.93,F3,True,4686320.92,-922452.5000000341,-943523.7500000341,S6-K2P0|F3|1773683100|SHORT,EXIT_SL_RAISED,False,S6-K2P0,SHORT,S,0.5,1773699396.157,1773683100,1773688500.0,1773699300
2124450.2499999525,default,0.5,5032.35,0,5032.86,5028.259079762577,5028.07,F1,True,4713273.39,-448583.49999999657,-469654.74999999657,S6-K2P0|F1|1773710100|LONG,EXIT_SL_RAISED,False,S6-K2P0,LONG,L,0.5,1773715606.086,1773710100,1773711000.0,1773715500
2124450.2499999525,default,0.5,5032.35,0,5032.86,5028.259079762577,5028.07,F2,True,4713273.39,-448583.49999999657,-469654.74999999657,S6-K2P0|F2|1773710100|LONG,EXIT_SL_RAISED,False,S6-K2P0,LONG,L,0.5,1773715606.086,1773710100,1773711000.0,1773715500
2124450.2499999525,default,0.5,5032.35,0,5032.86,5028.259079762577,5028.07,F3,True,4713273.39,-448583.49999999657,-469654.74999999657,S6-K2P0|F3|1773710100|LONG,EXIT_SL_RAISED,False,S6-K2P0,LONG,L,0.5,1773715606.086,1773710100,1773711000.0,1773715500
1276449.499999925,default,0.5,5006.08,1,5002.98,4999.070127337124,4999.05,F1,True,4685290.77,-368044.4999999421,-389115.7499999421,S6-K2P0|F1|1773769500|LONG,EXIT_SL_RAISED,False,S6-K2P0,LONG,L,0.5,1773784912.374,1773769500,1773774900.0,1773784800
1276449.499999925,default,0.5,5006.08,1,5002.98,4999.070127337124,4999.05,F2,True,4685290.77,-368044.4999999421,-389115.7499999421,S6-K2P0|F2|1773769500|LONG,EXIT_SL_RAISED,False,S6-K2P0,LONG,L,0.5,1773784912.374,1773769500,1773774900.0,1773784800
1276449.499999925,default,0.5,5006.08,1,5002.98,4999.070127337124,4999.05,F3,True,4685290.77,-368044.4999999421,-389115.7499999421,S6-K2P0|F3|1773769500|LONG,EXIT_SL_RAISED,False,S6-K2P0,LONG,L,0.5,1773784912.374,1773769500,1773774900.0,1773784800
5483207.499999932,default,0.5,5011.33,0,5011.83,5000.863892238694,5000.73,F1,True,4693578.795,-1039515.0000000341,-1060586.250000034,S6-K2P0|F1|1773784800|LONG,EXIT_SL_RAISED,False,S6-K2P0,LONG,L,0.5,1773787505.889,1773784800,1773785700.0,1773787500
5483207.499999932,default,0.5,5011.33,0,5011.83,5000.863892238694,5000.73,F2,True,4693578.795,-1039515.0000000341,-1060586.250000034,S6-K2P0|F2|1773784800|LONG,EXIT_SL_RAISED,False,S6-K2P0,LONG,L,0.5,1773787505.889,1773784800,1773785700.0,1773787500
5483207.499999932,default,0.5,5011.33,0,5011.83,5000.863892238694,5000.73,F3,True,4693578.795,-1039515.0000000341,-1060586.250000034,S6-K2P0|F3|1773784800|LONG,EXIT_SL_RAISED,False,S6-K2P0,LONG,L,0.5,1773787505.889,1773784800,1773785700.0,1773787500
3732420.7499997886,default,0.5,4843.16,0,4843.66,4850.71,4850.72,F1,False,4536087.59,661169.0000000375,661169.0000000375,S6-K2P0|F1|1773867600|LONG,reverse,False,S6-K2P0,LONG,L,0.5,1773882000,1773867600,1773868500.0,1773881100
3732420.7499997886,default,0.5,4843.16,0,4843.66,4850.71,4850.72,F2,False,4536087.59,661169.0000000375,661169.0000000375,S6-K2P0|F2|1773867600|LONG,reverse,False,S6-K2P0,LONG,L,0.5,1773882000,1773867600,1773868500.0,1773881100
3732420.7499997886,default,0.5,4843.16,0,4843.66,4850.71,4850.72,F3,False,4536087.59,661169.0000000375,661169.0000000375,S6-K2P0|F3|1773867600|LONG,reverse,False,S6-K2P0,LONG,L,0.5,1773882000,1773867600,1773868500.0,1773881100
2069665.0000001192,default,0.5,4850.71,0,4850.72,4777.811908085726,4777.89,F1,True,4542699.28,6820529.4999999935,6799458.2499999935,S6-K2P0|F1|1773881100|SHORT,EXIT_SL_RAISED,False,S6-K2P0,SHORT,S,0.5,1773893285.038,1773881100,1773882000.0,1773892800
2069665.0000001192,default,0.5,4850.71,0,4850.72,4777.811908085726,4777.89,F2,True,4542699.28,6820529.4999999935,6799458.2499999935,S6-K2P0|F2|1773881100|SHORT,EXIT_SL_RAISED,False,S6-K2P0,SHORT,S,0.5,1773893285.038,1773881100,1773882000.0,1773892800
2069665.0000001192,default,0.5,4850.71,0,4850.72,4777.811908085726,4777.89,F3,True,4542699.28,6820529.4999999935,6799458.2499999935,S6-K2P0|F3|1773881100|SHORT,EXIT_SL_RAISED,False,S6-K2P0,SHORT,S,0.5,1773893285.038,1773881100,1773882000.0,1773892800
4573397.749999833,default,0.5,4636.3,0,4636.16,4661.75,4662.59,F1,False,4341763.84,-2475169.5000000275,-2475169.5000000275,S6-K2P0|F1|1773949500|SHORT,reverse,False,S6-K2P0,SHORT,S,0.5,1773954900,1773949500,1773950400.0,1773954000
4573397.749999833,default,0.5,4636.3,0,4636.16,4661.75,4662.59,F2,False,4341763.84,-2475169.5000000275,-2475169.5000000275,S6-K2P0|F2|1773949500|SHORT,reverse,False,S6-K2P0,SHORT,S,0.5,1773954900,1773949500,1773950400.0,1773954000
4573397.749999833,default,0.5,4636.3,0,4636.16,4661.75,4662.59,F3,False,4341763.84,-2475169.5000000275,-2475169.5000000275,S6-K2P0|F3|1773949500|SHORT,reverse,False,S6-K2P0,SHORT,S,0.5,1773954900,1773949500,1773950400.0,1773954000
6575166.499999918,default,0.5,4661.75,0,4662.59,4706.024239772414,4705.97,F1,True,4366515.535,4062537.0000000102,4041465.7500000102,S6-K2P0|F1|1773954000|LONG,EXIT_SL_RAISED,False,S6-K2P0,LONG,L,0.5,1773973884.556,1773954000,1773954900.0,1773973800
6575166.499999918,default,0.5,4661.75,0,4662.59,4706.024239772414,4705.97,F2,True,4366515.535,4062537.0000000102,4041465.7500000102,S6-K2P0|F2|1773954000|LONG,EXIT_SL_RAISED,False,S6-K2P0,LONG,L,0.5,1773973884.556,1773954000,1773954900.0,1773973800
6575166.499999918,default,0.5,4661.75,0,4662.59,4706.024239772414,4705.97,F3,True,4366515.535,4062537.0000000102,4041465.7500000102,S6-K2P0|F3|1773954000|LONG,EXIT_SL_RAISED,False,S6-K2P0,LONG,L,0.5,1773973884.556,1773954000,1773954900.0,1773973800
12212428.250000147,default,0.5,4464.69,0,4464.69,4389.368768596075,4389.87,F1,True,4181182.1849999996,7006892.999999973,6985821.749999973,S6-K2P0|F1|1774212300|SHORT,EXIT_SL_RAISED,False,S6-K2P0,SHORT,S,0.5,1774217117.016,1774212300,1774213200.0,1774216800
12212428.250000147,default,0.5,4464.69,0,4464.69,4389.368768596075,4389.87,F2,True,4181182.1849999996,7006892.999999973,6985821.749999973,S6-K2P0|F2|1774212300|SHORT,EXIT_SL_RAISED,False,S6-K2P0,SHORT,S,0.5,1774217117.016,1774212300,1774213200.0,1774216800
12212428.250000147,default,0.5,4464.69,0,4464.69,4389.368768596075,4389.87,F3,True,4181182.1849999996,7006892.999999973,6985821.749999973,S6-K2P0|F3|1774212300|SHORT,EXIT_SL_RAISED,False,S6-K2P0,SHORT,S,0.5,1774217117.016,1774212300,1774213200.0,1774216800
8497332.750000054,default,0.5,4414.44,0,4414.94,4394.4560728873485,4394.04,F1,True,4134591.3099999996,-1957284.999999966,-1978356.249999966,S6-K2P0|F1|1774293300|LONG,EXIT_SL_RAISED,False,S6-K2P0,LONG,L,0.5,1774301240.221,1774293300,1774294200.0,1774300500
8497332.750000054,default,0.5,4414.44,0,4414.94,4394.4560728873485,4394.04,F2,True,4134591.3099999996,-1957284.999999966,-1978356.249999966,S6-K2P0|F2|1774293300|LONG,EXIT_SL_RAISED,False,S6-K2P0,LONG,L,0.5,1774301240.221,1774293300,1774294200.0,1774300500
8497332.750000054,default,0.5,4414.44,0,4414.94,4394.4560728873485,4394.04,F3,True,4134591.3099999996,-1957284.999999966,-1978356.249999966,S6-K2P0|F3|1774293300|LONG,EXIT_SL_RAISED,False,S6-K2P0,LONG,L,0.5,1774301240.221,1774293300,1774294200.0,1774300500
17051791.999999993,default,0.5,4378.11,0,4377.84,4371.921075482636,4372.34,F1,True,4099847.16,515075.0,494003.75,S6-K2P0|F1|1774300500|SHORT,EXIT_SL_RAISED,False,S6-K2P0,SHORT,S,0.5,1774308970.587,1774300500,1774301400.0,1774308600
17051791.999999993,default,0.5,4378.11,0,4377.84,4371.921075482636,4372.34,F2,True,4099847.16,515075.0,494003.75,S6-K2P0|F2|1774300500|SHORT,EXIT_SL_RAISED,False,S6-K2P0,SHORT,S,0.5,1774308970.587,1774300500,1774301400.0,1774308600
17051791.999999993,default,0.5,4378.11,0,4377.84,4371.921075482636,4372.34,F3,True,4099847.16,515075.0,494003.75,S6-K2P0|F3|1774300500|SHORT,EXIT_SL_RAISED,False,S6-K2P0,SHORT,S,0.5,1774308970.587,1774300500,1774301400.0,1774308600
8339532.500000102,default,0.5,4341.64,0,4341.52,4369.233221322632,4369.77,F1,True,4065833.4800000004,-2645612.5,-2666683.75,S6-K2P0|F1|1774312200|SHORT,EXIT_SL_RAISED,False,S6-K2P0,SHORT,S,0.5,1774320076.323,1774312200,1774313100.0,1774319400
8339532.500000102,default,0.5,4341.64,0,4341.52,4369.233221322632,4369.77,F2,True,4065833.4800000004,-2645612.5,-2666683.75,S6-K2P0|F2|1774312200|SHORT,EXIT_SL_RAISED,False,S6-K2P0,SHORT,S,0.5,1774320076.323,1774312200,1774313100.0,1774319400
8339532.500000102,default,0.5,4341.64,0,4341.52,4369.233221322632,4369.77,F3,True,4065833.4800000004,-2645612.5,-2666683.75,S6-K2P0|F3|1774312200|SHORT,EXIT_SL_RAISED,False,S6-K2P0,SHORT,S,0.5,1774320076.323,1774312200,1774313100.0,1774319400
4134179.2499999558,default,0.5,4511.59,0,4511.58,4525.5954903963775,4525.85,F1,True,4225094.67,-1336385.500000041,-1357456.750000041,S6-K2P0|F1|1774466100|SHORT,EXIT_SL_RAISED,False,S6-K2P0,SHORT,S,0.5,1774473242.842,1774466100,1774467000.0,1774472400
4134179.2499999558,default,0.5,4511.59,0,4511.58,4525.5954903963775,4525.85,F2,True,4225094.67,-1336385.500000041,-1357456.750000041,S6-K2P0|F2|1774466100|SHORT,EXIT_SL_RAISED,False,S6-K2P0,SHORT,S,0.5,1774473242.842,1774466100,1774467000.0,1774472400
4134179.2499999558,default,0.5,4511.59,0,4511.58,4525.5954903963775,4525.85,F3,True,4225094.67,-1336385.500000041,-1357456.750000041,S6-K2P0|F3|1774466100|SHORT,EXIT_SL_RAISED,False,S6-K2P0,SHORT,S,0.5,1774473242.842,1774466100,1774467000.0,1774472400
4489581.000000133,default,0.5,4535.48,0,4535.89,4505.650109125476,4505.49,F1,True,4247860.985,-2846960.000000051,-2868031.250000051,S6-K2P0|F1|1774478700|LONG,EXIT_SL_RAISED,False,S6-K2P0,LONG,L,0.5,1774483084.715,1774478700,1774479600.0,1774482300
4489581.000000133,default,0.5,4535.48,0,4535.89,4505.650109125476,4505.49,F2,True,4247860.985,-2846960.000000051,-2868031.250000051,S6-K2P0|F2|1774478700|LONG,EXIT_SL_RAISED,False,S6-K2P0,LONG,L,0.5,1774483084.715,1774478700,1774479600.0,1774482300
4489581.000000133,default,0.5,4535.48,0,4535.89,4505.650109125476,4505.49,F3,True,4247860.985,-2846960.000000051,-2868031.250000051,S6-K2P0|F3|1774478700|LONG,EXIT_SL_RAISED,False,S6-K2P0,LONG,L,0.5,1774483084.715,1774478700,1774479600.0,1774482300
1816341.7499999558,default,0.5,4520.64,0,4521.29,4501.895,4501.84,F1,True,4234188.085,-1821492.499999983,-1842563.749999983,S6-K2P0|F1|1774487700|LONG,EXIT_INITSL,False,S6-K2P0,LONG,L,0.5,1774491777.132,1774487700,1774488600.0,1774491300
1816341.7499999558,default,0.5,4520.64,0,4521.29,4501.895,4501.84,F2,True,4234188.085,-1821492.499999983,-1842563.749999983,S6-K2P0|F2|1774487700|LONG,EXIT_INITSL,False,S6-K2P0,LONG,L,0.5,1774491777.132,1774487700,1774488600.0,1774491300
1816341.7499999558,default,0.5,4520.64,0,4521.29,4501.895,4501.84,F3,True,4234188.085,-1821492.499999983,-1842563.749999983,S6-K2P0|F3|1774487700|LONG,EXIT_INITSL,False,S6-K2P0,LONG,L,0.5,1774491777.132,1774487700,1774488600.0,1774491300
9279310.250000173,default,0.5,4400.76,0,4401.45,4392.99,4392.52,F1,False,4121957.925,-836294.499999942,-836294.499999942,S6-K2P0|F1|1774551600|LONG,reverse,False,S6-K2P0,LONG,L,0.5,1774556100,1774551600,1774552500.0,1774555200
9279310.250000173,default,0.5,4400.76,0,4401.45,4392.99,4392.52,F2,False,4121957.925,-836294.499999942,-836294.499999942,S6-K2P0|F2|1774551600|LONG,reverse,False,S6-K2P0,LONG,L,0.5,1774556100,1774551600,1774552500.0,1774555200
9279310.250000173,default,0.5,4400.76,0,4401.45,4392.99,4392.52,F3,False,4121957.925,-836294.499999942,-836294.499999942,S6-K2P0|F3|1774551600|LONG,reverse,False,S6-K2P0,LONG,L,0.5,1774556100,1774551600,1774552500.0,1774555200
7734553.499999844,default,0.5,4392.99,0,4392.52,4411.938357014254,4412.08,F1,True,4113594.9800000004,-1831793.9999999523,-1852865.2499999523,S6-K2P0|F1|1774555200|SHORT,EXIT_SL_RAISED,False,S6-K2P0,SHORT,S,0.5,1774564292.542,1774555200,1774556100.0,1774564200
7734553.499999844,default,0.5,4392.99,0,4392.52,4411.938357014254,4412.08,F2,True,4113594.9800000004,-1831793.9999999523,-1852865.2499999523,S6-K2P0|F2|1774555200|SHORT,EXIT_SL_RAISED,False,S6-K2P0,SHORT,S,0.5,1774564292.542,1774555200,1774556100.0,1774564200
7734553.499999844,default,0.5,4392.99,0,4392.52,4411.938357014254,4412.08,F3,True,4113594.9800000004,-1831793.9999999523,-1852865.2499999523,S6-K2P0|F3|1774555200|SHORT,EXIT_SL_RAISED,False,S6-K2P0,SHORT,S,0.5,1774564292.542,1774555200,1774556100.0,1774564200
1631383.0000001772,default,0.5,4434.01,0,4434.49,4447.735881447334,4447.61,F1,True,4152899.885,1228687.9999999898,1207616.7499999898,S6-K2P0|F1|1774574100|LONG,EXIT_SL_RAISED,False,S6-K2P0,LONG,L,0.5,1774584515.571,1774574100,1774575000.0,1774584000
1631383.0000001772,default,0.5,4434.01,0,4434.49,4447.735881447334,4447.61,F2,True,4152899.885,1228687.9999999898,1207616.7499999898,S6-K2P0|F2|1774574100|LONG,EXIT_SL_RAISED,False,S6-K2P0,LONG,L,0.5,1774584515.571,1774574100,1774575000.0,1774584000
1631383.0000001772,default,0.5,4434.01,0,4434.49,4447.735881447334,4447.61,F3,True,4152899.885,1228687.9999999898,1207616.7499999898,S6-K2P0|F3|1774574100|LONG,EXIT_SL_RAISED,False,S6-K2P0,LONG,L,0.5,1774584515.571,1774574100,1774575000.0,1774584000
6687078.249999891,default,0.5,4509.08,0,4509.61,4475.2145347514415,4474.99,F1,True,4223249.765,-3242162.9999999898,-3263234.2499999898,S6-K2P0|F1|1774811700|LONG,EXIT_SL_RAISED,False,S6-K2P0,LONG,L,0.5,1774814786.068,1774811700,1774812600.0,1774814400
6687078.249999891,default,0.5,4509.08,0,4509.61,4475.2145347514415,4474.99,F2,True,4223249.765,-3242162.9999999898,-3263234.2499999898,S6-K2P0|F2|1774811700|LONG,EXIT_SL_RAISED,False,S6-K2P0,LONG,L,0.5,1774814786.068,1774811700,1774812600.0,1774814400
6687078.249999891,default,0.5,4509.08,0,4509.61,4475.2145347514415,4474.99,F3,True,4223249.765,-3242162.9999999898,-3263234.2499999898,S6-K2P0|F3|1774811700|LONG,EXIT_SL_RAISED,False,S6-K2P0,LONG,L,0.5,1774814786.068,1774811700,1774812600.0,1774814400
9717124.000000106,default,0.5,4471.11,0,4471.86,4519.596158819773,4519.59,F1,True,4187896.889999999,4469914.500000045,4448843.250000045,S6-K2P0|F1|1774823400|LONG,EXIT_SL_RAISED,False,S6-K2P0,LONG,L,0.5,1774845237.399,1774823400,1774824300.0,1774845000
9717124.000000106,default,0.5,4471.11,0,4471.86,4519.596158819773,4519.59,F2,True,4187896.889999999,4469914.500000045,4448843.250000045,S6-K2P0|F2|1774823400|LONG,EXIT_SL_RAISED,False,S6-K2P0,LONG,L,0.5,1774845237.399,1774823400,1774824300.0,1774845000
9717124.000000106,default,0.5,4471.11,0,4471.86,4519.596158819773,4519.59,F3,True,4187896.889999999,4469914.500000045,4448843.250000045,S6-K2P0|F3|1774823400|LONG,EXIT_SL_RAISED,False,S6-K2P0,LONG,L,0.5,1774845237.399,1774823400,1774824300.0,1774845000
5381129.0000000885,default,0.5,4498.8,0,4498.75,4523.346186094154,4523.43,F1,True,4213079.375,-2311282.0000000275,-2332353.2500000275,S6-K2P0|F1|1774900800|SHORT,EXIT_SL_RAISED,False,S6-K2P0,SHORT,S,0.5,1774904553.946,1774900800,1774901700.0,1774904400
5381129.0000000885,default,0.5,4498.8,0,4498.75,4523.346186094154,4523.43,F2,True,4213079.375,-2311282.0000000275,-2332353.2500000275,S6-K2P0|F2|1774900800|SHORT,EXIT_SL_RAISED,False,S6-K2P0,SHORT,S,0.5,1774904553.946,1774900800,1774901700.0,1774904400
5381129.0000000885,default,0.5,4498.8,0,4498.75,4523.346186094154,4523.43,F3,True,4213079.375,-2311282.0000000275,-2332353.2500000275,S6-K2P0|F3|1774900800|SHORT,EXIT_SL_RAISED,False,S6-K2P0,SHORT,S,0.5,1774904553.946,1774900800,1774901700.0,1774904400
10051454.499999993,default,0.5,4535.95,0,4536.43,4579.438850131348,4579.37,F1,True,4248366.695,4021330.9999999627,4000259.7499999627,S6-K2P0|F1|1774906200|LONG,EXIT_SL_RAISED,False,S6-K2P0,LONG,L,0.5,1774913168.304,1774906200,1774907100.0,1774912500
10051454.499999993,default,0.5,4535.95,0,4536.43,4579.438850131348,4579.37,F2,True,4248366.695,4021330.9999999627,4000259.7499999627,S6-K2P0|F2|1774906200|LONG,EXIT_SL_RAISED,False,S6-K2P0,LONG,L,0.5,1774913168.304,1774906200,1774907100.0,1774912500
10051454.499999993,default,0.5,4535.95,0,4536.43,4579.438850131348,4579.37,F3,True,4248366.695,4021330.9999999627,4000259.7499999627,S6-K2P0|F3|1774906200|LONG,EXIT_SL_RAISED,False,S6-K2P0,LONG,L,0.5,1774913168.304,1774906200,1774907100.0,1774912500
1605160.9999999455,default,0.5,4563.91,0,4564.45,4559.43,4559.45,F1,False,4274607.425,-468250.0,-468250.0,S6-K2P0|F1|1774920600|LONG,reverse,False,S6-K2P0,LONG,L,0.5,1774926900,1774920600,1774921500.0,1774926000
1605160.9999999455,default,0.5,4563.91,0,4564.45,4559.43,4559.45,F2,False,4274607.425,-468250.0,-468250.0,S6-K2P0|F2|1774920600|LONG,reverse,False,S6-K2P0,LONG,L,0.5,1774926900,1774920600,1774921500.0,1774926000
1605160.9999999455,default,0.5,4563.91,0,4564.45,4559.43,4559.45,F3,False,4274607.425,-468250.0,-468250.0,S6-K2P0|F3|1774920600|LONG,reverse,False,S6-K2P0,LONG,L,0.5,1774926900,1774920600,1774921500.0,1774926000
4034910.2500000033,default,0.5,4682.28,0,4682.79,4691.820393962006,4691.76,F1,True,4385432.835,840040.5000000239,818969.2500000239,S6-K2P0|F1|1774988100|LONG,EXIT_SL_RAISED,False,S6-K2P0,LONG,L,0.5,1774994778.765,1774988100,1774989000.0,1774994400
4034910.2500000033,default,0.5,4682.28,0,4682.79,4691.820393962006,4691.76,F2,True,4385432.835,840040.5000000239,818969.2500000239,S6-K2P0|F2|1774988100|LONG,EXIT_SL_RAISED,False,S6-K2P0,LONG,L,0.5,1774994778.765,1774988100,1774989000.0,1774994400
4034910.2500000033,default,0.5,4682.28,0,4682.79,4691.820393962006,4691.76,F3,True,4385432.835,840040.5000000239,818969.2500000239,S6-K2P0|F3|1774988100|LONG,EXIT_SL_RAISED,False,S6-K2P0,LONG,L,0.5,1774994778.765,1774988100,1774989000.0,1774994400
8222469.999999932,default,0.5,4687.66,0,4687.75,4691.249994745425,4691.41,F1,True,4390077.875,-342758.9999999864,-363830.2499999864,S6-K2P0|F1|1774996200|SHORT,EXIT_SL_RAISED,False,S6-K2P0,SHORT,S,0.5,1775010635.773,1774996200,1774997100.0,1775010600
8222469.999999932,default,0.5,4687.66,0,4687.75,4691.249994745425,4691.41,F2,True,4390077.875,-342758.9999999864,-363830.2499999864,S6-K2P0|F2|1774996200|SHORT,EXIT_SL_RAISED,False,S6-K2P0,SHORT,S,0.5,1775010635.773,1774996200,1774997100.0,1775010600
8222469.999999932,default,0.5,4687.66,0,4687.75,4691.249994745425,4691.41,F3,True,4390077.875,-342758.9999999864,-363830.2499999864,S6-K2P0|F3|1774996200|SHORT,EXIT_SL_RAISED,False,S6-K2P0,SHORT,S,0.5,1775010635.773,1774996200,1774997100.0,1775010600
1961030.9999998773,default,0.5,4758.08,1,4760.01,4776.353024050013,4776.51,F1,True,4457749.365,-1545225.0,-1566296.25,S6-K2P0|F1|1775065500|SHORT,EXIT_SL_RAISED,False,S6-K2P0,SHORT,S,0.5,1775072086.929,1775065500,1775070900.0,1775071800
1961030.9999998773,default,0.5,4758.08,1,4760.01,4776.353024050013,4776.51,F2,True,4457749.365,-1545225.0,-1566296.25,S6-K2P0|F2|1775065500|SHORT,EXIT_SL_RAISED,False,S6-K2P0,SHORT,S,0.5,1775072086.929,1775065500,1775070900.0,1775071800
1961030.9999998773,default,0.5,4758.08,1,4760.01,4776.353024050013,4776.51,F3,True,4457749.365,-1545225.0,-1566296.25,S6-K2P0|F3|1775065500|SHORT,EXIT_SL_RAISED,False,S6-K2P0,SHORT,S,0.5,1775072086.929,1775065500,1775070900.0,1775071800
5880283.500000082,default,0.5,4791.06,0,4791.57,4775.422715654214,4775.28,F1,True,4487305.305,-1525558.4999999965,-1546629.7499999965,S6-K2P0|F1|1775073600|LONG,EXIT_SL_RAISED,False,S6-K2P0,LONG,L,0.5,1775077407.858,1775073600,1775074500.0,1775077200
5880283.500000082,default,0.5,4791.06,0,4791.57,4775.422715654214,4775.28,F2,True,4487305.305,-1525558.4999999965,-1546629.7499999965,S6-K2P0|F2|1775073600|LONG,EXIT_SL_RAISED,False,S6-K2P0,LONG,L,0.5,1775077407.858,1775073600,1775074500.0,1775077200
5880283.500000082,default,0.5,4791.06,0,4791.57,4775.422715654214,4775.28,F3,True,4487305.305,-1525558.4999999965,-1546629.7499999965,S6-K2P0|F3|1775073600|LONG,EXIT_SL_RAISED,False,S6-K2P0,LONG,L,0.5,1775077407.858,1775073600,1775074500.0,1775077200
17905879.99999998,default,0.5,4750.79,0,4750.75,4694.6547613478,4694.68,F1,True,4449077.375,5250955.499999973,5229884.249999973,S6-K2P0|F1|1775080800|SHORT,EXIT_SL_RAISED,False,S6-K2P0,SHORT,S,0.5,1775083546.976,1775080800,1775081700.0,1775083500
17905879.99999998,default,0.5,4750.79,0,4750.75,4694.6547613478,4694.68,F2,True,4449077.375,5250955.499999973,5229884.249999973,S6-K2P0|F2|1775080800|SHORT,EXIT_SL_RAISED,False,S6-K2P0,SHORT,S,0.5,1775083546.976,1775080800,1775081700.0,1775083500
17905879.99999998,default,0.5,4750.79,0,4750.75,4694.6547613478,4694.68,F3,True,4449077.375,5250955.499999973,5229884.249999973,S6-K2P0|F3|1775080800|SHORT,EXIT_SL_RAISED,False,S6-K2P0,SHORT,S,0.5,1775083546.976,1775080800,1775081700.0,1775083500
17327591.249999966,default,0.5,4630.3,0,4631.08,4645.46,4646.76,F1,False,4337006.42,-1468432.0000000272,-1489503.2500000272,S6-K2P0|F1|1775412000|SHORT,EXIT_TRAIL,True,S6-K2P0,SHORT,S,0.5,1775415600,1775412000,1775412900.0,1775414700
17327591.249999966,default,0.5,4630.3,0,4631.08,4645.46,4646.76,F2,False,4337006.42,-1468432.0000000272,-1489503.2500000272,S6-K2P0|F2|1775412000|SHORT,EXIT_TRAIL,True,S6-K2P0,SHORT,S,0.5,1775415600,1775412000,1775412900.0,1775414700
17327591.249999966,default,0.5,4630.3,0,4631.08,4645.46,4646.76,F3,False,4337006.42,-1468432.0000000272,-1489503.2500000272,S6-K2P0|F3|1775412000|SHORT,EXIT_TRAIL,True,S6-K2P0,SHORT,S,0.5,1775415600,1775412000,1775412900.0,1775414700
7408651.499999969,default,0.5,4632.38,0,4632.37,4637.6124215190775,4637.7,F1,True,4338214.505,-499154.4999999932,-520225.7499999932,S6-K2P0|F1|1775415600|SHORT,EXIT_SL_RAISED,False,S6-K2P0,SHORT,S,0.5,1775423177.679,1775415600,1775416500.0,1775422800
7408651.499999969,default,0.5,4632.38,0,4632.37,4637.6124215190775,4637.7,F2,True,4338214.505,-499154.4999999932,-520225.7499999932,S6-K2P0|F2|1775415600|SHORT,EXIT_SL_RAISED,False,S6-K2P0,SHORT,S,0.5,1775423177.679,1775415600,1775416500.0,1775422800
7408651.499999969,default,0.5,4632.38,0,4632.37,4637.6124215190775,4637.7,F3,True,4338214.505,-499154.4999999932,-520225.7499999932,S6-K2P0|F3|1775415600|SHORT,EXIT_SL_RAISED,False,S6-K2P0,SHORT,S,0.5,1775423177.679,1775415600,1775416500.0,1775422800
6687078.2500000615,default,0.5,4641.59,0,4642.16,4634.495813865432,4634.45,F1,True,4347382.84,-722041.5000000034,-743112.7500000034,S6-K2P0|F1|1775422800|LONG,EXIT_SL_RAISED,False,S6-K2P0,LONG,L,0.5,1775430197.747,1775422800,1775423700.0,1775430000
6687078.2500000615,default,0.5,4641.59,0,4642.16,4634.495813865432,4634.45,F2,True,4347382.84,-722041.5000000034,-743112.7500000034,S6-K2P0|F2|1775422800|LONG,EXIT_SL_RAISED,False,S6-K2P0,LONG,L,0.5,1775430197.747,1775422800,1775423700.0,1775430000
6687078.2500000615,default,0.5,4641.59,0,4642.16,4634.495813865432,4634.45,F3,True,4347382.84,-722041.5000000034,-743112.7500000034,S6-K2P0|F3|1775422800|LONG,EXIT_SL_RAISED,False,S6-K2P0,LONG,L,0.5,1775430197.747,1775422800,1775423700.0,1775430000
5916338.749999846,default,0.5,4632.85,0,4632.96,4655.437682516616,4655.56,F1,True,4338767.04,-2116490.000000034,-2137561.250000034,S6-K2P0|F1|1775430000|SHORT,EXIT_SL_RAISED,False,S6-K2P0,SHORT,S,0.5,1775436887.799,1775430000,1775430900.0,1775436300
5916338.749999846,default,0.5,4632.85,0,4632.96,4655.437682516616,4655.56,F2,True,4338767.04,-2116490.000000034,-2137561.250000034,S6-K2P0|F2|1775430000|SHORT,EXIT_SL_RAISED,False,S6-K2P0,SHORT,S,0.5,1775436887.799,1775430000,1775430900.0,1775436300
5916338.749999846,default,0.5,4632.85,0,4632.96,4655.437682516616,4655.56,F3,True,4338767.04,-2116490.000000034,-2137561.250000034,S6-K2P0|F3|1775430000|SHORT,EXIT_SL_RAISED,False,S6-K2P0,SHORT,S,0.5,1775436887.799,1775430000,1775430900.0,1775436300
6011861.749999887,default,0.5,4660.83,0,4661.28,4684.635784894142,4684.28,F1,True,4365288.72,2153950.0,2132878.75,S6-K2P0|F1|1775440800|LONG,EXIT_SL_RAISED,False,S6-K2P0,LONG,L,0.5,1775461500.325,1775440800,1775441700.0,1775461500
6011861.749999887,default,0.5,4660.83,0,4661.28,4684.635784894142,4684.28,F2,True,4365288.72,2153950.0,2132878.75,S6-K2P0|F2|1775440800|LONG,EXIT_SL_RAISED,False,S6-K2P0,LONG,L,0.5,1775461500.325,1775440800,1775441700.0,1775461500
6011861.749999887,default,0.5,4660.83,0,4661.28,4684.635784894142,4684.28,F3,True,4365288.72,2153950.0,2132878.75,S6-K2P0|F3|1775440800|LONG,EXIT_SL_RAISED,False,S6-K2P0,LONG,L,0.5,1775461500.325,1775440800,1775441700.0,1775461500
2283186.999999925,default,0.5,4654.36,0,4654.41,4664.426652101634,4664.65,F1,True,4358854.965,-958975.9999999795,-980047.2499999795,S6-K2P0|F1|1775502900|SHORT,EXIT_SL_RAISED,False,S6-K2P0,SHORT,S,0.5,1775509662.211,1775502900,1775503800.0,1775509200
2283186.999999925,default,0.5,4654.36,0,4654.41,4664.426652101634,4664.65,F2,True,4358854.965,-958975.9999999795,-980047.2499999795,S6-K2P0|F2|1775502900|SHORT,EXIT_SL_RAISED,False,S6-K2P0,SHORT,S,0.5,1775509662.211,1775502900,1775503800.0,1775509200
2283186.999999925,default,0.5,4654.36,0,4654.41,4664.426652101634,4664.65,F3,True,4358854.965,-958975.9999999795,-980047.2499999795,S6-K2P0|F3|1775502900|SHORT,EXIT_SL_RAISED,False,S6-K2P0,SHORT,S,0.5,1775509662.211,1775502900,1775503800.0,1775509200
10841860.500000041,default,0.5,4640.51,0,4640.56,4658.432164312124,4658.48,F1,True,4345884.44,-1678207.9999999215,-1699279.2499999215,S6-K2P0|F1|1775509200|SHORT,EXIT_SL_RAISED,False,S6-K2P0,SHORT,S,0.5,1775511148.706,1775509200,1775510100.0,1775511000
10841860.500000041,default,0.5,4640.51,0,4640.56,4658.432164312124,4658.48,F2,True,4345884.44,-1678207.9999999215,-1699279.2499999215,S6-K2P0|F2|1775509200|SHORT,EXIT_SL_RAISED,False,S6-K2P0,SHORT,S,0.5,1775511148.706,1775509200,1775510100.0,1775511000
10841860.500000041,default,0.5,4640.51,0,4640.56,4658.432164312124,4658.48,F3,True,4345884.44,-1678207.9999999215,-1699279.2499999215,S6-K2P0|F3|1775509200|SHORT,EXIT_SL_RAISED,False,S6-K2P0,SHORT,S,0.5,1775511148.706,1775509200,1775510100.0,1775511000
9839805.499999972,default,0.5,4641.4,0,4641.38,4643.146614299213,4643.15,F1,True,4346652.37,-165760.4999999557,-186831.7499999557,S6-K2P0|F1|1775511000|SHORT,EXIT_SL_RAISED,False,S6-K2P0,SHORT,S,0.5,1775515194.814,1775511000,1775511900.0,1775514600
9839805.499999972,default,0.5,4641.4,0,4641.38,4643.146614299213,4643.15,F2,True,4346652.37,-165760.4999999557,-186831.7499999557,S6-K2P0|F2|1775511000|SHORT,EXIT_SL_RAISED,False,S6-K2P0,SHORT,S,0.5,1775515194.814,1775511000,1775511900.0,1775514600
9839805.499999972,default,0.5,4641.4,0,4641.38,4643.146614299213,4643.15,F3,True,4346652.37,-165760.4999999557,-186831.7499999557,S6-K2P0|F3|1775511000|SHORT,EXIT_SL_RAISED,False,S6-K2P0,SHORT,S,0.5,1775515194.814,1775511000,1775511900.0,1775514600
4574334.250000109,default,0.5,4662.19,0,4662.7,4643.111428287015,4641.09,F1,True,4366618.55,-2023776.4999999693,-2044847.7499999693,S6-K2P0|F1|1775521800|LONG,EXIT_SL_RAISED,False,S6-K2P0,LONG,L,0.5,1775525167.865,1775521800,1775522700.0,1775524500
4574334.250000109,default,0.5,4662.19,0,4662.7,4643.111428287015,4641.09,F2,True,4366618.55,-2023776.4999999693,-2044847.7499999693,S6-K2P0|F2|1775521800|LONG,EXIT_SL_RAISED,False,S6-K2P0,LONG,L,0.5,1775525167.865,1775521800,1775522700.0,1775524500
4574334.250000109,default,0.5,4662.19,0,4662.7,4643.111428287015,4641.09,F3,True,4366618.55,-2023776.4999999693,-2044847.7499999693,S6-K2P0|F3|1775521800|LONG,EXIT_SL_RAISED,False,S6-K2P0,LONG,L,0.5,1775525167.865,1775521800,1775522700.0,1775524500
4148226.750000177,default,0.5,4652.29,0,4652.75,4668.2008730294565,4666.17,F1,True,4357300.375,1256783.0000000068,1235711.7500000068,S6-K2P0|F1|1775529000|LONG,EXIT_SL_RAISED,False,S6-K2P0,LONG,L,0.5,1775540613.371,1775529000,1775529900.0,1775539800
4148226.750000177,default,0.5,4652.29,0,4652.75,4668.2008730294565,4666.17,F2,True,4357300.375,1256783.0000000068,1235711.7500000068,S6-K2P0|F2|1775529000|LONG,EXIT_SL_RAISED,False,S6-K2P0,LONG,L,0.5,1775540613.371,1775529000,1775529900.0,1775539800
4148226.750000177,default,0.5,4652.29,0,4652.75,4668.2008730294565,4666.17,F3,True,4357300.375,1256783.0000000068,1235711.7500000068,S6-K2P0|F3|1775529000|LONG,EXIT_SL_RAISED,False,S6-K2P0,LONG,L,0.5,1775540613.371,1775529000,1775529900.0,1775539800
2074347.500000051,default,0.5,4803.45,0,4804.11,4816.238008535125,4816.14,F1,True,4499049.015,1126609.5000000612,1105538.2500000612,S6-K2P0|F1|1775609100|LONG,EXIT_SL_RAISED,False,S6-K2P0,LONG,L,0.5,1775617229.45,1775609100,1775610000.0,1775617200
2074347.500000051,default,0.5,4803.45,0,4804.11,4816.238008535125,4816.14,F2,True,4499049.015,1126609.5000000612,1105538.2500000612,S6-K2P0|F2|1775609100|LONG,EXIT_SL_RAISED,False,S6-K2P0,LONG,L,0.5,1775617229.45,1775609100,1775610000.0,1775617200
2074347.500000051,default,0.5,4803.45,0,4804.11,4816.238008535125,4816.14,F3,True,4499049.015,1126609.5000000612,1105538.2500000612,S6-K2P0|F3|1775609100|LONG,EXIT_SL_RAISED,False,S6-K2P0,LONG,L,0.5,1775617229.45,1775609100,1775610000.0,1775617200
3810150.2500000373,default,0.5,4712.59,0,4712.66,4720.44,4720.94,F1,False,4413406.09,-775421.9999999761,-775421.9999999761,S6-K2P0|F1|1775673000|SHORT,reverse,False,S6-K2P0,SHORT,S,0.5,1775682900,1775673000,1775673900.0,1775682000
3810150.2500000373,default,0.5,4712.59,0,4712.66,4720.44,4720.94,F2,False,4413406.09,-775421.9999999761,-775421.9999999761,S6-K2P0|F2|1775673000|SHORT,reverse,False,S6-K2P0,SHORT,S,0.5,1775682900,1775673000,1775673900.0,1775682000
3810150.2500000373,default,0.5,4712.59,0,4712.66,4720.44,4720.94,F3,False,4413406.09,-775421.9999999761,-775421.9999999761,S6-K2P0|F3|1775673000|SHORT,reverse,False,S6-K2P0,SHORT,S,0.5,1775682900,1775673000,1775673900.0,1775682000
7180613.750000017,default,0.5,4720.44,0,4720.94,4708.189243292163,4707.93,F1,True,4421160.31,-1218386.4999999353,-1239457.7499999353,S6-K2P0|F1|1775682000|LONG,EXIT_SL_RAISED,False,S6-K2P0,LONG,L,0.5,1775690342.445,1775682000,1775682900.0,1775690100
7180613.750000017,default,0.5,4720.44,0,4720.94,4708.189243292163,4707.93,F2,True,4421160.31,-1218386.4999999353,-1239457.7499999353,S6-K2P0|F2|1775682000|LONG,EXIT_SL_RAISED,False,S6-K2P0,LONG,L,0.5,1775690342.445,1775682000,1775682900.0,1775690100
7180613.750000017,default,0.5,4720.44,0,4720.94,4708.189243292163,4707.93,F3,True,4421160.31,-1218386.4999999353,-1239457.7499999353,S6-K2P0|F3|1775682000|LONG,EXIT_SL_RAISED,False,S6-K2P0,LONG,L,0.5,1775690342.445,1775682000,1775682900.0,1775690100
2820738.000000075,default,0.5,4720.66,0,4721.36,4713.35,4713.1,F1,False,4421553.64,-773548.9999999353,-773548.9999999353,S6-K2P0|F1|1775694600|LONG,reverse,False,S6-K2P0,LONG,L,0.5,1775700000,1775694600,1775695500.0,1775699100
2820738.000000075,default,0.5,4720.66,0,4721.36,4713.35,4713.1,F2,False,4421553.64,-773548.9999999353,-773548.9999999353,S6-K2P0|F2|1775694600|LONG,reverse,False,S6-K2P0,LONG,L,0.5,1775700000,1775694600,1775695500.0,1775699100
2820738.000000075,default,0.5,4720.66,0,4721.36,4713.35,4713.1,F3,False,4421553.64,-773548.9999999353,-773548.9999999353,S6-K2P0|F3|1775694600|LONG,reverse,False,S6-K2P0,LONG,L,0.5,1775700000,1775694600,1775695500.0,1775699100
5360994.2500000745,default,0.5,4713.35,0,4713.1,4726.073253880715,4726.22,F1,True,4413818.15,-1228687.9999999898,-1249759.2499999898,S6-K2P0|F1|1775699100|SHORT,EXIT_SL_RAISED,False,S6-K2P0,SHORT,S,0.5,1775704081.683,1775699100,1775700000.0,1775703600
5360994.2500000745,default,0.5,4713.35,0,4713.1,4726.073253880715,4726.22,F2,True,4413818.15,-1228687.9999999898,-1249759.2499999898,S6-K2P0|F2|1775699100|SHORT,EXIT_SL_RAISED,False,S6-K2P0,SHORT,S,0.5,1775704081.683,1775699100,1775700000.0,1775703600
5360994.2500000745,default,0.5,4713.35,0,4713.1,4726.073253880715,4726.22,F3,True,4413818.15,-1228687.9999999898,-1249759.2499999898,S6-K2P0|F3|1775699100|SHORT,EXIT_SL_RAISED,False,S6-K2P0,SHORT,S,0.5,1775704081.683,1775699100,1775700000.0,1775703600
2284591.750000126,default,0.5,4764.32,0,4764.46,4767.951070043815,4768.1,F1,True,4461916.79,-340886.0000000307,-361957.2500000307,S6-K2P0|F1|1775758500|SHORT,EXIT_SL_RAISED,False,S6-K2P0,SHORT,S,0.5,1775770433.219,1775758500,1775759400.0,1775770200
2284591.750000126,default,0.5,4764.32,0,4764.46,4767.951070043815,4768.1,F2,True,4461916.79,-340886.0000000307,-361957.2500000307,S6-K2P0|F2|1775758500|SHORT,EXIT_SL_RAISED,False,S6-K2P0,SHORT,S,0.5,1775770433.219,1775758500,1775759400.0,1775770200
2284591.750000126,default,0.5,4764.32,0,4764.46,4767.951070043815,4768.1,F3,True,4461916.79,-340886.0000000307,-361957.2500000307,S6-K2P0|F3|1775758500|SHORT,EXIT_SL_RAISED,False,S6-K2P0,SHORT,S,0.5,1775770433.219,1775758500,1775759400.0,1775770200
5106734.5000000615,default,0.5,4771.68,0,4772.17,4754.29489368671,4754.2,F1,True,4469137.205,-1682890.5000000237,-1703961.7500000237,S6-K2P0|F1|1775770200|LONG,EXIT_SL_RAISED,False,S6-K2P0,LONG,L,0.5,1775772694.03,1775770200,1775771100.0,1775772000
5106734.5000000615,default,0.5,4771.68,0,4772.17,4754.29489368671,4754.2,F2,True,4469137.205,-1682890.5000000237,-1703961.7500000237,S6-K2P0|F2|1775770200|LONG,EXIT_SL_RAISED,False,S6-K2P0,LONG,L,0.5,1775772694.03,1775770200,1775771100.0,1775772000
5106734.5000000615,default,0.5,4771.68,0,4772.17,4754.29489368671,4754.2,F3,True,4469137.205,-1682890.5000000237,-1703961.7500000237,S6-K2P0|F3|1775770200|LONG,EXIT_SL_RAISED,False,S6-K2P0,LONG,L,0.5,1775772694.03,1775770200,1775771100.0,1775772000
5212558.999999986,default,0.5,4752.16,0,4752.25,4758.0151413841595,4758.12,F1,True,4450482.125,-549725.4999999898,-570796.7499999898,S6-K2P0|F1|1775772000|SHORT,EXIT_SL_RAISED,False,S6-K2P0,SHORT,S,0.5,1775776184.819,1775772000,1775772900.0,1775775600
5212558.999999986,default,0.5,4752.16,0,4752.25,4758.0151413841595,4758.12,F2,True,4450482.125,-549725.4999999898,-570796.7499999898,S6-K2P0|F2|1775772000|SHORT,EXIT_SL_RAISED,False,S6-K2P0,SHORT,S,0.5,1775776184.819,1775772000,1775772900.0,1775775600
5212558.999999986,default,0.5,4752.16,0,4752.25,4758.0151413841595,4758.12,F3,True,4450482.125,-549725.4999999898,-570796.7499999898,S6-K2P0|F3|1775772000|SHORT,EXIT_SL_RAISED,False,S6-K2P0,SHORT,S,0.5,1775776184.819,1775772000,1775772900.0,1775775600
2430217.499999898,default,0.5,4758.45,0,4758.41,4747.683584465891,4747.94,F1,True,4456250.965,980515.5000000239,959444.2500000239,S6-K2P0|F1|1775781900|SHORT,EXIT_SL_RAISED,False,S6-K2P0,SHORT,S,0.5,1775798323.088,1775781900,1775782800.0,1775798100
2430217.499999898,default,0.5,4758.45,0,4758.41,4747.683584465891,4747.94,F2,True,4456250.965,980515.5000000239,959444.2500000239,S6-K2P0|F2|1775781900|SHORT,EXIT_SL_RAISED,False,S6-K2P0,SHORT,S,0.5,1775798323.088,1775781900,1775782800.0,1775798100
2430217.499999898,default,0.5,4758.45,0,4758.41,4747.683584465891,4747.94,F3,True,4456250.965,980515.5000000239,959444.2500000239,S6-K2P0|F3|1775781900|SHORT,EXIT_SL_RAISED,False,S6-K2P0,SHORT,S,0.5,1775798323.088,1775781900,1775782800.0,1775798100
3362503.249999891,default,0.5,4718.65,0,4718.65,4722.317652582988,4722.27,F1,True,4419015.725,339013.000000075,317941.750000075,S6-K2P0|F1|1776040200|LONG,EXIT_SL_RAISED,False,S6-K2P0,LONG,L,0.5,1776055422.935,1776040200,1776041100.0,1776054600
3362503.249999891,default,0.5,4718.65,0,4718.65,4722.317652582988,4722.27,F2,True,4419015.725,339013.000000075,317941.750000075,S6-K2P0|F2|1776040200|LONG,EXIT_SL_RAISED,False,S6-K2P0,LONG,L,0.5,1776055422.935,1776040200,1776041100.0,1776054600
3362503.249999891,default,0.5,4718.65,0,4718.65,4722.317652582988,4722.27,F3,True,4419015.725,339013.000000075,317941.750000075,S6-K2P0|F3|1776040200|LONG,EXIT_SL_RAISED,False,S6-K2P0,LONG,L,0.5,1776055422.935,1776040200,1776041100.0,1776054600
2413828.749999966,default,0.5,4759.88,0,4759.82,4774.21153205449,4774.4,F1,True,4457571.43,-1365416.9999999932,-1386488.2499999932,S6-K2P0|F1|1776131100|SHORT,EXIT_SL_RAISED,False,S6-K2P0,SHORT,S,0.5,1776134810.849,1776131100,1776132000.0,1776134700
2413828.749999966,default,0.5,4759.88,0,4759.82,4774.21153205449,4774.4,F2,True,4457571.43,-1365416.9999999932,-1386488.2499999932,S6-K2P0|F2|1776131100|SHORT,EXIT_SL_RAISED,False,S6-K2P0,SHORT,S,0.5,1776134810.849,1776131100,1776132000.0,1776134700
2413828.749999966,default,0.5,4759.88,0,4759.82,4774.21153205449,4774.4,F3,True,4457571.43,-1365416.9999999932,-1386488.2499999932,S6-K2P0|F3|1776131100|SHORT,EXIT_SL_RAISED,False,S6-K2P0,SHORT,S,0.5,1776134810.849,1776131100,1776132000.0,1776134700
4589318.250000181,default,0.5,4781.92,0,4782.46,4779.667811646894,4779.64,F1,True,4478773.79,-264092.99999997276,-285164.24999997276,S6-K2P0|F1|1776134700|LONG,EXIT_SL_RAISED,False,S6-K2P0,LONG,L,0.5,1776137010.791,1776134700,1776135600.0,1776136500
4589318.250000181,default,0.5,4781.92,0,4782.46,4779.667811646894,4779.64,F2,True,4478773.79,-264092.99999997276,-285164.24999997276,S6-K2P0|F2|1776134700|LONG,EXIT_SL_RAISED,False,S6-K2P0,LONG,L,0.5,1776137010.791,1776134700,1776135600.0,1776136500
4589318.250000181,default,0.5,4781.92,0,4782.46,4779.667811646894,4779.64,F3,True,4478773.79,-264092.99999997276,-285164.24999997276,S6-K2P0|F3|1776134700|LONG,EXIT_SL_RAISED,False,S6-K2P0,LONG,L,0.5,1776137010.791,1776134700,1776135600.0,1776136500
2533232.499999932,default,0.5,4842.15,0,4842.71,4828.298520486834,4828.23,F1,True,4535197.915,-1356052.0000000442,-1377123.2500000442,S6-K2P0|F1|1776195000|LONG,EXIT_SL_RAISED,False,S6-K2P0,LONG,L,0.5,1776198818.759,1776195000,1776195900.0,1776198600
2533232.499999932,default,0.5,4842.15,0,4842.71,4828.298520486834,4828.23,F2,True,4535197.915,-1356052.0000000442,-1377123.2500000442,S6-K2P0|F2|1776195000|LONG,EXIT_SL_RAISED,False,S6-K2P0,LONG,L,0.5,1776198818.759,1776195000,1776195900.0,1776198600
2533232.499999932,default,0.5,4842.15,0,4842.71,4828.298520486834,4828.23,F3,True,4535197.915,-1356052.0000000442,-1377123.2500000442,S6-K2P0|F3|1776195000|LONG,EXIT_SL_RAISED,False,S6-K2P0,LONG,L,0.5,1776198818.759,1776195000,1776195900.0,1776198600
7790275.2499999525,default,0.5,4850.11,0,4850.57,4850.590340722528,4850.48,F1,True,4542558.805,-8428.500000013628,-29499.750000013628,S6-K2P0|F1|1776200400|LONG,EXIT_SL_RAISED,False,S6-K2P0,LONG,L,0.5,1776202200.219,1776200400,1776201300.0,1776202200
7790275.2499999525,default,0.5,4850.11,0,4850.57,4850.590340722528,4850.48,F2,True,4542558.805,-8428.500000013628,-29499.750000013628,S6-K2P0|F2|1776200400|LONG,EXIT_SL_RAISED,False,S6-K2P0,LONG,L,0.5,1776202200.219,1776200400,1776201300.0,1776202200
7790275.2499999525,default,0.5,4850.11,0,4850.57,4850.590340722528,4850.48,F3,True,4542558.805,-8428.500000013628,-29499.750000013628,S6-K2P0|F3|1776200400|LONG,EXIT_SL_RAISED,False,S6-K2P0,LONG,L,0.5,1776202200.219,1776200400,1776201300.0,1776202200
4263416.249999796,default,0.5,4834.49,0,4834.49,4820.858635526763,4822.07,F1,True,4527499.885,1163133.0000000068,1142061.7500000068,S6-K2P0|F1|1776204900|SHORT,EXIT_SL_RAISED,False,S6-K2P0,SHORT,S,0.5,1776229182.385,1776204900,1776205800.0,1776228300
4263416.249999796,default,0.5,4834.49,0,4834.49,4820.858635526763,4822.07,F2,True,4527499.885,1163133.0000000068,1142061.7500000068,S6-K2P0|F2|1776204900|SHORT,EXIT_SL_RAISED,False,S6-K2P0,SHORT,S,0.5,1776229182.385,1776204900,1776205800.0,1776228300
4263416.249999796,default,0.5,4834.49,0,4834.49,4820.858635526763,4822.07,F3,True,4527499.885,1163133.0000000068,1142061.7500000068,S6-K2P0|F3|1776204900|SHORT,EXIT_SL_RAISED,False,S6-K2P0,SHORT,S,0.5,1776229182.385,1776204900,1776205800.0,1776228300
5303399.500000095,default,0.5,4832.49,0,4833.02,4821.65137435663,4821.41,F1,True,4526123.23,-1087276.5000000545,-1108347.7500000545,S6-K2P0|F1|1776285000|LONG,EXIT_SL_RAISED,False,S6-K2P0,LONG,L,0.5,1776288796.727,1776285000,1776285900.0,1776288600
5303399.500000095,default,0.5,4832.49,0,4833.02,4821.65137435663,4821.41,F2,True,4526123.23,-1087276.5000000545,-1108347.7500000545,S6-K2P0|F2|1776285000|LONG,EXIT_SL_RAISED,False,S6-K2P0,LONG,L,0.5,1776288796.727,1776285000,1776285900.0,1776288600
5303399.500000095,default,0.5,4832.49,0,4833.02,4821.65137435663,4821.41,F3,True,4526123.23,-1087276.5000000545,-1108347.7500000545,S6-K2P0|F3|1776285000|LONG,EXIT_SL_RAISED,False,S6-K2P0,LONG,L,0.5,1776288796.727,1776285000,1776285900.0,1776288600
2619858.749999949,default,0.5,4826.42,0,4826.87,4825.192309895193,4825.14,F1,True,4520363.755,-162014.4999999591,-183085.7499999591,S6-K2P0|F1|1776294000|LONG,EXIT_SL_RAISED,False,S6-K2P0,LONG,L,0.5,1776303531.947,1776294000,1776294900.0,1776303000
2619858.749999949,default,0.5,4826.42,0,4826.87,4825.192309895193,4825.14,F2,True,4520363.755,-162014.4999999591,-183085.7499999591,S6-K2P0|F2|1776294000|LONG,EXIT_SL_RAISED,False,S6-K2P0,LONG,L,0.5,1776303531.947,1776294000,1776294900.0,1776303000
2619858.749999949,default,0.5,4826.42,0,4826.87,4825.192309895193,4825.14,F3,True,4520363.755,-162014.4999999591,-183085.7499999591,S6-K2P0|F3|1776294000|LONG,EXIT_SL_RAISED,False,S6-K2P0,LONG,L,0.5,1776303531.947,1776294000,1776294900.0,1776303000
2305662.9999998193,default,0.5,4825.87,0,4826.47,4815.965567302059,4815.83,F1,True,4519989.155,-996436.0000000306,-1017507.2500000306,S6-K2P0|F1|1776307500|LONG,EXIT_SL_RAISED,False,S6-K2P0,LONG,L,0.5,1776312138.408,1776307500,1776308400.0,1776312000
2305662.9999998193,default,0.5,4825.87,0,4826.47,4815.965567302059,4815.83,F2,True,4519989.155,-996436.0000000306,-1017507.2500000306,S6-K2P0|F2|1776307500|LONG,EXIT_SL_RAISED,False,S6-K2P0,LONG,L,0.5,1776312138.408,1776307500,1776308400.0,1776312000
2305662.9999998193,default,0.5,4825.87,0,4826.47,4815.965567302059,4815.83,F3,True,4519989.155,-996436.0000000306,-1017507.2500000306,S6-K2P0|F3|1776307500|LONG,EXIT_SL_RAISED,False,S6-K2P0,LONG,L,0.5,1776312138.408,1776307500,1776308400.0,1776312000
1840690.7500001465,default,0.5,4795.16,1,4794.28,4785.922409918264,4785.92,F1,True,4489843.22,-782913.9999999694,-803985.2499999694,S6-K2P0|F1|1776362400|LONG,EXIT_SL_RAISED,False,S6-K2P0,LONG,L,0.5,1776369924.158,1776362400,1776364200.0,1776369600
1840690.7500001465,default,0.5,4795.16,1,4794.28,4785.922409918264,4785.92,F2,True,4489843.22,-782913.9999999694,-803985.2499999694,S6-K2P0|F2|1776362400|LONG,EXIT_SL_RAISED,False,S6-K2P0,LONG,L,0.5,1776369924.158,1776362400,1776364200.0,1776369600
1840690.7500001465,default,0.5,4795.16,1,4794.28,4785.922409918264,4785.92,F3,True,4489843.22,-782913.9999999694,-803985.2499999694,S6-K2P0|F3|1776362400|LONG,EXIT_SL_RAISED,False,S6-K2P0,LONG,L,0.5,1776369924.158,1776362400,1776364200.0,1776369600
2027522.500000051,default,0.5,4798.36,0,4799.01,4789.2020699624,4788.66,F1,True,4494272.865,-969277.5000000341,-990348.7500000341,S6-K2P0|F1|1776371400|LONG,EXIT_SL_RAISED,False,S6-K2P0,LONG,L,0.5,1776373423.494,1776371400,1776372300.0,1776373200
2027522.500000051,default,0.5,4798.36,0,4799.01,4789.2020699624,4788.66,F2,True,4494272.865,-969277.5000000341,-990348.7500000341,S6-K2P0|F2|1776371400|LONG,EXIT_SL_RAISED,False,S6-K2P0,LONG,L,0.5,1776373423.494,1776371400,1776372300.0,1776373200
2027522.500000051,default,0.5,4798.36,0,4799.01,4789.2020699624,4788.66,F3,True,4494272.865,-969277.5000000341,-990348.7500000341,S6-K2P0|F3|1776371400|LONG,EXIT_SL_RAISED,False,S6-K2P0,LONG,L,0.5,1776373423.494,1776371400,1776372300.0,1776373200
7764989.7499999115,default,0.5,4778.87,0,4778.73,4783.772092736503,4783.81,F1,True,4475280.645,-475742.00000007835,-496813.25000007835,S6-K2P0|F1|1776373200|SHORT,EXIT_SL_RAISED,False,S6-K2P0,SHORT,S,0.5,1776376307.624,1776373200,1776374100.0,1776375900
7764989.7499999115,default,0.5,4778.87,0,4778.73,4783.772092736503,4783.81,F2,True,4475280.645,-475742.00000007835,-496813.25000007835,S6-K2P0|F2|1776373200|SHORT,EXIT_SL_RAISED,False,S6-K2P0,SHORT,S,0.5,1776376307.624,1776373200,1776374100.0,1776375900
7764989.7499999115,default,0.5,4778.87,0,4778.73,4783.772092736503,4783.81,F3,True,4475280.645,-475742.00000007835,-496813.25000007835,S6-K2P0|F3|1776373200|SHORT,EXIT_SL_RAISED,False,S6-K2P0,SHORT,S,0.5,1776376307.624,1776373200,1776374100.0,1776375900
4187559.7500000987,default,0.5,4795.82,0,4796.3,4792.895993097022,4792.88,F1,True,4491734.95,-320283.0000000068,-341354.2500000068,S6-K2P0|F1|1776380400|LONG,EXIT_SL_RAISED,False,S6-K2P0,LONG,L,0.5,1776391203.855,1776380400,1776381300.0,1776391200
4187559.7500000987,default,0.5,4795.82,0,4796.3,4792.895993097022,4792.88,F2,True,4491734.95,-320283.0000000068,-341354.2500000068,S6-K2P0|F2|1776380400|LONG,EXIT_SL_RAISED,False,S6-K2P0,LONG,L,0.5,1776391203.855,1776380400,1776381300.0,1776391200
4187559.7500000987,default,0.5,4795.82,0,4796.3,4792.895993097022,4792.88,F3,True,4491734.95,-320283.0000000068,-341354.2500000068,S6-K2P0|F3|1776380400|LONG,EXIT_SL_RAISED,False,S6-K2P0,LONG,L,0.5,1776391203.855,1776380400,1776381300.0,1776391200
7578626.249999846,default,0.5,4793.53,0,4794.04,4790.790890540603,4790.74,F1,True,4489618.46,-309045.00000001705,-330116.25000001705,S6-K2P0|F1|1776632400|LONG,EXIT_SL_RAISED,False,S6-K2P0,LONG,L,0.5,1776640220.622,1776632400,1776633300.0,1776639600
7578626.249999846,default,0.5,4793.53,0,4794.04,4790.790890540603,4790.74,F2,True,4489618.46,-309045.00000001705,-330116.25000001705,S6-K2P0|F2|1776632400|LONG,EXIT_SL_RAISED,False,S6-K2P0,LONG,L,0.5,1776640220.622,1776632400,1776633300.0,1776639600
7578626.249999846,default,0.5,4793.53,0,4794.04,4790.790890540603,4790.74,F3,True,4489618.46,-309045.00000001705,-330116.25000001705,S6-K2P0|F3|1776632400|LONG,EXIT_SL_RAISED,False,S6-K2P0,LONG,L,0.5,1776640220.622,1776632400,1776633300.0,1776639600
2461590.249999816,default,0.5,4791.43,0,4791.49,4795.24,4795.75,F1,False,4487230.385,-398949.00000002043,-398949.00000002043,S6-K2P0|F1|1776639600|SHORT,reverse,False,S6-K2P0,SHORT,S,0.5,1776654000,1776639600,1776640500.0,1776653100
2461590.249999816,default,0.5,4791.43,0,4791.49,4795.24,4795.75,F2,False,4487230.385,-398949.00000002043,-398949.00000002043,S6-K2P0|F2|1776639600|SHORT,reverse,False,S6-K2P0,SHORT,S,0.5,1776654000,1776639600,1776640500.0,1776653100
2461590.249999816,default,0.5,4791.43,0,4791.49,4795.24,4795.75,F3,False,4487230.385,-398949.00000002043,-398949.00000002043,S6-K2P0|F3|1776639600|SHORT,reverse,False,S6-K2P0,SHORT,S,0.5,1776654000,1776639600,1776640500.0,1776653100
3304908.4999999115,default,0.5,4795.24,0,4795.75,4787.136134586947,4787.11,F1,True,4491219.875,-809136.0000000306,-830207.2500000306,S6-K2P0|F1|1776653100|LONG,EXIT_SL_RAISED,False,S6-K2P0,LONG,L,0.5,1776657515.922,1776653100,1776654000.0,1776656700
3304908.4999999115,default,0.5,4795.24,0,4795.75,4787.136134586947,4787.11,F2,True,4491219.875,-809136.0000000306,-830207.2500000306,S6-K2P0|F2|1776653100|LONG,EXIT_SL_RAISED,False,S6-K2P0,LONG,L,0.5,1776657515.922,1776653100,1776654000.0,1776656700
3304908.4999999115,default,0.5,4795.24,0,4795.75,4787.136134586947,4787.11,F3,True,4491219.875,-809136.0000000306,-830207.2500000306,S6-K2P0|F3|1776653100|LONG,EXIT_SL_RAISED,False,S6-K2P0,LONG,L,0.5,1776657515.922,1776653100,1776654000.0,1776656700
3176139.7499999967,default,0.5,4819.64,0,4819.63,4788.341630446032,4788.36,F1,True,4513583.495,2928435.500000041,2907364.250000041,S6-K2P0|F1|1776716100|SHORT,EXIT_SL_RAISED,False,S6-K2P0,SHORT,S,0.5,1776743136.433,1776716100,1776717000.0,1776743100
3176139.7499999967,default,0.5,4819.64,0,4819.63,4788.341630446032,4788.36,F2,True,4513583.495,2928435.500000041,2907364.250000041,S6-K2P0|F2|1776716100|SHORT,EXIT_SL_RAISED,False,S6-K2P0,SHORT,S,0.5,1776743136.433,1776716100,1776717000.0,1776743100
3176139.7499999967,default,0.5,4819.64,0,4819.63,4788.341630446032,4788.36,F3,True,4513583.495,2928435.500000041,2907364.250000041,S6-K2P0|F3|1776716100|SHORT,EXIT_SL_RAISED,False,S6-K2P0,SHORT,S,0.5,1776743136.433,1776716100,1776717000.0,1776743100
4581826.249999932,default,0.5,4765.97,0,4766.5,4758.57213097329,4758.39,F1,True,4463827.25,-759501.4999999694,-780572.7499999694,S6-K2P0|F1|1776820500|LONG,EXIT_SL_RAISED,False,S6-K2P0,LONG,L,0.5,1776831277.794,1776820500,1776821400.0,1776830400
4581826.249999932,default,0.5,4765.97,0,4766.5,4758.57213097329,4758.39,F2,True,4463827.25,-759501.4999999694,-780572.7499999694,S6-K2P0|F2|1776820500|LONG,EXIT_SL_RAISED,False,S6-K2P0,LONG,L,0.5,1776831277.794,1776820500,1776821400.0,1776830400
4581826.249999932,default,0.5,4765.97,0,4766.5,4758.57213097329,4758.39,F3,True,4463827.25,-759501.4999999694,-780572.7499999694,S6-K2P0|F3|1776820500|LONG,EXIT_SL_RAISED,False,S6-K2P0,LONG,L,0.5,1776831277.794,1776820500,1776821400.0,1776830400
1591113.4999998943,default,0.5,4760.51,0,4760.94,4755.04,4755.18,F1,False,4458620.31,-539423.9999999353,-539423.9999999353,S6-K2P0|F1|1776834000|LONG,reverse,False,S6-K2P0,LONG,L,0.5,1776837600,1776834000,1776834900.0,1776836700
1591113.4999998943,default,0.5,4760.51,0,4760.94,4755.04,4755.18,F2,False,4458620.31,-539423.9999999353,-539423.9999999353,S6-K2P0|F2|1776834000|LONG,reverse,False,S6-K2P0,LONG,L,0.5,1776837600,1776834000,1776834900.0,1776836700
1591113.4999998943,default,0.5,4760.51,0,4760.94,4755.04,4755.18,F3,False,4458620.31,-539423.9999999353,-539423.9999999353,S6-K2P0|F3|1776834000|LONG,reverse,False,S6-K2P0,LONG,L,0.5,1776837600,1776834000,1776834900.0,1776836700
1905777.500000034,default,0.5,4755.04,0,4755.18,4759.000153658836,4759.09,F1,True,4453226.07,-366171.4999999864,-387242.7499999864,S6-K2P0|F1|1776836700|SHORT,EXIT_SL_RAISED,False,S6-K2P0,SHORT,S,0.5,1776839721.624,1776836700,1776837600.0,1776839400
1905777.500000034,default,0.5,4755.04,0,4755.18,4759.000153658836,4759.09,F2,True,4453226.07,-366171.4999999864,-387242.7499999864,S6-K2P0|F2|1776836700|SHORT,EXIT_SL_RAISED,False,S6-K2P0,SHORT,S,0.5,1776839721.624,1776836700,1776837600.0,1776839400
1905777.500000034,default,0.5,4755.04,0,4755.18,4759.000153658836,4759.09,F3,True,4453226.07,-366171.4999999864,-387242.7499999864,S6-K2P0|F3|1776836700|SHORT,EXIT_SL_RAISED,False,S6-K2P0,SHORT,S,0.5,1776839721.624,1776836700,1776837600.0,1776839400
2767357.499999932,default,0.5,4746.62,0,4746.65,4751.975323204871,4752.14,F1,True,4445237.725,-514138.5000000647,-535209.7500000647,S6-K2P0|F1|1776846600|SHORT,EXIT_SL_RAISED,False,S6-K2P0,SHORT,S,0.5,1776850662.621,1776846600,1776847500.0,1776850200
2767357.499999932,default,0.5,4746.62,0,4746.65,4751.975323204871,4752.14,F2,True,4445237.725,-514138.5000000647,-535209.7500000647,S6-K2P0|F2|1776846600|SHORT,EXIT_SL_RAISED,False,S6-K2P0,SHORT,S,0.5,1776850662.621,1776846600,1776847500.0,1776850200
2767357.499999932,default,0.5,4746.62,0,4746.65,4751.975323204871,4752.14,F3,True,4445237.725,-514138.5000000647,-535209.7500000647,S6-K2P0|F3|1776846600|SHORT,EXIT_SL_RAISED,False,S6-K2P0,SHORT,S,0.5,1776850662.621,1776846600,1776847500.0,1776850200
4704507.75000014,default,0.5,4755.14,0,4755.72,4743.8338794815145,4743.29,F1,True,4453731.78,-1164069.5000000272,-1185140.7500000272,S6-K2P0|F1|1776850200|LONG,EXIT_SL_RAISED,False,S6-K2P0,LONG,L,0.5,1776852325.031,1776850200,1776851100.0,1776852000
4704507.75000014,default,0.5,4755.14,0,4755.72,4743.8338794815145,4743.29,F2,True,4453731.78,-1164069.5000000272,-1185140.7500000272,S6-K2P0|F2|1776850200|LONG,EXIT_SL_RAISED,False,S6-K2P0,LONG,L,0.5,1776852325.031,1776850200,1776851100.0,1776852000
4704507.75000014,default,0.5,4755.14,0,4755.72,4743.8338794815145,4743.29,F3,True,4453731.78,-1164069.5000000272,-1185140.7500000272,S6-K2P0|F3|1776850200|LONG,EXIT_SL_RAISED,False,S6-K2P0,LONG,L,0.5,1776852325.031,1776850200,1776851100.0,1776852000
1958689.7499999965,default,0.5,4730.26,0,4730.13,4744.840916568602,4745.67,F1,True,4429766.745,-1455320.9999999965,-1476392.2499999965,S6-K2P0|F1|1776867300|SHORT,EXIT_SL_RAISED,False,S6-K2P0,SHORT,S,0.5,1776869303.714,1776867300,1776868200.0,1776869100
1958689.7499999965,default,0.5,4730.26,0,4730.13,4744.840916568602,4745.67,F2,True,4429766.745,-1455320.9999999965,-1476392.2499999965,S6-K2P0|F2|1776867300|SHORT,EXIT_SL_RAISED,False,S6-K2P0,SHORT,S,0.5,1776869303.714,1776867300,1776868200.0,1776869100
1958689.7499999965,default,0.5,4730.26,0,4730.13,4744.840916568602,4745.67,F3,True,4429766.745,-1455320.9999999965,-1476392.2499999965,S6-K2P0|F3|1776867300|SHORT,EXIT_SL_RAISED,False,S6-K2P0,SHORT,S,0.5,1776869303.714,1776867300,1776868200.0,1776869100
2327670.7500000442,default,0.5,4744.22,0,4744.86,4732.528471588759,4732.5,F1,True,4443561.39,-1157513.9999999693,-1178585.2499999693,S6-K2P0|F1|1776870900|LONG,EXIT_SL_RAISED,False,S6-K2P0,LONG,L,0.5,1776882555.26,1776870900,1776871800.0,1776881700
2327670.7500000442,default,0.5,4744.22,0,4744.86,4732.528471588759,4732.5,F2,True,4443561.39,-1157513.9999999693,-1178585.2499999693,S6-K2P0|F2|1776870900|LONG,EXIT_SL_RAISED,False,S6-K2P0,LONG,L,0.5,1776882555.26,1776870900,1776871800.0,1776881700
2327670.7500000442,default,0.5,4744.22,0,4744.86,4732.528471588759,4732.5,F3,True,4443561.39,-1157513.9999999693,-1178585.2499999693,S6-K2P0|F3|1776870900|LONG,EXIT_SL_RAISED,False,S6-K2P0,LONG,L,0.5,1776882555.26,1776870900,1776871800.0,1776881700
9611767.75000002,default,0.5,4699.13,0,4699.22,4741.38,4741.84,F1,False,4400819.53,-3991362.9999999898,-4012434.2499999898,S6-K2P0|F1|1776888000|SHORT,EXIT_TRAIL,True,S6-K2P0,SHORT,S,0.5,1776889800,1776888000,1776888900.0,1776888900
9611767.75000002,default,0.5,4699.13,0,4699.22,4741.38,4741.84,F2,False,4400819.53,-3991362.9999999898,-4012434.2499999898,S6-K2P0|F2|1776888000|SHORT,EXIT_TRAIL,True,S6-K2P0,SHORT,S,0.5,1776889800,1776888000,1776888900.0,1776888900
9611767.75000002,default,0.5,4699.13,0,4699.22,4741.38,4741.84,F3,False,4400819.53,-3991362.9999999898,-4012434.2499999898,S6-K2P0|F3|1776888000|SHORT,EXIT_TRAIL,True,S6-K2P0,SHORT,S,0.5,1776889800,1776888000,1776888900.0,1776888900
15789390.000000034,default,0.5,4741.38,0,4741.84,4732.5469346523905,4732.53,F1,True,4440733.16,-871881.5000000375,-892952.7500000375,S6-K2P0|F1|1776888900|LONG,EXIT_SL_RAISED,False,S6-K2P0,LONG,L,0.5,1776892899.25,1776888900,1776889800.0,1776892500
15789390.000000034,default,0.5,4741.38,0,4741.84,4732.5469346523905,4732.53,F2,True,4440733.16,-871881.5000000375,-892952.7500000375,S6-K2P0|F2|1776888900|LONG,EXIT_SL_RAISED,False,S6-K2P0,LONG,L,0.5,1776892899.25,1776888900,1776889800.0,1776892500
15789390.000000034,default,0.5,4741.38,0,4741.84,4732.5469346523905,4732.53,F3,True,4440733.16,-871881.5000000375,-892952.7500000375,S6-K2P0|F3|1776888900|LONG,EXIT_SL_RAISED,False,S6-K2P0,LONG,L,0.5,1776892899.25,1776888900,1776889800.0,1776892500
4650659.000000072,default,0.5,4723.08,0,4723.11,4710.569550260446,4710.6,F1,True,4423192.515,1171561.4999999353,1150490.2499999353,S6-K2P0|F1|1776894300|SHORT,EXIT_SL_RAISED,False,S6-K2P0,SHORT,S,0.5,1776908986.854,1776894300,1776895200.0,1776908700
4650659.000000072,default,0.5,4723.08,0,4723.11,4710.569550260446,4710.6,F2,True,4423192.515,1171561.4999999353,1150490.2499999353,S6-K2P0|F2|1776894300|SHORT,EXIT_SL_RAISED,False,S6-K2P0,SHORT,S,0.5,1776908986.854,1776894300,1776895200.0,1776908700
4650659.000000072,default,0.5,4723.08,0,4723.11,4710.569550260446,4710.6,F3,True,4423192.515,1171561.4999999353,1150490.2499999353,S6-K2P0|F3|1776894300|SHORT,EXIT_SL_RAISED,False,S6-K2P0,SHORT,S,0.5,1776908986.854,1776894300,1776895200.0,1776908700
4359875.750000027,default,0.5,4713.32,0,4713.93,4703.2892672027765,4703.23,F1,True,4414595.445,-1002055.0000000681,-1023126.2500000681,S6-K2P0|F1|1776908700|LONG,EXIT_SL_RAISED,False,S6-K2P0,LONG,L,0.5,1776914666.576,1776908700,1776909600.0,1776914100
4359875.750000027,default,0.5,4713.32,0,4713.93,4703.2892672027765,4703.23,F2,True,4414595.445,-1002055.0000000681,-1023126.2500000681,S6-K2P0|F2|1776908700|LONG,EXIT_SL_RAISED,False,S6-K2P0,LONG,L,0.5,1776914666.576,1776908700,1776909600.0,1776914100
4359875.750000027,default,0.5,4713.32,0,4713.93,4703.2892672027765,4703.23,F3,True,4414595.445,-1002055.0000000681,-1023126.2500000681,S6-K2P0|F3|1776908700|LONG,EXIT_SL_RAISED,False,S6-K2P0,LONG,L,0.5,1776914666.576,1776908700,1776909600.0,1776914100
3063759.7499999283,default,0.5,4705.34,0,4705.8,4691.704375119522,4691.63,F1,True,4406981.7,-1327020.5000000068,-1348091.7500000068,S6-K2P0|F1|1776975300|LONG,EXIT_SL_RAISED,False,S6-K2P0,LONG,L,0.5,1776979930.941,1776975300,1776976200.0,1776979800
3063759.7499999283,default,0.5,4705.34,0,4705.8,4691.704375119522,4691.63,F2,True,4406981.7,-1327020.5000000068,-1348091.7500000068,S6-K2P0|F2|1776975300|LONG,EXIT_SL_RAISED,False,S6-K2P0,LONG,L,0.5,1776979930.941,1776975300,1776976200.0,1776979800
3063759.7499999283,default,0.5,4705.34,0,4705.8,4691.704375119522,4691.63,F3,True,4406981.7,-1327020.5000000068,-1348091.7500000068,S6-K2P0|F3|1776975300|LONG,EXIT_SL_RAISED,False,S6-K2P0,LONG,L,0.5,1776979930.941,1776975300,1776976200.0,1776979800
3876641.7499999558,default,0.5,4690.82,0,4690.7,4676.731448134046,4676.91,F1,True,4392840.55,1291433.4999999965,1270362.2499999965,S6-K2P0|F1|1776979800|SHORT,EXIT_SL_RAISED,False,S6-K2P0,SHORT,S,0.5,1776991762.939,1776979800,1776980700.0,1776991500
3876641.7499999558,default,0.5,4690.82,0,4690.7,4676.731448134046,4676.91,F2,True,4392840.55,1291433.4999999965,1270362.2499999965,S6-K2P0|F2|1776979800|SHORT,EXIT_SL_RAISED,False,S6-K2P0,SHORT,S,0.5,1776991762.939,1776979800,1776980700.0,1776991500
3876641.7499999558,default,0.5,4690.82,0,4690.7,4676.731448134046,4676.91,F3,True,4392840.55,1291433.4999999965,1270362.2499999965,S6-K2P0|F3|1776979800|SHORT,EXIT_SL_RAISED,False,S6-K2P0,SHORT,S,0.5,1776991762.939,1776979800,1776980700.0,1776991500
3797039.250000092,default,0.5,4671.32,0,4671.31,4684.602062087283,4684.65,F1,True,4374681.815,-1249290.9999999285,-1270362.2499999285,S6-K2P0|F1|1776996900|SHORT,EXIT_SL_RAISED,False,S6-K2P0,SHORT,S,0.5,1777001007.079,1776996900,1776997800.0,1777000500
3797039.250000092,default,0.5,4671.32,0,4671.31,4684.602062087283,4684.65,F2,True,4374681.815,-1249290.9999999285,-1270362.2499999285,S6-K2P0|F2|1776996900|SHORT,EXIT_SL_RAISED,False,S6-K2P0,SHORT,S,0.5,1777001007.079,1776996900,1776997800.0,1777000500
3797039.250000092,default,0.5,4671.32,0,4671.31,4684.602062087283,4684.65,F3,True,4374681.815,-1249290.9999999285,-1270362.2499999285,S6-K2P0|F3|1776996900|SHORT,EXIT_SL_RAISED,False,S6-K2P0,SHORT,S,0.5,1777001007.079,1776996900,1776997800.0,1777000500
8120391.500000174,default,0.5,4685.14,1,4686.44,4686.181765798454,4686.21,F1,True,4388851.06,21539.499999959116,468.2499999591164,S6-K2P0|F1|1777226400|SHORT,EXIT_SL_RAISED,False,S6-K2P0,SHORT,S,0.5,1777236715.524,1777226400,1777228200.0,1777236300
8120391.500000174,default,0.5,4685.14,1,4686.44,4686.181765798454,4686.21,F2,True,4388851.06,21539.499999959116,468.2499999591164,S6-K2P0|F2|1777226400|SHORT,EXIT_SL_RAISED,False,S6-K2P0,SHORT,S,0.5,1777236715.524,1777226400,1777228200.0,1777236300
8120391.500000174,default,0.5,4685.14,1,4686.44,4686.181765798454,4686.21,F3,True,4388851.06,21539.499999959116,468.2499999591164,S6-K2P0|F3|1777226400|SHORT,EXIT_SL_RAISED,False,S6-K2P0,SHORT,S,0.5,1777236715.524,1777226400,1777228200.0,1777236300
5855934.499999891,default,0.5,4670.58,0,4670.52,4679.224827300021,4679.5,F1,True,4373941.98,-840976.9999999591,-862048.2499999591,S6-K2P0|F1|1777326300|SHORT,EXIT_SL_RAISED,False,S6-K2P0,SHORT,S,0.5,1777328205.476,1777326300,1777327200.0,1777328100
5855934.499999891,default,0.5,4670.58,0,4670.52,4679.224827300021,4679.5,F2,True,4373941.98,-840976.9999999591,-862048.2499999591,S6-K2P0|F2|1777326300|SHORT,EXIT_SL_RAISED,False,S6-K2P0,SHORT,S,0.5,1777328205.476,1777326300,1777327200.0,1777328100
5855934.499999891,default,0.5,4670.58,0,4670.52,4679.224827300021,4679.5,F3,True,4373941.98,-840976.9999999591,-862048.2499999591,S6-K2P0|F3|1777326300|SHORT,EXIT_SL_RAISED,False,S6-K2P0,SHORT,S,0.5,1777328205.476,1777326300,1777327200.0,1777328100
1179989.999999949,default,0.5,4671.86,0,4671.75,4640.519792855659,4640.6,F1,True,4375093.875,2917197.499999966,2896126.249999966,S6-K2P0|F1|1777332600|SHORT,EXIT_SL_RAISED,False,S6-K2P0,SHORT,S,0.5,1777342052.523,1777332600,1777333500.0,1777341600
1179989.999999949,default,0.5,4671.86,0,4671.75,4640.519792855659,4640.6,F2,True,4375093.875,2917197.499999966,2896126.249999966,S6-K2P0|F2|1777332600|SHORT,EXIT_SL_RAISED,False,S6-K2P0,SHORT,S,0.5,1777342052.523,1777332600,1777333500.0,1777341600
1179989.999999949,default,0.5,4671.86,0,4671.75,4640.519792855659,4640.6,F3,True,4375093.875,2917197.499999966,2896126.249999966,S6-K2P0|F3|1777332600|SHORT,EXIT_SL_RAISED,False,S6-K2P0,SHORT,S,0.5,1777342052.523,1777332600,1777333500.0,1777341600
4834681.25000017,default,0.5,4607.24,0,4607.76,4593.701076980476,4593.53,F1,True,4315167.24,-1332639.5000000442,-1353710.7500000442,S6-K2P0|F1|1777406400|LONG,EXIT_SL_RAISED,False,S6-K2P0,LONG,L,0.5,1777410062.223,1777406400,1777407300.0,1777410000
4834681.25000017,default,0.5,4607.24,0,4607.76,4593.701076980476,4593.53,F2,True,4315167.24,-1332639.5000000442,-1353710.7500000442,S6-K2P0|F2|1777406400|LONG,EXIT_SL_RAISED,False,S6-K2P0,LONG,L,0.5,1777410062.223,1777406400,1777407300.0,1777410000
4834681.25000017,default,0.5,4607.24,0,4607.76,4593.701076980476,4593.53,F3,True,4315167.24,-1332639.5000000442,-1353710.7500000442,S6-K2P0|F3|1777406400|LONG,EXIT_SL_RAISED,False,S6-K2P0,LONG,L,0.5,1777410062.223,1777406400,1777407300.0,1777410000
7376342.250000031,default,0.5,4582.46,0,4582.21,4595.425752140632,4595.68,F1,True,4291239.665,-1261465.5000000237,-1282536.7500000237,S6-K2P0|F1|1777410000|SHORT,EXIT_SL_RAISED,False,S6-K2P0,SHORT,S,0.5,1777413692.248,1777410000,1777410900.0,1777413600
7376342.250000031,default,0.5,4582.46,0,4582.21,4595.425752140632,4595.68,F2,True,4291239.665,-1261465.5000000237,-1282536.7500000237,S6-K2P0|F2|1777410000|SHORT,EXIT_SL_RAISED,False,S6-K2P0,SHORT,S,0.5,1777413692.248,1777410000,1777410900.0,1777413600
7376342.250000031,default,0.5,4582.46,0,4582.21,4595.425752140632,4595.68,F3,True,4291239.665,-1261465.5000000237,-1282536.7500000237,S6-K2P0|F3|1777410000|SHORT,EXIT_SL_RAISED,False,S6-K2P0,SHORT,S,0.5,1777413692.248,1777410000,1777410900.0,1777413600
5725292.7500000205,default,0.5,4600.79,0,4601.27,4593.63,4593.61,F1,False,4309089.355,-717359.0000000716,-717359.0000000716,S6-K2P0|F1|1777413600|LONG,reverse,False,S6-K2P0,LONG,L,0.5,1777419900,1777413600,1777414500.0,1777419000
5725292.7500000205,default,0.5,4600.79,0,4601.27,4593.63,4593.61,F2,False,4309089.355,-717359.0000000716,-717359.0000000716,S6-K2P0|F2|1777413600|LONG,reverse,False,S6-K2P0,LONG,L,0.5,1777419900,1777413600,1777414500.0,1777419000
5725292.7500000205,default,0.5,4600.79,0,4601.27,4593.63,4593.61,F3,False,4309089.355,-717359.0000000716,-717359.0000000716,S6-K2P0|F3|1777413600|LONG,reverse,False,S6-K2P0,LONG,L,0.5,1777419900,1777413600,1777414500.0,1777419000
1988657.7499999693,default,0.5,4593.63,0,4593.61,4600.67,4601.24,F1,False,4301915.765,-714549.5000000102,-714549.5000000102,S6-K2P0|F1|1777419000|SHORT,reverse,False,S6-K2P0,SHORT,S,0.5,1777421700,1777419000,1777419900.0,1777420800
1988657.7499999693,default,0.5,4593.63,0,4593.61,4600.67,4601.24,F2,False,4301915.765,-714549.5000000102,-714549.5000000102,S6-K2P0|F2|1777419000|SHORT,reverse,False,S6-K2P0,SHORT,S,0.5,1777421700,1777419000,1777419900.0,1777420800
1988657.7499999693,default,0.5,4593.63,0,4593.61,4600.67,4601.24,F3,False,4301915.765,-714549.5000000102,-714549.5000000102,S6-K2P0|F3|1777419000|SHORT,reverse,False,S6-K2P0,SHORT,S,0.5,1777421700,1777419000,1777419900.0,1777420800
2492494.7499999795,default,0.5,4600.67,0,4601.24,4593.111498222119,4592.84,F1,True,4309061.26,-786659.9999999659,-807731.2499999659,S6-K2P0|F1|1777420800|LONG,EXIT_SL_RAISED,False,S6-K2P0,LONG,L,0.5,1777427871.943,1777420800,1777421700.0,1777427100
2492494.7499999795,default,0.5,4600.67,0,4601.24,4593.111498222119,4592.84,F2,True,4309061.26,-786659.9999999659,-807731.2499999659,S6-K2P0|F2|1777420800|LONG,EXIT_SL_RAISED,False,S6-K2P0,LONG,L,0.5,1777427871.943,1777420800,1777421700.0,1777427100
2492494.7499999795,default,0.5,4600.67,0,4601.24,4593.111498222119,4592.84,F3,True,4309061.26,-786659.9999999659,-807731.2499999659,S6-K2P0|F3|1777420800|LONG,EXIT_SL_RAISED,False,S6-K2P0,LONG,L,0.5,1777427871.943,1777420800,1777421700.0,1777427100
3671079.999999898,default,0.5,4588.4,0,4588.42,4573.668091396416,4573.71,F1,True,4297055.33,1377591.5000000035,1356520.2500000035,S6-K2P0|F1|1777428000|SHORT,EXIT_SL_RAISED,False,S6-K2P0,SHORT,S,0.5,1777438295.602,1777428000,1777428900.0,1777437900
3671079.999999898,default,0.5,4588.4,0,4588.42,4573.668091396416,4573.71,F2,True,4297055.33,1377591.5000000035,1356520.2500000035,S6-K2P0|F2|1777428000|SHORT,EXIT_SL_RAISED,False,S6-K2P0,SHORT,S,0.5,1777438295.602,1777428000,1777428900.0,1777437900
3671079.999999898,default,0.5,4588.4,0,4588.42,4573.668091396416,4573.71,F3,True,4297055.33,1377591.5000000035,1356520.2500000035,S6-K2P0|F3|1777428000|SHORT,EXIT_SL_RAISED,False,S6-K2P0,SHORT,S,0.5,1777438295.602,1777428000,1777428900.0,1777437900
4354725.000000085,default,0.5,4562.18,0,4562.13,4556.640988118483,4556.66,F1,True,4272434.745,512265.50000002387,491194.25000002387,S6-K2P0|F1|1777501800|SHORT,EXIT_SL_RAISED,False,S6-K2P0,SHORT,S,0.5,1777512223.705,1777501800,1777502700.0,1777511700
4354725.000000085,default,0.5,4562.18,0,4562.13,4556.640988118483,4556.66,F2,True,4272434.745,512265.50000002387,491194.25000002387,S6-K2P0|F2|1777501800|SHORT,EXIT_SL_RAISED,False,S6-K2P0,SHORT,S,0.5,1777512223.705,1777501800,1777502700.0,1777511700
4354725.000000085,default,0.5,4562.18,0,4562.13,4556.640988118483,4556.66,F3,True,4272434.745,512265.50000002387,491194.25000002387,S6-K2P0|F3|1777501800|SHORT,EXIT_SL_RAISED,False,S6-K2P0,SHORT,S,0.5,1777512223.705,1777501800,1777502700.0,1777511700
4014307.2500000647,default,0.5,4563.8,0,4564.24,4626.774557054728,4625.5,F1,True,4274410.76,5736999.0000000205,5715927.7500000205,S6-K2P0|F1|1777512600|LONG,EXIT_SL_RAISED,False,S6-K2P0,LONG,L,0.5,1777537802.144,1777512600,1777513500.0,1777537800
4014307.2500000647,default,0.5,4563.8,0,4564.24,4626.774557054728,4625.5,F2,True,4274410.76,5736999.0000000205,5715927.7500000205,S6-K2P0|F2|1777512600|LONG,EXIT_SL_RAISED,False,S6-K2P0,LONG,L,0.5,1777537802.144,1777512600,1777513500.0,1777537800
4014307.2500000647,default,0.5,4563.8,0,4564.24,4626.774557054728,4625.5,F3,True,4274410.76,5736999.0000000205,5715927.7500000205,S6-K2P0|F3|1777512600|LONG,EXIT_SL_RAISED,False,S6-K2P0,LONG,L,0.5,1777537802.144,1777512600,1777513500.0,1777537800
4548580.499999887,default,0.5,4630.72,0,4631.28,4622.353920359901,4622.35,F1,True,4337193.72,-836294.499999942,-857365.749999942,S6-K2P0|F1|1777586400|LONG,EXIT_SL_RAISED,False,S6-K2P0,LONG,L,0.5,1777589153.309,1777586400,1777587300.0,1777589100
4548580.499999887,default,0.5,4630.72,0,4631.28,4622.353920359901,4622.35,F2,True,4337193.72,-836294.499999942,-857365.749999942,S6-K2P0|F2|1777586400|LONG,EXIT_SL_RAISED,False,S6-K2P0,LONG,L,0.5,1777589153.309,1777586400,1777587300.0,1777589100
4548580.499999887,default,0.5,4630.72,0,4631.28,4622.353920359901,4622.35,F3,True,4337193.72,-836294.499999942,-857365.749999942,S6-K2P0|F3|1777586400|LONG,EXIT_SL_RAISED,False,S6-K2P0,LONG,L,0.5,1777589153.309,1777586400,1777587300.0,1777589100
1905777.500000034,default,0.5,4609.73,0,4609.69,4574.683280532601,4574.95,F1,True,4316974.685,3253400.9999999795,3232329.7499999795,S6-K2P0|F1|1777599000|SHORT,EXIT_SL_RAISED,False,S6-K2P0,SHORT,S,0.5,1777617067.532,1777599000,1777599900.0,1777617000
1905777.500000034,default,0.5,4609.73,0,4609.69,4574.683280532601,4574.95,F2,True,4316974.685,3253400.9999999795,3232329.7499999795,S6-K2P0|F2|1777599000|SHORT,EXIT_SL_RAISED,False,S6-K2P0,SHORT,S,0.5,1777617067.532,1777599000,1777599900.0,1777617000
1905777.500000034,default,0.5,4609.73,0,4609.69,4574.683280532601,4574.95,F3,True,4316974.685,3253400.9999999795,3232329.7499999795,S6-K2P0|F3|1777599000|SHORT,EXIT_SL_RAISED,False,S6-K2P0,SHORT,S,0.5,1777617067.532,1777599000,1777599900.0,1777617000
3069378.7500001364,default,0.5,4627.97,0,4628.51,4614.87,4614.89,F1,False,4334599.615,-1275512.9999999898,-1275512.9999999898,S6-K2P0|F1|1777833000|LONG,reverse,False,S6-K2P0,LONG,L,0.5,1777835700,1777833000,1777833900.0,1777834800
3069378.7500001364,default,0.5,4627.97,0,4628.51,4614.87,4614.89,F2,False,4334599.615,-1275512.9999999898,-1275512.9999999898,S6-K2P0|F2|1777833000|LONG,reverse,False,S6-K2P0,LONG,L,0.5,1777835700,1777833000,1777833900.0,1777834800
3069378.7500001364,default,0.5,4627.97,0,4628.51,4614.87,4614.89,F3,False,4334599.615,-1275512.9999999898,-1275512.9999999898,S6-K2P0|F3|1777833000|LONG,reverse,False,S6-K2P0,LONG,L,0.5,1777835700,1777833000,1777833900.0,1777834800
2794515.9999999283,default,0.5,4614.87,0,4614.89,4611.364025453885,4611.37,F1,True,4321844.485,329648.00000004086,308576.75000004086,S6-K2P0|F1|1777834800|SHORT,EXIT_SL_RAISED,False,S6-K2P0,SHORT,S,0.5,1777845537.642,1777834800,1777835700.0,1777844700
2794515.9999999283,default,0.5,4614.87,0,4614.89,4611.364025453885,4611.37,F2,True,4321844.485,329648.00000004086,308576.75000004086,S6-K2P0|F2|1777834800|SHORT,EXIT_SL_RAISED,False,S6-K2P0,SHORT,S,0.5,1777845537.642,1777834800,1777835700.0,1777844700
2794515.9999999283,default,0.5,4614.87,0,4614.89,4611.364025453885,4611.37,F3,True,4321844.485,329648.00000004086,308576.75000004086,S6-K2P0|F3|1777834800|SHORT,EXIT_SL_RAISED,False,S6-K2P0,SHORT,S,0.5,1777845537.642,1777834800,1777835700.0,1777844700
4157591.7499999558,default,0.5,4612.9,0,4613.37,4598.290253562722,4598.27,F1,True,4320421.005,-1414114.999999949,-1435186.249999949,S6-K2P0|F1|1777844700|LONG,EXIT_SL_RAISED,False,S6-K2P0,LONG,L,0.5,1777847027.766,1777844700,1777845600.0,1777846500
4157591.7499999558,default,0.5,4612.9,0,4613.37,4598.290253562722,4598.27,F2,True,4320421.005,-1414114.999999949,-1435186.249999949,S6-K2P0|F2|1777844700|LONG,EXIT_SL_RAISED,False,S6-K2P0,LONG,L,0.5,1777847027.766,1777844700,1777845600.0,1777846500
4157591.7499999558,default,0.5,4612.9,0,4613.37,4598.290253562722,4598.27,F3,True,4320421.005,-1414114.999999949,-1435186.249999949,S6-K2P0|F3|1777844700|LONG,EXIT_SL_RAISED,False,S6-K2P0,LONG,L,0.5,1777847027.766,1777844700,1777845600.0,1777846500
2305663.000000075,default,0.5,4609.85,0,4610.4,4599.295651424014,4599.01,F1,True,4317639.6,-1066673.4999999455,-1087744.7499999455,S6-K2P0|F1|1777849200|LONG,EXIT_SL_RAISED,False,S6-K2P0,LONG,L,0.5,1777858039.926,1777849200,1777850100.0,1777857300
2305663.000000075,default,0.5,4609.85,0,4610.4,4599.295651424014,4599.01,F2,True,4317639.6,-1066673.4999999455,-1087744.7499999455,S6-K2P0|F2|1777849200|LONG,EXIT_SL_RAISED,False,S6-K2P0,LONG,L,0.5,1777858039.926,1777849200,1777850100.0,1777857300
2305663.000000075,default,0.5,4609.85,0,4610.4,4599.295651424014,4599.01,F3,True,4317639.6,-1066673.4999999455,-1087744.7499999455,S6-K2P0|F3|1777849200|LONG,EXIT_SL_RAISED,False,S6-K2P0,LONG,L,0.5,1777858039.926,1777849200,1777850100.0,1777857300
1505891.9999999932,default,0.5,4523.63,1,4521.58,4518.3,4518.35,F1,False,4234459.67,-302489.49999995914,-302489.49999995914,S6-K2P0|F1|1777913100|LONG,reverse,False,S6-K2P0,LONG,L,0.5,1777923900,1777913100,1777918500.0,1777923000
1505891.9999999932,default,0.5,4523.63,1,4521.58,4518.3,4518.35,F2,False,4234459.67,-302489.49999995914,-302489.49999995914,S6-K2P0|F2|1777913100|LONG,reverse,False,S6-K2P0,LONG,L,0.5,1777923900,1777913100,1777918500.0,1777923000
1505891.9999999932,default,0.5,4523.63,1,4521.58,4518.3,4518.35,F3,False,4234459.67,-302489.49999995914,-302489.49999995914,S6-K2P0|F3|1777913100|LONG,reverse,False,S6-K2P0,LONG,L,0.5,1777923900,1777913100,1777918500.0,1777923000
953825.249999782,default,0.5,4518.3,0,4518.35,4528.534999999998,4528.55,F1,True,4231434.775,-955229.999999983,-976301.249999983,S6-K2P0|F1|1777923000|SHORT,EXIT_INITSL,False,S6-K2P0,SHORT,S,0.5,1777928049.113,1777923000,1777923900.0,1777927500
953825.249999782,default,0.5,4518.3,0,4518.35,4528.534999999998,4528.55,F2,True,4231434.775,-955229.999999983,-976301.249999983,S6-K2P0|F2|1777923000|SHORT,EXIT_INITSL,False,S6-K2P0,SHORT,S,0.5,1777928049.113,1777923000,1777923900.0,1777927500
953825.249999782,default,0.5,4518.3,0,4518.35,4528.534999999998,4528.55,F3,True,4231434.775,-955229.999999983,-976301.249999983,S6-K2P0|F3|1777923000|SHORT,EXIT_INITSL,False,S6-K2P0,SHORT,S,0.5,1777928049.113,1777923000,1777923900.0,1777927500
4150567.9999999725,default,0.5,4540.16,0,4540.66,4537.818638351084,4537.81,F1,True,4252328.09,-266902.4999999489,-287973.7499999489,S6-K2P0|F1|1777942800|LONG,EXIT_SL_RAISED,False,S6-K2P0,LONG,L,0.5,1777947608.803,1777942800,1777943700.0,1777947300
4150567.9999999725,default,0.5,4540.16,0,4540.66,4537.818638351084,4537.81,F2,True,4252328.09,-266902.4999999489,-287973.7499999489,S6-K2P0|F2|1777942800|LONG,EXIT_SL_RAISED,False,S6-K2P0,LONG,L,0.5,1777947608.803,1777942800,1777943700.0,1777947300
4150567.9999999725,default,0.5,4540.16,0,4540.66,4537.818638351084,4537.81,F3,True,4252328.09,-266902.4999999489,-287973.7499999489,S6-K2P0|F3|1777942800|LONG,EXIT_SL_RAISED,False,S6-K2P0,LONG,L,0.5,1777947608.803,1777942800,1777943700.0,1777947300
4098123.99999985,default,0.5,4546.16,0,4546.65,4545.827606369239,4545.79,F1,True,4257937.725,-80538.99999996934,-101610.24999996934,S6-K2P0|F1|1777948200|LONG,EXIT_SL_RAISED,False,S6-K2P0,LONG,L,0.5,1777963430.714,1777948200,1777949100.0,1777962600
4098123.99999985,default,0.5,4546.16,0,4546.65,4545.827606369239,4545.79,F2,True,4257937.725,-80538.99999996934,-101610.24999996934,S6-K2P0|F2|1777948200|LONG,EXIT_SL_RAISED,False,S6-K2P0,LONG,L,0.5,1777963430.714,1777948200,1777949100.0,1777962600
4098123.99999985,default,0.5,4546.16,0,4546.65,4545.827606369239,4545.79,F3,True,4257937.725,-80538.99999996934,-101610.24999996934,S6-K2P0|F3|1777948200|LONG,EXIT_SL_RAISED,False,S6-K2P0,LONG,L,0.5,1777963430.714,1777948200,1777949100.0,1777962600
9582736.249999898,default,0.5,4573.14,0,4573.8,4701.54464645573,4701.51,F1,True,4283363.7,11960041.500000004,11938970.250000004,S6-K2P0|F1|1778006700|LONG,EXIT_SL_RAISED,False,S6-K2P0,LONG,L,0.5,1778053383.912,1778006700,1778007600.0,1778052600
9582736.249999898,default,0.5,4573.14,0,4573.8,4701.54464645573,4701.51,F2,True,4283363.7,11960041.500000004,11938970.250000004,S6-K2P0|F2|1778006700|LONG,EXIT_SL_RAISED,False,S6-K2P0,LONG,L,0.5,1778053383.912,1778006700,1778007600.0,1778052600
9582736.249999898,default,0.5,4573.14,0,4573.8,4701.54464645573,4701.51,F3,True,4283363.7,11960041.500000004,11938970.250000004,S6-K2P0|F3|1778006700|LONG,EXIT_SL_RAISED,False,S6-K2P0,LONG,L,0.5,1778053383.912,1778006700,1778007600.0,1778052600
8424285.749999993,default,0.5,4709.56,0,4710.1,4702.869142713712,4702.8,F1,True,4411008.65,-683645.000000017,-704716.250000017,S6-K2P0|F1|1778101200|LONG,EXIT_SL_RAISED,False,S6-K2P0,LONG,L,0.5,1778105730.761,1778101200,1778102100.0,1778105700
8424285.749999993,default,0.5,4709.56,0,4710.1,4702.869142713712,4702.8,F2,True,4411008.65,-683645.000000017,-704716.250000017,S6-K2P0|F2|1778101200|LONG,EXIT_SL_RAISED,False,S6-K2P0,LONG,L,0.5,1778105730.761,1778101200,1778102100.0,1778105700
8424285.749999993,default,0.5,4709.56,0,4710.1,4702.869142713712,4702.8,F3,True,4411008.65,-683645.000000017,-704716.250000017,S6-K2P0|F3|1778101200|LONG,EXIT_SL_RAISED,False,S6-K2P0,LONG,L,0.5,1778105730.761,1778101200,1778102100.0,1778105700
3426185.2500000033,default,0.5,4703.37,0,4703.82,4733.895478565705,4733.2,F1,True,4405127.43,2751437.0000000102,2730365.7500000102,S6-K2P0|F1|1778117400|LONG,EXIT_SL_RAISED,False,S6-K2P0,LONG,L,0.5,1778129339.275,1778117400,1778118300.0,1778129100
3426185.2500000033,default,0.5,4703.37,0,4703.82,4733.895478565705,4733.2,F2,True,4405127.43,2751437.0000000102,2730365.7500000102,S6-K2P0|F2|1778117400|LONG,EXIT_SL_RAISED,False,S6-K2P0,LONG,L,0.5,1778129339.275,1778117400,1778118300.0,1778129100
3426185.2500000033,default,0.5,4703.37,0,4703.82,4733.895478565705,4733.2,F3,True,4405127.43,2751437.0000000102,2730365.7500000102,S6-K2P0|F3|1778117400|LONG,EXIT_SL_RAISED,False,S6-K2P0,LONG,L,0.5,1778129339.275,1778117400,1778118300.0,1778129100
5726229.249999955,default,0.5,4713.92,0,4714.15,4710.910901309721,4710.85,F1,True,4414801.475,-309044.99999993184,-330116.24999993184,S6-K2P0|F1|1778187600|LONG,EXIT_SL_RAISED,False,S6-K2P0,LONG,L,0.5,1778193403.974,1778187600,1778188500.0,1778193000
5726229.249999955,default,0.5,4713.92,0,4714.15,4710.910901309721,4710.85,F2,True,4414801.475,-309044.99999993184,-330116.24999993184,S6-K2P0|F2|1778187600|LONG,EXIT_SL_RAISED,False,S6-K2P0,LONG,L,0.5,1778193403.974,1778187600,1778188500.0,1778193000
5726229.249999955,default,0.5,4713.92,0,4714.15,4710.910901309721,4710.85,F3,True,4414801.475,-309044.99999993184,-330116.24999993184,S6-K2P0|F3|1778187600|LONG,EXIT_SL_RAISED,False,S6-K2P0,LONG,L,0.5,1778193403.974,1778187600,1778188500.0,1778193000
4201138.9999998845,default,0.5,4733.47,0,4733.98,4715.04,4714.97,F1,False,4433372.27,-1780286.4999999353,-1780286.4999999353,S6-K2P0|F1|1778206500|LONG,reverse,False,S6-K2P0,LONG,L,0.5,1778210100,1778206500,1778207400.0,1778209200
4201138.9999998845,default,0.5,4733.47,0,4733.98,4715.04,4714.97,F2,False,4433372.27,-1780286.4999999353,-1780286.4999999353,S6-K2P0|F2|1778206500|LONG,reverse,False,S6-K2P0,LONG,L,0.5,1778210100,1778206500,1778207400.0,1778209200
4201138.9999998845,default,0.5,4733.47,0,4733.98,4715.04,4714.97,F3,False,4433372.27,-1780286.4999999353,-1780286.4999999353,S6-K2P0|F3|1778206500|LONG,reverse,False,S6-K2P0,LONG,L,0.5,1778210100,1778206500,1778207400.0,1778209200
6170130.2500000205,default,0.5,4683.46,0,4683.27,4695.770218915321,4695.8,F1,True,4385882.355,-1173434.4999999763,-1194505.7499999763,S6-K2P0|F1|1778445900|SHORT,EXIT_SL_RAISED,False,S6-K2P0,SHORT,S,0.5,1778447843.728,1778445900,1778446800.0,1778447700
6170130.2500000205,default,0.5,4683.46,0,4683.27,4695.770218915321,4695.8,F2,True,4385882.355,-1173434.4999999763,-1194505.7499999763,S6-K2P0|F2|1778445900|SHORT,EXIT_SL_RAISED,False,S6-K2P0,SHORT,S,0.5,1778447843.728,1778445900,1778446800.0,1778447700
6170130.2500000205,default,0.5,4683.46,0,4683.27,4695.770218915321,4695.8,F3,True,4385882.355,-1173434.4999999763,-1194505.7499999763,S6-K2P0|F3|1778445900|SHORT,EXIT_SL_RAISED,False,S6-K2P0,SHORT,S,0.5,1778447843.728,1778445900,1778446800.0,1778447700
4654873.249999908,default,0.5,4698.77,0,4699.29,4685.53,4685.48,F1,False,4400885.085,-1293306.5000000375,-1293306.5000000375,S6-K2P0|F1|1778447700|LONG,reverse,False,S6-K2P0,LONG,L,0.5,1778450400,1778447700,1778448600.0,1778449500
4654873.249999908,default,0.5,4698.77,0,4699.29,4685.53,4685.48,F2,False,4400885.085,-1293306.5000000375,-1293306.5000000375,S6-K2P0|F2|1778447700|LONG,reverse,False,S6-K2P0,LONG,L,0.5,1778450400,1778447700,1778448600.0,1778449500
4654873.249999908,default,0.5,4698.77,0,4699.29,4685.53,4685.48,F3,False,4400885.085,-1293306.5000000375,-1293306.5000000375,S6-K2P0|F3|1778447700|LONG,reverse,False,S6-K2P0,LONG,L,0.5,1778450400,1778447700,1778448600.0,1778449500
4689055.500000143,default,0.5,4685.53,0,4685.48,4668.668401124635,4668.72,F1,True,4387952.02,1569573.9999999353,1548502.7499999353,S6-K2P0|F1|1778449500|SHORT,EXIT_SL_RAISED,False,S6-K2P0,SHORT,S,0.5,1778465852.504,1778449500,1778450400.0,1778465700
4689055.500000143,default,0.5,4685.53,0,4685.48,4668.668401124635,4668.72,F2,True,4387952.02,1569573.9999999353,1548502.7499999353,S6-K2P0|F2|1778449500|SHORT,EXIT_SL_RAISED,False,S6-K2P0,SHORT,S,0.5,1778465852.504,1778449500,1778450400.0,1778465700
4689055.500000143,default,0.5,4685.53,0,4685.48,4668.668401124635,4668.72,F3,True,4387952.02,1569573.9999999353,1548502.7499999353,S6-K2P0|F3|1778449500|SHORT,EXIT_SL_RAISED,False,S6-K2P0,SHORT,S,0.5,1778465852.504,1778449500,1778450400.0,1778465700
4455398.749999898,momentum,0.5,4450.43,0,4450.98,4460.264055972061,4458.94,F1,True,4168342.7699999996,745454.0000000034,724382.7500000034,S6-K2P0|F1|1767653100|LONG,EXIT_SL_RAISED,False,S6-K2P0,LONG,L,0.5,1767667628.615,1767653100,1767654000.0,1767667500
4455398.749999898,momentum,0.5,4450.43,0,4450.98,4460.264055972061,4458.94,F2,True,4168342.7699999996,745454.0000000034,724382.7500000034,S6-K2P0|F2|1767653100|LONG,EXIT_SL_RAISED,False,S6-K2P0,LONG,L,0.5,1767667628.615,1767653100,1767654000.0,1767667500
4455398.749999898,momentum,0.5,4450.43,0,4450.98,4460.264055972061,4458.94,F3,True,4168342.7699999996,745454.0000000034,724382.7500000034,S6-K2P0|F3|1767653100|LONG,EXIT_SL_RAISED,False,S6-K2P0,LONG,L,0.5,1767667628.615,1767653100,1767654000.0,1767667500
8483753.500000013,momentum,0.5,4470.76,0,4470.81,4475.9206584781505,4475.93,F1,True,4186913.5650000004,-479487.99999998976,-500559.24999998976,S6-K2P0|F1|1767736800|SHORT,EXIT_SL_RAISED,False,S6-K2P0,SHORT,S,0.5,1767742290.856,1767736800,1767737700.0,1767742200
8483753.500000013,momentum,0.5,4470.76,0,4470.81,4475.9206584781505,4475.93,F2,True,4186913.5650000004,-479487.99999998976,-500559.24999998976,S6-K2P0|F2|1767736800|SHORT,EXIT_SL_RAISED,False,S6-K2P0,SHORT,S,0.5,1767742290.856,1767736800,1767737700.0,1767742200
8483753.500000013,momentum,0.5,4470.76,0,4470.81,4475.9206584781505,4475.93,F3,True,4186913.5650000004,-479487.99999998976,-500559.24999998976,S6-K2P0|F3|1767736800|SHORT,EXIT_SL_RAISED,False,S6-K2P0,SHORT,S,0.5,1767742290.856,1767736800,1767737700.0,1767742200
6284383.250000045,momentum,0.5,4452.31,0,4452.31,4458.543331583283,4458.6,F1,True,4169588.3150000004,-589058.4999999966,-610129.7499999966,S6-K2P0|F1|1767753000|SHORT,EXIT_SL_RAISED,False,S6-K2P0,SHORT,S,0.5,1767755342.79,1767753000,1767753900.0,1767754800
6284383.250000045,momentum,0.5,4452.31,0,4452.31,4458.543331583283,4458.6,F2,True,4169588.3150000004,-589058.4999999966,-610129.7499999966,S6-K2P0|F2|1767753000|SHORT,EXIT_SL_RAISED,False,S6-K2P0,SHORT,S,0.5,1767755342.79,1767753000,1767753900.0,1767754800
6284383.250000045,momentum,0.5,4452.31,0,4452.31,4458.543331583283,4458.6,F3,True,4169588.3150000004,-589058.4999999966,-610129.7499999966,S6-K2P0|F3|1767753000|SHORT,EXIT_SL_RAISED,False,S6-K2P0,SHORT,S,0.5,1767755342.79,1767753000,1767753900.0,1767754800
2376837.0000000102,momentum,0.5,4454.86,0,4454.87,4457.241646448888,4457.25,F1,True,4171985.755,-222887.00000001022,-243958.25000001022,S6-K2P0|F1|1767755700|SHORT,EXIT_SL_RAISED,False,S6-K2P0,SHORT,S,0.5,1767760591.353,1767755700,1767756600.0,1767760200
2376837.0000000102,momentum,0.5,4454.86,0,4454.87,4457.241646448888,4457.25,F2,True,4171985.755,-222887.00000001022,-243958.25000001022,S6-K2P0|F2|1767755700|SHORT,EXIT_SL_RAISED,False,S6-K2P0,SHORT,S,0.5,1767760591.353,1767755700,1767756600.0,1767760200
2376837.0000000102,momentum,0.5,4454.86,0,4454.87,4457.241646448888,4457.25,F3,True,4171985.755,-222887.00000001022,-243958.25000001022,S6-K2P0|F3|1767755700|SHORT,EXIT_SL_RAISED,False,S6-K2P0,SHORT,S,0.5,1767760591.353,1767755700,1767756600.0,1767760200
1058713.249999942,momentum,0.5,4462.33,0,4462.35,4469.6912154457195,4469.74,F1,True,4178990.7750000004,-692073.4999999455,-713144.7499999455,S6-K2P0|F1|1767920400|SHORT,EXIT_SL_RAISED,False,S6-K2P0,SHORT,S,0.5,1767925937.276,1767920400,1767921300.0,1767925800
1058713.249999942,momentum,0.5,4462.33,0,4462.35,4469.6912154457195,4469.74,F2,True,4178990.7750000004,-692073.4999999455,-713144.7499999455,S6-K2P0|F2|1767920400|SHORT,EXIT_SL_RAISED,False,S6-K2P0,SHORT,S,0.5,1767925937.276,1767920400,1767921300.0,1767925800
1058713.249999942,momentum,0.5,4462.33,0,4462.35,4469.6912154457195,4469.74,F3,True,4178990.7750000004,-692073.4999999455,-713144.7499999455,S6-K2P0|F3|1767920400|SHORT,EXIT_SL_RAISED,False,S6-K2P0,SHORT,S,0.5,1767925937.276,1767920400,1767921300.0,1767925800
4402954.750000031,momentum,0.5,4598.93,0,4599.68,4581.7478809396835,4581.49,F1,True,4307600.32,-1703493.5000000477,-1724564.7500000477,S6-K2P0|F1|1768250700|LONG,EXIT_SL_RAISED,False,S6-K2P0,LONG,L,0.5,1768255478.209,1768250700,1768251600.0,1768255200
4402954.750000031,momentum,0.5,4598.93,0,4599.68,4581.7478809396835,4581.49,F2,True,4307600.32,-1703493.5000000477,-1724564.7500000477,S6-K2P0|F2|1768250700|LONG,EXIT_SL_RAISED,False,S6-K2P0,LONG,L,0.5,1768255478.209,1768250700,1768251600.0,1768255200
4402954.750000031,momentum,0.5,4598.93,0,4599.68,4581.7478809396835,4581.49,F3,True,4307600.32,-1703493.5000000477,-1724564.7500000477,S6-K2P0|F3|1768250700|LONG,EXIT_SL_RAISED,False,S6-K2P0,LONG,L,0.5,1768255478.209,1768250700,1768251600.0,1768255200
4607579.999999813,momentum,0.5,4581.59,0,4581.59,4594.252981659563,4594.39,F1,True,4290659.035,-1198720.000000017,-1219791.250000017,S6-K2P0|F1|1768256100|SHORT,EXIT_SL_RAISED,False,S6-K2P0,SHORT,S,0.5,1768261613.248,1768256100,1768257000.0,1768261500
4607579.999999813,momentum,0.5,4581.59,0,4581.59,4594.252981659563,4594.39,F2,True,4290659.035,-1198720.000000017,-1219791.250000017,S6-K2P0|F2|1768256100|SHORT,EXIT_SL_RAISED,False,S6-K2P0,SHORT,S,0.5,1768261613.248,1768256100,1768257000.0,1768261500
4607579.999999813,momentum,0.5,4581.59,0,4581.59,4594.252981659563,4594.39,F3,True,4290659.035,-1198720.000000017,-1219791.250000017,S6-K2P0|F3|1768256100|SHORT,EXIT_SL_RAISED,False,S6-K2P0,SHORT,S,0.5,1768261613.248,1768256100,1768257000.0,1768261500
2400717.750000191,momentum,0.5,4601.2,0,4601.68,4587.596688507731,4587.45,F1,True,4309473.32,-1332639.5000000442,-1353710.7500000442,S6-K2P0|F1|1768270500|LONG,EXIT_SL_RAISED,False,S6-K2P0,LONG,L,0.5,1768274161.686,1768270500,1768271400.0,1768274100
2400717.750000191,momentum,0.5,4601.2,0,4601.68,4587.596688507731,4587.45,F2,True,4309473.32,-1332639.5000000442,-1353710.7500000442,S6-K2P0|F2|1768270500|LONG,EXIT_SL_RAISED,False,S6-K2P0,LONG,L,0.5,1768274161.686,1768270500,1768271400.0,1768274100
2400717.750000191,momentum,0.5,4601.2,0,4601.68,4587.596688507731,4587.45,F3,True,4309473.32,-1332639.5000000442,-1353710.7500000442,S6-K2P0|F3|1768270500|LONG,EXIT_SL_RAISED,False,S6-K2P0,LONG,L,0.5,1768274161.686,1768270500,1768271400.0,1768274100
4618349.7500000475,momentum,0.5,4591.32,0,4591.28,4599.856052213936,4600.02,F1,True,4299733.72,-818501.0000000647,-839572.2500000647,S6-K2P0|F1|1768435200|SHORT,EXIT_SL_RAISED,False,S6-K2P0,SHORT,S,0.5,1768446119.284,1768435200,1768436100.0,1768446000
4618349.7500000475,momentum,0.5,4591.32,0,4591.28,4599.856052213936,4600.02,F2,True,4299733.72,-818501.0000000647,-839572.2500000647,S6-K2P0|F2|1768435200|SHORT,EXIT_SL_RAISED,False,S6-K2P0,SHORT,S,0.5,1768446119.284,1768435200,1768436100.0,1768446000
4618349.7500000475,momentum,0.5,4591.32,0,4591.28,4599.856052213936,4600.02,F3,True,4299733.72,-818501.0000000647,-839572.2500000647,S6-K2P0|F3|1768435200|SHORT,EXIT_SL_RAISED,False,S6-K2P0,SHORT,S,0.5,1768446119.284,1768435200,1768436100.0,1768446000
4610857.750000055,momentum,0.5,4605.17,0,4605.76,4601.59,4601.56,F1,False,4313294.24,-393329.99999998295,-393329.99999998295,S6-K2P0|F1|1768446000|LONG,reverse,False,S6-K2P0,LONG,L,0.5,1768453200,1768446000,1768446900.0,1768452300
4610857.750000055,momentum,0.5,4605.17,0,4605.76,4601.59,4601.56,F2,False,4313294.24,-393329.99999998295,-393329.99999998295,S6-K2P0|F2|1768446000|LONG,reverse,False,S6-K2P0,LONG,L,0.5,1768453200,1768446000,1768446900.0,1768452300
4610857.750000055,momentum,0.5,4605.17,0,4605.76,4601.59,4601.56,F3,False,4313294.24,-393329.99999998295,-393329.99999998295,S6-K2P0|F3|1768446000|LONG,reverse,False,S6-K2P0,LONG,L,0.5,1768453200,1768446000,1768446900.0,1768452300
2720532.500000017,momentum,0.5,4595.79,0,4595.75,4602.276352458522,4602.33,F1,True,4303919.875,-616216.9999999931,-637288.2499999931,S6-K2P0|F1|1768519800|SHORT,EXIT_SL_RAISED,False,S6-K2P0,SHORT,S,0.5,1768530647.638,1768519800,1768520700.0,1768530600
2720532.500000017,momentum,0.5,4595.79,0,4595.75,4602.276352458522,4602.33,F2,True,4303919.875,-616216.9999999931,-637288.2499999931,S6-K2P0|F2|1768519800|SHORT,EXIT_SL_RAISED,False,S6-K2P0,SHORT,S,0.5,1768530647.638,1768519800,1768520700.0,1768530600
2720532.500000017,momentum,0.5,4595.79,0,4595.75,4602.276352458522,4602.33,F3,True,4303919.875,-616216.9999999931,-637288.2499999931,S6-K2P0|F3|1768519800|SHORT,EXIT_SL_RAISED,False,S6-K2P0,SHORT,S,0.5,1768530647.638,1768519800,1768520700.0,1768530600
1393043.7499999148,momentum,0.5,4663.07,0,4663.57,4663.544000938896,4663.53,F1,True,4367433.305,-3745.999999996593,-24817.249999996595,S6-K2P0|F1|1768787100|LONG,EXIT_SL_RAISED,False,S6-K2P0,LONG,L,0.5,1768797920.634,1768787100,1768788000.0,1768797900
1393043.7499999148,momentum,0.5,4663.07,0,4663.57,4663.544000938896,4663.53,F2,True,4367433.305,-3745.999999996593,-24817.249999996595,S6-K2P0|F2|1768787100|LONG,EXIT_SL_RAISED,False,S6-K2P0,LONG,L,0.5,1768797920.634,1768787100,1768788000.0,1768797900
1393043.7499999148,momentum,0.5,4663.07,0,4663.57,4663.544000938896,4663.53,F3,True,4367433.305,-3745.999999996593,-24817.249999996595,S6-K2P0|F3|1768787100|LONG,EXIT_SL_RAISED,False,S6-K2P0,LONG,L,0.5,1768797920.634,1768787100,1768788000.0,1768797900
2491558.2500000442,momentum,0.5,4671.86,0,4672.36,4723.275664873638,4723.23,F1,True,4375665.14,4763975.49999999,4742904.24999999,S6-K2P0|F1|1768864500|LONG,EXIT_SL_RAISED,False,S6-K2P0,LONG,L,0.5,1768894386.235,1768864500,1768865400.0,1768894200
2491558.2500000442,momentum,0.5,4671.86,0,4672.36,4723.275664873638,4723.23,F2,True,4375665.14,4763975.49999999,4742904.24999999,S6-K2P0|F2|1768864500|LONG,EXIT_SL_RAISED,False,S6-K2P0,LONG,L,0.5,1768894386.235,1768864500,1768865400.0,1768894200
2491558.2500000442,momentum,0.5,4671.86,0,4672.36,4723.275664873638,4723.23,F3,True,4375665.14,4763975.49999999,4742904.24999999,S6-K2P0|F3|1768864500|LONG,EXIT_SL_RAISED,False,S6-K2P0,LONG,L,0.5,1768894386.235,1768864500,1768865400.0,1768894200
1099450.9999999795,momentum,0.5,4763.01,1,4758.42,4820.829403287245,4820.71,F1,True,4456260.33,5833458.499999996,5812387.249999996,S6-K2P0|F1|1768934700|LONG,EXIT_SL_RAISED,False,S6-K2P0,LONG,L,0.5,1768951295.264,1768934700,1768940100.0,1768950900
1099450.9999999795,momentum,0.5,4763.01,1,4758.42,4820.829403287245,4820.71,F2,True,4456260.33,5833458.499999996,5812387.249999996,S6-K2P0|F2|1768934700|LONG,EXIT_SL_RAISED,False,S6-K2P0,LONG,L,0.5,1768951295.264,1768934700,1768940100.0,1768950900
1099450.9999999795,momentum,0.5,4763.01,1,4758.42,4820.829403287245,4820.71,F3,True,4456260.33,5833458.499999996,5812387.249999996,S6-K2P0|F3|1768934700|LONG,EXIT_SL_RAISED,False,S6-K2P0,LONG,L,0.5,1768951295.264,1768934700,1768940100.0,1768950900
6453889.7499999115,momentum,0.5,4847.32,0,4847.32,4855.03,4855.63,F1,False,4539515.18,-778231.5000000375,-778231.5000000375,S6-K2P0|F1|1768967100|SHORT,reverse,False,S6-K2P0,SHORT,S,0.5,1768971600,1768967100,1768968000.0,1768970700
6453889.7499999115,momentum,0.5,4847.32,0,4847.32,4855.03,4855.63,F2,False,4539515.18,-778231.5000000375,-778231.5000000375,S6-K2P0|F2|1768967100|SHORT,reverse,False,S6-K2P0,SHORT,S,0.5,1768971600,1768967100,1768968000.0,1768970700
6453889.7499999115,momentum,0.5,4847.32,0,4847.32,4855.03,4855.63,F3,False,4539515.18,-778231.5000000375,-778231.5000000375,S6-K2P0|F3|1768967100|SHORT,reverse,False,S6-K2P0,SHORT,S,0.5,1768971600,1768967100,1768968000.0,1768970700
6879060.7499999935,momentum,0.5,4821.16,0,4821.67,4821.421893710133,4820.82,F1,True,4515493.955,-79602.50000003407,-100673.75000003407,S6-K2P0|F1|1769049900|LONG,EXIT_SL_RAISED,False,S6-K2P0,LONG,L,0.5,1769063546.448,1769049900,1769050800.0,1769063400
6879060.7499999935,momentum,0.5,4821.16,0,4821.67,4821.421893710133,4820.82,F2,True,4515493.955,-79602.50000003407,-100673.75000003407,S6-K2P0|F2|1769049900|LONG,EXIT_SL_RAISED,False,S6-K2P0,LONG,L,0.5,1769063546.448,1769049900,1769050800.0,1769063400
6879060.7499999935,momentum,0.5,4821.16,0,4821.67,4821.421893710133,4820.82,F3,True,4515493.955,-79602.50000003407,-100673.75000003407,S6-K2P0|F3|1769049900|LONG,EXIT_SL_RAISED,False,S6-K2P0,LONG,L,0.5,1769063546.448,1769049900,1769050800.0,1769063400
5386748.000000041,momentum,0.5,4964.98,0,4965.48,4945.824384713693,4945.48,F1,True,4650172.02,-1873000.0,-1894071.25,S6-K2P0|F1|1769118300|LONG,EXIT_SL_RAISED,False,S6-K2P0,LONG,L,0.5,1769127520.283,1769118300,1769119200.0,1769127300
5386748.000000041,momentum,0.5,4964.98,0,4965.48,4945.824384713693,4945.48,F2,True,4650172.02,-1873000.0,-1894071.25,S6-K2P0|F2|1769118300|LONG,EXIT_SL_RAISED,False,S6-K2P0,LONG,L,0.5,1769127520.283,1769118300,1769119200.0,1769127300
5386748.000000041,momentum,0.5,4964.98,0,4965.48,4945.824384713693,4945.48,F3,True,4650172.02,-1873000.0,-1894071.25,S6-K2P0|F3|1769118300|LONG,EXIT_SL_RAISED,False,S6-K2P0,LONG,L,0.5,1769127520.283,1769118300,1769119200.0,1769127300
5316978.750000136,momentum,0.5,5059.79,0,5059.75,5074.23,5074.64,F1,False,4738455.875,-1394448.5000000307,-1394448.5000000307,S6-K2P0|F1|1769392800|SHORT,reverse,False,S6-K2P0,SHORT,S,0.5,1769396400,1769392800,1769393700.0,1769395500
5316978.750000136,momentum,0.5,5059.79,0,5059.75,5074.23,5074.64,F2,False,4738455.875,-1394448.5000000307,-1394448.5000000307,S6-K2P0|F2|1769392800|SHORT,reverse,False,S6-K2P0,SHORT,S,0.5,1769396400,1769392800,1769393700.0,1769395500
5316978.750000136,momentum,0.5,5059.79,0,5059.75,5074.23,5074.64,F3,False,4738455.875,-1394448.5000000307,-1394448.5000000307,S6-K2P0|F3|1769392800|SHORT,reverse,False,S6-K2P0,SHORT,S,0.5,1769396400,1769392800,1769393700.0,1769395500
6532087.500000085,momentum,0.5,5031.77,0,5031.71,5053.104461192788,5053.15,F1,True,4712196.415,-2007855.9999999625,-2028927.2499999625,S6-K2P0|F1|1769463000|SHORT,EXIT_SL_RAISED,False,S6-K2P0,SHORT,S,0.5,1769465406.353,1769463000,1769463900.0,1769464800
6532087.500000085,momentum,0.5,5031.77,0,5031.71,5053.104461192788,5053.15,F2,True,4712196.415,-2007855.9999999625,-2028927.2499999625,S6-K2P0|F2|1769463000|SHORT,EXIT_SL_RAISED,False,S6-K2P0,SHORT,S,0.5,1769465406.353,1769463000,1769463900.0,1769464800
6532087.500000085,momentum,0.5,5031.77,0,5031.71,5053.104461192788,5053.15,F3,True,4712196.415,-2007855.9999999625,-2028927.2499999625,S6-K2P0|F3|1769463000|SHORT,EXIT_SL_RAISED,False,S6-K2P0,SHORT,S,0.5,1769465406.353,1769463000,1769463900.0,1769464800
5563746.499999986,momentum,0.5,5063.78,0,5064.28,5063.39,5063.58,F1,False,4742698.22,-65554.99999998296,-65554.99999998296,S6-K2P0|F1|1769468400|LONG,reverse,False,S6-K2P0,LONG,L,0.5,1769480100,1769468400,1769469300.0,1769479200
5563746.499999986,momentum,0.5,5063.78,0,5064.28,5063.39,5063.58,F2,False,4742698.22,-65554.99999998296,-65554.99999998296,S6-K2P0|F2|1769468400|LONG,reverse,False,S6-K2P0,LONG,L,0.5,1769480100,1769468400,1769469300.0,1769479200
5563746.499999986,momentum,0.5,5063.78,0,5064.28,5063.39,5063.58,F3,False,4742698.22,-65554.99999998296,-65554.99999998296,S6-K2P0|F3|1769468400|LONG,reverse,False,S6-K2P0,LONG,L,0.5,1769480100,1769468400,1769469300.0,1769479200
3096537.2500000475,momentum,0.5,5063.39,0,5063.58,5074.48,5074.96,F1,False,4742042.67,-1065737.0000000102,-1065737.0000000102,S6-K2P0|F1|1769479200|SHORT,reverse,False,S6-K2P0,SHORT,S,0.5,1769481900,1769479200,1769480100.0,1769481000
3096537.2500000475,momentum,0.5,5063.39,0,5063.58,5074.48,5074.96,F2,False,4742042.67,-1065737.0000000102,-1065737.0000000102,S6-K2P0|F2|1769479200|SHORT,reverse,False,S6-K2P0,SHORT,S,0.5,1769481900,1769479200,1769480100.0,1769481000
3096537.2500000475,momentum,0.5,5063.39,0,5063.58,5074.48,5074.96,F3,False,4742042.67,-1065737.0000000102,-1065737.0000000102,S6-K2P0|F3|1769479200|SHORT,reverse,False,S6-K2P0,SHORT,S,0.5,1769481900,1769479200,1769480100.0,1769481000
4631929.000000174,momentum,0.5,5245.47,0,5245.97,5283.9668052275965,5283.96,F1,True,4912850.905,3557763.4999999795,3536692.2499999795,S6-K2P0|F1|1769564700|LONG,EXIT_SL_RAISED,False,S6-K2P0,LONG,L,0.5,1769579154.85,1769564700,1769565600.0,1769579100
4631929.000000174,momentum,0.5,5245.47,0,5245.97,5283.9668052275965,5283.96,F2,True,4912850.905,3557763.4999999795,3536692.2499999795,S6-K2P0|F2|1769564700|LONG,EXIT_SL_RAISED,False,S6-K2P0,LONG,L,0.5,1769579154.85,1769564700,1769565600.0,1769579100
4631929.000000174,momentum,0.5,5245.47,0,5245.97,5283.9668052275965,5283.96,F3,True,4912850.905,3557763.4999999795,3536692.2499999795,S6-K2P0|F3|1769564700|LONG,EXIT_SL_RAISED,False,S6-K2P0,LONG,L,0.5,1769579154.85,1769564700,1769565600.0,1769579100
8211232.000000197,momentum,0.5,5525.67,0,5526.06,5547.056212210802,5546.63,F1,True,5175155.19,1926380.4999999728,1905309.2499999728,S6-K2P0|F1|1769643000|LONG,EXIT_SL_RAISED,False,S6-K2P0,LONG,L,0.5,1769660912.588,1769643000,1769643900.0,1769660100
8211232.000000197,momentum,0.5,5525.67,0,5526.06,5547.056212210802,5546.63,F2,True,5175155.19,1926380.4999999728,1905309.2499999728,S6-K2P0|F2|1769643000|LONG,EXIT_SL_RAISED,False,S6-K2P0,LONG,L,0.5,1769660912.588,1769643000,1769643900.0,1769660100
8211232.000000197,momentum,0.5,5525.67,0,5526.06,5547.056212210802,5546.63,F3,True,5175155.19,1926380.4999999728,1905309.2499999728,S6-K2P0|F3|1769643000|LONG,EXIT_SL_RAISED,False,S6-K2P0,LONG,L,0.5,1769660912.588,1769643000,1769643900.0,1769660100
20906894.250000075,momentum,0.5,5421.84,0,5422.44,5374.460922595547,5374.16,F1,True,5078115.06,-4521421.999999976,-4542493.249999976,S6-K2P0|F1|1769716800|LONG,EXIT_SL_RAISED,False,S6-K2P0,LONG,L,0.5,1769724408.568,1769716800,1769717700.0,1769724000
20906894.250000075,momentum,0.5,5421.84,0,5422.44,5374.460922595547,5374.16,F2,True,5078115.06,-4521421.999999976,-4542493.249999976,S6-K2P0|F2|1769716800|LONG,EXIT_SL_RAISED,False,S6-K2P0,LONG,L,0.5,1769724408.568,1769716800,1769717700.0,1769724000
20906894.250000075,momentum,0.5,5421.84,0,5422.44,5374.460922595547,5374.16,F3,True,5078115.06,-4521421.999999976,-4542493.249999976,S6-K2P0|F3|1769716800|LONG,EXIT_SL_RAISED,False,S6-K2P0,LONG,L,0.5,1769724408.568,1769716800,1769717700.0,1769724000
17544859.24999994,momentum,0.5,5184.7,0,5184.51,5052.835403337422,5053.3,F1,True,4855293.615,12287816.500000004,12266745.250000004,S6-K2P0|F1|1769741100|SHORT,EXIT_SL_RAISED,False,S6-K2P0,SHORT,S,0.5,1769757586.308,1769741100,1769742000.0,1769757300
17544859.24999994,momentum,0.5,5184.7,0,5184.51,5052.835403337422,5053.3,F2,True,4855293.615,12287816.500000004,12266745.250000004,S6-K2P0|F2|1769741100|SHORT,EXIT_SL_RAISED,False,S6-K2P0,SHORT,S,0.5,1769757586.308,1769741100,1769742000.0,1769757300
17544859.24999994,momentum,0.5,5184.7,0,5184.51,5052.835403337422,5053.3,F3,True,4855293.615,12287816.500000004,12266745.250000004,S6-K2P0|F3|1769741100|SHORT,EXIT_SL_RAISED,False,S6-K2P0,SHORT,S,0.5,1769757586.308,1769741100,1769742000.0,1769757300
23204597.00000006,momentum,0.5,4838.06,1,4741.16,4829.137040942913,4830.93,F1,True,4440096.34,-8406960.500000041,-8428031.750000041,S6-K2P0|F1|1769795100|SHORT,EXIT_SL_RAISED,False,S6-K2P0,SHORT,S,0.5,1769980306.427,1769795100,1769976900.0,1769979600
23204597.00000006,momentum,0.5,4838.06,1,4741.16,4829.137040942913,4830.93,F2,True,4440096.34,-8406960.500000041,-8428031.750000041,S6-K2P0|F2|1769795100|SHORT,EXIT_SL_RAISED,False,S6-K2P0,SHORT,S,0.5,1769980306.427,1769795100,1769976900.0,1769979600
23204597.00000006,momentum,0.5,4838.06,1,4741.16,4829.137040942913,4830.93,F3,True,4440096.34,-8406960.500000041,-8428031.750000041,S6-K2P0|F3|1769795100|SHORT,EXIT_SL_RAISED,False,S6-K2P0,SHORT,S,0.5,1769980306.427,1769795100,1769976900.0,1769979600
60088181.25000017,momentum,0.5,4643.74,0,4643.27,4533.3926162096195,4533.65,F1,True,4348422.355,10265913.000000075,10244841.750000075,S6-K2P0|F1|1769983200|SHORT,EXIT_SL_RAISED,False,S6-K2P0,SHORT,S,0.5,1770005024.658,1769983200,1769984100.0,1770004800
60088181.25000017,momentum,0.5,4643.74,0,4643.27,4533.3926162096195,4533.65,F2,True,4348422.355,10265913.000000075,10244841.750000075,S6-K2P0|F2|1769983200|SHORT,EXIT_SL_RAISED,False,S6-K2P0,SHORT,S,0.5,1770005024.658,1769983200,1769984100.0,1770004800
60088181.25000017,momentum,0.5,4643.74,0,4643.27,4533.3926162096195,4533.65,F3,True,4348422.355,10265913.000000075,10244841.750000075,S6-K2P0|F3|1769983200|SHORT,EXIT_SL_RAISED,False,S6-K2P0,SHORT,S,0.5,1770005024.658,1769983200,1769984100.0,1770004800
20803879.249999955,momentum,0.5,4829.13,0,4829.84,4778.959934821185,4777.87,F1,True,4523145.16,-4866990.500000024,-4888061.750000024,S6-K2P0|F1|1770069600|LONG,EXIT_SL_RAISED,False,S6-K2P0,LONG,L,0.5,1770074294.568,1770069600,1770070500.0,1770074100
20803879.249999955,momentum,0.5,4829.13,0,4829.84,4778.959934821185,4777.87,F2,True,4523145.16,-4866990.500000024,-4888061.750000024,S6-K2P0|F2|1770069600|LONG,EXIT_SL_RAISED,False,S6-K2P0,LONG,L,0.5,1770074294.568,1770069600,1770070500.0,1770074100
20803879.249999955,momentum,0.5,4829.13,0,4829.84,4778.959934821185,4777.87,F3,True,4523145.16,-4866990.500000024,-4888061.750000024,S6-K2P0|F3|1770069600|LONG,EXIT_SL_RAISED,False,S6-K2P0,LONG,L,0.5,1770074294.568,1770069600,1770070500.0,1770074100
12988318.500000132,momentum,0.5,4805.57,0,4805.78,4898.4478308849,4898.41,F1,True,4500612.97,8674799.50000001,8653728.25000001,S6-K2P0|F1|1770078600|LONG,EXIT_SL_RAISED,False,S6-K2P0,LONG,L,0.5,1770100036.48,1770078600,1770079500.0,1770099300
12988318.500000132,momentum,0.5,4805.57,0,4805.78,4898.4478308849,4898.41,F2,True,4500612.97,8674799.50000001,8653728.25000001,S6-K2P0|F2|1770078600|LONG,EXIT_SL_RAISED,False,S6-K2P0,LONG,L,0.5,1770100036.48,1770078600,1770079500.0,1770099300
12988318.500000132,momentum,0.5,4805.57,0,4805.78,4898.4478308849,4898.41,F3,True,4500612.97,8674799.50000001,8653728.25000001,S6-K2P0|F3|1770078600|LONG,EXIT_SL_RAISED,False,S6-K2P0,LONG,L,0.5,1770100036.48,1770078600,1770079500.0,1770099300
13384457.999999836,momentum,0.5,4986.66,0,4987.15,5052.764964698067,5052.12,F1,True,4670465.975,6084440.500000024,6063369.250000024,S6-K2P0|F1|1770152400|LONG,EXIT_SL_RAISED,False,S6-K2P0,LONG,L,0.5,1770174921.256,1770152400,1770153300.0,1770174900
13384457.999999836,momentum,0.5,4986.66,0,4987.15,5052.764964698067,5052.12,F2,True,4670465.975,6084440.500000024,6063369.250000024,S6-K2P0|F2|1770152400|LONG,EXIT_SL_RAISED,False,S6-K2P0,LONG,L,0.5,1770174921.256,1770152400,1770153300.0,1770174900
13384457.999999836,momentum,0.5,4986.66,0,4987.15,5052.764964698067,5052.12,F3,True,4670465.975,6084440.500000024,6063369.250000024,S6-K2P0|F3|1770152400|LONG,EXIT_SL_RAISED,False,S6-K2P0,LONG,L,0.5,1770174921.256,1770152400,1770153300.0,1770174900
12894668.500000048,momentum,0.5,4910.2,0,4910.75,4912.35,4912.26,F1,False,4598917.375,141411.50000002043,141411.50000002043,S6-K2P0|F1|1770260400|LONG,reverse,False,S6-K2P0,LONG,L,0.5,1770271200,1770260400,1770261300.0,1770270300
12894668.500000048,momentum,0.5,4910.2,0,4910.75,4912.35,4912.26,F2,False,4598917.375,141411.50000002043,141411.50000002043,S6-K2P0|F2|1770260400|LONG,reverse,False,S6-K2P0,LONG,L,0.5,1770271200,1770260400,1770261300.0,1770270300
12894668.500000048,momentum,0.5,4910.2,0,4910.75,4912.35,4912.26,F3,False,4598917.375,141411.50000002043,141411.50000002043,S6-K2P0|F3|1770260400|LONG,reverse,False,S6-K2P0,LONG,L,0.5,1770271200,1770260400,1770261300.0,1770270300
14822453.749999966,momentum,0.5,4773.96,0,4774.52,4844.629810875216,4843.79,F1,True,4471337.98,6487135.499999955,6466064.249999955,S6-K2P0|F1|1770331500|LONG,EXIT_SL_RAISED,False,S6-K2P0,LONG,L,0.5,1770348873.376,1770331500,1770332400.0,1770348600
14822453.749999966,momentum,0.5,4773.96,0,4774.52,4844.629810875216,4843.79,F2,True,4471337.98,6487135.499999955,6466064.249999955,S6-K2P0|F2|1770331500|LONG,EXIT_SL_RAISED,False,S6-K2P0,LONG,L,0.5,1770348873.376,1770331500,1770332400.0,1770348600
14822453.749999966,momentum,0.5,4773.96,0,4774.52,4844.629810875216,4843.79,F3,True,4471337.98,6487135.499999955,6466064.249999955,S6-K2P0|F3|1770331500|LONG,EXIT_SL_RAISED,False,S6-K2P0,LONG,L,0.5,1770348873.376,1770331500,1770332400.0,1770348600
10234072.000000147,momentum,0.5,4982.43,0,4982.43,5013.475141503601,5013.68,F1,True,4666045.695,-2926562.5,-2947633.75,S6-K2P0|F1|1770590700|SHORT,EXIT_SL_RAISED,False,S6-K2P0,SHORT,S,0.5,1770594876.87,1770590700,1770591600.0,1770594300
10234072.000000147,momentum,0.5,4982.43,0,4982.43,5013.475141503601,5013.68,F2,True,4666045.695,-2926562.5,-2947633.75,S6-K2P0|F2|1770590700|SHORT,EXIT_SL_RAISED,False,S6-K2P0,SHORT,S,0.5,1770594876.87,1770590700,1770591600.0,1770594300
10234072.000000147,momentum,0.5,4982.43,0,4982.43,5013.475141503601,5013.68,F3,True,4666045.695,-2926562.5,-2947633.75,S6-K2P0|F3|1770590700|SHORT,EXIT_SL_RAISED,False,S6-K2P0,SHORT,S,0.5,1770594876.87,1770590700,1770591600.0,1770594300
4693269.7499999795,momentum,0.5,5036.86,0,5037.01,5011.333621151338,5011.27,F1,True,4717159.865,-2410550.9999999795,-2431622.2499999795,S6-K2P0|F1|1770605100|LONG,EXIT_SL_RAISED,False,S6-K2P0,LONG,L,0.5,1770610444.227,1770605100,1770606000.0,1770609600
4693269.7499999795,momentum,0.5,5036.86,0,5037.01,5011.333621151338,5011.27,F2,True,4717159.865,-2410550.9999999795,-2431622.2499999795,S6-K2P0|F2|1770605100|LONG,EXIT_SL_RAISED,False,S6-K2P0,LONG,L,0.5,1770610444.227,1770605100,1770606000.0,1770609600
4693269.7499999795,momentum,0.5,5036.86,0,5037.01,5011.333621151338,5011.27,F3,True,4717159.865,-2410550.9999999795,-2431622.2499999795,S6-K2P0|F3|1770605100|LONG,EXIT_SL_RAISED,False,S6-K2P0,LONG,L,0.5,1770610444.227,1770605100,1770606000.0,1770609600
26483283.49999991,momentum,0.5,5013.04,0,5013.21,5038.346381295852,5038.57,F1,True,4694871.165,-2374963.9999999693,-2396035.2499999693,S6-K2P0|F1|1770667200|SHORT,EXIT_SL_RAISED,False,S6-K2P0,SHORT,S,0.5,1770669825.977,1770667200,1770668100.0,1770669000
26483283.49999991,momentum,0.5,5013.04,0,5013.21,5038.346381295852,5038.57,F2,True,4694871.165,-2374963.9999999693,-2396035.2499999693,S6-K2P0|F2|1770667200|SHORT,EXIT_SL_RAISED,False,S6-K2P0,SHORT,S,0.5,1770669825.977,1770667200,1770668100.0,1770669000
26483283.49999991,momentum,0.5,5013.04,0,5013.21,5038.346381295852,5038.57,F3,True,4694871.165,-2374963.9999999693,-2396035.2499999693,S6-K2P0|F3|1770667200|SHORT,EXIT_SL_RAISED,False,S6-K2P0,SHORT,S,0.5,1770669825.977,1770667200,1770668100.0,1770669000
7499491.9999999935,momentum,0.5,5017.32,0,5017.1,5050.833156333912,5051.02,F1,True,4698514.15,-3176608.000000007,-3197679.250000007,S6-K2P0|F1|1770675300|SHORT,EXIT_SL_RAISED,False,S6-K2P0,SHORT,S,0.5,1770679357.236,1770675300,1770676200.0,1770678900
7499491.9999999935,momentum,0.5,5017.32,0,5017.1,5050.833156333912,5051.02,F2,True,4698514.15,-3176608.000000007,-3197679.250000007,S6-K2P0|F2|1770675300|SHORT,EXIT_SL_RAISED,False,S6-K2P0,SHORT,S,0.5,1770679357.236,1770675300,1770676200.0,1770678900
7499491.9999999935,momentum,0.5,5017.32,0,5017.1,5050.833156333912,5051.02,F3,True,4698514.15,-3176608.000000007,-3197679.250000007,S6-K2P0|F3|1770675300|SHORT,EXIT_SL_RAISED,False,S6-K2P0,SHORT,S,0.5,1770679357.236,1770675300,1770676200.0,1770678900
3760983.9999999013,momentum,0.5,5023.73,0,5023.72,5039.577378721084,5040.37,F1,True,4704713.78,-1559272.499999966,-1580343.749999966,S6-K2P0|F1|1770685200|SHORT,EXIT_SL_RAISED,False,S6-K2P0,SHORT,S,0.5,1770691981.921,1770685200,1770686100.0,1770691500
3760983.9999999013,momentum,0.5,5023.73,0,5023.72,5039.577378721084,5040.37,F2,True,4704713.78,-1559272.499999966,-1580343.749999966,S6-K2P0|F2|1770685200|SHORT,EXIT_SL_RAISED,False,S6-K2P0,SHORT,S,0.5,1770691981.921,1770685200,1770686100.0,1770691500
3760983.9999999013,momentum,0.5,5023.73,0,5023.72,5039.577378721084,5040.37,F3,True,4704713.78,-1559272.499999966,-1580343.749999966,S6-K2P0|F3|1770685200|SHORT,EXIT_SL_RAISED,False,S6-K2P0,SHORT,S,0.5,1770691981.921,1770685200,1770686100.0,1770691500
3558231.749999734,momentum,0.5,5025.1,0,5025.1,5050.179156611153,5051.02,F1,True,4706006.15,-2427408.000000007,-2448479.250000007,S6-K2P0|F1|1770696900|SHORT,EXIT_SL_RAISED,False,S6-K2P0,SHORT,S,0.5,1770702352.957,1770696900,1770697800.0,1770702300
3558231.749999734,momentum,0.5,5025.1,0,5025.1,5050.179156611153,5051.02,F2,True,4706006.15,-2427408.000000007,-2448479.250000007,S6-K2P0|F2|1770696900|SHORT,EXIT_SL_RAISED,False,S6-K2P0,SHORT,S,0.5,1770702352.957,1770696900,1770697800.0,1770702300
3558231.749999734,momentum,0.5,5025.1,0,5025.1,5050.179156611153,5051.02,F3,True,4706006.15,-2427408.000000007,-2448479.250000007,S6-K2P0|F3|1770696900|SHORT,EXIT_SL_RAISED,False,S6-K2P0,SHORT,S,0.5,1770702352.957,1770696900,1770697800.0,1770702300
4117322.2500000987,momentum,0.5,5040.04,0,5040.54,5049.111717565969,5048.88,F1,True,4720465.71,781041.0000000136,759969.7500000136,S6-K2P0|F1|1770758100|LONG,EXIT_SL_RAISED,False,S6-K2P0,LONG,L,0.5,1770785287.64,1770758100,1770759000.0,1770785100
4117322.2500000987,momentum,0.5,5040.04,0,5040.54,5049.111717565969,5048.88,F2,True,4720465.71,781041.0000000136,759969.7500000136,S6-K2P0|F2|1770758100|LONG,EXIT_SL_RAISED,False,S6-K2P0,LONG,L,0.5,1770785287.64,1770758100,1770759000.0,1770785100
4117322.2500000987,momentum,0.5,5040.04,0,5040.54,5049.111717565969,5048.88,F3,True,4720465.71,781041.0000000136,759969.7500000136,S6-K2P0|F3|1770758100|LONG,EXIT_SL_RAISED,False,S6-K2P0,LONG,L,0.5,1770785287.64,1770758100,1770759000.0,1770785100
2832912.500000085,momentum,0.5,5059.11,0,5059.05,5071.049694453968,5071.22,F1,True,4737800.325,-1139720.5000000068,-1160791.7500000068,S6-K2P0|F1|1770845400|SHORT,EXIT_SL_RAISED,False,S6-K2P0,SHORT,S,0.5,1770850860.487,1770845400,1770846300.0,1770850800
2832912.500000085,momentum,0.5,5059.11,0,5059.05,5071.049694453968,5071.22,F2,True,4737800.325,-1139720.5000000068,-1160791.7500000068,S6-K2P0|F2|1770845400|SHORT,EXIT_SL_RAISED,False,S6-K2P0,SHORT,S,0.5,1770850860.487,1770845400,1770846300.0,1770850800
2832912.500000085,momentum,0.5,5059.11,0,5059.05,5071.049694453968,5071.22,F3,True,4737800.325,-1139720.5000000068,-1160791.7500000068,S6-K2P0|F3|1770845400|SHORT,EXIT_SL_RAISED,False,S6-K2P0,SHORT,S,0.5,1770850860.487,1770845400,1770846300.0,1770850800
3250123.249999738,momentum,0.5,5056.81,0,5056.81,5072.913939337219,5073.5,F1,True,4735702.565,-1563018.4999999625,-1584089.7499999625,S6-K2P0|F1|1770857100|SHORT,EXIT_SL_RAISED,False,S6-K2P0,SHORT,S,0.5,1770861961.142,1770857100,1770858000.0,1770861600
3250123.249999738,momentum,0.5,5056.81,0,5056.81,5072.913939337219,5073.5,F2,True,4735702.565,-1563018.4999999625,-1584089.7499999625,S6-K2P0|F2|1770857100|SHORT,EXIT_SL_RAISED,False,S6-K2P0,SHORT,S,0.5,1770861961.142,1770857100,1770858000.0,1770861600
3250123.249999738,momentum,0.5,5056.81,0,5056.81,5072.913939337219,5073.5,F3,True,4735702.565,-1563018.4999999625,-1584089.7499999625,S6-K2P0|F3|1770857100|SHORT,EXIT_SL_RAISED,False,S6-K2P0,SHORT,S,0.5,1770861961.142,1770857100,1770858000.0,1770861600
10859654.000000004,momentum,0.5,4941.87,0,4942.37,4969.081159819822,4968.96,F1,True,4628529.505,2490153.5000000135,2469082.2500000135,S6-K2P0|F1|1770930000|LONG,EXIT_SL_RAISED,False,S6-K2P0,LONG,L,0.5,1770949154.466,1770930000,1770930900.0,1770948900
10859654.000000004,momentum,0.5,4941.87,0,4942.37,4969.081159819822,4968.96,F2,True,4628529.505,2490153.5000000135,2469082.2500000135,S6-K2P0|F2|1770930000|LONG,EXIT_SL_RAISED,False,S6-K2P0,LONG,L,0.5,1770949154.466,1770930000,1770930900.0,1770948900
10859654.000000004,momentum,0.5,4941.87,0,4942.37,4969.081159819822,4968.96,F3,True,4628529.505,2490153.5000000135,2469082.2500000135,S6-K2P0|F3|1770930000|LONG,EXIT_SL_RAISED,False,S6-K2P0,LONG,L,0.5,1770949154.466,1770930000,1770930900.0,1770948900
5976742.999999887,momentum,0.5,4963.96,0,4963.96,4967.04,4967.52,F1,False,4648748.54,-333394.0000000375,-333394.0000000375,S6-K2P0|F1|1770949800|SHORT,reverse,False,S6-K2P0,SHORT,S,0.5,1770955200,1770949800,1770950700.0,1770954300
5976742.999999887,momentum,0.5,4963.96,0,4963.96,4967.04,4967.52,F2,False,4648748.54,-333394.0000000375,-333394.0000000375,S6-K2P0|F2|1770949800|SHORT,reverse,False,S6-K2P0,SHORT,S,0.5,1770955200,1770949800,1770950700.0,1770954300
5976742.999999887,momentum,0.5,4963.96,0,4963.96,4967.04,4967.52,F3,False,4648748.54,-333394.0000000375,-333394.0000000375,S6-K2P0|F3|1770949800|SHORT,reverse,False,S6-K2P0,SHORT,S,0.5,1770955200,1770949800,1770950700.0,1770954300
3810150.2499999525,momentum,0.5,5012.12,0,5012.34,4987.621631015482,4987.65,F1,True,4694056.41,2312218.5000000475,2291147.2500000475,S6-K2P0|F1|1771190100|SHORT,EXIT_SL_RAISED,False,S6-K2P0,SHORT,S,0.5,1771209008.88,1771190100,1771191000.0,1771209000
3810150.2499999525,momentum,0.5,5012.12,0,5012.34,4987.621631015482,4987.65,F2,True,4694056.41,2312218.5000000475,2291147.2500000475,S6-K2P0|F2|1771190100|SHORT,EXIT_SL_RAISED,False,S6-K2P0,SHORT,S,0.5,1771209008.88,1771190100,1771191000.0,1771209000
3810150.2499999525,momentum,0.5,5012.12,0,5012.34,4987.621631015482,4987.65,F3,True,4694056.41,2312218.5000000475,2291147.2500000475,S6-K2P0|F3|1771190100|SHORT,EXIT_SL_RAISED,False,S6-K2P0,SHORT,S,0.5,1771209008.88,1771190100,1771191000.0,1771209000
4845451.000000065,momentum,0.5,4979.15,0,4979.15,4950.12,4950.46,F1,False,4662973.975,2686818.4999999627,2665747.2499999627,S6-K2P0|F1|1771275600|SHORT,EXIT_TRAIL,True,S6-K2P0,SHORT,S,0.5,1771280100,1771275600,1771276500.0,1771279200
4845451.000000065,momentum,0.5,4979.15,0,4979.15,4950.12,4950.46,F2,False,4662973.975,2686818.4999999627,2665747.2499999627,S6-K2P0|F2|1771275600|SHORT,EXIT_TRAIL,True,S6-K2P0,SHORT,S,0.5,1771280100,1771275600,1771276500.0,1771279200
4845451.000000065,momentum,0.5,4979.15,0,4979.15,4950.12,4950.46,F3,False,4662973.975,2686818.4999999627,2665747.2499999627,S6-K2P0|F3|1771275600|SHORT,EXIT_TRAIL,True,S6-K2P0,SHORT,S,0.5,1771280100,1771275600,1771276500.0,1771279200
2442391.999999993,momentum,0.5,4957.34,0,4957.55,4893.728916409805,4895.63,F1,True,4642745.575,5798808.0000000065,5777736.7500000065,S6-K2P0|F1|1771281900|SHORT,EXIT_SL_RAISED,False,S6-K2P0,SHORT,S,0.5,1771296762.638,1771281900,1771282800.0,1771296300
2442391.999999993,momentum,0.5,4957.34,0,4957.55,4893.728916409805,4895.63,F2,True,4642745.575,5798808.0000000065,5777736.7500000065,S6-K2P0|F2|1771281900|SHORT,EXIT_SL_RAISED,False,S6-K2P0,SHORT,S,0.5,1771296762.638,1771281900,1771282800.0,1771296300
2442391.999999993,momentum,0.5,4957.34,0,4957.55,4893.728916409805,4895.63,F3,True,4642745.575,5798808.0000000065,5777736.7500000065,S6-K2P0|F3|1771281900|SHORT,EXIT_SL_RAISED,False,S6-K2P0,SHORT,S,0.5,1771296762.638,1771281900,1771282800.0,1771296300
6947893.499999792,momentum,0.5,4858.97,0,4858.97,4878.21,4878.71,F1,False,4550425.405,-1848650.9999999795,-1848650.9999999795,S6-K2P0|F1|1771361100|SHORT,reverse,False,S6-K2P0,SHORT,S,0.5,1771364700,1771361100,1771362000.0,1771363800
6947893.499999792,momentum,0.5,4858.97,0,4858.97,4878.21,4878.71,F2,False,4550425.405,-1848650.9999999795,-1848650.9999999795,S6-K2P0|F2|1771361100|SHORT,reverse,False,S6-K2P0,SHORT,S,0.5,1771364700,1771361100,1771362000.0,1771363800
6947893.499999792,momentum,0.5,4858.97,0,4858.97,4878.21,4878.71,F3,False,4550425.405,-1848650.9999999795,-1848650.9999999795,S6-K2P0|F3|1771361100|SHORT,reverse,False,S6-K2P0,SHORT,S,0.5,1771364700,1771361100,1771362000.0,1771363800
2672771.000000082,momentum,0.5,4965.11,0,4965.11,4975.769373402828,4975.91,F1,True,4649825.515,-1011420.000000017,-1032491.250000017,S6-K2P0|F1|1771450200|SHORT,EXIT_SL_RAISED,False,S6-K2P0,SHORT,S,0.5,1771461062.793,1771450200,1771451100.0,1771461000
2672771.000000082,momentum,0.5,4965.11,0,4965.11,4975.769373402828,4975.91,F2,True,4649825.515,-1011420.000000017,-1032491.250000017,S6-K2P0|F2|1771450200|SHORT,EXIT_SL_RAISED,False,S6-K2P0,SHORT,S,0.5,1771461062.793,1771450200,1771451100.0,1771461000
2672771.000000082,momentum,0.5,4965.11,0,4965.11,4975.769373402828,4975.91,F3,True,4649825.515,-1011420.000000017,-1032491.250000017,S6-K2P0|F3|1771450200|SHORT,EXIT_SL_RAISED,False,S6-K2P0,SHORT,S,0.5,1771461062.793,1771450200,1771451100.0,1771461000
4799562.500000085,momentum,0.5,4987.46,0,4987.46,5004.091209906704,5004.21,F1,True,4670756.29,-1568637.5,-1589708.75,S6-K2P0|F1|1771533900|SHORT,EXIT_SL_RAISED,False,S6-K2P0,SHORT,S,0.5,1771538163.079,1771533900,1771534800.0,1771537500
4799562.500000085,momentum,0.5,4987.46,0,4987.46,5004.091209906704,5004.21,F2,True,4670756.29,-1568637.5,-1589708.75,S6-K2P0|F2|1771533900|SHORT,EXIT_SL_RAISED,False,S6-K2P0,SHORT,S,0.5,1771538163.079,1771533900,1771534800.0,1771537500
4799562.500000085,momentum,0.5,4987.46,0,4987.46,5004.091209906704,5004.21,F3,True,4670756.29,-1568637.5,-1589708.75,S6-K2P0|F3|1771533900|SHORT,EXIT_SL_RAISED,False,S6-K2P0,SHORT,S,0.5,1771538163.079,1771533900,1771534800.0,1771537500
4331312.50000017,momentum,0.5,5006.38,0,5006.9,4995.465181253914,4995.42,F1,True,4688961.85,-1075101.999999959,-1096173.249999959,S6-K2P0|F1|1771537500|LONG,EXIT_SL_RAISED,False,S6-K2P0,LONG,L,0.5,1771540678.728,1771537500,1771538400.0,1771540200
4331312.50000017,momentum,0.5,5006.38,0,5006.9,4995.465181253914,4995.42,F2,True,4688961.85,-1075101.999999959,-1096173.249999959,S6-K2P0|F2|1771537500|LONG,EXIT_SL_RAISED,False,S6-K2P0,LONG,L,0.5,1771540678.728,1771537500,1771538400.0,1771540200
4331312.50000017,momentum,0.5,5006.38,0,5006.9,4995.465181253914,4995.42,F3,True,4688961.85,-1075101.999999959,-1096173.249999959,S6-K2P0|F3|1771537500|LONG,EXIT_SL_RAISED,False,S6-K2P0,LONG,L,0.5,1771540678.728,1771537500,1771538400.0,1771540200
1902967.9999998875,momentum,0.5,4996.03,0,4996.03,4999.611832818292,4999.75,F1,True,4678782.095,-348378.00000002387,-369449.25000002387,S6-K2P0|F1|1771544700|SHORT,EXIT_SL_RAISED,False,S6-K2P0,SHORT,S,0.5,1771551649.508,1771544700,1771545600.0,1771551000
1902967.9999998875,momentum,0.5,4996.03,0,4996.03,4999.611832818292,4999.75,F2,True,4678782.095,-348378.00000002387,-369449.25000002387,S6-K2P0|F2|1771544700|SHORT,EXIT_SL_RAISED,False,S6-K2P0,SHORT,S,0.5,1771551649.508,1771544700,1771545600.0,1771551000
1902967.9999998875,momentum,0.5,4996.03,0,4996.03,4999.611832818292,4999.75,F3,True,4678782.095,-348378.00000002387,-369449.25000002387,S6-K2P0|F3|1771544700|SHORT,EXIT_SL_RAISED,False,S6-K2P0,SHORT,S,0.5,1771551649.508,1771544700,1771545600.0,1771551000
3618167.7499999353,momentum,0.5,5022.54,0,5023.04,5006.07,5006.24,F1,False,4704076.96,-1573320.000000017,-1573320.000000017,S6-K2P0|F1|1771560000|LONG,reverse,False,S6-K2P0,LONG,L,0.5,1771563600,1771560000,1771560900.0,1771562700
3618167.7499999353,momentum,0.5,5022.54,0,5023.04,5006.07,5006.24,F2,False,4704076.96,-1573320.000000017,-1573320.000000017,S6-K2P0|F2|1771560000|LONG,reverse,False,S6-K2P0,LONG,L,0.5,1771563600,1771560000,1771560900.0,1771562700
3618167.7499999353,momentum,0.5,5022.54,0,5023.04,5006.07,5006.24,F3,False,4704076.96,-1573320.000000017,-1573320.000000017,S6-K2P0|F3|1771560000|LONG,reverse,False,S6-K2P0,LONG,L,0.5,1771563600,1771560000,1771560900.0,1771562700
2975728.749999966,momentum,0.5,5152.6,0,5152.6,5143.942175421794,5144.39,F1,True,4825409.9,768866.5000000034,747795.2500000034,S6-K2P0|F1|1771816500|SHORT,EXIT_SL_RAISED,False,S6-K2P0,SHORT,S,0.5,1771826725.574,1771816500,1771817400.0,1771826400
2975728.749999966,momentum,0.5,5152.6,0,5152.6,5143.942175421794,5144.39,F2,True,4825409.9,768866.5000000034,747795.2500000034,S6-K2P0|F2|1771816500|SHORT,EXIT_SL_RAISED,False,S6-K2P0,SHORT,S,0.5,1771826725.574,1771816500,1771817400.0,1771826400
2975728.749999966,momentum,0.5,5152.6,0,5152.6,5143.942175421794,5144.39,F3,True,4825409.9,768866.5000000034,747795.2500000034,S6-K2P0|F3|1771816500|SHORT,EXIT_SL_RAISED,False,S6-K2P0,SHORT,S,0.5,1771826725.574,1771816500,1771817400.0,1771826400
3347051.0000000647,momentum,0.5,5223.72,0,5223.86,5175.488454227637,5175.96,F1,True,4892144.89,4485834.999999966,4464763.749999966,S6-K2P0|F1|1771883100|SHORT,EXIT_SL_RAISED,False,S6-K2P0,SHORT,S,0.5,1771886255.708,1771883100,1771884000.0,1771885800
3347051.0000000647,momentum,0.5,5223.72,0,5223.86,5175.488454227637,5175.96,F2,True,4892144.89,4485834.999999966,4464763.749999966,S6-K2P0|F2|1771883100|SHORT,EXIT_SL_RAISED,False,S6-K2P0,SHORT,S,0.5,1771886255.708,1771883100,1771884000.0,1771885800
3347051.0000000647,momentum,0.5,5223.72,0,5223.86,5175.488454227637,5175.96,F3,True,4892144.89,4485834.999999966,4464763.749999966,S6-K2P0|F3|1771883100|SHORT,EXIT_SL_RAISED,False,S6-K2P0,SHORT,S,0.5,1771886255.708,1771883100,1771884000.0,1771885800
4168361.5000001057,momentum,0.5,5182.45,0,5182.96,5162.337316787679,5161.42,F1,True,4853842.04,-2017220.9999999965,-2038292.2499999965,S6-K2P0|F1|1771901100|LONG,EXIT_SL_RAISED,False,S6-K2P0,LONG,L,0.5,1771904106.341,1771901100,1771902000.0,1771903800
4168361.5000001057,momentum,0.5,5182.45,0,5182.96,5162.337316787679,5161.42,F2,True,4853842.04,-2017220.9999999965,-2038292.2499999965,S6-K2P0|F2|1771901100|LONG,EXIT_SL_RAISED,False,S6-K2P0,LONG,L,0.5,1771904106.341,1771901100,1771902000.0,1771903800
4168361.5000001057,momentum,0.5,5182.45,0,5182.96,5162.337316787679,5161.42,F3,True,4853842.04,-2017220.9999999965,-2038292.2499999965,S6-K2P0|F3|1771901100|LONG,EXIT_SL_RAISED,False,S6-K2P0,LONG,L,0.5,1771904106.341,1771901100,1771902000.0,1771903800
8864440.750000061,momentum,0.5,5135.6,0,5135.6,5152.353061251106,5153.39,F1,True,4809489.4,-1666033.4999999965,-1687104.7499999965,S6-K2P0|F1|1771963200|SHORT,EXIT_SL_RAISED,False,S6-K2P0,SHORT,S,0.5,1771969087.484,1771963200,1771964100.0,1771968600
8864440.750000061,momentum,0.5,5135.6,0,5135.6,5152.353061251106,5153.39,F2,True,4809489.4,-1666033.4999999965,-1687104.7499999965,S6-K2P0|F2|1771963200|SHORT,EXIT_SL_RAISED,False,S6-K2P0,SHORT,S,0.5,1771969087.484,1771963200,1771964100.0,1771968600
8864440.750000061,momentum,0.5,5135.6,0,5135.6,5152.353061251106,5153.39,F3,True,4809489.4,-1666033.4999999965,-1687104.7499999965,S6-K2P0|F3|1771963200|SHORT,EXIT_SL_RAISED,False,S6-K2P0,SHORT,S,0.5,1771969087.484,1771963200,1771964100.0,1771968600
4295725.500000245,momentum,0.5,5152.15,0,5152.65,5168.2020638526565,5168.1,F1,True,4825456.725,1446892.5000000682,1425821.2500000682,S6-K2P0|F1|1771969500|LONG,EXIT_SL_RAISED,False,S6-K2P0,LONG,L,0.5,1771977073.021,1771969500,1771970400.0,1771976700
4295725.500000245,momentum,0.5,5152.15,0,5152.65,5168.2020638526565,5168.1,F2,True,4825456.725,1446892.5000000682,1425821.2500000682,S6-K2P0|F2|1771969500|LONG,EXIT_SL_RAISED,False,S6-K2P0,LONG,L,0.5,1771977073.021,1771969500,1771970400.0,1771976700
4295725.500000245,momentum,0.5,5152.15,0,5152.65,5168.2020638526565,5168.1,F3,True,4825456.725,1446892.5000000682,1425821.2500000682,S6-K2P0|F3|1771969500|LONG,EXIT_SL_RAISED,False,S6-K2P0,LONG,L,0.5,1771977073.021,1771969500,1771970400.0,1771976700
2632969.749999809,momentum,0.5,5188.29,0,5188.74,5189.877565539269,5189.76,F1,True,4859255.01,95523.00000004089,74451.75000004089,S6-K2P0|F1|1771984800|LONG,EXIT_SL_RAISED,False,S6-K2P0,LONG,L,0.5,1771988865.193,1771984800,1771985700.0,1771988400
2632969.749999809,momentum,0.5,5188.29,0,5188.74,5189.877565539269,5189.76,F2,True,4859255.01,95523.00000004089,74451.75000004089,S6-K2P0|F2|1771984800|LONG,EXIT_SL_RAISED,False,S6-K2P0,LONG,L,0.5,1771988865.193,1771984800,1771985700.0,1771988400
2632969.749999809,momentum,0.5,5188.29,0,5188.74,5189.877565539269,5189.76,F3,True,4859255.01,95523.00000004089,74451.75000004089,S6-K2P0|F3|1771984800|LONG,EXIT_SL_RAISED,False,S6-K2P0,LONG,L,0.5,1771988865.193,1771984800,1771985700.0,1771988400
6052131.25,momentum,0.5,5184.89,0,5185.62,5180.66,5180.66,F1,False,4856333.13,-464504.00000000343,-464504.00000000343,S6-K2P0|F1|1772054100|LONG,reverse,False,S6-K2P0,LONG,L,0.5,1772062200,1772054100,1772055000.0,1772061300
6052131.25,momentum,0.5,5184.89,0,5185.62,5180.66,5180.66,F2,False,4856333.13,-464504.00000000343,-464504.00000000343,S6-K2P0|F2|1772054100|LONG,reverse,False,S6-K2P0,LONG,L,0.5,1772062200,1772054100,1772055000.0,1772061300
6052131.25,momentum,0.5,5184.89,0,5185.62,5180.66,5180.66,F3,False,4856333.13,-464504.00000000343,-464504.00000000343,S6-K2P0|F3|1772054100|LONG,reverse,False,S6-K2P0,LONG,L,0.5,1772062200,1772054100,1772055000.0,1772061300
1428162.4999998296,momentum,0.5,5193.45,0,5194.25,5181.41,5181.41,F1,False,4864415.125,-1202466.0000000137,-1202466.0000000137,S6-K2P0|F1|1772163000|LONG,reverse,False,S6-K2P0,LONG,L,0.5,1772165700,1772163000,1772163900.0,1772164800
1428162.4999998296,momentum,0.5,5193.45,0,5194.25,5181.41,5181.41,F2,False,4864415.125,-1202466.0000000137,-1202466.0000000137,S6-K2P0|F2|1772163000|LONG,reverse,False,S6-K2P0,LONG,L,0.5,1772165700,1772163000,1772163900.0,1772164800
1428162.4999998296,momentum,0.5,5193.45,0,5194.25,5181.41,5181.41,F3,False,4864415.125,-1202466.0000000137,-1202466.0000000137,S6-K2P0|F3|1772163000|LONG,reverse,False,S6-K2P0,LONG,L,0.5,1772165700,1772163000,1772163900.0,1772164800
4548580.500000058,momentum,0.5,5160.27,0,5161.24,5179.131356015504,5178.5,F1,True,4833501.26,1616399.0000000205,1595327.7500000205,S6-K2P0|F1|1772595900|LONG,EXIT_SL_RAISED,False,S6-K2P0,LONG,L,0.5,1772615947.722,1772595900,1772596800.0,1772615700
4548580.500000058,momentum,0.5,5160.27,0,5161.24,5179.131356015504,5178.5,F2,True,4833501.26,1616399.0000000205,1595327.7500000205,S6-K2P0|F2|1772595900|LONG,EXIT_SL_RAISED,False,S6-K2P0,LONG,L,0.5,1772615947.722,1772595900,1772596800.0,1772615700
4548580.500000058,momentum,0.5,5160.27,0,5161.24,5179.131356015504,5178.5,F3,True,4833501.26,1616399.0000000205,1595327.7500000205,S6-K2P0|F3|1772595900|LONG,EXIT_SL_RAISED,False,S6-K2P0,LONG,L,0.5,1772615947.722,1772595900,1772596800.0,1772615700
3051116.999999993,momentum,0.5,5178.57,0,5179.07,5172.492147899086,5172.37,F1,True,4850199.055,-627454.999999983,-648526.249999983,S6-K2P0|F1|1772665200|LONG,EXIT_SL_RAISED,False,S6-K2P0,LONG,L,0.5,1772675262.016,1772665200,1772666100.0,1772675100
3051116.999999993,momentum,0.5,5178.57,0,5179.07,5172.492147899086,5172.37,F2,True,4850199.055,-627454.999999983,-648526.249999983,S6-K2P0|F2|1772665200|LONG,EXIT_SL_RAISED,False,S6-K2P0,LONG,L,0.5,1772675262.016,1772665200,1772666100.0,1772675100
3051116.999999993,momentum,0.5,5178.57,0,5179.07,5172.492147899086,5172.37,F3,True,4850199.055,-627454.999999983,-648526.249999983,S6-K2P0|F3|1772665200|LONG,EXIT_SL_RAISED,False,S6-K2P0,LONG,L,0.5,1772675262.016,1772665200,1772666100.0,1772675100
11240341.249999966,momentum,0.5,5118.52,0,5118.77,5121.383833001321,5121.02,F1,True,4793728.105,210712.5,189641.25,S6-K2P0|F1|1772749800|LONG,EXIT_SL_RAISED,False,S6-K2P0,LONG,L,0.5,1772764699.392,1772749800,1772750700.0,1772764200
11240341.249999966,momentum,0.5,5118.52,0,5118.77,5121.383833001321,5121.02,F2,True,4793728.105,210712.5,189641.25,S6-K2P0|F2|1772749800|LONG,EXIT_SL_RAISED,False,S6-K2P0,LONG,L,0.5,1772764699.392,1772749800,1772750700.0,1772764200
11240341.249999966,momentum,0.5,5118.52,0,5118.77,5121.383833001321,5121.02,F3,True,4793728.105,210712.5,189641.25,S6-K2P0|F3|1772749800|LONG,EXIT_SL_RAISED,False,S6-K2P0,LONG,L,0.5,1772764699.392,1772749800,1772750700.0,1772764200
17265782.249999896,momentum,0.5,5125.47,0,5125.79,5072.5,5072.82,F1,False,4800302.335,4960640.500000024,4939569.250000024,S6-K2P0|F1|1772998200|SHORT,EXIT_TRAIL,True,S6-K2P0,SHORT,S,0.5,1773008100,1772998200,1772999100.0,1773007200
17265782.249999896,momentum,0.5,5125.47,0,5125.79,5072.5,5072.82,F2,False,4800302.335,4960640.500000024,4939569.250000024,S6-K2P0|F2|1772998200|SHORT,EXIT_TRAIL,True,S6-K2P0,SHORT,S,0.5,1773008100,1772998200,1772999100.0,1773007200
17265782.249999896,momentum,0.5,5125.47,0,5125.79,5072.5,5072.82,F3,False,4800302.335,4960640.500000024,4939569.250000024,S6-K2P0|F3|1772998200|SHORT,EXIT_TRAIL,True,S6-K2P0,SHORT,S,0.5,1773008100,1772998200,1772999100.0,1773007200
5529095.999999741,momentum,0.5,5152.67,0,5153.32,5129.828641054479,5129.53,F1,True,4826084.18,-2227933.4999999967,-2249004.7499999967,S6-K2P0|F1|1773085500|LONG,EXIT_SL_RAISED,False,S6-K2P0,LONG,L,0.5,1773091382.639,1773085500,1773086400.0,1773090900
5529095.999999741,momentum,0.5,5152.67,0,5153.32,5129.828641054479,5129.53,F2,True,4826084.18,-2227933.4999999967,-2249004.7499999967,S6-K2P0|F2|1773085500|LONG,EXIT_SL_RAISED,False,S6-K2P0,LONG,L,0.5,1773091382.639,1773085500,1773086400.0,1773090900
5529095.999999741,momentum,0.5,5152.67,0,5153.32,5129.828641054479,5129.53,F3,True,4826084.18,-2227933.4999999967,-2249004.7499999967,S6-K2P0|F3|1773085500|LONG,EXIT_SL_RAISED,False,S6-K2P0,LONG,L,0.5,1773091382.639,1773085500,1773086400.0,1773090900
3949220.500000092,momentum,0.5,5177.65,0,5178.38,5162.30865097552,5162.07,F1,True,4849552.87,-1527431.5000000375,-1548502.7500000375,S6-K2P0|F1|1773110700|LONG,EXIT_SL_RAISED,False,S6-K2P0,LONG,L,0.5,1773116543.224,1773110700,1773111600.0,1773116100
3949220.500000092,momentum,0.5,5177.65,0,5178.38,5162.30865097552,5162.07,F2,True,4849552.87,-1527431.5000000375,-1548502.7500000375,S6-K2P0|F2|1773110700|LONG,EXIT_SL_RAISED,False,S6-K2P0,LONG,L,0.5,1773116543.224,1773110700,1773111600.0,1773116100
3949220.500000092,momentum,0.5,5177.65,0,5178.38,5162.30865097552,5162.07,F3,True,4849552.87,-1527431.5000000375,-1548502.7500000375,S6-K2P0|F3|1773110700|LONG,EXIT_SL_RAISED,False,S6-K2P0,LONG,L,0.5,1773116543.224,1773110700,1773111600.0,1773116100
2688691.5000000885,momentum,0.5,5203.16,0,5203.16,5207.4667959543995,5207.71,F1,True,4872759.34,-426107.50000001705,-447178.75000001705,S6-K2P0|F1|1773189900|SHORT,EXIT_SL_RAISED,False,S6-K2P0,SHORT,S,0.5,1773198800.346,1773189900,1773190800.0,1773198000
2688691.5000000885,momentum,0.5,5203.16,0,5203.16,5207.4667959543995,5207.71,F2,True,4872759.34,-426107.50000001705,-447178.75000001705,S6-K2P0|F2|1773189900|SHORT,EXIT_SL_RAISED,False,S6-K2P0,SHORT,S,0.5,1773198800.346,1773189900,1773190800.0,1773198000
2688691.5000000885,momentum,0.5,5203.16,0,5203.16,5207.4667959543995,5207.71,F3,True,4872759.34,-426107.50000001705,-447178.75000001705,S6-K2P0|F3|1773189900|SHORT,EXIT_SL_RAISED,False,S6-K2P0,SHORT,S,0.5,1773198800.346,1773189900,1773190800.0,1773198000
4643167.000000078,momentum,0.5,5194.72,0,5194.72,5194.167222229655,5194.41,F1,True,4864855.28,29031.50000003748,7960.2500000374785,S6-K2P0|F1|1773199800|SHORT,EXIT_SL_RAISED,False,S6-K2P0,SHORT,S,0.5,1773210782.632,1773199800,1773200700.0,1773210600
4643167.000000078,momentum,0.5,5194.72,0,5194.72,5194.167222229655,5194.41,F2,True,4864855.28,29031.50000003748,7960.2500000374785,S6-K2P0|F2|1773199800|SHORT,EXIT_SL_RAISED,False,S6-K2P0,SHORT,S,0.5,1773210782.632,1773199800,1773200700.0,1773210600
4643167.000000078,momentum,0.5,5194.72,0,5194.72,5194.167222229655,5194.41,F3,True,4864855.28,29031.50000003748,7960.2500000374785,S6-K2P0|F3|1773199800|SHORT,EXIT_SL_RAISED,False,S6-K2P0,SHORT,S,0.5,1773210782.632,1773199800,1773200700.0,1773210600
12028874.249999888,momentum,0.5,5138.96,0,5138.96,5149.386142454764,5149.52,F1,True,4812636.04,-988944.0000000375,-1010015.2500000375,S6-K2P0|F1|1773258300|SHORT,EXIT_SL_RAISED,False,S6-K2P0,SHORT,S,0.5,1773264302.402,1773258300,1773259200.0,1773263700
12028874.249999888,momentum,0.5,5138.96,0,5138.96,5149.386142454764,5149.52,F2,True,4812636.04,-988944.0000000375,-1010015.2500000375,S6-K2P0|F2|1773258300|SHORT,EXIT_SL_RAISED,False,S6-K2P0,SHORT,S,0.5,1773264302.402,1773258300,1773259200.0,1773263700
12028874.249999888,momentum,0.5,5138.96,0,5138.96,5149.386142454764,5149.52,F3,True,4812636.04,-988944.0000000375,-1010015.2500000375,S6-K2P0|F3|1773258300|SHORT,EXIT_SL_RAISED,False,S6-K2P0,SHORT,S,0.5,1773264302.402,1773258300,1773259200.0,1773263700
5126400.999999895,momentum,0.5,5169.54,0,5170.19,5157.34,5157.37,F1,False,4841882.935,-1200592.9999999728,-1200592.9999999728,S6-K2P0|F1|1773268200|LONG,reverse,False,S6-K2P0,LONG,L,0.5,1773272700,1773268200,1773269100.0,1773271800
5126400.999999895,momentum,0.5,5169.54,0,5170.19,5157.34,5157.37,F2,False,4841882.935,-1200592.9999999728,-1200592.9999999728,S6-K2P0|F2|1773268200|LONG,reverse,False,S6-K2P0,LONG,L,0.5,1773272700,1773268200,1773269100.0,1773271800
5126400.999999895,momentum,0.5,5169.54,0,5170.19,5157.34,5157.37,F3,False,4841882.935,-1200592.9999999728,-1200592.9999999728,S6-K2P0|F3|1773268200|LONG,reverse,False,S6-K2P0,LONG,L,0.5,1773272700,1773268200,1773269100.0,1773271800
3300694.2499998193,momentum,0.5,5142.81,0,5142.81,5158.842335529486,5159.31,F1,True,4816241.565,-1545225.0,-1566296.25,S6-K2P0|F1|1773281700|SHORT,EXIT_SL_RAISED,False,S6-K2P0,SHORT,S,0.5,1773286310.976,1773281700,1773282600.0,1773286200
3300694.2499998193,momentum,0.5,5142.81,0,5142.81,5158.842335529486,5159.31,F2,True,4816241.565,-1545225.0,-1566296.25,S6-K2P0|F2|1773281700|SHORT,EXIT_SL_RAISED,False,S6-K2P0,SHORT,S,0.5,1773286310.976,1773281700,1773282600.0,1773286200
3300694.2499998193,momentum,0.5,5142.81,0,5142.81,5158.842335529486,5159.31,F3,True,4816241.565,-1545225.0,-1566296.25,S6-K2P0|F3|1773281700|SHORT,EXIT_SL_RAISED,False,S6-K2P0,SHORT,S,0.5,1773286310.976,1773281700,1773282600.0,1773286200
5089409.2499999385,momentum,0.5,5124.02,0,5124.49,5110.401046040248,5110.01,F1,True,4799084.885,-1356051.999999959,-1377123.249999959,S6-K2P0|F1|1773355500|LONG,EXIT_SL_RAISED,False,S6-K2P0,LONG,L,0.5,1773360030.647,1773355500,1773356400.0,1773360000
5089409.2499999385,momentum,0.5,5124.02,0,5124.49,5110.401046040248,5110.01,F2,True,4799084.885,-1356051.999999959,-1377123.249999959,S6-K2P0|F2|1773355500|LONG,EXIT_SL_RAISED,False,S6-K2P0,LONG,L,0.5,1773360030.647,1773355500,1773356400.0,1773360000
5089409.2499999385,momentum,0.5,5124.02,0,5124.49,5110.401046040248,5110.01,F3,True,4799084.885,-1356051.999999959,-1377123.249999959,S6-K2P0|F3|1773355500|LONG,EXIT_SL_RAISED,False,S6-K2P0,LONG,L,0.5,1773360030.647,1773355500,1773356400.0,1773360000
1873000.0,momentum,0.5,5005.88,1,5004.08,5013.7042742397725,5013.93,F1,True,4686320.92,-922452.5000000341,-943523.7500000341,S6-K2P0|F1|1773683100|SHORT,EXIT_SL_RAISED,False,S6-K2P0,SHORT,S,0.5,1773699396.157,1773683100,1773688500.0,1773699300
1873000.0,momentum,0.5,5005.88,1,5004.08,5013.7042742397725,5013.93,F2,True,4686320.92,-922452.5000000341,-943523.7500000341,S6-K2P0|F2|1773683100|SHORT,EXIT_SL_RAISED,False,S6-K2P0,SHORT,S,0.5,1773699396.157,1773683100,1773688500.0,1773699300
1873000.0,momentum,0.5,5005.88,1,5004.08,5013.7042742397725,5013.93,F3,True,4686320.92,-922452.5000000341,-943523.7500000341,S6-K2P0|F3|1773683100|SHORT,EXIT_SL_RAISED,False,S6-K2P0,SHORT,S,0.5,1773699396.157,1773683100,1773688500.0,1773699300
2794984.250000109,momentum,0.5,5040.34,0,5040.84,5028.259079762577,5028.07,F1,True,4720746.66,-1195910.500000041,-1216981.750000041,S6-K2P0|F1|1773712800|LONG,EXIT_SL_RAISED,False,S6-K2P0,LONG,L,0.5,1773715606.086,1773712800,1773713700.0,1773715500
2794984.250000109,momentum,0.5,5040.34,0,5040.84,5028.259079762577,5028.07,F2,True,4720746.66,-1195910.500000041,-1216981.750000041,S6-K2P0|F2|1773712800|LONG,EXIT_SL_RAISED,False,S6-K2P0,LONG,L,0.5,1773715606.086,1773712800,1773713700.0,1773715500
2794984.250000109,momentum,0.5,5040.34,0,5040.84,5028.259079762577,5028.07,F3,True,4720746.66,-1195910.500000041,-1216981.750000041,S6-K2P0|F3|1773712800|LONG,EXIT_SL_RAISED,False,S6-K2P0,LONG,L,0.5,1773715606.086,1773712800,1773713700.0,1773715500
1276449.499999925,momentum,0.5,5006.08,1,5002.98,4999.070127337124,4999.05,F1,True,4685290.77,-368044.4999999421,-389115.7499999421,S6-K2P0|F1|1773769500|LONG,EXIT_SL_RAISED,False,S6-K2P0,LONG,L,0.5,1773784912.374,1773769500,1773774900.0,1773784800
1276449.499999925,momentum,0.5,5006.08,1,5002.98,4999.070127337124,4999.05,F2,True,4685290.77,-368044.4999999421,-389115.7499999421,S6-K2P0|F2|1773769500|LONG,EXIT_SL_RAISED,False,S6-K2P0,LONG,L,0.5,1773784912.374,1773769500,1773774900.0,1773784800
1276449.499999925,momentum,0.5,5006.08,1,5002.98,4999.070127337124,4999.05,F3,True,4685290.77,-368044.4999999421,-389115.7499999421,S6-K2P0|F3|1773769500|LONG,EXIT_SL_RAISED,False,S6-K2P0,LONG,L,0.5,1773784912.374,1773769500,1773774900.0,1773784800
5483207.499999932,momentum,0.5,5011.33,0,5011.83,5000.863892238694,5000.73,F1,True,4693578.795,-1039515.0000000341,-1060586.250000034,S6-K2P0|F1|1773784800|LONG,EXIT_SL_RAISED,False,S6-K2P0,LONG,L,0.5,1773787505.889,1773784800,1773785700.0,1773787500
5483207.499999932,momentum,0.5,5011.33,0,5011.83,5000.863892238694,5000.73,F2,True,4693578.795,-1039515.0000000341,-1060586.250000034,S6-K2P0|F2|1773784800|LONG,EXIT_SL_RAISED,False,S6-K2P0,LONG,L,0.5,1773787505.889,1773784800,1773785700.0,1773787500
5483207.499999932,momentum,0.5,5011.33,0,5011.83,5000.863892238694,5000.73,F3,True,4693578.795,-1039515.0000000341,-1060586.250000034,S6-K2P0|F3|1773784800|LONG,EXIT_SL_RAISED,False,S6-K2P0,LONG,L,0.5,1773787505.889,1773784800,1773785700.0,1773787500
3732420.7499997886,momentum,0.5,4843.16,0,4843.66,4850.71,4850.72,F1,False,4536087.59,661169.0000000375,661169.0000000375,S6-K2P0|F1|1773867600|LONG,reverse,False,S6-K2P0,LONG,L,0.5,1773882000,1773867600,1773868500.0,1773881100
3732420.7499997886,momentum,0.5,4843.16,0,4843.66,4850.71,4850.72,F2,False,4536087.59,661169.0000000375,661169.0000000375,S6-K2P0|F2|1773867600|LONG,reverse,False,S6-K2P0,LONG,L,0.5,1773882000,1773867600,1773868500.0,1773881100
3732420.7499997886,momentum,0.5,4843.16,0,4843.66,4850.71,4850.72,F3,False,4536087.59,661169.0000000375,661169.0000000375,S6-K2P0|F3|1773867600|LONG,reverse,False,S6-K2P0,LONG,L,0.5,1773882000,1773867600,1773868500.0,1773881100
4573397.749999833,momentum,0.5,4636.3,0,4636.16,4661.75,4662.59,F1,False,4341763.84,-2475169.5000000275,-2475169.5000000275,S6-K2P0|F1|1773949500|SHORT,reverse,False,S6-K2P0,SHORT,S,0.5,1773954900,1773949500,1773950400.0,1773954000
4573397.749999833,momentum,0.5,4636.3,0,4636.16,4661.75,4662.59,F2,False,4341763.84,-2475169.5000000275,-2475169.5000000275,S6-K2P0|F2|1773949500|SHORT,reverse,False,S6-K2P0,SHORT,S,0.5,1773954900,1773949500,1773950400.0,1773954000
4573397.749999833,momentum,0.5,4636.3,0,4636.16,4661.75,4662.59,F3,False,4341763.84,-2475169.5000000275,-2475169.5000000275,S6-K2P0|F3|1773949500|SHORT,reverse,False,S6-K2P0,SHORT,S,0.5,1773954900,1773949500,1773950400.0,1773954000
1705834.7499999285,momentum,0.5,4719.52,0,4720.02,4701.805000000001,4701.35,F1,True,4420298.73,-1748445.5000000068,-1769516.7500000068,S6-K2P0|F1|1773972900|LONG,EXIT_INITSL,False,S6-K2P0,LONG,L,0.5,1773974875.933,1773972900,1773973800.0,1773974700
1705834.7499999285,momentum,0.5,4719.52,0,4720.02,4701.805000000001,4701.35,F2,True,4420298.73,-1748445.5000000068,-1769516.7500000068,S6-K2P0|F2|1773972900|LONG,EXIT_INITSL,False,S6-K2P0,LONG,L,0.5,1773974875.933,1773972900,1773973800.0,1773974700
1705834.7499999285,momentum,0.5,4719.52,0,4720.02,4701.805000000001,4701.35,F3,True,4420298.73,-1748445.5000000068,-1769516.7500000068,S6-K2P0|F3|1773972900|LONG,EXIT_INITSL,False,S6-K2P0,LONG,L,0.5,1773974875.933,1773972900,1773973800.0,1773974700
12212428.250000147,momentum,0.5,4464.69,0,4464.69,4389.368768596075,4389.87,F1,True,4181182.1849999996,7006892.999999973,6985821.749999973,S6-K2P0|F1|1774212300|SHORT,EXIT_SL_RAISED,False,S6-K2P0,SHORT,S,0.5,1774217117.016,1774212300,1774213200.0,1774216800
12212428.250000147,momentum,0.5,4464.69,0,4464.69,4389.368768596075,4389.87,F2,True,4181182.1849999996,7006892.999999973,6985821.749999973,S6-K2P0|F2|1774212300|SHORT,EXIT_SL_RAISED,False,S6-K2P0,SHORT,S,0.5,1774217117.016,1774212300,1774213200.0,1774216800
12212428.250000147,momentum,0.5,4464.69,0,4464.69,4389.368768596075,4389.87,F3,True,4181182.1849999996,7006892.999999973,6985821.749999973,S6-K2P0|F3|1774212300|SHORT,EXIT_SL_RAISED,False,S6-K2P0,SHORT,S,0.5,1774217117.016,1774212300,1774213200.0,1774216800
7762648.5000001155,momentum,0.5,4426.66,0,4427.16,4394.4560728873485,4394.04,F1,True,4146035.34,-3101687.9999999898,-3122759.2499999898,S6-K2P0|F1|1774295100|LONG,EXIT_SL_RAISED,False,S6-K2P0,LONG,L,0.5,1774301240.221,1774295100,1774296000.0,1774300500
7762648.5000001155,momentum,0.5,4426.66,0,4427.16,4394.4560728873485,4394.04,F2,True,4146035.34,-3101687.9999999898,-3122759.2499999898,S6-K2P0|F2|1774295100|LONG,EXIT_SL_RAISED,False,S6-K2P0,LONG,L,0.5,1774301240.221,1774295100,1774296000.0,1774300500
7762648.5000001155,momentum,0.5,4426.66,0,4427.16,4394.4560728873485,4394.04,F3,True,4146035.34,-3101687.9999999898,-3122759.2499999898,S6-K2P0|F3|1774295100|LONG,EXIT_SL_RAISED,False,S6-K2P0,LONG,L,0.5,1774301240.221,1774295100,1774296000.0,1774300500
15333782.750000054,momentum,0.5,4321.32,0,4321.56,4371.921075482636,4372.34,F1,True,4047140.9400000004,-4755546.999999976,-4776618.249999976,S6-K2P0|F1|1774305000|SHORT,EXIT_SL_RAISED,False,S6-K2P0,SHORT,S,0.5,1774308970.587,1774305000,1774305900.0,1774308600
15333782.750000054,momentum,0.5,4321.32,0,4321.56,4371.921075482636,4372.34,F2,True,4047140.9400000004,-4755546.999999976,-4776618.249999976,S6-K2P0|F2|1774305000|SHORT,EXIT_SL_RAISED,False,S6-K2P0,SHORT,S,0.5,1774308970.587,1774305000,1774305900.0,1774308600
15333782.750000054,momentum,0.5,4321.32,0,4321.56,4371.921075482636,4372.34,F3,True,4047140.9400000004,-4755546.999999976,-4776618.249999976,S6-K2P0|F3|1774305000|SHORT,EXIT_SL_RAISED,False,S6-K2P0,SHORT,S,0.5,1774308970.587,1774305000,1774305900.0,1774308600
5547357.749999969,momentum,0.5,4333.29,0,4333.24,4369.233221322632,4369.77,F1,True,4058079.26,-3421034.5000000615,-3442105.7500000615,S6-K2P0|F1|1774316700|SHORT,EXIT_SL_RAISED,False,S6-K2P0,SHORT,S,0.5,1774320076.323,1774316700,1774317600.0,1774319400
5547357.749999969,momentum,0.5,4333.29,0,4333.24,4369.233221322632,4369.77,F2,True,4058079.26,-3421034.5000000615,-3442105.7500000615,S6-K2P0|F2|1774316700|SHORT,EXIT_SL_RAISED,False,S6-K2P0,SHORT,S,0.5,1774320076.323,1774316700,1774317600.0,1774319400
5547357.749999969,momentum,0.5,4333.29,0,4333.24,4369.233221322632,4369.77,F3,True,4058079.26,-3421034.5000000615,-3442105.7500000615,S6-K2P0|F3|1774316700|SHORT,EXIT_SL_RAISED,False,S6-K2P0,SHORT,S,0.5,1774320076.323,1774316700,1774317600.0,1774319400
4134179.2499999558,momentum,0.5,4511.59,0,4511.58,4525.5954903963775,4525.85,F1,True,4225094.67,-1336385.500000041,-1357456.750000041,S6-K2P0|F1|1774466100|SHORT,EXIT_SL_RAISED,False,S6-K2P0,SHORT,S,0.5,1774473242.842,1774466100,1774467000.0,1774472400
4134179.2499999558,momentum,0.5,4511.59,0,4511.58,4525.5954903963775,4525.85,F2,True,4225094.67,-1336385.500000041,-1357456.750000041,S6-K2P0|F2|1774466100|SHORT,EXIT_SL_RAISED,False,S6-K2P0,SHORT,S,0.5,1774473242.842,1774466100,1774467000.0,1774472400
4134179.2499999558,momentum,0.5,4511.59,0,4511.58,4525.5954903963775,4525.85,F3,True,4225094.67,-1336385.500000041,-1357456.750000041,S6-K2P0|F3|1774466100|SHORT,EXIT_SL_RAISED,False,S6-K2P0,SHORT,S,0.5,1774473242.842,1774466100,1774467000.0,1774472400
4489581.000000133,momentum,0.5,4535.48,0,4535.89,4505.650109125476,4505.49,F1,True,4247860.985,-2846960.000000051,-2868031.250000051,S6-K2P0|F1|1774478700|LONG,EXIT_SL_RAISED,False,S6-K2P0,LONG,L,0.5,1774483084.715,1774478700,1774479600.0,1774482300
4489581.000000133,momentum,0.5,4535.48,0,4535.89,4505.650109125476,4505.49,F2,True,4247860.985,-2846960.000000051,-2868031.250000051,S6-K2P0|F2|1774478700|LONG,EXIT_SL_RAISED,False,S6-K2P0,LONG,L,0.5,1774483084.715,1774478700,1774479600.0,1774482300
4489581.000000133,momentum,0.5,4535.48,0,4535.89,4505.650109125476,4505.49,F3,True,4247860.985,-2846960.000000051,-2868031.250000051,S6-K2P0|F3|1774478700|LONG,EXIT_SL_RAISED,False,S6-K2P0,LONG,L,0.5,1774483084.715,1774478700,1774479600.0,1774482300
1631383.0000001772,momentum,0.5,4434.01,0,4434.49,4447.735881447334,4447.61,F1,True,4152899.885,1228687.9999999898,1207616.7499999898,S6-K2P0|F1|1774574100|LONG,EXIT_SL_RAISED,False,S6-K2P0,LONG,L,0.5,1774584515.571,1774574100,1774575000.0,1774584000
1631383.0000001772,momentum,0.5,4434.01,0,4434.49,4447.735881447334,4447.61,F2,True,4152899.885,1228687.9999999898,1207616.7499999898,S6-K2P0|F2|1774574100|LONG,EXIT_SL_RAISED,False,S6-K2P0,LONG,L,0.5,1774584515.571,1774574100,1774575000.0,1774584000
1631383.0000001772,momentum,0.5,4434.01,0,4434.49,4447.735881447334,4447.61,F3,True,4152899.885,1228687.9999999898,1207616.7499999898,S6-K2P0|F3|1774574100|LONG,EXIT_SL_RAISED,False,S6-K2P0,LONG,L,0.5,1774584515.571,1774574100,1774575000.0,1774584000
9496578.249999976,momentum,0.5,4504.45,0,4504.85,4519.596158819773,4519.59,F1,True,4218792.025,1380400.9999999795,1359329.7499999795,S6-K2P0|F1|1774828800|LONG,EXIT_SL_RAISED,False,S6-K2P0,LONG,L,0.5,1774845237.399,1774828800,1774829700.0,1774845000
9496578.249999976,momentum,0.5,4504.45,0,4504.85,4519.596158819773,4519.59,F2,True,4218792.025,1380400.9999999795,1359329.7499999795,S6-K2P0|F2|1774828800|LONG,EXIT_SL_RAISED,False,S6-K2P0,LONG,L,0.5,1774845237.399,1774828800,1774829700.0,1774845000
9496578.249999976,momentum,0.5,4504.45,0,4504.85,4519.596158819773,4519.59,F3,True,4218792.025,1380400.9999999795,1359329.7499999795,S6-K2P0|F3|1774828800|LONG,EXIT_SL_RAISED,False,S6-K2P0,LONG,L,0.5,1774845237.399,1774828800,1774829700.0,1774845000
5381129.0000000885,momentum,0.5,4498.8,0,4498.75,4523.346186094154,4523.43,F1,True,4213079.375,-2311282.0000000275,-2332353.2500000275,S6-K2P0|F1|1774900800|SHORT,EXIT_SL_RAISED,False,S6-K2P0,SHORT,S,0.5,1774904553.946,1774900800,1774901700.0,1774904400
5381129.0000000885,momentum,0.5,4498.8,0,4498.75,4523.346186094154,4523.43,F2,True,4213079.375,-2311282.0000000275,-2332353.2500000275,S6-K2P0|F2|1774900800|SHORT,EXIT_SL_RAISED,False,S6-K2P0,SHORT,S,0.5,1774904553.946,1774900800,1774901700.0,1774904400
5381129.0000000885,momentum,0.5,4498.8,0,4498.75,4523.346186094154,4523.43,F3,True,4213079.375,-2311282.0000000275,-2332353.2500000275,S6-K2P0|F3|1774900800|SHORT,EXIT_SL_RAISED,False,S6-K2P0,SHORT,S,0.5,1774904553.946,1774900800,1774901700.0,1774904400
10051454.499999993,momentum,0.5,4535.95,0,4536.43,4579.438850131348,4579.37,F1,True,4248366.695,4021330.9999999627,4000259.7499999627,S6-K2P0|F1|1774906200|LONG,EXIT_SL_RAISED,False,S6-K2P0,LONG,L,0.5,1774913168.304,1774906200,1774907100.0,1774912500
10051454.499999993,momentum,0.5,4535.95,0,4536.43,4579.438850131348,4579.37,F2,True,4248366.695,4021330.9999999627,4000259.7499999627,S6-K2P0|F2|1774906200|LONG,EXIT_SL_RAISED,False,S6-K2P0,LONG,L,0.5,1774913168.304,1774906200,1774907100.0,1774912500
10051454.499999993,momentum,0.5,4535.95,0,4536.43,4579.438850131348,4579.37,F3,True,4248366.695,4021330.9999999627,4000259.7499999627,S6-K2P0|F3|1774906200|LONG,EXIT_SL_RAISED,False,S6-K2P0,LONG,L,0.5,1774913168.304,1774906200,1774907100.0,1774912500
4287296.999999891,momentum,0.5,4687.14,0,4687.1,4691.249994745425,4691.41,F1,True,4389469.15,-403631.4999999523,-424702.7499999523,S6-K2P0|F1|1774998900|SHORT,EXIT_SL_RAISED,False,S6-K2P0,SHORT,S,0.5,1775010635.773,1774998900,1774999800.0,1775010600
4287296.999999891,momentum,0.5,4687.14,0,4687.1,4691.249994745425,4691.41,F2,True,4389469.15,-403631.4999999523,-424702.7499999523,S6-K2P0|F2|1774998900|SHORT,EXIT_SL_RAISED,False,S6-K2P0,SHORT,S,0.5,1775010635.773,1774998900,1774999800.0,1775010600
4287296.999999891,momentum,0.5,4687.14,0,4687.1,4691.249994745425,4691.41,F3,True,4389469.15,-403631.4999999523,-424702.7499999523,S6-K2P0|F3|1774998900|SHORT,EXIT_SL_RAISED,False,S6-K2P0,SHORT,S,0.5,1775010635.773,1774998900,1774999800.0,1775010600
5880283.500000082,momentum,0.5,4791.06,0,4791.57,4775.422715654214,4775.28,F1,True,4487305.305,-1525558.4999999965,-1546629.7499999965,S6-K2P0|F1|1775073600|LONG,EXIT_SL_RAISED,False,S6-K2P0,LONG,L,0.5,1775077407.858,1775073600,1775074500.0,1775077200
5880283.500000082,momentum,0.5,4791.06,0,4791.57,4775.422715654214,4775.28,F2,True,4487305.305,-1525558.4999999965,-1546629.7499999965,S6-K2P0|F2|1775073600|LONG,EXIT_SL_RAISED,False,S6-K2P0,LONG,L,0.5,1775077407.858,1775073600,1775074500.0,1775077200
5880283.500000082,momentum,0.5,4791.06,0,4791.57,4775.422715654214,4775.28,F3,True,4487305.305,-1525558.4999999965,-1546629.7499999965,S6-K2P0|F3|1775073600|LONG,EXIT_SL_RAISED,False,S6-K2P0,LONG,L,0.5,1775077407.858,1775073600,1775074500.0,1775077200
7408651.499999969,momentum,0.5,4632.38,0,4632.37,4637.6124215190775,4637.7,F1,True,4338214.505,-499154.4999999932,-520225.7499999932,S6-K2P0|F1|1775415600|SHORT,EXIT_SL_RAISED,False,S6-K2P0,SHORT,S,0.5,1775423177.679,1775415600,1775416500.0,1775422800
7408651.499999969,momentum,0.5,4632.38,0,4632.37,4637.6124215190775,4637.7,F2,True,4338214.505,-499154.4999999932,-520225.7499999932,S6-K2P0|F2|1775415600|SHORT,EXIT_SL_RAISED,False,S6-K2P0,SHORT,S,0.5,1775423177.679,1775415600,1775416500.0,1775422800
7408651.499999969,momentum,0.5,4632.38,0,4632.37,4637.6124215190775,4637.7,F3,True,4338214.505,-499154.4999999932,-520225.7499999932,S6-K2P0|F3|1775415600|SHORT,EXIT_SL_RAISED,False,S6-K2P0,SHORT,S,0.5,1775423177.679,1775415600,1775416500.0,1775422800
5085194.999999846,momentum,0.5,4636.1,0,4636.61,4634.495813865432,4634.45,F1,True,4342185.265,-202283.99999998638,-223355.24999998638,S6-K2P0|F1|1775426400|LONG,EXIT_SL_RAISED,False,S6-K2P0,LONG,L,0.5,1775430197.747,1775426400,1775427300.0,1775430000
5085194.999999846,momentum,0.5,4636.1,0,4636.61,4634.495813865432,4634.45,F2,True,4342185.265,-202283.99999998638,-223355.24999998638,S6-K2P0|F2|1775426400|LONG,EXIT_SL_RAISED,False,S6-K2P0,LONG,L,0.5,1775430197.747,1775426400,1775427300.0,1775430000
5085194.999999846,momentum,0.5,4636.1,0,4636.61,4634.495813865432,4634.45,F3,True,4342185.265,-202283.99999998638,-223355.24999998638,S6-K2P0|F3|1775426400|LONG,EXIT_SL_RAISED,False,S6-K2P0,LONG,L,0.5,1775430197.747,1775426400,1775427300.0,1775430000
6011861.749999887,momentum,0.5,4660.83,0,4661.28,4684.635784894142,4684.28,F1,True,4365288.72,2153950.0,2132878.75,S6-K2P0|F1|1775440800|LONG,EXIT_SL_RAISED,False,S6-K2P0,LONG,L,0.5,1775461500.325,1775440800,1775441700.0,1775461500
6011861.749999887,momentum,0.5,4660.83,0,4661.28,4684.635784894142,4684.28,F2,True,4365288.72,2153950.0,2132878.75,S6-K2P0|F2|1775440800|LONG,EXIT_SL_RAISED,False,S6-K2P0,LONG,L,0.5,1775461500.325,1775440800,1775441700.0,1775461500
6011861.749999887,momentum,0.5,4660.83,0,4661.28,4684.635784894142,4684.28,F3,True,4365288.72,2153950.0,2132878.75,S6-K2P0|F3|1775440800|LONG,EXIT_SL_RAISED,False,S6-K2P0,LONG,L,0.5,1775461500.325,1775440800,1775441700.0,1775461500
10841860.500000041,momentum,0.5,4640.51,0,4640.56,4658.432164312124,4658.48,F1,True,4345884.44,-1678207.9999999215,-1699279.2499999215,S6-K2P0|F1|1775509200|SHORT,EXIT_SL_RAISED,False,S6-K2P0,SHORT,S,0.5,1775511148.706,1775509200,1775510100.0,1775511000
10841860.500000041,momentum,0.5,4640.51,0,4640.56,4658.432164312124,4658.48,F2,True,4345884.44,-1678207.9999999215,-1699279.2499999215,S6-K2P0|F2|1775509200|SHORT,EXIT_SL_RAISED,False,S6-K2P0,SHORT,S,0.5,1775511148.706,1775509200,1775510100.0,1775511000
10841860.500000041,momentum,0.5,4640.51,0,4640.56,4658.432164312124,4658.48,F3,True,4345884.44,-1678207.9999999215,-1699279.2499999215,S6-K2P0|F3|1775509200|SHORT,EXIT_SL_RAISED,False,S6-K2P0,SHORT,S,0.5,1775511148.706,1775509200,1775510100.0,1775511000
9839805.499999972,momentum,0.5,4641.4,0,4641.38,4643.146614299213,4643.15,F1,True,4346652.37,-165760.4999999557,-186831.7499999557,S6-K2P0|F1|1775511000|SHORT,EXIT_SL_RAISED,False,S6-K2P0,SHORT,S,0.5,1775515194.814,1775511000,1775511900.0,1775514600
9839805.499999972,momentum,0.5,4641.4,0,4641.38,4643.146614299213,4643.15,F2,True,4346652.37,-165760.4999999557,-186831.7499999557,S6-K2P0|F2|1775511000|SHORT,EXIT_SL_RAISED,False,S6-K2P0,SHORT,S,0.5,1775515194.814,1775511000,1775511900.0,1775514600
9839805.499999972,momentum,0.5,4641.4,0,4641.38,4643.146614299213,4643.15,F3,True,4346652.37,-165760.4999999557,-186831.7499999557,S6-K2P0|F3|1775511000|SHORT,EXIT_SL_RAISED,False,S6-K2P0,SHORT,S,0.5,1775515194.814,1775511000,1775511900.0,1775514600
4574334.250000109,momentum,0.5,4662.19,0,4662.7,4643.111428287015,4641.09,F1,True,4366618.55,-2023776.4999999693,-2044847.7499999693,S6-K2P0|F1|1775521800|LONG,EXIT_SL_RAISED,False,S6-K2P0,LONG,L,0.5,1775525167.865,1775521800,1775522700.0,1775524500
4574334.250000109,momentum,0.5,4662.19,0,4662.7,4643.111428287015,4641.09,F2,True,4366618.55,-2023776.4999999693,-2044847.7499999693,S6-K2P0|F2|1775521800|LONG,EXIT_SL_RAISED,False,S6-K2P0,LONG,L,0.5,1775525167.865,1775521800,1775522700.0,1775524500
4574334.250000109,momentum,0.5,4662.19,0,4662.7,4643.111428287015,4641.09,F3,True,4366618.55,-2023776.4999999693,-2044847.7499999693,S6-K2P0|F3|1775521800|LONG,EXIT_SL_RAISED,False,S6-K2P0,LONG,L,0.5,1775525167.865,1775521800,1775522700.0,1775524500
5287947.250000099,momentum,0.5,4702.28,0,4702.28,4720.44,4720.94,F1,False,4403685.22,-1747508.9999999863,-1747508.9999999863,S6-K2P0|F1|1775678400|SHORT,reverse,False,S6-K2P0,SHORT,S,0.5,1775682900,1775678400,1775679300.0,1775682000
5287947.250000099,momentum,0.5,4702.28,0,4702.28,4720.44,4720.94,F2,False,4403685.22,-1747508.9999999863,-1747508.9999999863,S6-K2P0|F2|1775678400|SHORT,reverse,False,S6-K2P0,SHORT,S,0.5,1775682900,1775678400,1775679300.0,1775682000
5287947.250000099,momentum,0.5,4702.28,0,4702.28,4720.44,4720.94,F3,False,4403685.22,-1747508.9999999863,-1747508.9999999863,S6-K2P0|F3|1775678400|SHORT,reverse,False,S6-K2P0,SHORT,S,0.5,1775682900,1775678400,1775679300.0,1775682000
4410915.000000119,momentum,0.5,4726.16,0,4726.73,4713.35,4713.1,F1,False,4426582.645,-1276449.499999925,-1276449.499999925,S6-K2P0|F1|1775697300|LONG,reverse,False,S6-K2P0,LONG,L,0.5,1775700000,1775697300,1775698200.0,1775699100
4410915.000000119,momentum,0.5,4726.16,0,4726.73,4713.35,4713.1,F2,False,4426582.645,-1276449.499999925,-1276449.499999925,S6-K2P0|F2|1775697300|LONG,reverse,False,S6-K2P0,LONG,L,0.5,1775700000,1775697300,1775698200.0,1775699100
4410915.000000119,momentum,0.5,4726.16,0,4726.73,4713.35,4713.1,F3,False,4426582.645,-1276449.499999925,-1276449.499999925,S6-K2P0|F3|1775697300|LONG,reverse,False,S6-K2P0,LONG,L,0.5,1775700000,1775697300,1775698200.0,1775699100
2284591.750000126,momentum,0.5,4764.32,0,4764.46,4767.951070043815,4768.1,F1,True,4461916.79,-340886.0000000307,-361957.2500000307,S6-K2P0|F1|1775758500|SHORT,EXIT_SL_RAISED,False,S6-K2P0,SHORT,S,0.5,1775770433.219,1775758500,1775759400.0,1775770200
2284591.750000126,momentum,0.5,4764.32,0,4764.46,4767.951070043815,4768.1,F2,True,4461916.79,-340886.0000000307,-361957.2500000307,S6-K2P0|F2|1775758500|SHORT,EXIT_SL_RAISED,False,S6-K2P0,SHORT,S,0.5,1775770433.219,1775758500,1775759400.0,1775770200
2284591.750000126,momentum,0.5,4764.32,0,4764.46,4767.951070043815,4768.1,F3,True,4461916.79,-340886.0000000307,-361957.2500000307,S6-K2P0|F3|1775758500|SHORT,EXIT_SL_RAISED,False,S6-K2P0,SHORT,S,0.5,1775770433.219,1775758500,1775759400.0,1775770200
3348924.0000000205,momentum,0.5,4756.14,0,4756.1,4747.683584465891,4747.94,F1,True,4454087.65,764184.0000000716,743112.7500000716,S6-K2P0|F1|1775786400|SHORT,EXIT_SL_RAISED,False,S6-K2P0,SHORT,S,0.5,1775798323.088,1775786400,1775787300.0,1775798100
3348924.0000000205,momentum,0.5,4756.14,0,4756.1,4747.683584465891,4747.94,F2,True,4454087.65,764184.0000000716,743112.7500000716,S6-K2P0|F2|1775786400|SHORT,EXIT_SL_RAISED,False,S6-K2P0,SHORT,S,0.5,1775798323.088,1775786400,1775787300.0,1775798100
3348924.0000000205,momentum,0.5,4756.14,0,4756.1,4747.683584465891,4747.94,F3,True,4454087.65,764184.0000000716,743112.7500000716,S6-K2P0|F3|1775786400|SHORT,EXIT_SL_RAISED,False,S6-K2P0,SHORT,S,0.5,1775798323.088,1775786400,1775787300.0,1775798100
2754246.500000157,momentum,0.5,4723.0,0,4723.49,4722.317652582988,4722.27,F1,True,4423548.385,-114252.99999993868,-135324.24999993868,S6-K2P0|F1|1776041100|LONG,EXIT_SL_RAISED,False,S6-K2P0,LONG,L,0.5,1776055422.935,1776041100,1776042000.0,1776054600
2754246.500000157,momentum,0.5,4723.0,0,4723.49,4722.317652582988,4722.27,F2,True,4423548.385,-114252.99999993868,-135324.24999993868,S6-K2P0|F2|1776041100|LONG,EXIT_SL_RAISED,False,S6-K2P0,LONG,L,0.5,1776055422.935,1776041100,1776042000.0,1776054600
2754246.500000157,momentum,0.5,4723.0,0,4723.49,4722.317652582988,4722.27,F3,True,4423548.385,-114252.99999993868,-135324.24999993868,S6-K2P0|F3|1776041100|LONG,EXIT_SL_RAISED,False,S6-K2P0,LONG,L,0.5,1776055422.935,1776041100,1776042000.0,1776054600
2413828.749999966,momentum,0.5,4759.88,0,4759.82,4774.21153205449,4774.4,F1,True,4457571.43,-1365416.9999999932,-1386488.2499999932,S6-K2P0|F1|1776131100|SHORT,EXIT_SL_RAISED,False,S6-K2P0,SHORT,S,0.5,1776134810.849,1776131100,1776132000.0,1776134700
2413828.749999966,momentum,0.5,4759.88,0,4759.82,4774.21153205449,4774.4,F2,True,4457571.43,-1365416.9999999932,-1386488.2499999932,S6-K2P0|F2|1776131100|SHORT,EXIT_SL_RAISED,False,S6-K2P0,SHORT,S,0.5,1776134810.849,1776131100,1776132000.0,1776134700
2413828.749999966,momentum,0.5,4759.88,0,4759.82,4774.21153205449,4774.4,F3,True,4457571.43,-1365416.9999999932,-1386488.2499999932,S6-K2P0|F3|1776131100|SHORT,EXIT_SL_RAISED,False,S6-K2P0,SHORT,S,0.5,1776134810.849,1776131100,1776132000.0,1776134700
4589318.250000181,momentum,0.5,4781.92,0,4782.46,4779.667811646894,4779.64,F1,True,4478773.79,-264092.99999997276,-285164.24999997276,S6-K2P0|F1|1776134700|LONG,EXIT_SL_RAISED,False,S6-K2P0,LONG,L,0.5,1776137010.791,1776134700,1776135600.0,1776136500
4589318.250000181,momentum,0.5,4781.92,0,4782.46,4779.667811646894,4779.64,F2,True,4478773.79,-264092.99999997276,-285164.24999997276,S6-K2P0|F2|1776134700|LONG,EXIT_SL_RAISED,False,S6-K2P0,LONG,L,0.5,1776137010.791,1776134700,1776135600.0,1776136500
4589318.250000181,momentum,0.5,4781.92,0,4782.46,4779.667811646894,4779.64,F3,True,4478773.79,-264092.99999997276,-285164.24999997276,S6-K2P0|F3|1776134700|LONG,EXIT_SL_RAISED,False,S6-K2P0,LONG,L,0.5,1776137010.791,1776134700,1776135600.0,1776136500
7790275.2499999525,momentum,0.5,4850.11,0,4850.57,4850.590340722528,4850.48,F1,True,4542558.805,-8428.500000013628,-29499.750000013628,S6-K2P0|F1|1776200400|LONG,EXIT_SL_RAISED,False,S6-K2P0,LONG,L,0.5,1776202200.219,1776200400,1776201300.0,1776202200
7790275.2499999525,momentum,0.5,4850.11,0,4850.57,4850.590340722528,4850.48,F2,True,4542558.805,-8428.500000013628,-29499.750000013628,S6-K2P0|F2|1776200400|LONG,EXIT_SL_RAISED,False,S6-K2P0,LONG,L,0.5,1776202200.219,1776200400,1776201300.0,1776202200
7790275.2499999525,momentum,0.5,4850.11,0,4850.57,4850.590340722528,4850.48,F3,True,4542558.805,-8428.500000013628,-29499.750000013628,S6-K2P0|F3|1776200400|LONG,EXIT_SL_RAISED,False,S6-K2P0,LONG,L,0.5,1776202200.219,1776200400,1776201300.0,1776202200
1874404.750000116,momentum,0.5,4823.92,0,4823.88,4820.858635526763,4822.07,F1,True,4517563.62,169506.5000000375,148435.2500000375,S6-K2P0|F1|1776210300|SHORT,EXIT_SL_RAISED,False,S6-K2P0,SHORT,S,0.5,1776229182.385,1776210300,1776211200.0,1776228300
1874404.750000116,momentum,0.5,4823.92,0,4823.88,4820.858635526763,4822.07,F2,True,4517563.62,169506.5000000375,148435.2500000375,S6-K2P0|F2|1776210300|SHORT,EXIT_SL_RAISED,False,S6-K2P0,SHORT,S,0.5,1776229182.385,1776210300,1776211200.0,1776228300
1874404.750000116,momentum,0.5,4823.92,0,4823.88,4820.858635526763,4822.07,F3,True,4517563.62,169506.5000000375,148435.2500000375,S6-K2P0|F3|1776210300|SHORT,EXIT_SL_RAISED,False,S6-K2P0,SHORT,S,0.5,1776229182.385,1776210300,1776211200.0,1776228300
5303399.500000095,momentum,0.5,4832.49,0,4833.02,4821.65137435663,4821.41,F1,True,4526123.23,-1087276.5000000545,-1108347.7500000545,S6-K2P0|F1|1776285000|LONG,EXIT_SL_RAISED,False,S6-K2P0,LONG,L,0.5,1776288796.727,1776285000,1776285900.0,1776288600
5303399.500000095,momentum,0.5,4832.49,0,4833.02,4821.65137435663,4821.41,F2,True,4526123.23,-1087276.5000000545,-1108347.7500000545,S6-K2P0|F2|1776285000|LONG,EXIT_SL_RAISED,False,S6-K2P0,LONG,L,0.5,1776288796.727,1776285000,1776285900.0,1776288600
5303399.500000095,momentum,0.5,4832.49,0,4833.02,4821.65137435663,4821.41,F3,True,4526123.23,-1087276.5000000545,-1108347.7500000545,S6-K2P0|F3|1776285000|LONG,EXIT_SL_RAISED,False,S6-K2P0,LONG,L,0.5,1776288796.727,1776285000,1776285900.0,1776288600
1826174.9999998296,momentum,0.5,4823.97,0,4824.4,4825.192309895193,4825.14,F1,True,4518050.6,69301.00000006473,48229.75000006473,S6-K2P0|F1|1776296700|LONG,EXIT_SL_RAISED,False,S6-K2P0,LONG,L,0.5,1776303531.947,1776296700,1776297600.0,1776303000
1826174.9999998296,momentum,0.5,4823.97,0,4824.4,4825.192309895193,4825.14,F2,True,4518050.6,69301.00000006473,48229.75000006473,S6-K2P0|F2|1776296700|LONG,EXIT_SL_RAISED,False,S6-K2P0,LONG,L,0.5,1776303531.947,1776296700,1776297600.0,1776303000
1826174.9999998296,momentum,0.5,4823.97,0,4824.4,4825.192309895193,4825.14,F3,True,4518050.6,69301.00000006473,48229.75000006473,S6-K2P0|F3|1776296700|LONG,EXIT_SL_RAISED,False,S6-K2P0,LONG,L,0.5,1776303531.947,1776296700,1776297600.0,1776303000
1840690.7500001465,momentum,0.5,4795.16,1,4794.28,4785.922409918264,4785.92,F1,True,4489843.22,-782913.9999999694,-803985.2499999694,S6-K2P0|F1|1776362400|LONG,EXIT_SL_RAISED,False,S6-K2P0,LONG,L,0.5,1776369924.158,1776362400,1776364200.0,1776369600
1840690.7500001465,momentum,0.5,4795.16,1,4794.28,4785.922409918264,4785.92,F2,True,4489843.22,-782913.9999999694,-803985.2499999694,S6-K2P0|F2|1776362400|LONG,EXIT_SL_RAISED,False,S6-K2P0,LONG,L,0.5,1776369924.158,1776362400,1776364200.0,1776369600
1840690.7500001465,momentum,0.5,4795.16,1,4794.28,4785.922409918264,4785.92,F3,True,4489843.22,-782913.9999999694,-803985.2499999694,S6-K2P0|F3|1776362400|LONG,EXIT_SL_RAISED,False,S6-K2P0,LONG,L,0.5,1776369924.158,1776362400,1776364200.0,1776369600
2027522.500000051,momentum,0.5,4798.36,0,4799.01,4789.2020699624,4788.66,F1,True,4494272.865,-969277.5000000341,-990348.7500000341,S6-K2P0|F1|1776371400|LONG,EXIT_SL_RAISED,False,S6-K2P0,LONG,L,0.5,1776373423.494,1776371400,1776372300.0,1776373200
2027522.500000051,momentum,0.5,4798.36,0,4799.01,4789.2020699624,4788.66,F2,True,4494272.865,-969277.5000000341,-990348.7500000341,S6-K2P0|F2|1776371400|LONG,EXIT_SL_RAISED,False,S6-K2P0,LONG,L,0.5,1776373423.494,1776371400,1776372300.0,1776373200
2027522.500000051,momentum,0.5,4798.36,0,4799.01,4789.2020699624,4788.66,F3,True,4494272.865,-969277.5000000341,-990348.7500000341,S6-K2P0|F3|1776371400|LONG,EXIT_SL_RAISED,False,S6-K2P0,LONG,L,0.5,1776373423.494,1776371400,1776372300.0,1776373200
7764989.7499999115,momentum,0.5,4778.87,0,4778.73,4783.772092736503,4783.81,F1,True,4475280.645,-475742.00000007835,-496813.25000007835,S6-K2P0|F1|1776373200|SHORT,EXIT_SL_RAISED,False,S6-K2P0,SHORT,S,0.5,1776376307.624,1776373200,1776374100.0,1776375900
7764989.7499999115,momentum,0.5,4778.87,0,4778.73,4783.772092736503,4783.81,F2,True,4475280.645,-475742.00000007835,-496813.25000007835,S6-K2P0|F2|1776373200|SHORT,EXIT_SL_RAISED,False,S6-K2P0,SHORT,S,0.5,1776376307.624,1776373200,1776374100.0,1776375900
7764989.7499999115,momentum,0.5,4778.87,0,4778.73,4783.772092736503,4783.81,F3,True,4475280.645,-475742.00000007835,-496813.25000007835,S6-K2P0|F3|1776373200|SHORT,EXIT_SL_RAISED,False,S6-K2P0,SHORT,S,0.5,1776376307.624,1776373200,1776374100.0,1776375900
2622200.0,momentum,0.5,4786.27,0,4786.29,4795.24,4795.75,F1,False,4482360.585,-885929.0000000034,-885929.0000000034,S6-K2P0|F1|1776646800|SHORT,reverse,False,S6-K2P0,SHORT,S,0.5,1776654000,1776646800,1776647700.0,1776653100
2622200.0,momentum,0.5,4786.27,0,4786.29,4795.24,4795.75,F2,False,4482360.585,-885929.0000000034,-885929.0000000034,S6-K2P0|F2|1776646800|SHORT,reverse,False,S6-K2P0,SHORT,S,0.5,1776654000,1776646800,1776647700.0,1776653100
2622200.0,momentum,0.5,4786.27,0,4786.29,4795.24,4795.75,F3,False,4482360.585,-885929.0000000034,-885929.0000000034,S6-K2P0|F3|1776646800|SHORT,reverse,False,S6-K2P0,SHORT,S,0.5,1776654000,1776646800,1776647700.0,1776653100
3304908.4999999115,momentum,0.5,4795.24,0,4795.75,4787.136134586947,4787.11,F1,True,4491219.875,-809136.0000000306,-830207.2500000306,S6-K2P0|F1|1776653100|LONG,EXIT_SL_RAISED,False,S6-K2P0,LONG,L,0.5,1776657515.922,1776653100,1776654000.0,1776656700
3304908.4999999115,momentum,0.5,4795.24,0,4795.75,4787.136134586947,4787.11,F2,True,4491219.875,-809136.0000000306,-830207.2500000306,S6-K2P0|F2|1776653100|LONG,EXIT_SL_RAISED,False,S6-K2P0,LONG,L,0.5,1776657515.922,1776653100,1776654000.0,1776656700
3304908.4999999115,momentum,0.5,4795.24,0,4795.75,4787.136134586947,4787.11,F3,True,4491219.875,-809136.0000000306,-830207.2500000306,S6-K2P0|F3|1776653100|LONG,EXIT_SL_RAISED,False,S6-K2P0,LONG,L,0.5,1776657515.922,1776653100,1776654000.0,1776656700
3598033.000000007,momentum,0.5,4814.64,0,4814.66,4788.341630446032,4788.36,F1,True,4508929.09,2462995.000000017,2441923.750000017,S6-K2P0|F1|1776718800|SHORT,EXIT_SL_RAISED,False,S6-K2P0,SHORT,S,0.5,1776743136.433,1776718800,1776719700.0,1776743100
3598033.000000007,momentum,0.5,4814.64,0,4814.66,4788.341630446032,4788.36,F2,True,4508929.09,2462995.000000017,2441923.750000017,S6-K2P0|F2|1776718800|SHORT,EXIT_SL_RAISED,False,S6-K2P0,SHORT,S,0.5,1776743136.433,1776718800,1776719700.0,1776743100
3598033.000000007,momentum,0.5,4814.64,0,4814.66,4788.341630446032,4788.36,F3,True,4508929.09,2462995.000000017,2441923.750000017,S6-K2P0|F3|1776718800|SHORT,EXIT_SL_RAISED,False,S6-K2P0,SHORT,S,0.5,1776743136.433,1776718800,1776719700.0,1776743100
2231679.499999993,momentum,0.5,4766.88,0,4767.15,4758.57213097329,4758.39,F1,True,4464435.975,-820373.9999999353,-841445.2499999353,S6-K2P0|F1|1776824100|LONG,EXIT_SL_RAISED,False,S6-K2P0,LONG,L,0.5,1776831277.794,1776824100,1776825000.0,1776830400
2231679.499999993,momentum,0.5,4766.88,0,4767.15,4758.57213097329,4758.39,F2,True,4464435.975,-820373.9999999353,-841445.2499999353,S6-K2P0|F2|1776824100|LONG,EXIT_SL_RAISED,False,S6-K2P0,LONG,L,0.5,1776831277.794,1776824100,1776825000.0,1776830400
2231679.499999993,momentum,0.5,4766.88,0,4767.15,4758.57213097329,4758.39,F3,True,4464435.975,-820373.9999999353,-841445.2499999353,S6-K2P0|F3|1776824100|LONG,EXIT_SL_RAISED,False,S6-K2P0,LONG,L,0.5,1776831277.794,1776824100,1776825000.0,1776830400
1905777.500000034,momentum,0.5,4755.04,0,4755.18,4759.000153658836,4759.09,F1,True,4453226.07,-366171.4999999864,-387242.7499999864,S6-K2P0|F1|1776836700|SHORT,EXIT_SL_RAISED,False,S6-K2P0,SHORT,S,0.5,1776839721.624,1776836700,1776837600.0,1776839400
1905777.500000034,momentum,0.5,4755.04,0,4755.18,4759.000153658836,4759.09,F2,True,4453226.07,-366171.4999999864,-387242.7499999864,S6-K2P0|F2|1776836700|SHORT,EXIT_SL_RAISED,False,S6-K2P0,SHORT,S,0.5,1776839721.624,1776836700,1776837600.0,1776839400
1905777.500000034,momentum,0.5,4755.04,0,4755.18,4759.000153658836,4759.09,F3,True,4453226.07,-366171.4999999864,-387242.7499999864,S6-K2P0|F3|1776836700|SHORT,EXIT_SL_RAISED,False,S6-K2P0,SHORT,S,0.5,1776839721.624,1776836700,1776837600.0,1776839400
2767357.499999932,momentum,0.5,4746.62,0,4746.65,4751.975323204871,4752.14,F1,True,4445237.725,-514138.5000000647,-535209.7500000647,S6-K2P0|F1|1776846600|SHORT,EXIT_SL_RAISED,False,S6-K2P0,SHORT,S,0.5,1776850662.621,1776846600,1776847500.0,1776850200
2767357.499999932,momentum,0.5,4746.62,0,4746.65,4751.975323204871,4752.14,F2,True,4445237.725,-514138.5000000647,-535209.7500000647,S6-K2P0|F2|1776846600|SHORT,EXIT_SL_RAISED,False,S6-K2P0,SHORT,S,0.5,1776850662.621,1776846600,1776847500.0,1776850200
2767357.499999932,momentum,0.5,4746.62,0,4746.65,4751.975323204871,4752.14,F3,True,4445237.725,-514138.5000000647,-535209.7500000647,S6-K2P0|F3|1776846600|SHORT,EXIT_SL_RAISED,False,S6-K2P0,SHORT,S,0.5,1776850662.621,1776846600,1776847500.0,1776850200
2327670.7500000442,momentum,0.5,4744.22,0,4744.86,4732.528471588759,4732.5,F1,True,4443561.39,-1157513.9999999693,-1178585.2499999693,S6-K2P0|F1|1776870900|LONG,EXIT_SL_RAISED,False,S6-K2P0,LONG,L,0.5,1776882555.26,1776870900,1776871800.0,1776881700
2327670.7500000442,momentum,0.5,4744.22,0,4744.86,4732.528471588759,4732.5,F2,True,4443561.39,-1157513.9999999693,-1178585.2499999693,S6-K2P0|F2|1776870900|LONG,EXIT_SL_RAISED,False,S6-K2P0,LONG,L,0.5,1776882555.26,1776870900,1776871800.0,1776881700
2327670.7500000442,momentum,0.5,4744.22,0,4744.86,4732.528471588759,4732.5,F3,True,4443561.39,-1157513.9999999693,-1178585.2499999693,S6-K2P0|F3|1776870900|LONG,EXIT_SL_RAISED,False,S6-K2P0,LONG,L,0.5,1776882555.26,1776870900,1776871800.0,1776881700
9611767.75000002,momentum,0.5,4699.13,0,4699.22,4741.38,4741.84,F1,False,4400819.53,-3991362.9999999898,-4012434.2499999898,S6-K2P0|F1|1776888000|SHORT,EXIT_TRAIL,True,S6-K2P0,SHORT,S,0.5,1776889800,1776888000,1776888900.0,1776888900
9611767.75000002,momentum,0.5,4699.13,0,4699.22,4741.38,4741.84,F2,False,4400819.53,-3991362.9999999898,-4012434.2499999898,S6-K2P0|F2|1776888000|SHORT,EXIT_TRAIL,True,S6-K2P0,SHORT,S,0.5,1776889800,1776888000,1776888900.0,1776888900
9611767.75000002,momentum,0.5,4699.13,0,4699.22,4741.38,4741.84,F3,False,4400819.53,-3991362.9999999898,-4012434.2499999898,S6-K2P0|F3|1776888000|SHORT,EXIT_TRAIL,True,S6-K2P0,SHORT,S,0.5,1776889800,1776888000,1776888900.0,1776888900
4650659.000000072,momentum,0.5,4723.08,0,4723.11,4710.569550260446,4710.6,F1,True,4423192.515,1171561.4999999353,1150490.2499999353,S6-K2P0|F1|1776894300|SHORT,EXIT_SL_RAISED,False,S6-K2P0,SHORT,S,0.5,1776908986.854,1776894300,1776895200.0,1776908700
4650659.000000072,momentum,0.5,4723.08,0,4723.11,4710.569550260446,4710.6,F2,True,4423192.515,1171561.4999999353,1150490.2499999353,S6-K2P0|F2|1776894300|SHORT,EXIT_SL_RAISED,False,S6-K2P0,SHORT,S,0.5,1776908986.854,1776894300,1776895200.0,1776908700
4650659.000000072,momentum,0.5,4723.08,0,4723.11,4710.569550260446,4710.6,F3,True,4423192.515,1171561.4999999353,1150490.2499999353,S6-K2P0|F3|1776894300|SHORT,EXIT_SL_RAISED,False,S6-K2P0,SHORT,S,0.5,1776908986.854,1776894300,1776895200.0,1776908700
4359875.750000027,momentum,0.5,4713.32,0,4713.93,4703.2892672027765,4703.23,F1,True,4414595.445,-1002055.0000000681,-1023126.2500000681,S6-K2P0|F1|1776908700|LONG,EXIT_SL_RAISED,False,S6-K2P0,LONG,L,0.5,1776914666.576,1776908700,1776909600.0,1776914100
4359875.750000027,momentum,0.5,4713.32,0,4713.93,4703.2892672027765,4703.23,F2,True,4414595.445,-1002055.0000000681,-1023126.2500000681,S6-K2P0|F2|1776908700|LONG,EXIT_SL_RAISED,False,S6-K2P0,LONG,L,0.5,1776914666.576,1776908700,1776909600.0,1776914100
4359875.750000027,momentum,0.5,4713.32,0,4713.93,4703.2892672027765,4703.23,F3,True,4414595.445,-1002055.0000000681,-1023126.2500000681,S6-K2P0|F3|1776908700|LONG,EXIT_SL_RAISED,False,S6-K2P0,LONG,L,0.5,1776914666.576,1776908700,1776909600.0,1776914100
3063759.7499999283,momentum,0.5,4705.34,0,4705.8,4691.704375119522,4691.63,F1,True,4406981.7,-1327020.5000000068,-1348091.7500000068,S6-K2P0|F1|1776975300|LONG,EXIT_SL_RAISED,False,S6-K2P0,LONG,L,0.5,1776979930.941,1776975300,1776976200.0,1776979800
3063759.7499999283,momentum,0.5,4705.34,0,4705.8,4691.704375119522,4691.63,F2,True,4406981.7,-1327020.5000000068,-1348091.7500000068,S6-K2P0|F2|1776975300|LONG,EXIT_SL_RAISED,False,S6-K2P0,LONG,L,0.5,1776979930.941,1776975300,1776976200.0,1776979800
3063759.7499999283,momentum,0.5,4705.34,0,4705.8,4691.704375119522,4691.63,F3,True,4406981.7,-1327020.5000000068,-1348091.7500000068,S6-K2P0|F3|1776975300|LONG,EXIT_SL_RAISED,False,S6-K2P0,LONG,L,0.5,1776979930.941,1776975300,1776976200.0,1776979800
2651231.4999999525,momentum,0.5,4671.85,0,4671.85,4687.964052626006,4687.97,F1,True,4375187.525,-1509637.9999999898,-1530709.2499999898,S6-K2P0|F1|1776998700|SHORT,EXIT_SL_RAISED,False,S6-K2P0,SHORT,S,0.5,1777002320.946,1776998700,1776999600.0,1777002300
2651231.4999999525,momentum,0.5,4671.85,0,4671.85,4687.964052626006,4687.97,F2,True,4375187.525,-1509637.9999999898,-1530709.2499999898,S6-K2P0|F2|1776998700|SHORT,EXIT_SL_RAISED,False,S6-K2P0,SHORT,S,0.5,1777002320.946,1776998700,1776999600.0,1777002300
2651231.4999999525,momentum,0.5,4671.85,0,4671.85,4687.964052626006,4687.97,F3,True,4375187.525,-1509637.9999999898,-1530709.2499999898,S6-K2P0|F3|1776998700|SHORT,EXIT_SL_RAISED,False,S6-K2P0,SHORT,S,0.5,1777002320.946,1776998700,1776999600.0,1777002300
8120391.500000174,momentum,0.5,4685.14,1,4686.44,4686.181765798454,4686.21,F1,True,4388851.06,21539.499999959116,468.2499999591164,S6-K2P0|F1|1777226400|SHORT,EXIT_SL_RAISED,False,S6-K2P0,SHORT,S,0.5,1777236715.524,1777226400,1777228200.0,1777236300
8120391.500000174,momentum,0.5,4685.14,1,4686.44,4686.181765798454,4686.21,F2,True,4388851.06,21539.499999959116,468.2499999591164,S6-K2P0|F2|1777226400|SHORT,EXIT_SL_RAISED,False,S6-K2P0,SHORT,S,0.5,1777236715.524,1777226400,1777228200.0,1777236300
8120391.500000174,momentum,0.5,4685.14,1,4686.44,4686.181765798454,4686.21,F3,True,4388851.06,21539.499999959116,468.2499999591164,S6-K2P0|F3|1777226400|SHORT,EXIT_SL_RAISED,False,S6-K2P0,SHORT,S,0.5,1777236715.524,1777226400,1777228200.0,1777236300
5855934.499999891,momentum,0.5,4670.58,0,4670.52,4679.224827300021,4679.5,F1,True,4373941.98,-840976.9999999591,-862048.2499999591,S6-K2P0|F1|1777326300|SHORT,EXIT_SL_RAISED,False,S6-K2P0,SHORT,S,0.5,1777328205.476,1777326300,1777327200.0,1777328100
5855934.499999891,momentum,0.5,4670.58,0,4670.52,4679.224827300021,4679.5,F2,True,4373941.98,-840976.9999999591,-862048.2499999591,S6-K2P0|F2|1777326300|SHORT,EXIT_SL_RAISED,False,S6-K2P0,SHORT,S,0.5,1777328205.476,1777326300,1777327200.0,1777328100
5855934.499999891,momentum,0.5,4670.58,0,4670.52,4679.224827300021,4679.5,F3,True,4373941.98,-840976.9999999591,-862048.2499999591,S6-K2P0|F3|1777326300|SHORT,EXIT_SL_RAISED,False,S6-K2P0,SHORT,S,0.5,1777328205.476,1777326300,1777327200.0,1777328100
1179989.999999949,momentum,0.5,4671.86,0,4671.75,4640.519792855659,4640.6,F1,True,4375093.875,2917197.499999966,2896126.249999966,S6-K2P0|F1|1777332600|SHORT,EXIT_SL_RAISED,False,S6-K2P0,SHORT,S,0.5,1777342052.523,1777332600,1777333500.0,1777341600
1179989.999999949,momentum,0.5,4671.86,0,4671.75,4640.519792855659,4640.6,F2,True,4375093.875,2917197.499999966,2896126.249999966,S6-K2P0|F2|1777332600|SHORT,EXIT_SL_RAISED,False,S6-K2P0,SHORT,S,0.5,1777342052.523,1777332600,1777333500.0,1777341600
1179989.999999949,momentum,0.5,4671.86,0,4671.75,4640.519792855659,4640.6,F3,True,4375093.875,2917197.499999966,2896126.249999966,S6-K2P0|F3|1777332600|SHORT,EXIT_SL_RAISED,False,S6-K2P0,SHORT,S,0.5,1777342052.523,1777332600,1777333500.0,1777341600
3228583.7499997783,momentum,0.5,4584.62,0,4584.61,4600.79,4601.27,F1,False,4293487.265,-1560209.0000000715,-1560209.0000000715,S6-K2P0|F1|1777412700|SHORT,reverse,False,S6-K2P0,SHORT,S,0.5,1777414500,1777412700,1777413600.0,1777413600
3228583.7499997783,momentum,0.5,4584.62,0,4584.61,4600.79,4601.27,F2,False,4293487.265,-1560209.0000000715,-1560209.0000000715,S6-K2P0|F2|1777412700|SHORT,reverse,False,S6-K2P0,SHORT,S,0.5,1777414500,1777412700,1777413600.0,1777413600
3228583.7499997783,momentum,0.5,4584.62,0,4584.61,4600.79,4601.27,F3,False,4293487.265,-1560209.0000000715,-1560209.0000000715,S6-K2P0|F3|1777412700|SHORT,reverse,False,S6-K2P0,SHORT,S,0.5,1777414500,1777412700,1777413600.0,1777413600
1988657.7499999693,momentum,0.5,4593.63,0,4593.61,4600.67,4601.24,F1,False,4301915.765,-714549.5000000102,-714549.5000000102,S6-K2P0|F1|1777419000|SHORT,reverse,False,S6-K2P0,SHORT,S,0.5,1777421700,1777419000,1777419900.0,1777420800
1988657.7499999693,momentum,0.5,4593.63,0,4593.61,4600.67,4601.24,F2,False,4301915.765,-714549.5000000102,-714549.5000000102,S6-K2P0|F2|1777419000|SHORT,reverse,False,S6-K2P0,SHORT,S,0.5,1777421700,1777419000,1777419900.0,1777420800
1988657.7499999693,momentum,0.5,4593.63,0,4593.61,4600.67,4601.24,F3,False,4301915.765,-714549.5000000102,-714549.5000000102,S6-K2P0|F3|1777419000|SHORT,reverse,False,S6-K2P0,SHORT,S,0.5,1777421700,1777419000,1777419900.0,1777420800
2492494.7499999795,momentum,0.5,4600.67,0,4601.24,4593.111498222119,4592.84,F1,True,4309061.26,-786659.9999999659,-807731.2499999659,S6-K2P0|F1|1777420800|LONG,EXIT_SL_RAISED,False,S6-K2P0,LONG,L,0.5,1777427871.943,1777420800,1777421700.0,1777427100
2492494.7499999795,momentum,0.5,4600.67,0,4601.24,4593.111498222119,4592.84,F2,True,4309061.26,-786659.9999999659,-807731.2499999659,S6-K2P0|F2|1777420800|LONG,EXIT_SL_RAISED,False,S6-K2P0,LONG,L,0.5,1777427871.943,1777420800,1777421700.0,1777427100
2492494.7499999795,momentum,0.5,4600.67,0,4601.24,4593.111498222119,4592.84,F3,True,4309061.26,-786659.9999999659,-807731.2499999659,S6-K2P0|F3|1777420800|LONG,EXIT_SL_RAISED,False,S6-K2P0,LONG,L,0.5,1777427871.943,1777420800,1777421700.0,1777427100
3671079.999999898,momentum,0.5,4588.4,0,4588.42,4573.668091396416,4573.71,F1,True,4297055.33,1377591.5000000035,1356520.2500000035,S6-K2P0|F1|1777428000|SHORT,EXIT_SL_RAISED,False,S6-K2P0,SHORT,S,0.5,1777438295.602,1777428000,1777428900.0,1777437900
3671079.999999898,momentum,0.5,4588.4,0,4588.42,4573.668091396416,4573.71,F2,True,4297055.33,1377591.5000000035,1356520.2500000035,S6-K2P0|F2|1777428000|SHORT,EXIT_SL_RAISED,False,S6-K2P0,SHORT,S,0.5,1777438295.602,1777428000,1777428900.0,1777437900
3671079.999999898,momentum,0.5,4588.4,0,4588.42,4573.668091396416,4573.71,F3,True,4297055.33,1377591.5000000035,1356520.2500000035,S6-K2P0|F3|1777428000|SHORT,EXIT_SL_RAISED,False,S6-K2P0,SHORT,S,0.5,1777438295.602,1777428000,1777428900.0,1777437900
4924585.250000004,momentum,0.5,4579.61,0,4580.17,4564.978047244497,4564.91,F1,True,4289329.205,-1429099.0000000205,-1450170.2500000205,S6-K2P0|F1|1777497300|LONG,EXIT_SL_RAISED,False,S6-K2P0,LONG,L,0.5,1777502284.086,1777497300,1777498200.0,1777501800
4924585.250000004,momentum,0.5,4579.61,0,4580.17,4564.978047244497,4564.91,F2,True,4289329.205,-1429099.0000000205,-1450170.2500000205,S6-K2P0|F2|1777497300|LONG,EXIT_SL_RAISED,False,S6-K2P0,LONG,L,0.5,1777502284.086,1777497300,1777498200.0,1777501800
4924585.250000004,momentum,0.5,4579.61,0,4580.17,4564.978047244497,4564.91,F3,True,4289329.205,-1429099.0000000205,-1450170.2500000205,S6-K2P0|F3|1777497300|LONG,EXIT_SL_RAISED,False,S6-K2P0,LONG,L,0.5,1777502284.086,1777497300,1777498200.0,1777501800
1905777.500000034,momentum,0.5,4609.73,0,4609.69,4574.683280532601,4574.95,F1,True,4316974.685,3253400.9999999795,3232329.7499999795,S6-K2P0|F1|1777599000|SHORT,EXIT_SL_RAISED,False,S6-K2P0,SHORT,S,0.5,1777617067.532,1777599000,1777599900.0,1777617000
1905777.500000034,momentum,0.5,4609.73,0,4609.69,4574.683280532601,4574.95,F2,True,4316974.685,3253400.9999999795,3232329.7499999795,S6-K2P0|F2|1777599000|SHORT,EXIT_SL_RAISED,False,S6-K2P0,SHORT,S,0.5,1777617067.532,1777599000,1777599900.0,1777617000
1905777.500000034,momentum,0.5,4609.73,0,4609.69,4574.683280532601,4574.95,F3,True,4316974.685,3253400.9999999795,3232329.7499999795,S6-K2P0|F3|1777599000|SHORT,EXIT_SL_RAISED,False,S6-K2P0,SHORT,S,0.5,1777617067.532,1777599000,1777599900.0,1777617000
3195806.249999915,momentum,0.5,4612.02,0,4611.97,4611.364025453885,4611.37,F1,True,4319109.905,56190.000000034066,35118.750000034066,S6-K2P0|F1|1777838400|SHORT,EXIT_SL_RAISED,False,S6-K2P0,SHORT,S,0.5,1777845537.642,1777838400,1777839300.0,1777844700
3195806.249999915,momentum,0.5,4612.02,0,4611.97,4611.364025453885,4611.37,F2,True,4319109.905,56190.000000034066,35118.750000034066,S6-K2P0|F2|1777838400|SHORT,EXIT_SL_RAISED,False,S6-K2P0,SHORT,S,0.5,1777845537.642,1777838400,1777839300.0,1777844700
3195806.249999915,momentum,0.5,4612.02,0,4611.97,4611.364025453885,4611.37,F3,True,4319109.905,56190.000000034066,35118.750000034066,S6-K2P0|F3|1777838400|SHORT,EXIT_SL_RAISED,False,S6-K2P0,SHORT,S,0.5,1777845537.642,1777838400,1777839300.0,1777844700
3852292.7500000205,momentum,0.5,4614.95,0,4615.43,4597.545651424014,4597.51,F1,True,4322350.195,-1678208.0000000068,-1699279.2500000068,S6-K2P0|F1|1777851900|LONG,EXIT_SL_RAISED,False,S6-K2P0,LONG,L,0.5,1777858041.259,1777851900,1777852800.0,1777857300
3852292.7500000205,momentum,0.5,4614.95,0,4615.43,4597.545651424014,4597.51,F2,True,4322350.195,-1678208.0000000068,-1699279.2500000068,S6-K2P0|F2|1777851900|LONG,EXIT_SL_RAISED,False,S6-K2P0,LONG,L,0.5,1777858041.259,1777851900,1777852800.0,1777857300
3852292.7500000205,momentum,0.5,4614.95,0,4615.43,4597.545651424014,4597.51,F3,True,4322350.195,-1678208.0000000068,-1699279.2500000068,S6-K2P0|F3|1777851900|LONG,EXIT_SL_RAISED,False,S6-K2P0,LONG,L,0.5,1777858041.259,1777851900,1777852800.0,1777857300
1505891.9999999932,momentum,0.5,4523.63,1,4521.58,4518.3,4518.35,F1,False,4234459.67,-302489.49999995914,-302489.49999995914,S6-K2P0|F1|1777913100|LONG,reverse,False,S6-K2P0,LONG,L,0.5,1777923900,1777913100,1777918500.0,1777923000
1505891.9999999932,momentum,0.5,4523.63,1,4521.58,4518.3,4518.35,F2,False,4234459.67,-302489.49999995914,-302489.49999995914,S6-K2P0|F2|1777913100|LONG,reverse,False,S6-K2P0,LONG,L,0.5,1777923900,1777913100,1777918500.0,1777923000
1505891.9999999932,momentum,0.5,4523.63,1,4521.58,4518.3,4518.35,F3,False,4234459.67,-302489.49999995914,-302489.49999995914,S6-K2P0|F3|1777913100|LONG,reverse,False,S6-K2P0,LONG,L,0.5,1777923900,1777913100,1777918500.0,1777923000
953825.249999782,momentum,0.5,4518.3,0,4518.35,4528.534999999998,4528.55,F1,True,4231434.775,-955229.999999983,-976301.249999983,S6-K2P0|F1|1777923000|SHORT,EXIT_INITSL,False,S6-K2P0,SHORT,S,0.5,1777928049.113,1777923000,1777923900.0,1777927500
953825.249999782,momentum,0.5,4518.3,0,4518.35,4528.534999999998,4528.55,F2,True,4231434.775,-955229.999999983,-976301.249999983,S6-K2P0|F2|1777923000|SHORT,EXIT_INITSL,False,S6-K2P0,SHORT,S,0.5,1777928049.113,1777923000,1777923900.0,1777927500
953825.249999782,momentum,0.5,4518.3,0,4518.35,4528.534999999998,4528.55,F3,True,4231434.775,-955229.999999983,-976301.249999983,S6-K2P0|F3|1777923000|SHORT,EXIT_INITSL,False,S6-K2P0,SHORT,S,0.5,1777928049.113,1777923000,1777923900.0,1777927500
4098123.99999985,momentum,0.5,4546.16,0,4546.65,4545.827606369239,4545.79,F1,True,4257937.725,-80538.99999996934,-101610.24999996934,S6-K2P0|F1|1777948200|LONG,EXIT_SL_RAISED,False,S6-K2P0,LONG,L,0.5,1777963430.714,1777948200,1777949100.0,1777962600
4098123.99999985,momentum,0.5,4546.16,0,4546.65,4545.827606369239,4545.79,F2,True,4257937.725,-80538.99999996934,-101610.24999996934,S6-K2P0|F2|1777948200|LONG,EXIT_SL_RAISED,False,S6-K2P0,LONG,L,0.5,1777963430.714,1777948200,1777949100.0,1777962600
4098123.99999985,momentum,0.5,4546.16,0,4546.65,4545.827606369239,4545.79,F3,True,4257937.725,-80538.99999996934,-101610.24999996934,S6-K2P0|F3|1777948200|LONG,EXIT_SL_RAISED,False,S6-K2P0,LONG,L,0.5,1777963430.714,1777948200,1777949100.0,1777962600
9582736.249999898,momentum,0.5,4573.14,0,4573.8,4701.54464645573,4701.51,F1,True,4283363.7,11960041.500000004,11938970.250000004,S6-K2P0|F1|1778006700|LONG,EXIT_SL_RAISED,False,S6-K2P0,LONG,L,0.5,1778053383.912,1778006700,1778007600.0,1778052600
9582736.249999898,momentum,0.5,4573.14,0,4573.8,4701.54464645573,4701.51,F2,True,4283363.7,11960041.500000004,11938970.250000004,S6-K2P0|F2|1778006700|LONG,EXIT_SL_RAISED,False,S6-K2P0,LONG,L,0.5,1778053383.912,1778006700,1778007600.0,1778052600
9582736.249999898,momentum,0.5,4573.14,0,4573.8,4701.54464645573,4701.51,F3,True,4283363.7,11960041.500000004,11938970.250000004,S6-K2P0|F3|1778006700|LONG,EXIT_SL_RAISED,False,S6-K2P0,LONG,L,0.5,1778053383.912,1778006700,1778007600.0,1778052600
2875054.999999983,momentum,0.5,4707.86,0,4708.39,4733.895478565705,4733.2,F1,True,4409407.235,2323456.4999999525,2302385.2499999525,S6-K2P0|F1|1778119200|LONG,EXIT_SL_RAISED,False,S6-K2P0,LONG,L,0.5,1778129339.275,1778119200,1778120100.0,1778129100
2875054.999999983,momentum,0.5,4707.86,0,4708.39,4733.895478565705,4733.2,F2,True,4409407.235,2323456.4999999525,2302385.2499999525,S6-K2P0|F2|1778119200|LONG,EXIT_SL_RAISED,False,S6-K2P0,LONG,L,0.5,1778129339.275,1778119200,1778120100.0,1778129100
2875054.999999983,momentum,0.5,4707.86,0,4708.39,4733.895478565705,4733.2,F3,True,4409407.235,2323456.4999999525,2302385.2499999525,S6-K2P0|F3|1778119200|LONG,EXIT_SL_RAISED,False,S6-K2P0,LONG,L,0.5,1778129339.275,1778119200,1778120100.0,1778129100
5394708.249999874,momentum,0.5,4686.98,1,4691.11,4699.617832107224,4699.67,F1,True,4393224.515,-801644.0000000375,-822715.2500000375,S6-K2P0|F1|1778172300|SHORT,EXIT_SL_RAISED,False,S6-K2P0,SHORT,S,0.5,1778183148.87,1778172300,1778177700.0,1778183100
5394708.249999874,momentum,0.5,4686.98,1,4691.11,4699.617832107224,4699.67,F2,True,4393224.515,-801644.0000000375,-822715.2500000375,S6-K2P0|F2|1778172300|SHORT,EXIT_SL_RAISED,False,S6-K2P0,SHORT,S,0.5,1778183148.87,1778172300,1778177700.0,1778183100
5394708.249999874,momentum,0.5,4686.98,1,4691.11,4699.617832107224,4699.67,F3,True,4393224.515,-801644.0000000375,-822715.2500000375,S6-K2P0|F3|1778172300|SHORT,EXIT_SL_RAISED,False,S6-K2P0,SHORT,S,0.5,1778183148.87,1778172300,1778177700.0,1778183100
5726229.249999955,momentum,0.5,4713.92,0,4714.15,4710.910901309721,4710.85,F1,True,4414801.475,-309044.99999993184,-330116.24999993184,S6-K2P0|F1|1778187600|LONG,EXIT_SL_RAISED,False,S6-K2P0,LONG,L,0.5,1778193403.974,1778187600,1778188500.0,1778193000
5726229.249999955,momentum,0.5,4713.92,0,4714.15,4710.910901309721,4710.85,F2,True,4414801.475,-309044.99999993184,-330116.24999993184,S6-K2P0|F2|1778187600|LONG,EXIT_SL_RAISED,False,S6-K2P0,LONG,L,0.5,1778193403.974,1778187600,1778188500.0,1778193000
5726229.249999955,momentum,0.5,4713.92,0,4714.15,4710.910901309721,4710.85,F3,True,4414801.475,-309044.99999993184,-330116.24999993184,S6-K2P0|F3|1778187600|LONG,EXIT_SL_RAISED,False,S6-K2P0,LONG,L,0.5,1778193403.974,1778187600,1778188500.0,1778193000
4201138.9999998845,momentum,0.5,4733.47,0,4733.98,4715.04,4714.97,F1,False,4433372.27,-1780286.4999999353,-1780286.4999999353,S6-K2P0|F1|1778206500|LONG,reverse,False,S6-K2P0,LONG,L,0.5,1778210100,1778206500,1778207400.0,1778209200
4201138.9999998845,momentum,0.5,4733.47,0,4733.98,4715.04,4714.97,F2,False,4433372.27,-1780286.4999999353,-1780286.4999999353,S6-K2P0|F2|1778206500|LONG,reverse,False,S6-K2P0,LONG,L,0.5,1778210100,1778206500,1778207400.0,1778209200
4201138.9999998845,momentum,0.5,4733.47,0,4733.98,4715.04,4714.97,F3,False,4433372.27,-1780286.4999999353,-1780286.4999999353,S6-K2P0|F3|1778206500|LONG,reverse,False,S6-K2P0,LONG,L,0.5,1778210100,1778206500,1778207400.0,1778209200
6170130.2500000205,momentum,0.5,4683.46,0,4683.27,4695.770218915321,4695.8,F1,True,4385882.355,-1173434.4999999763,-1194505.7499999763,S6-K2P0|F1|1778445900|SHORT,EXIT_SL_RAISED,False,S6-K2P0,SHORT,S,0.5,1778447843.728,1778445900,1778446800.0,1778447700
6170130.2500000205,momentum,0.5,4683.46,0,4683.27,4695.770218915321,4695.8,F2,True,4385882.355,-1173434.4999999763,-1194505.7499999763,S6-K2P0|F2|1778445900|SHORT,EXIT_SL_RAISED,False,S6-K2P0,SHORT,S,0.5,1778447843.728,1778445900,1778446800.0,1778447700
6170130.2500000205,momentum,0.5,4683.46,0,4683.27,4695.770218915321,4695.8,F3,True,4385882.355,-1173434.4999999763,-1194505.7499999763,S6-K2P0|F3|1778445900|SHORT,EXIT_SL_RAISED,False,S6-K2P0,SHORT,S,0.5,1778447843.728,1778445900,1778446800.0,1778447700
4689055.500000143,momentum,0.5,4685.53,0,4685.48,4668.668401124635,4668.72,F1,True,4387952.02,1569573.9999999353,1548502.7499999353,S6-K2P0|F1|1778449500|SHORT,EXIT_SL_RAISED,False,S6-K2P0,SHORT,S,0.5,1778465852.504,1778449500,1778450400.0,1778465700
4689055.500000143,momentum,0.5,4685.53,0,4685.48,4668.668401124635,4668.72,F2,True,4387952.02,1569573.9999999353,1548502.7499999353,S6-K2P0|F2|1778449500|SHORT,EXIT_SL_RAISED,False,S6-K2P0,SHORT,S,0.5,1778465852.504,1778449500,1778450400.0,1778465700
4689055.500000143,momentum,0.5,4685.53,0,4685.48,4668.668401124635,4668.72,F3,True,4387952.02,1569573.9999999353,1548502.7499999353,S6-K2P0|F3|1778449500|SHORT,EXIT_SL_RAISED,False,S6-K2P0,SHORT,S,0.5,1778465852.504,1778449500,1778450400.0,1778465700
4455398.749999898,emaslope,0.5,4450.43,0,4450.98,4460.264055972061,4458.94,F1,True,4168342.7699999996,745454.0000000034,724382.7500000034,S6-K2P0|F1|1767653100|LONG,EXIT_SL_RAISED,False,S6-K2P0,LONG,L,0.5,1767667628.615,1767653100,1767654000.0,1767667500
4455398.749999898,emaslope,0.5,4450.43,0,4450.98,4460.264055972061,4458.94,F2,True,4168342.7699999996,745454.0000000034,724382.7500000034,S6-K2P0|F2|1767653100|LONG,EXIT_SL_RAISED,False,S6-K2P0,LONG,L,0.5,1767667628.615,1767653100,1767654000.0,1767667500
4455398.749999898,emaslope,0.5,4450.43,0,4450.98,4460.264055972061,4458.94,F3,True,4168342.7699999996,745454.0000000034,724382.7500000034,S6-K2P0|F3|1767653100|LONG,EXIT_SL_RAISED,False,S6-K2P0,LONG,L,0.5,1767667628.615,1767653100,1767654000.0,1767667500
6284383.250000045,emaslope,0.5,4452.31,0,4452.31,4458.543331583283,4458.6,F1,True,4169588.3150000004,-589058.4999999966,-610129.7499999966,S6-K2P0|F1|1767753000|SHORT,EXIT_SL_RAISED,False,S6-K2P0,SHORT,S,0.5,1767755342.79,1767753000,1767753900.0,1767754800
6284383.250000045,emaslope,0.5,4452.31,0,4452.31,4458.543331583283,4458.6,F2,True,4169588.3150000004,-589058.4999999966,-610129.7499999966,S6-K2P0|F2|1767753000|SHORT,EXIT_SL_RAISED,False,S6-K2P0,SHORT,S,0.5,1767755342.79,1767753000,1767753900.0,1767754800
6284383.250000045,emaslope,0.5,4452.31,0,4452.31,4458.543331583283,4458.6,F3,True,4169588.3150000004,-589058.4999999966,-610129.7499999966,S6-K2P0|F3|1767753000|SHORT,EXIT_SL_RAISED,False,S6-K2P0,SHORT,S,0.5,1767755342.79,1767753000,1767753900.0,1767754800
2376837.0000000102,emaslope,0.5,4454.86,0,4454.87,4457.241646448888,4457.25,F1,True,4171985.755,-222887.00000001022,-243958.25000001022,S6-K2P0|F1|1767755700|SHORT,EXIT_SL_RAISED,False,S6-K2P0,SHORT,S,0.5,1767760591.353,1767755700,1767756600.0,1767760200
2376837.0000000102,emaslope,0.5,4454.86,0,4454.87,4457.241646448888,4457.25,F2,True,4171985.755,-222887.00000001022,-243958.25000001022,S6-K2P0|F2|1767755700|SHORT,EXIT_SL_RAISED,False,S6-K2P0,SHORT,S,0.5,1767760591.353,1767755700,1767756600.0,1767760200
2376837.0000000102,emaslope,0.5,4454.86,0,4454.87,4457.241646448888,4457.25,F3,True,4171985.755,-222887.00000001022,-243958.25000001022,S6-K2P0|F3|1767755700|SHORT,EXIT_SL_RAISED,False,S6-K2P0,SHORT,S,0.5,1767760591.353,1767755700,1767756600.0,1767760200
1290496.999999891,emaslope,0.5,4572.26,0,4572.6,4585.336923789546,4585.31,F1,True,4282239.9,1190291.5000000035,1169220.2500000035,S6-K2P0|F1|1768184100|LONG,EXIT_SL_RAISED,False,S6-K2P0,LONG,L,0.5,1768206350.922,1768184100,1768185000.0,1768205700
1290496.999999891,emaslope,0.5,4572.26,0,4572.6,4585.336923789546,4585.31,F2,True,4282239.9,1190291.5000000035,1169220.2500000035,S6-K2P0|F2|1768184100|LONG,EXIT_SL_RAISED,False,S6-K2P0,LONG,L,0.5,1768206350.922,1768184100,1768185000.0,1768205700
1290496.999999891,emaslope,0.5,4572.26,0,4572.6,4585.336923789546,4585.31,F3,True,4282239.9,1190291.5000000035,1169220.2500000035,S6-K2P0|F3|1768184100|LONG,EXIT_SL_RAISED,False,S6-K2P0,LONG,L,0.5,1768206350.922,1768184100,1768185000.0,1768205700
4402954.750000031,emaslope,0.5,4598.93,0,4599.68,4581.7478809396835,4581.49,F1,True,4307600.32,-1703493.5000000477,-1724564.7500000477,S6-K2P0|F1|1768250700|LONG,EXIT_SL_RAISED,False,S6-K2P0,LONG,L,0.5,1768255478.209,1768250700,1768251600.0,1768255200
4402954.750000031,emaslope,0.5,4598.93,0,4599.68,4581.7478809396835,4581.49,F2,True,4307600.32,-1703493.5000000477,-1724564.7500000477,S6-K2P0|F2|1768250700|LONG,EXIT_SL_RAISED,False,S6-K2P0,LONG,L,0.5,1768255478.209,1768250700,1768251600.0,1768255200
4402954.750000031,emaslope,0.5,4598.93,0,4599.68,4581.7478809396835,4581.49,F3,True,4307600.32,-1703493.5000000477,-1724564.7500000477,S6-K2P0|F3|1768250700|LONG,EXIT_SL_RAISED,False,S6-K2P0,LONG,L,0.5,1768255478.209,1768250700,1768251600.0,1768255200
4607579.999999813,emaslope,0.5,4581.59,0,4581.59,4594.252981659563,4594.39,F1,True,4290659.035,-1198720.000000017,-1219791.250000017,S6-K2P0|F1|1768256100|SHORT,EXIT_SL_RAISED,False,S6-K2P0,SHORT,S,0.5,1768261613.248,1768256100,1768257000.0,1768261500
4607579.999999813,emaslope,0.5,4581.59,0,4581.59,4594.252981659563,4594.39,F2,True,4290659.035,-1198720.000000017,-1219791.250000017,S6-K2P0|F2|1768256100|SHORT,EXIT_SL_RAISED,False,S6-K2P0,SHORT,S,0.5,1768261613.248,1768256100,1768257000.0,1768261500
4607579.999999813,emaslope,0.5,4581.59,0,4581.59,4594.252981659563,4594.39,F3,True,4290659.035,-1198720.000000017,-1219791.250000017,S6-K2P0|F3|1768256100|SHORT,EXIT_SL_RAISED,False,S6-K2P0,SHORT,S,0.5,1768261613.248,1768256100,1768257000.0,1768261500
2400717.750000191,emaslope,0.5,4601.2,0,4601.68,4587.596688507731,4587.45,F1,True,4309473.32,-1332639.5000000442,-1353710.7500000442,S6-K2P0|F1|1768270500|LONG,EXIT_SL_RAISED,False,S6-K2P0,LONG,L,0.5,1768274161.686,1768270500,1768271400.0,1768274100
2400717.750000191,emaslope,0.5,4601.2,0,4601.68,4587.596688507731,4587.45,F2,True,4309473.32,-1332639.5000000442,-1353710.7500000442,S6-K2P0|F2|1768270500|LONG,EXIT_SL_RAISED,False,S6-K2P0,LONG,L,0.5,1768274161.686,1768270500,1768271400.0,1768274100
2400717.750000191,emaslope,0.5,4601.2,0,4601.68,4587.596688507731,4587.45,F3,True,4309473.32,-1332639.5000000442,-1353710.7500000442,S6-K2P0|F3|1768270500|LONG,EXIT_SL_RAISED,False,S6-K2P0,LONG,L,0.5,1768274161.686,1768270500,1768271400.0,1768274100
4618349.7500000475,emaslope,0.5,4591.32,0,4591.28,4599.856052213936,4600.02,F1,True,4299733.72,-818501.0000000647,-839572.2500000647,S6-K2P0|F1|1768435200|SHORT,EXIT_SL_RAISED,False,S6-K2P0,SHORT,S,0.5,1768446119.284,1768435200,1768436100.0,1768446000
4618349.7500000475,emaslope,0.5,4591.32,0,4591.28,4599.856052213936,4600.02,F2,True,4299733.72,-818501.0000000647,-839572.2500000647,S6-K2P0|F2|1768435200|SHORT,EXIT_SL_RAISED,False,S6-K2P0,SHORT,S,0.5,1768446119.284,1768435200,1768436100.0,1768446000
4618349.7500000475,emaslope,0.5,4591.32,0,4591.28,4599.856052213936,4600.02,F3,True,4299733.72,-818501.0000000647,-839572.2500000647,S6-K2P0|F3|1768435200|SHORT,EXIT_SL_RAISED,False,S6-K2P0,SHORT,S,0.5,1768446119.284,1768435200,1768436100.0,1768446000
2720532.500000017,emaslope,0.5,4595.79,0,4595.75,4602.276352458522,4602.33,F1,True,4303919.875,-616216.9999999931,-637288.2499999931,S6-K2P0|F1|1768519800|SHORT,EXIT_SL_RAISED,False,S6-K2P0,SHORT,S,0.5,1768530647.638,1768519800,1768520700.0,1768530600
2720532.500000017,emaslope,0.5,4595.79,0,4595.75,4602.276352458522,4602.33,F2,True,4303919.875,-616216.9999999931,-637288.2499999931,S6-K2P0|F2|1768519800|SHORT,EXIT_SL_RAISED,False,S6-K2P0,SHORT,S,0.5,1768530647.638,1768519800,1768520700.0,1768530600
2720532.500000017,emaslope,0.5,4595.79,0,4595.75,4602.276352458522,4602.33,F3,True,4303919.875,-616216.9999999931,-637288.2499999931,S6-K2P0|F3|1768519800|SHORT,EXIT_SL_RAISED,False,S6-K2P0,SHORT,S,0.5,1768530647.638,1768519800,1768520700.0,1768530600
2345932.499999847,emaslope,0.5,4668.77,0,4669.26,4663.544000938896,4663.53,F1,True,4372761.99,-536614.5000000442,-557685.7500000442,S6-K2P0|F1|1768780800|LONG,EXIT_SL_RAISED,False,S6-K2P0,LONG,L,0.5,1768797920.634,1768780800,1768781700.0,1768797900
2345932.499999847,emaslope,0.5,4668.77,0,4669.26,4663.544000938896,4663.53,F2,True,4372761.99,-536614.5000000442,-557685.7500000442,S6-K2P0|F2|1768780800|LONG,EXIT_SL_RAISED,False,S6-K2P0,LONG,L,0.5,1768797920.634,1768780800,1768781700.0,1768797900
2345932.499999847,emaslope,0.5,4668.77,0,4669.26,4663.544000938896,4663.53,F3,True,4372761.99,-536614.5000000442,-557685.7500000442,S6-K2P0|F3|1768780800|LONG,EXIT_SL_RAISED,False,S6-K2P0,LONG,L,0.5,1768797920.634,1768780800,1768781700.0,1768797900
4150568.000000143,emaslope,0.5,4670.04,0,4670.54,4723.275664873638,4723.23,F1,True,4373960.71,4934418.499999963,4913347.249999963,S6-K2P0|F1|1768860000|LONG,EXIT_SL_RAISED,False,S6-K2P0,LONG,L,0.5,1768894386.235,1768860000,1768860900.0,1768894200
4150568.000000143,emaslope,0.5,4670.04,0,4670.54,4723.275664873638,4723.23,F2,True,4373960.71,4934418.499999963,4913347.249999963,S6-K2P0|F2|1768860000|LONG,EXIT_SL_RAISED,False,S6-K2P0,LONG,L,0.5,1768894386.235,1768860000,1768860900.0,1768894200
4150568.000000143,emaslope,0.5,4670.04,0,4670.54,4723.275664873638,4723.23,F3,True,4373960.71,4934418.499999963,4913347.249999963,S6-K2P0|F3|1768860000|LONG,EXIT_SL_RAISED,False,S6-K2P0,LONG,L,0.5,1768894386.235,1768860000,1768860900.0,1768894200
2960276.4999999693,emaslope,0.5,4793.32,0,4793.39,4796.5,4797.0,F1,False,4489009.735,-338076.4999999693,-338076.4999999693,S6-K2P0|F1|1769036400|SHORT,reverse,False,S6-K2P0,SHORT,S,0.5,1769043600,1769036400,1769037300.0,1769042700
2960276.4999999693,emaslope,0.5,4793.32,0,4793.39,4796.5,4797.0,F2,False,4489009.735,-338076.4999999693,-338076.4999999693,S6-K2P0|F2|1769036400|SHORT,reverse,False,S6-K2P0,SHORT,S,0.5,1769043600,1769036400,1769037300.0,1769042700
2960276.4999999693,emaslope,0.5,4793.32,0,4793.39,4796.5,4797.0,F3,False,4489009.735,-338076.4999999693,-338076.4999999693,S6-K2P0|F3|1769036400|SHORT,reverse,False,S6-K2P0,SHORT,S,0.5,1769043600,1769036400,1769037300.0,1769042700
1734866.249999966,emaslope,0.5,4795.23,0,4795.23,4813.754999999999,4813.8,F1,True,4490732.895,-1739080.500000058,-1760151.750000058,S6-K2P0|F1|1769048100|SHORT,EXIT_INITSL,False,S6-K2P0,SHORT,S,0.5,1769050284.646,1769048100,1769049000.0,1769049900
1734866.249999966,emaslope,0.5,4795.23,0,4795.23,4813.754999999999,4813.8,F2,True,4490732.895,-1739080.500000058,-1760151.750000058,S6-K2P0|F2|1769048100|SHORT,EXIT_INITSL,False,S6-K2P0,SHORT,S,0.5,1769050284.646,1769048100,1769049000.0,1769049900
1734866.249999966,emaslope,0.5,4795.23,0,4795.23,4813.754999999999,4813.8,F3,True,4490732.895,-1739080.500000058,-1760151.750000058,S6-K2P0|F3|1769048100|SHORT,EXIT_INITSL,False,S6-K2P0,SHORT,S,0.5,1769050284.646,1769048100,1769049000.0,1769049900
6879060.7499999935,emaslope,0.5,4821.16,0,4821.67,4821.421893710133,4820.82,F1,True,4515493.955,-79602.50000003407,-100673.75000003407,S6-K2P0|F1|1769049900|LONG,EXIT_SL_RAISED,False,S6-K2P0,LONG,L,0.5,1769063546.448,1769049900,1769050800.0,1769063400
6879060.7499999935,emaslope,0.5,4821.16,0,4821.67,4821.421893710133,4820.82,F2,True,4515493.955,-79602.50000003407,-100673.75000003407,S6-K2P0|F2|1769049900|LONG,EXIT_SL_RAISED,False,S6-K2P0,LONG,L,0.5,1769063546.448,1769049900,1769050800.0,1769063400
6879060.7499999935,emaslope,0.5,4821.16,0,4821.67,4821.421893710133,4820.82,F3,True,4515493.955,-79602.50000003407,-100673.75000003407,S6-K2P0|F3|1769049900|LONG,EXIT_SL_RAISED,False,S6-K2P0,LONG,L,0.5,1769063546.448,1769049900,1769050800.0,1769063400
5386748.000000041,emaslope,0.5,4964.98,0,4965.48,4945.824384713693,4945.48,F1,True,4650172.02,-1873000.0,-1894071.25,S6-K2P0|F1|1769118300|LONG,EXIT_SL_RAISED,False,S6-K2P0,LONG,L,0.5,1769127520.283,1769118300,1769119200.0,1769127300
5386748.000000041,emaslope,0.5,4964.98,0,4965.48,4945.824384713693,4945.48,F2,True,4650172.02,-1873000.0,-1894071.25,S6-K2P0|F2|1769118300|LONG,EXIT_SL_RAISED,False,S6-K2P0,LONG,L,0.5,1769127520.283,1769118300,1769119200.0,1769127300
5386748.000000041,emaslope,0.5,4964.98,0,4965.48,4945.824384713693,4945.48,F3,True,4650172.02,-1873000.0,-1894071.25,S6-K2P0|F3|1769118300|LONG,EXIT_SL_RAISED,False,S6-K2P0,LONG,L,0.5,1769127520.283,1769118300,1769119200.0,1769127300
1935745.500000092,emaslope,0.5,4956.7,0,4957.2,4951.244329997637,4951.18,F1,True,4642417.8,-563772.9999999558,-584844.2499999558,S6-K2P0|F1|1769131800|LONG,EXIT_SL_RAISED,False,S6-K2P0,LONG,L,0.5,1769137894.666,1769131800,1769132700.0,1769137200
1935745.500000092,emaslope,0.5,4956.7,0,4957.2,4951.244329997637,4951.18,F2,True,4642417.8,-563772.9999999558,-584844.2499999558,S6-K2P0|F2|1769131800|LONG,EXIT_SL_RAISED,False,S6-K2P0,LONG,L,0.5,1769137894.666,1769131800,1769132700.0,1769137200
1935745.500000092,emaslope,0.5,4956.7,0,4957.2,4951.244329997637,4951.18,F3,True,4642417.8,-563772.9999999558,-584844.2499999558,S6-K2P0|F3|1769131800|LONG,EXIT_SL_RAISED,False,S6-K2P0,LONG,L,0.5,1769137894.666,1769131800,1769132700.0,1769137200
5743086.250000154,emaslope,0.5,5074.23,0,5074.64,5077.78,5077.88,F1,False,4752400.36,303425.99999997957,282354.74999997957,S6-K2P0|F1|1769395500|LONG,EXIT_TRAIL,True,S6-K2P0,LONG,L,0.5,1769400000,1769395500,1769396400.0,1769399100
5743086.250000154,emaslope,0.5,5074.23,0,5074.64,5077.78,5077.88,F2,False,4752400.36,303425.99999997957,282354.74999997957,S6-K2P0|F2|1769395500|LONG,EXIT_TRAIL,True,S6-K2P0,LONG,L,0.5,1769400000,1769395500,1769396400.0,1769399100
5743086.250000154,emaslope,0.5,5074.23,0,5074.64,5077.78,5077.88,F3,False,4752400.36,303425.99999997957,282354.74999997957,S6-K2P0|F3|1769395500|LONG,EXIT_TRAIL,True,S6-K2P0,LONG,L,0.5,1769400000,1769395500,1769396400.0,1769399100
6532087.500000085,emaslope,0.5,5031.77,0,5031.71,5053.104461192788,5053.15,F1,True,4712196.415,-2007855.9999999625,-2028927.2499999625,S6-K2P0|F1|1769463000|SHORT,EXIT_SL_RAISED,False,S6-K2P0,SHORT,S,0.5,1769465406.353,1769463000,1769463900.0,1769464800
6532087.500000085,emaslope,0.5,5031.77,0,5031.71,5053.104461192788,5053.15,F2,True,4712196.415,-2007855.9999999625,-2028927.2499999625,S6-K2P0|F2|1769463000|SHORT,EXIT_SL_RAISED,False,S6-K2P0,SHORT,S,0.5,1769465406.353,1769463000,1769463900.0,1769464800
6532087.500000085,emaslope,0.5,5031.77,0,5031.71,5053.104461192788,5053.15,F3,True,4712196.415,-2007855.9999999625,-2028927.2499999625,S6-K2P0|F3|1769463000|SHORT,EXIT_SL_RAISED,False,S6-K2P0,SHORT,S,0.5,1769465406.353,1769463000,1769463900.0,1769464800
5563746.499999986,emaslope,0.5,5063.78,0,5064.28,5063.39,5063.58,F1,False,4742698.22,-65554.99999998296,-65554.99999998296,S6-K2P0|F1|1769468400|LONG,reverse,False,S6-K2P0,LONG,L,0.5,1769480100,1769468400,1769469300.0,1769479200
5563746.499999986,emaslope,0.5,5063.78,0,5064.28,5063.39,5063.58,F2,False,4742698.22,-65554.99999998296,-65554.99999998296,S6-K2P0|F2|1769468400|LONG,reverse,False,S6-K2P0,LONG,L,0.5,1769480100,1769468400,1769469300.0,1769479200
5563746.499999986,emaslope,0.5,5063.78,0,5064.28,5063.39,5063.58,F3,False,4742698.22,-65554.99999998296,-65554.99999998296,S6-K2P0|F3|1769468400|LONG,reverse,False,S6-K2P0,LONG,L,0.5,1769480100,1769468400,1769469300.0,1769479200
4859030.2500000205,emaslope,0.5,5074.48,0,5074.96,5076.335440065676,5076.33,F1,True,4752700.04,128300.49999998978,107229.24999998978,S6-K2P0|F1|1769481000|LONG,EXIT_SL_RAISED,False,S6-K2P0,LONG,L,0.5,1769491768.394,1769481000,1769481900.0,1769490900
4859030.2500000205,emaslope,0.5,5074.48,0,5074.96,5076.335440065676,5076.33,F2,True,4752700.04,128300.49999998978,107229.24999998978,S6-K2P0|F2|1769481000|LONG,EXIT_SL_RAISED,False,S6-K2P0,LONG,L,0.5,1769491768.394,1769481000,1769481900.0,1769490900
4859030.2500000205,emaslope,0.5,5074.48,0,5074.96,5076.335440065676,5076.33,F3,True,4752700.04,128300.49999998978,107229.24999998978,S6-K2P0|F3|1769481000|LONG,EXIT_SL_RAISED,False,S6-K2P0,LONG,L,0.5,1769491768.394,1769481000,1769481900.0,1769490900
9843083.24999979,emaslope,0.5,5190.91,0,5190.07,5283.9668052275965,5283.96,F1,True,4860500.555,8792798.50000003,8771727.25000003,S6-K2P0|F1|1769551200|LONG,EXIT_SL_RAISED,False,S6-K2P0,LONG,L,0.5,1769579154.85,1769551200,1769552100.0,1769579100
9843083.24999979,emaslope,0.5,5190.91,0,5190.07,5283.9668052275965,5283.96,F2,True,4860500.555,8792798.50000003,8771727.25000003,S6-K2P0|F2|1769551200|LONG,EXIT_SL_RAISED,False,S6-K2P0,LONG,L,0.5,1769579154.85,1769551200,1769552100.0,1769579100
9843083.24999979,emaslope,0.5,5190.91,0,5190.07,5283.9668052275965,5283.96,F3,True,4860500.555,8792798.50000003,8771727.25000003,S6-K2P0|F3|1769551200|LONG,EXIT_SL_RAISED,False,S6-K2P0,LONG,L,0.5,1769579154.85,1769551200,1769552100.0,1769579100
8211232.000000197,emaslope,0.5,5525.67,0,5526.06,5547.056212210802,5546.63,F1,True,5175155.19,1926380.4999999728,1905309.2499999728,S6-K2P0|F1|1769643000|LONG,EXIT_SL_RAISED,False,S6-K2P0,LONG,L,0.5,1769660912.588,1769643000,1769643900.0,1769660100
8211232.000000197,emaslope,0.5,5525.67,0,5526.06,5547.056212210802,5546.63,F2,True,5175155.19,1926380.4999999728,1905309.2499999728,S6-K2P0|F2|1769643000|LONG,EXIT_SL_RAISED,False,S6-K2P0,LONG,L,0.5,1769660912.588,1769643000,1769643900.0,1769660100
8211232.000000197,emaslope,0.5,5525.67,0,5526.06,5547.056212210802,5546.63,F3,True,5175155.19,1926380.4999999728,1905309.2499999728,S6-K2P0|F3|1769643000|LONG,EXIT_SL_RAISED,False,S6-K2P0,LONG,L,0.5,1769660912.588,1769643000,1769643900.0,1769660100
17544859.24999994,emaslope,0.5,5184.7,0,5184.51,5052.835403337422,5053.3,F1,True,4855293.615,12287816.500000004,12266745.250000004,S6-K2P0|F1|1769741100|SHORT,EXIT_SL_RAISED,False,S6-K2P0,SHORT,S,0.5,1769757586.308,1769741100,1769742000.0,1769757300
17544859.24999994,emaslope,0.5,5184.7,0,5184.51,5052.835403337422,5053.3,F2,True,4855293.615,12287816.500000004,12266745.250000004,S6-K2P0|F2|1769741100|SHORT,EXIT_SL_RAISED,False,S6-K2P0,SHORT,S,0.5,1769757586.308,1769741100,1769742000.0,1769757300
17544859.24999994,emaslope,0.5,5184.7,0,5184.51,5052.835403337422,5053.3,F3,True,4855293.615,12287816.500000004,12266745.250000004,S6-K2P0|F3|1769741100|SHORT,EXIT_SL_RAISED,False,S6-K2P0,SHORT,S,0.5,1769757586.308,1769741100,1769742000.0,1769757300
23204597.00000006,emaslope,0.5,4838.06,1,4741.16,4829.137040942913,4830.93,F1,True,4440096.34,-8406960.500000041,-8428031.750000041,S6-K2P0|F1|1769795100|SHORT,EXIT_SL_RAISED,False,S6-K2P0,SHORT,S,0.5,1769980306.427,1769795100,1769976900.0,1769979600
23204597.00000006,emaslope,0.5,4838.06,1,4741.16,4829.137040942913,4830.93,F2,True,4440096.34,-8406960.500000041,-8428031.750000041,S6-K2P0|F2|1769795100|SHORT,EXIT_SL_RAISED,False,S6-K2P0,SHORT,S,0.5,1769980306.427,1769795100,1769976900.0,1769979600
23204597.00000006,emaslope,0.5,4838.06,1,4741.16,4829.137040942913,4830.93,F3,True,4440096.34,-8406960.500000041,-8428031.750000041,S6-K2P0|F3|1769795100|SHORT,EXIT_SL_RAISED,False,S6-K2P0,SHORT,S,0.5,1769980306.427,1769795100,1769976900.0,1769979600
60088181.25000017,emaslope,0.5,4643.74,0,4643.27,4533.3926162096195,4533.65,F1,True,4348422.355,10265913.000000075,10244841.750000075,S6-K2P0|F1|1769983200|SHORT,EXIT_SL_RAISED,False,S6-K2P0,SHORT,S,0.5,1770005024.658,1769983200,1769984100.0,1770004800
60088181.25000017,emaslope,0.5,4643.74,0,4643.27,4533.3926162096195,4533.65,F2,True,4348422.355,10265913.000000075,10244841.750000075,S6-K2P0|F2|1769983200|SHORT,EXIT_SL_RAISED,False,S6-K2P0,SHORT,S,0.5,1770005024.658,1769983200,1769984100.0,1770004800
60088181.25000017,emaslope,0.5,4643.74,0,4643.27,4533.3926162096195,4533.65,F3,True,4348422.355,10265913.000000075,10244841.750000075,S6-K2P0|F3|1769983200|SHORT,EXIT_SL_RAISED,False,S6-K2P0,SHORT,S,0.5,1770005024.658,1769983200,1769984100.0,1770004800
20803879.249999955,emaslope,0.5,4829.13,0,4829.84,4778.959934821185,4777.87,F1,True,4523145.16,-4866990.500000024,-4888061.750000024,S6-K2P0|F1|1770069600|LONG,EXIT_SL_RAISED,False,S6-K2P0,LONG,L,0.5,1770074294.568,1770069600,1770070500.0,1770074100
20803879.249999955,emaslope,0.5,4829.13,0,4829.84,4778.959934821185,4777.87,F2,True,4523145.16,-4866990.500000024,-4888061.750000024,S6-K2P0|F2|1770069600|LONG,EXIT_SL_RAISED,False,S6-K2P0,LONG,L,0.5,1770074294.568,1770069600,1770070500.0,1770074100
20803879.249999955,emaslope,0.5,4829.13,0,4829.84,4778.959934821185,4777.87,F3,True,4523145.16,-4866990.500000024,-4888061.750000024,S6-K2P0|F3|1770069600|LONG,EXIT_SL_RAISED,False,S6-K2P0,LONG,L,0.5,1770074294.568,1770069600,1770070500.0,1770074100
12988318.500000132,emaslope,0.5,4805.57,0,4805.78,4898.4478308849,4898.41,F1,True,4500612.97,8674799.50000001,8653728.25000001,S6-K2P0|F1|1770078600|LONG,EXIT_SL_RAISED,False,S6-K2P0,LONG,L,0.5,1770100036.48,1770078600,1770079500.0,1770099300
12988318.500000132,emaslope,0.5,4805.57,0,4805.78,4898.4478308849,4898.41,F2,True,4500612.97,8674799.50000001,8653728.25000001,S6-K2P0|F2|1770078600|LONG,EXIT_SL_RAISED,False,S6-K2P0,LONG,L,0.5,1770100036.48,1770078600,1770079500.0,1770099300
12988318.500000132,emaslope,0.5,4805.57,0,4805.78,4898.4478308849,4898.41,F3,True,4500612.97,8674799.50000001,8653728.25000001,S6-K2P0|F3|1770078600|LONG,EXIT_SL_RAISED,False,S6-K2P0,LONG,L,0.5,1770100036.48,1770078600,1770079500.0,1770099300
13384457.999999836,emaslope,0.5,4986.66,0,4987.15,5052.764964698067,5052.12,F1,True,4670465.975,6084440.500000024,6063369.250000024,S6-K2P0|F1|1770152400|LONG,EXIT_SL_RAISED,False,S6-K2P0,LONG,L,0.5,1770174921.256,1770152400,1770153300.0,1770174900
13384457.999999836,emaslope,0.5,4986.66,0,4987.15,5052.764964698067,5052.12,F2,True,4670465.975,6084440.500000024,6063369.250000024,S6-K2P0|F2|1770152400|LONG,EXIT_SL_RAISED,False,S6-K2P0,LONG,L,0.5,1770174921.256,1770152400,1770153300.0,1770174900
13384457.999999836,emaslope,0.5,4986.66,0,4987.15,5052.764964698067,5052.12,F3,True,4670465.975,6084440.500000024,6063369.250000024,S6-K2P0|F3|1770152400|LONG,EXIT_SL_RAISED,False,S6-K2P0,LONG,L,0.5,1770174921.256,1770152400,1770153300.0,1770174900
3823261.249999898,emaslope,0.5,5076.53,0,5076.93,5056.306099226791,5056.25,F1,True,4754544.945,-1936682.0000000272,-1957753.2500000272,S6-K2P0|F1|1770176700|LONG,EXIT_SL_RAISED,False,S6-K2P0,LONG,L,0.5,1770186191.038,1770176700,1770177600.0,1770185700
3823261.249999898,emaslope,0.5,5076.53,0,5076.93,5056.306099226791,5056.25,F2,True,4754544.945,-1936682.0000000272,-1957753.2500000272,S6-K2P0|F2|1770176700|LONG,EXIT_SL_RAISED,False,S6-K2P0,LONG,L,0.5,1770186191.038,1770176700,1770177600.0,1770185700
3823261.249999898,emaslope,0.5,5076.53,0,5076.93,5056.306099226791,5056.25,F3,True,4754544.945,-1936682.0000000272,-1957753.2500000272,S6-K2P0|F3|1770176700|LONG,EXIT_SL_RAISED,False,S6-K2P0,LONG,L,0.5,1770186191.038,1770176700,1770177600.0,1770185700
6802736.000000031,emaslope,0.5,5015.66,0,5016.27,4975.2268759180615,4975.19,F1,True,4697736.855,-3847142.000000078,-3868213.250000078,S6-K2P0|F1|1770239700|LONG,EXIT_SL_RAISED,False,S6-K2P0,LONG,L,0.5,1770243166.516,1770239700,1770240600.0,1770242400
6802736.000000031,emaslope,0.5,5015.66,0,5016.27,4975.2268759180615,4975.19,F2,True,4697736.855,-3847142.000000078,-3868213.250000078,S6-K2P0|F2|1770239700|LONG,EXIT_SL_RAISED,False,S6-K2P0,LONG,L,0.5,1770243166.516,1770239700,1770240600.0,1770242400
6802736.000000031,emaslope,0.5,5015.66,0,5016.27,4975.2268759180615,4975.19,F3,True,4697736.855,-3847142.000000078,-3868213.250000078,S6-K2P0|F3|1770239700|LONG,EXIT_SL_RAISED,False,S6-K2P0,LONG,L,0.5,1770243166.516,1770239700,1770240600.0,1770242400
8506229.499999823,emaslope,0.5,4852.82,0,4852.82,4897.000582758488,4897.1,F1,True,4544665.93,-4146822.0000000615,-4167893.2500000615,S6-K2P0|F1|1770256800|SHORT,EXIT_SL_RAISED,False,S6-K2P0,SHORT,S,0.5,1770259518.313,1770256800,1770257700.0,1770259500
8506229.499999823,emaslope,0.5,4852.82,0,4852.82,4897.000582758488,4897.1,F2,True,4544665.93,-4146822.0000000615,-4167893.2500000615,S6-K2P0|F2|1770256800|SHORT,EXIT_SL_RAISED,False,S6-K2P0,SHORT,S,0.5,1770259518.313,1770256800,1770257700.0,1770259500
8506229.499999823,emaslope,0.5,4852.82,0,4852.82,4897.000582758488,4897.1,F3,True,4544665.93,-4146822.0000000615,-4167893.2500000615,S6-K2P0|F3|1770256800|SHORT,EXIT_SL_RAISED,False,S6-K2P0,SHORT,S,0.5,1770259518.313,1770256800,1770257700.0,1770259500
4693269.7499999795,emaslope,0.5,5036.86,0,5037.01,5011.333621151338,5011.27,F1,True,4717159.865,-2410550.9999999795,-2431622.2499999795,S6-K2P0|F1|1770605100|LONG,EXIT_SL_RAISED,False,S6-K2P0,LONG,L,0.5,1770610444.227,1770605100,1770606000.0,1770609600
4693269.7499999795,emaslope,0.5,5036.86,0,5037.01,5011.333621151338,5011.27,F2,True,4717159.865,-2410550.9999999795,-2431622.2499999795,S6-K2P0|F2|1770605100|LONG,EXIT_SL_RAISED,False,S6-K2P0,LONG,L,0.5,1770610444.227,1770605100,1770606000.0,1770609600
4693269.7499999795,emaslope,0.5,5036.86,0,5037.01,5011.333621151338,5011.27,F3,True,4717159.865,-2410550.9999999795,-2431622.2499999795,S6-K2P0|F3|1770605100|LONG,EXIT_SL_RAISED,False,S6-K2P0,LONG,L,0.5,1770610444.227,1770605100,1770606000.0,1770609600
7499491.9999999935,emaslope,0.5,5017.32,0,5017.1,5050.833156333912,5051.02,F1,True,4698514.15,-3176608.000000007,-3197679.250000007,S6-K2P0|F1|1770675300|SHORT,EXIT_SL_RAISED,False,S6-K2P0,SHORT,S,0.5,1770679357.236,1770675300,1770676200.0,1770678900
7499491.9999999935,emaslope,0.5,5017.32,0,5017.1,5050.833156333912,5051.02,F2,True,4698514.15,-3176608.000000007,-3197679.250000007,S6-K2P0|F2|1770675300|SHORT,EXIT_SL_RAISED,False,S6-K2P0,SHORT,S,0.5,1770679357.236,1770675300,1770676200.0,1770678900
7499491.9999999935,emaslope,0.5,5017.32,0,5017.1,5050.833156333912,5051.02,F3,True,4698514.15,-3176608.000000007,-3197679.250000007,S6-K2P0|F3|1770675300|SHORT,EXIT_SL_RAISED,False,S6-K2P0,SHORT,S,0.5,1770679357.236,1770675300,1770676200.0,1770678900
3760983.9999999013,emaslope,0.5,5023.73,0,5023.72,5039.577378721084,5040.37,F1,True,4704713.78,-1559272.499999966,-1580343.749999966,S6-K2P0|F1|1770685200|SHORT,EXIT_SL_RAISED,False,S6-K2P0,SHORT,S,0.5,1770691981.921,1770685200,1770686100.0,1770691500
3760983.9999999013,emaslope,0.5,5023.73,0,5023.72,5039.577378721084,5040.37,F2,True,4704713.78,-1559272.499999966,-1580343.749999966,S6-K2P0|F2|1770685200|SHORT,EXIT_SL_RAISED,False,S6-K2P0,SHORT,S,0.5,1770691981.921,1770685200,1770686100.0,1770691500
3760983.9999999013,emaslope,0.5,5023.73,0,5023.72,5039.577378721084,5040.37,F3,True,4704713.78,-1559272.499999966,-1580343.749999966,S6-K2P0|F3|1770685200|SHORT,EXIT_SL_RAISED,False,S6-K2P0,SHORT,S,0.5,1770691981.921,1770685200,1770686100.0,1770691500
3558231.749999734,emaslope,0.5,5025.1,0,5025.1,5050.179156611153,5051.02,F1,True,4706006.15,-2427408.000000007,-2448479.250000007,S6-K2P0|F1|1770696900|SHORT,EXIT_SL_RAISED,False,S6-K2P0,SHORT,S,0.5,1770702352.957,1770696900,1770697800.0,1770702300
3558231.749999734,emaslope,0.5,5025.1,0,5025.1,5050.179156611153,5051.02,F2,True,4706006.15,-2427408.000000007,-2448479.250000007,S6-K2P0|F2|1770696900|SHORT,EXIT_SL_RAISED,False,S6-K2P0,SHORT,S,0.5,1770702352.957,1770696900,1770697800.0,1770702300
3558231.749999734,emaslope,0.5,5025.1,0,5025.1,5050.179156611153,5051.02,F3,True,4706006.15,-2427408.000000007,-2448479.250000007,S6-K2P0|F3|1770696900|SHORT,EXIT_SL_RAISED,False,S6-K2P0,SHORT,S,0.5,1770702352.957,1770696900,1770697800.0,1770702300
4117322.2500000987,emaslope,0.5,5040.04,0,5040.54,5049.111717565969,5048.88,F1,True,4720465.71,781041.0000000136,759969.7500000136,S6-K2P0|F1|1770758100|LONG,EXIT_SL_RAISED,False,S6-K2P0,LONG,L,0.5,1770785287.64,1770758100,1770759000.0,1770785100
4117322.2500000987,emaslope,0.5,5040.04,0,5040.54,5049.111717565969,5048.88,F2,True,4720465.71,781041.0000000136,759969.7500000136,S6-K2P0|F2|1770758100|LONG,EXIT_SL_RAISED,False,S6-K2P0,LONG,L,0.5,1770785287.64,1770758100,1770759000.0,1770785100
4117322.2500000987,emaslope,0.5,5040.04,0,5040.54,5049.111717565969,5048.88,F3,True,4720465.71,781041.0000000136,759969.7500000136,S6-K2P0|F3|1770758100|LONG,EXIT_SL_RAISED,False,S6-K2P0,LONG,L,0.5,1770785287.64,1770758100,1770759000.0,1770785100
2832912.500000085,emaslope,0.5,5059.11,0,5059.05,5071.049694453968,5071.22,F1,True,4737800.325,-1139720.5000000068,-1160791.7500000068,S6-K2P0|F1|1770845400|SHORT,EXIT_SL_RAISED,False,S6-K2P0,SHORT,S,0.5,1770850860.487,1770845400,1770846300.0,1770850800
2832912.500000085,emaslope,0.5,5059.11,0,5059.05,5071.049694453968,5071.22,F2,True,4737800.325,-1139720.5000000068,-1160791.7500000068,S6-K2P0|F2|1770845400|SHORT,EXIT_SL_RAISED,False,S6-K2P0,SHORT,S,0.5,1770850860.487,1770845400,1770846300.0,1770850800
2832912.500000085,emaslope,0.5,5059.11,0,5059.05,5071.049694453968,5071.22,F3,True,4737800.325,-1139720.5000000068,-1160791.7500000068,S6-K2P0|F3|1770845400|SHORT,EXIT_SL_RAISED,False,S6-K2P0,SHORT,S,0.5,1770850860.487,1770845400,1770846300.0,1770850800
4786451.4999998845,emaslope,0.5,5059.9,0,5059.9,5072.913939337219,5073.5,F1,True,4738596.35,-1273640.000000034,-1294711.250000034,S6-K2P0|F1|1770855300|SHORT,EXIT_SL_RAISED,False,S6-K2P0,SHORT,S,0.5,1770861961.142,1770855300,1770856200.0,1770861600
4786451.4999998845,emaslope,0.5,5059.9,0,5059.9,5072.913939337219,5073.5,F2,True,4738596.35,-1273640.000000034,-1294711.250000034,S6-K2P0|F2|1770855300|SHORT,EXIT_SL_RAISED,False,S6-K2P0,SHORT,S,0.5,1770861961.142,1770855300,1770856200.0,1770861600
4786451.4999998845,emaslope,0.5,5059.9,0,5059.9,5072.913939337219,5073.5,F3,True,4738596.35,-1273640.000000034,-1294711.250000034,S6-K2P0|F3|1770855300|SHORT,EXIT_SL_RAISED,False,S6-K2P0,SHORT,S,0.5,1770861961.142,1770855300,1770856200.0,1770861600
5976742.999999887,emaslope,0.5,4963.96,0,4963.96,4967.04,4967.52,F1,False,4648748.54,-333394.0000000375,-333394.0000000375,S6-K2P0|F1|1770949800|SHORT,reverse,False,S6-K2P0,SHORT,S,0.5,1770955200,1770949800,1770950700.0,1770954300
5976742.999999887,emaslope,0.5,4963.96,0,4963.96,4967.04,4967.52,F2,False,4648748.54,-333394.0000000375,-333394.0000000375,S6-K2P0|F2|1770949800|SHORT,reverse,False,S6-K2P0,SHORT,S,0.5,1770955200,1770949800,1770950700.0,1770954300
5976742.999999887,emaslope,0.5,4963.96,0,4963.96,4967.04,4967.52,F3,False,4648748.54,-333394.0000000375,-333394.0000000375,S6-K2P0|F3|1770949800|SHORT,reverse,False,S6-K2P0,SHORT,S,0.5,1770955200,1770949800,1770950700.0,1770954300
3305844.999999932,emaslope,0.5,5029.16,0,5029.66,5003.007299980186,5002.96,F1,True,4710276.59,-2500454.999999983,-2521526.249999983,S6-K2P0|F1|1771186500|LONG,EXIT_SL_RAISED,False,S6-K2P0,LONG,L,0.5,1771189412.165,1771186500,1771187400.0,1771189200
3305844.999999932,emaslope,0.5,5029.16,0,5029.66,5003.007299980186,5002.96,F2,True,4710276.59,-2500454.999999983,-2521526.249999983,S6-K2P0|F2|1771186500|LONG,EXIT_SL_RAISED,False,S6-K2P0,LONG,L,0.5,1771189412.165,1771186500,1771187400.0,1771189200
3305844.999999932,emaslope,0.5,5029.16,0,5029.66,5003.007299980186,5002.96,F3,True,4710276.59,-2500454.999999983,-2521526.249999983,S6-K2P0|F3|1771186500|LONG,EXIT_SL_RAISED,False,S6-K2P0,LONG,L,0.5,1771189412.165,1771186500,1771187400.0,1771189200
2439582.499999847,emaslope,0.5,4989.75,0,4989.75,4950.12,4950.46,F1,False,4672900.875,3679508.4999999967,3658437.2499999967,S6-K2P0|F1|1771273800|SHORT,EXIT_TRAIL,True,S6-K2P0,SHORT,S,0.5,1771280100,1771273800,1771274700.0,1771279200
2439582.499999847,emaslope,0.5,4989.75,0,4989.75,4950.12,4950.46,F2,False,4672900.875,3679508.4999999967,3658437.2499999967,S6-K2P0|F2|1771273800|SHORT,EXIT_TRAIL,True,S6-K2P0,SHORT,S,0.5,1771280100,1771273800,1771274700.0,1771279200
2439582.499999847,emaslope,0.5,4989.75,0,4989.75,4950.12,4950.46,F3,False,4672900.875,3679508.4999999967,3658437.2499999967,S6-K2P0|F3|1771273800|SHORT,EXIT_TRAIL,True,S6-K2P0,SHORT,S,0.5,1771280100,1771273800,1771274700.0,1771279200
2442391.999999993,emaslope,0.5,4957.34,0,4957.55,4893.728916409805,4895.63,F1,True,4642745.575,5798808.0000000065,5777736.7500000065,S6-K2P0|F1|1771281900|SHORT,EXIT_SL_RAISED,False,S6-K2P0,SHORT,S,0.5,1771296762.638,1771281900,1771282800.0,1771296300
2442391.999999993,emaslope,0.5,4957.34,0,4957.55,4893.728916409805,4895.63,F2,True,4642745.575,5798808.0000000065,5777736.7500000065,S6-K2P0|F2|1771281900|SHORT,EXIT_SL_RAISED,False,S6-K2P0,SHORT,S,0.5,1771296762.638,1771281900,1771282800.0,1771296300
2442391.999999993,emaslope,0.5,4957.34,0,4957.55,4893.728916409805,4895.63,F3,True,4642745.575,5798808.0000000065,5777736.7500000065,S6-K2P0|F3|1771281900|SHORT,EXIT_SL_RAISED,False,S6-K2P0,SHORT,S,0.5,1771296762.638,1771281900,1771282800.0,1771296300
4799562.500000085,emaslope,0.5,4987.46,0,4987.46,5004.091209906704,5004.21,F1,True,4670756.29,-1568637.5,-1589708.75,S6-K2P0|F1|1771533900|SHORT,EXIT_SL_RAISED,False,S6-K2P0,SHORT,S,0.5,1771538163.079,1771533900,1771534800.0,1771537500
4799562.500000085,emaslope,0.5,4987.46,0,4987.46,5004.091209906704,5004.21,F2,True,4670756.29,-1568637.5,-1589708.75,S6-K2P0|F2|1771533900|SHORT,EXIT_SL_RAISED,False,S6-K2P0,SHORT,S,0.5,1771538163.079,1771533900,1771534800.0,1771537500
4799562.500000085,emaslope,0.5,4987.46,0,4987.46,5004.091209906704,5004.21,F3,True,4670756.29,-1568637.5,-1589708.75,S6-K2P0|F3|1771533900|SHORT,EXIT_SL_RAISED,False,S6-K2P0,SHORT,S,0.5,1771538163.079,1771533900,1771534800.0,1771537500
4331312.50000017,emaslope,0.5,5006.38,0,5006.9,4995.465181253914,4995.42,F1,True,4688961.85,-1075101.999999959,-1096173.249999959,S6-K2P0|F1|1771537500|LONG,EXIT_SL_RAISED,False,S6-K2P0,LONG,L,0.5,1771540678.728,1771537500,1771538400.0,1771540200
4331312.50000017,emaslope,0.5,5006.38,0,5006.9,4995.465181253914,4995.42,F2,True,4688961.85,-1075101.999999959,-1096173.249999959,S6-K2P0|F2|1771537500|LONG,EXIT_SL_RAISED,False,S6-K2P0,LONG,L,0.5,1771540678.728,1771537500,1771538400.0,1771540200
4331312.50000017,emaslope,0.5,5006.38,0,5006.9,4995.465181253914,4995.42,F3,True,4688961.85,-1075101.999999959,-1096173.249999959,S6-K2P0|F3|1771537500|LONG,EXIT_SL_RAISED,False,S6-K2P0,LONG,L,0.5,1771540678.728,1771537500,1771538400.0,1771540200
3618167.7499999353,emaslope,0.5,5022.54,0,5023.04,5006.07,5006.24,F1,False,4704076.96,-1573320.000000017,-1573320.000000017,S6-K2P0|F1|1771560000|LONG,reverse,False,S6-K2P0,LONG,L,0.5,1771563600,1771560000,1771560900.0,1771562700
3618167.7499999353,emaslope,0.5,5022.54,0,5023.04,5006.07,5006.24,F2,False,4704076.96,-1573320.000000017,-1573320.000000017,S6-K2P0|F2|1771560000|LONG,reverse,False,S6-K2P0,LONG,L,0.5,1771563600,1771560000,1771560900.0,1771562700
3618167.7499999353,emaslope,0.5,5022.54,0,5023.04,5006.07,5006.24,F3,False,4704076.96,-1573320.000000017,-1573320.000000017,S6-K2P0|F3|1771560000|LONG,reverse,False,S6-K2P0,LONG,L,0.5,1771563600,1771560000,1771560900.0,1771562700
8864440.750000061,emaslope,0.5,5135.6,0,5135.6,5152.353061251106,5153.39,F1,True,4809489.4,-1666033.4999999965,-1687104.7499999965,S6-K2P0|F1|1771963200|SHORT,EXIT_SL_RAISED,False,S6-K2P0,SHORT,S,0.5,1771969087.484,1771963200,1771964100.0,1771968600
8864440.750000061,emaslope,0.5,5135.6,0,5135.6,5152.353061251106,5153.39,F2,True,4809489.4,-1666033.4999999965,-1687104.7499999965,S6-K2P0|F2|1771963200|SHORT,EXIT_SL_RAISED,False,S6-K2P0,SHORT,S,0.5,1771969087.484,1771963200,1771964100.0,1771968600
8864440.750000061,emaslope,0.5,5135.6,0,5135.6,5152.353061251106,5153.39,F3,True,4809489.4,-1666033.4999999965,-1687104.7499999965,S6-K2P0|F3|1771963200|SHORT,EXIT_SL_RAISED,False,S6-K2P0,SHORT,S,0.5,1771969087.484,1771963200,1771964100.0,1771968600
2632969.749999809,emaslope,0.5,5188.29,0,5188.74,5189.877565539269,5189.76,F1,True,4859255.01,95523.00000004089,74451.75000004089,S6-K2P0|F1|1771984800|LONG,EXIT_SL_RAISED,False,S6-K2P0,LONG,L,0.5,1771988865.193,1771984800,1771985700.0,1771988400
2632969.749999809,emaslope,0.5,5188.29,0,5188.74,5189.877565539269,5189.76,F2,True,4859255.01,95523.00000004089,74451.75000004089,S6-K2P0|F2|1771984800|LONG,EXIT_SL_RAISED,False,S6-K2P0,LONG,L,0.5,1771988865.193,1771984800,1771985700.0,1771988400
2632969.749999809,emaslope,0.5,5188.29,0,5188.74,5189.877565539269,5189.76,F3,True,4859255.01,95523.00000004089,74451.75000004089,S6-K2P0|F3|1771984800|LONG,EXIT_SL_RAISED,False,S6-K2P0,LONG,L,0.5,1771988865.193,1771984800,1771985700.0,1771988400
5589968.500000133,emaslope,0.5,5162.89,0,5162.97,5180.476518157455,5180.65,F1,True,4835121.405,-1655731.999999942,-1676803.249999942,S6-K2P0|F1|1772052300|SHORT,EXIT_SL_RAISED,False,S6-K2P0,SHORT,S,0.5,1772054663.694,1772052300,1772053200.0,1772054100
5589968.500000133,emaslope,0.5,5162.89,0,5162.97,5180.476518157455,5180.65,F2,True,4835121.405,-1655731.999999942,-1676803.249999942,S6-K2P0|F2|1772052300|SHORT,EXIT_SL_RAISED,False,S6-K2P0,SHORT,S,0.5,1772054663.694,1772052300,1772053200.0,1772054100
5589968.500000133,emaslope,0.5,5162.89,0,5162.97,5180.476518157455,5180.65,F3,True,4835121.405,-1655731.999999942,-1676803.249999942,S6-K2P0|F3|1772052300|SHORT,EXIT_SL_RAISED,False,S6-K2P0,SHORT,S,0.5,1772054663.694,1772052300,1772053200.0,1772054100
1630914.7499999115,emaslope,0.5,5187.08,0,5187.58,5189.0669081879805,5189.03,F1,True,4858168.67,135792.49999998297,114721.24999998297,S6-K2P0|F1|1772064000|LONG,EXIT_SL_RAISED,False,S6-K2P0,LONG,L,0.5,1772078560.127,1772064000,1772064900.0,1772078400
1630914.7499999115,emaslope,0.5,5187.08,0,5187.58,5189.0669081879805,5189.03,F2,True,4858168.67,135792.49999998297,114721.24999998297,S6-K2P0|F2|1772064000|LONG,EXIT_SL_RAISED,False,S6-K2P0,LONG,L,0.5,1772078560.127,1772064000,1772064900.0,1772078400
1630914.7499999115,emaslope,0.5,5187.08,0,5187.58,5189.0669081879805,5189.03,F3,True,4858168.67,135792.49999998297,114721.24999998297,S6-K2P0|F3|1772064000|LONG,EXIT_SL_RAISED,False,S6-K2P0,LONG,L,0.5,1772078560.127,1772064000,1772064900.0,1772078400
2595509.749999843,emaslope,0.5,5188.09,0,5188.44,5170.119770186353,5169.87,F1,True,4858974.06,-1739080.4999999728,-1760151.7499999728,S6-K2P0|F1|1772140500|LONG,EXIT_SL_RAISED,False,S6-K2P0,LONG,L,0.5,1772143323.905,1772140500,1772141400.0,1772143200
2595509.749999843,emaslope,0.5,5188.09,0,5188.44,5170.119770186353,5169.87,F2,True,4858974.06,-1739080.4999999728,-1760151.7499999728,S6-K2P0|F2|1772140500|LONG,EXIT_SL_RAISED,False,S6-K2P0,LONG,L,0.5,1772143323.905,1772140500,1772141400.0,1772143200
2595509.749999843,emaslope,0.5,5188.09,0,5188.44,5170.119770186353,5169.87,F3,True,4858974.06,-1739080.4999999728,-1760151.7499999728,S6-K2P0|F3|1772140500|LONG,EXIT_SL_RAISED,False,S6-K2P0,LONG,L,0.5,1772143323.905,1772140500,1772141400.0,1772143200
1269425.749999942,emaslope,0.5,5186.45,0,5186.95,5185.287165670906,5185.04,F1,True,4857578.675,-178871.49999998638,-199942.74999998638,S6-K2P0|F1|1772154000|LONG,EXIT_SL_RAISED,False,S6-K2P0,LONG,L,0.5,1772164634.898,1772154000,1772154900.0,1772163900
1269425.749999942,emaslope,0.5,5186.45,0,5186.95,5185.287165670906,5185.04,F2,True,4857578.675,-178871.49999998638,-199942.74999998638,S6-K2P0|F2|1772154000|LONG,EXIT_SL_RAISED,False,S6-K2P0,LONG,L,0.5,1772164634.898,1772154000,1772154900.0,1772163900
1269425.749999942,emaslope,0.5,5186.45,0,5186.95,5185.287165670906,5185.04,F3,True,4857578.675,-178871.49999998638,-199942.74999998638,S6-K2P0|F3|1772154000|LONG,EXIT_SL_RAISED,False,S6-K2P0,LONG,L,0.5,1772164634.898,1772154000,1772154900.0,1772163900
5585286.0000001155,emaslope,0.5,5174.41,0,5174.83,5148.203746054432,5146.19,F1,True,4846228.295,-2682136.0000000307,-2703207.2500000307,S6-K2P0|F1|1772585100|LONG,EXIT_SL_RAISED,False,S6-K2P0,LONG,L,0.5,1772593285.982,1772585100,1772586000.0,1772593200
5585286.0000001155,emaslope,0.5,5174.41,0,5174.83,5148.203746054432,5146.19,F2,True,4846228.295,-2682136.0000000307,-2703207.2500000307,S6-K2P0|F2|1772585100|LONG,EXIT_SL_RAISED,False,S6-K2P0,LONG,L,0.5,1772593285.982,1772585100,1772586000.0,1772593200
5585286.0000001155,emaslope,0.5,5174.41,0,5174.83,5148.203746054432,5146.19,F3,True,4846228.295,-2682136.0000000307,-2703207.2500000307,S6-K2P0|F3|1772585100|LONG,EXIT_SL_RAISED,False,S6-K2P0,LONG,L,0.5,1772593285.982,1772585100,1772586000.0,1772593200
3051116.999999993,emaslope,0.5,5178.57,0,5179.07,5172.492147899086,5172.37,F1,True,4850199.055,-627454.999999983,-648526.249999983,S6-K2P0|F1|1772665200|LONG,EXIT_SL_RAISED,False,S6-K2P0,LONG,L,0.5,1772675262.016,1772665200,1772666100.0,1772675100
3051116.999999993,emaslope,0.5,5178.57,0,5179.07,5172.492147899086,5172.37,F2,True,4850199.055,-627454.999999983,-648526.249999983,S6-K2P0|F2|1772665200|LONG,EXIT_SL_RAISED,False,S6-K2P0,LONG,L,0.5,1772675262.016,1772665200,1772666100.0,1772675100
3051116.999999993,emaslope,0.5,5178.57,0,5179.07,5172.492147899086,5172.37,F3,True,4850199.055,-627454.999999983,-648526.249999983,S6-K2P0|F3|1772665200|LONG,EXIT_SL_RAISED,False,S6-K2P0,LONG,L,0.5,1772675262.016,1772665200,1772666100.0,1772675100
4560755.000000068,emaslope,0.5,5097.45,0,5097.63,5112.49,5113.09,F1,False,4773930.495,-1447829.0000000035,-1447829.0000000035,S6-K2P0|F1|1773027900|SHORT,reverse,False,S6-K2P0,SHORT,S,0.5,1773036900,1773027900,1773028800.0,1773036000
4560755.000000068,emaslope,0.5,5097.45,0,5097.63,5112.49,5113.09,F2,False,4773930.495,-1447829.0000000035,-1447829.0000000035,S6-K2P0|F2|1773027900|SHORT,reverse,False,S6-K2P0,SHORT,S,0.5,1773036900,1773027900,1773028800.0,1773036000
4560755.000000068,emaslope,0.5,5097.45,0,5097.63,5112.49,5113.09,F3,False,4773930.495,-1447829.0000000035,-1447829.0000000035,S6-K2P0|F3|1773027900|SHORT,reverse,False,S6-K2P0,SHORT,S,0.5,1773036900,1773027900,1773028800.0,1773036000
5529095.999999741,emaslope,0.5,5152.67,0,5153.32,5129.828641054479,5129.53,F1,True,4826084.18,-2227933.4999999967,-2249004.7499999967,S6-K2P0|F1|1773085500|LONG,EXIT_SL_RAISED,False,S6-K2P0,LONG,L,0.5,1773091382.639,1773085500,1773086400.0,1773090900
5529095.999999741,emaslope,0.5,5152.67,0,5153.32,5129.828641054479,5129.53,F2,True,4826084.18,-2227933.4999999967,-2249004.7499999967,S6-K2P0|F2|1773085500|LONG,EXIT_SL_RAISED,False,S6-K2P0,LONG,L,0.5,1773091382.639,1773085500,1773086400.0,1773090900
5529095.999999741,emaslope,0.5,5152.67,0,5153.32,5129.828641054479,5129.53,F3,True,4826084.18,-2227933.4999999967,-2249004.7499999967,S6-K2P0|F3|1773085500|LONG,EXIT_SL_RAISED,False,S6-K2P0,LONG,L,0.5,1773091382.639,1773085500,1773086400.0,1773090900
8520745.249999885,emaslope,0.5,5143.18,0,5143.68,5159.342662020248,5159.1,F1,True,4817056.32,1444083.0000000068,1423011.7500000068,S6-K2P0|F1|1773093600|LONG,EXIT_SL_RAISED,False,S6-K2P0,LONG,L,0.5,1773103559.9,1773093600,1773094500.0,1773103500
8520745.249999885,emaslope,0.5,5143.18,0,5143.68,5159.342662020248,5159.1,F2,True,4817056.32,1444083.0000000068,1423011.7500000068,S6-K2P0|F2|1773093600|LONG,EXIT_SL_RAISED,False,S6-K2P0,LONG,L,0.5,1773103559.9,1773093600,1773094500.0,1773103500
8520745.249999885,emaslope,0.5,5143.18,0,5143.68,5159.342662020248,5159.1,F3,True,4817056.32,1444083.0000000068,1423011.7500000068,S6-K2P0|F3|1773093600|LONG,EXIT_SL_RAISED,False,S6-K2P0,LONG,L,0.5,1773103559.9,1773093600,1773094500.0,1773103500
3142425.749999857,emaslope,0.5,5172.73,0,5173.23,5162.30865097552,5162.07,F1,True,4844729.895,-1045133.9999999864,-1066205.2499999865,S6-K2P0|F1|1773108000|LONG,EXIT_SL_RAISED,False,S6-K2P0,LONG,L,0.5,1773116543.224,1773108000,1773108900.0,1773116100
3142425.749999857,emaslope,0.5,5172.73,0,5173.23,5162.30865097552,5162.07,F2,True,4844729.895,-1045133.9999999864,-1066205.2499999865,S6-K2P0|F2|1773108000|LONG,EXIT_SL_RAISED,False,S6-K2P0,LONG,L,0.5,1773116543.224,1773108000,1773108900.0,1773116100
3142425.749999857,emaslope,0.5,5172.73,0,5173.23,5162.30865097552,5162.07,F3,True,4844729.895,-1045133.9999999864,-1066205.2499999865,S6-K2P0|F3|1773108000|LONG,EXIT_SL_RAISED,False,S6-K2P0,LONG,L,0.5,1773116543.224,1773108000,1773108900.0,1773116100
4802840.250000156,emaslope,0.5,5174.99,0,5175.03,5152.07766523902,5152.75,F1,True,4846415.595,2086521.9999999763,2065450.7499999763,S6-K2P0|F1|1773255600|SHORT,EXIT_SL_RAISED,False,S6-K2P0,SHORT,S,0.5,1773259947.705,1773255600,1773256500.0,1773259200
4802840.250000156,emaslope,0.5,5174.99,0,5175.03,5152.07766523902,5152.75,F2,True,4846415.595,2086521.9999999763,2065450.7499999763,S6-K2P0|F2|1773255600|SHORT,EXIT_SL_RAISED,False,S6-K2P0,SHORT,S,0.5,1773259947.705,1773255600,1773256500.0,1773259200
4802840.250000156,emaslope,0.5,5174.99,0,5175.03,5152.07766523902,5152.75,F3,True,4846415.595,2086521.9999999763,2065450.7499999763,S6-K2P0|F3|1773255600|SHORT,EXIT_SL_RAISED,False,S6-K2P0,SHORT,S,0.5,1773259947.705,1773255600,1773256500.0,1773259200
5021512.99999999,emaslope,0.5,5157.34,0,5157.37,5155.13796481243,5155.94,F1,True,4829877.005,133919.50000002724,112848.25000002724,S6-K2P0|F1|1773271800|SHORT,EXIT_SL_RAISED,False,S6-K2P0,SHORT,S,0.5,1773283531.451,1773271800,1773272700.0,1773283500
5021512.99999999,emaslope,0.5,5157.34,0,5157.37,5155.13796481243,5155.94,F2,True,4829877.005,133919.50000002724,112848.25000002724,S6-K2P0|F2|1773271800|SHORT,EXIT_SL_RAISED,False,S6-K2P0,SHORT,S,0.5,1773283531.451,1773271800,1773272700.0,1773283500
5021512.99999999,emaslope,0.5,5157.34,0,5157.37,5155.13796481243,5155.94,F3,True,4829877.005,133919.50000002724,112848.25000002724,S6-K2P0|F3|1773271800|SHORT,EXIT_SL_RAISED,False,S6-K2P0,SHORT,S,0.5,1773283531.451,1773271800,1773272700.0,1773283500
1873000.0,emaslope,0.5,5005.88,1,5004.08,5013.7042742397725,5013.93,F1,True,4686320.92,-922452.5000000341,-943523.7500000341,S6-K2P0|F1|1773683100|SHORT,EXIT_SL_RAISED,False,S6-K2P0,SHORT,S,0.5,1773699396.157,1773683100,1773688500.0,1773699300
1873000.0,emaslope,0.5,5005.88,1,5004.08,5013.7042742397725,5013.93,F2,True,4686320.92,-922452.5000000341,-943523.7500000341,S6-K2P0|F2|1773683100|SHORT,EXIT_SL_RAISED,False,S6-K2P0,SHORT,S,0.5,1773699396.157,1773683100,1773688500.0,1773699300
1873000.0,emaslope,0.5,5005.88,1,5004.08,5013.7042742397725,5013.93,F3,True,4686320.92,-922452.5000000341,-943523.7500000341,S6-K2P0|F3|1773683100|SHORT,EXIT_SL_RAISED,False,S6-K2P0,SHORT,S,0.5,1773699396.157,1773683100,1773688500.0,1773699300
2124450.2499999525,emaslope,0.5,5032.35,0,5032.86,5028.259079762577,5028.07,F1,True,4713273.39,-448583.49999999657,-469654.74999999657,S6-K2P0|F1|1773710100|LONG,EXIT_SL_RAISED,False,S6-K2P0,LONG,L,0.5,1773715606.086,1773710100,1773711000.0,1773715500
2124450.2499999525,emaslope,0.5,5032.35,0,5032.86,5028.259079762577,5028.07,F2,True,4713273.39,-448583.49999999657,-469654.74999999657,S6-K2P0|F2|1773710100|LONG,EXIT_SL_RAISED,False,S6-K2P0,LONG,L,0.5,1773715606.086,1773710100,1773711000.0,1773715500
2124450.2499999525,emaslope,0.5,5032.35,0,5032.86,5028.259079762577,5028.07,F3,True,4713273.39,-448583.49999999657,-469654.74999999657,S6-K2P0|F3|1773710100|LONG,EXIT_SL_RAISED,False,S6-K2P0,LONG,L,0.5,1773715606.086,1773710100,1773711000.0,1773715500
2069665.0000001192,emaslope,0.5,4850.71,0,4850.72,4777.811908085726,4777.89,F1,True,4542699.28,6820529.4999999935,6799458.2499999935,S6-K2P0|F1|1773881100|SHORT,EXIT_SL_RAISED,False,S6-K2P0,SHORT,S,0.5,1773893285.038,1773881100,1773882000.0,1773892800
2069665.0000001192,emaslope,0.5,4850.71,0,4850.72,4777.811908085726,4777.89,F2,True,4542699.28,6820529.4999999935,6799458.2499999935,S6-K2P0|F2|1773881100|SHORT,EXIT_SL_RAISED,False,S6-K2P0,SHORT,S,0.5,1773893285.038,1773881100,1773882000.0,1773892800
2069665.0000001192,emaslope,0.5,4850.71,0,4850.72,4777.811908085726,4777.89,F3,True,4542699.28,6820529.4999999935,6799458.2499999935,S6-K2P0|F3|1773881100|SHORT,EXIT_SL_RAISED,False,S6-K2P0,SHORT,S,0.5,1773893285.038,1773881100,1773882000.0,1773892800
4573397.749999833,emaslope,0.5,4636.3,0,4636.16,4661.75,4662.59,F1,False,4341763.84,-2475169.5000000275,-2475169.5000000275,S6-K2P0|F1|1773949500|SHORT,reverse,False,S6-K2P0,SHORT,S,0.5,1773954900,1773949500,1773950400.0,1773954000
4573397.749999833,emaslope,0.5,4636.3,0,4636.16,4661.75,4662.59,F2,False,4341763.84,-2475169.5000000275,-2475169.5000000275,S6-K2P0|F2|1773949500|SHORT,reverse,False,S6-K2P0,SHORT,S,0.5,1773954900,1773949500,1773950400.0,1773954000
4573397.749999833,emaslope,0.5,4636.3,0,4636.16,4661.75,4662.59,F3,False,4341763.84,-2475169.5000000275,-2475169.5000000275,S6-K2P0|F3|1773949500|SHORT,reverse,False,S6-K2P0,SHORT,S,0.5,1773954900,1773949500,1773950400.0,1773954000
1705834.7499999285,emaslope,0.5,4719.52,0,4720.02,4701.805000000001,4701.35,F1,True,4420298.73,-1748445.5000000068,-1769516.7500000068,S6-K2P0|F1|1773972900|LONG,EXIT_INITSL,False,S6-K2P0,LONG,L,0.5,1773974875.933,1773972900,1773973800.0,1773974700
1705834.7499999285,emaslope,0.5,4719.52,0,4720.02,4701.805000000001,4701.35,F2,True,4420298.73,-1748445.5000000068,-1769516.7500000068,S6-K2P0|F2|1773972900|LONG,EXIT_INITSL,False,S6-K2P0,LONG,L,0.5,1773974875.933,1773972900,1773973800.0,1773974700
1705834.7499999285,emaslope,0.5,4719.52,0,4720.02,4701.805000000001,4701.35,F3,True,4420298.73,-1748445.5000000068,-1769516.7500000068,S6-K2P0|F3|1773972900|LONG,EXIT_INITSL,False,S6-K2P0,LONG,L,0.5,1773974875.933,1773972900,1773973800.0,1773974700
12212428.250000147,emaslope,0.5,4464.69,0,4464.69,4389.368768596075,4389.87,F1,True,4181182.1849999996,7006892.999999973,6985821.749999973,S6-K2P0|F1|1774212300|SHORT,EXIT_SL_RAISED,False,S6-K2P0,SHORT,S,0.5,1774217117.016,1774212300,1774213200.0,1774216800
12212428.250000147,emaslope,0.5,4464.69,0,4464.69,4389.368768596075,4389.87,F2,True,4181182.1849999996,7006892.999999973,6985821.749999973,S6-K2P0|F2|1774212300|SHORT,EXIT_SL_RAISED,False,S6-K2P0,SHORT,S,0.5,1774217117.016,1774212300,1774213200.0,1774216800
12212428.250000147,emaslope,0.5,4464.69,0,4464.69,4389.368768596075,4389.87,F3,True,4181182.1849999996,7006892.999999973,6985821.749999973,S6-K2P0|F3|1774212300|SHORT,EXIT_SL_RAISED,False,S6-K2P0,SHORT,S,0.5,1774217117.016,1774212300,1774213200.0,1774216800
8497332.750000054,emaslope,0.5,4414.44,0,4414.94,4394.4560728873485,4394.04,F1,True,4134591.3099999996,-1957284.999999966,-1978356.249999966,S6-K2P0|F1|1774293300|LONG,EXIT_SL_RAISED,False,S6-K2P0,LONG,L,0.5,1774301240.221,1774293300,1774294200.0,1774300500
8497332.750000054,emaslope,0.5,4414.44,0,4414.94,4394.4560728873485,4394.04,F2,True,4134591.3099999996,-1957284.999999966,-1978356.249999966,S6-K2P0|F2|1774293300|LONG,EXIT_SL_RAISED,False,S6-K2P0,LONG,L,0.5,1774301240.221,1774293300,1774294200.0,1774300500
8497332.750000054,emaslope,0.5,4414.44,0,4414.94,4394.4560728873485,4394.04,F3,True,4134591.3099999996,-1957284.999999966,-1978356.249999966,S6-K2P0|F3|1774293300|LONG,EXIT_SL_RAISED,False,S6-K2P0,LONG,L,0.5,1774301240.221,1774293300,1774294200.0,1774300500
15333782.750000054,emaslope,0.5,4321.32,0,4321.56,4371.921075482636,4372.34,F1,True,4047140.9400000004,-4755546.999999976,-4776618.249999976,S6-K2P0|F1|1774305000|SHORT,EXIT_SL_RAISED,False,S6-K2P0,SHORT,S,0.5,1774308970.587,1774305000,1774305900.0,1774308600
15333782.750000054,emaslope,0.5,4321.32,0,4321.56,4371.921075482636,4372.34,F2,True,4047140.9400000004,-4755546.999999976,-4776618.249999976,S6-K2P0|F2|1774305000|SHORT,EXIT_SL_RAISED,False,S6-K2P0,SHORT,S,0.5,1774308970.587,1774305000,1774305900.0,1774308600
15333782.750000054,emaslope,0.5,4321.32,0,4321.56,4371.921075482636,4372.34,F3,True,4047140.9400000004,-4755546.999999976,-4776618.249999976,S6-K2P0|F3|1774305000|SHORT,EXIT_SL_RAISED,False,S6-K2P0,SHORT,S,0.5,1774308970.587,1774305000,1774305900.0,1774308600
8339532.500000102,emaslope,0.5,4341.64,0,4341.52,4369.233221322632,4369.77,F1,True,4065833.4800000004,-2645612.5,-2666683.75,S6-K2P0|F1|1774312200|SHORT,EXIT_SL_RAISED,False,S6-K2P0,SHORT,S,0.5,1774320076.323,1774312200,1774313100.0,1774319400
8339532.500000102,emaslope,0.5,4341.64,0,4341.52,4369.233221322632,4369.77,F2,True,4065833.4800000004,-2645612.5,-2666683.75,S6-K2P0|F2|1774312200|SHORT,EXIT_SL_RAISED,False,S6-K2P0,SHORT,S,0.5,1774320076.323,1774312200,1774313100.0,1774319400
8339532.500000102,emaslope,0.5,4341.64,0,4341.52,4369.233221322632,4369.77,F3,True,4065833.4800000004,-2645612.5,-2666683.75,S6-K2P0|F3|1774312200|SHORT,EXIT_SL_RAISED,False,S6-K2P0,SHORT,S,0.5,1774320076.323,1774312200,1774313100.0,1774319400
4134179.2499999558,emaslope,0.5,4511.59,0,4511.58,4525.5954903963775,4525.85,F1,True,4225094.67,-1336385.500000041,-1357456.750000041,S6-K2P0|F1|1774466100|SHORT,EXIT_SL_RAISED,False,S6-K2P0,SHORT,S,0.5,1774473242.842,1774466100,1774467000.0,1774472400
4134179.2499999558,emaslope,0.5,4511.59,0,4511.58,4525.5954903963775,4525.85,F2,True,4225094.67,-1336385.500000041,-1357456.750000041,S6-K2P0|F2|1774466100|SHORT,EXIT_SL_RAISED,False,S6-K2P0,SHORT,S,0.5,1774473242.842,1774466100,1774467000.0,1774472400
4134179.2499999558,emaslope,0.5,4511.59,0,4511.58,4525.5954903963775,4525.85,F3,True,4225094.67,-1336385.500000041,-1357456.750000041,S6-K2P0|F3|1774466100|SHORT,EXIT_SL_RAISED,False,S6-K2P0,SHORT,S,0.5,1774473242.842,1774466100,1774467000.0,1774472400
4489581.000000133,emaslope,0.5,4535.48,0,4535.89,4505.650109125476,4505.49,F1,True,4247860.985,-2846960.000000051,-2868031.250000051,S6-K2P0|F1|1774478700|LONG,EXIT_SL_RAISED,False,S6-K2P0,LONG,L,0.5,1774483084.715,1774478700,1774479600.0,1774482300
4489581.000000133,emaslope,0.5,4535.48,0,4535.89,4505.650109125476,4505.49,F2,True,4247860.985,-2846960.000000051,-2868031.250000051,S6-K2P0|F2|1774478700|LONG,EXIT_SL_RAISED,False,S6-K2P0,LONG,L,0.5,1774483084.715,1774478700,1774479600.0,1774482300
4489581.000000133,emaslope,0.5,4535.48,0,4535.89,4505.650109125476,4505.49,F3,True,4247860.985,-2846960.000000051,-2868031.250000051,S6-K2P0|F3|1774478700|LONG,EXIT_SL_RAISED,False,S6-K2P0,LONG,L,0.5,1774483084.715,1774478700,1774479600.0,1774482300
7734553.499999844,emaslope,0.5,4392.99,0,4392.52,4411.938357014254,4412.08,F1,True,4113594.9800000004,-1831793.9999999523,-1852865.2499999523,S6-K2P0|F1|1774555200|SHORT,EXIT_SL_RAISED,False,S6-K2P0,SHORT,S,0.5,1774564292.542,1774555200,1774556100.0,1774564200
7734553.499999844,emaslope,0.5,4392.99,0,4392.52,4411.938357014254,4412.08,F2,True,4113594.9800000004,-1831793.9999999523,-1852865.2499999523,S6-K2P0|F2|1774555200|SHORT,EXIT_SL_RAISED,False,S6-K2P0,SHORT,S,0.5,1774564292.542,1774555200,1774556100.0,1774564200
7734553.499999844,emaslope,0.5,4392.99,0,4392.52,4411.938357014254,4412.08,F3,True,4113594.9800000004,-1831793.9999999523,-1852865.2499999523,S6-K2P0|F3|1774555200|SHORT,EXIT_SL_RAISED,False,S6-K2P0,SHORT,S,0.5,1774564292.542,1774555200,1774556100.0,1774564200
1631383.0000001772,emaslope,0.5,4434.01,0,4434.49,4447.735881447334,4447.61,F1,True,4152899.885,1228687.9999999898,1207616.7499999898,S6-K2P0|F1|1774574100|LONG,EXIT_SL_RAISED,False,S6-K2P0,LONG,L,0.5,1774584515.571,1774574100,1774575000.0,1774584000
1631383.0000001772,emaslope,0.5,4434.01,0,4434.49,4447.735881447334,4447.61,F2,True,4152899.885,1228687.9999999898,1207616.7499999898,S6-K2P0|F2|1774574100|LONG,EXIT_SL_RAISED,False,S6-K2P0,LONG,L,0.5,1774584515.571,1774574100,1774575000.0,1774584000
1631383.0000001772,emaslope,0.5,4434.01,0,4434.49,4447.735881447334,4447.61,F3,True,4152899.885,1228687.9999999898,1207616.7499999898,S6-K2P0|F3|1774574100|LONG,EXIT_SL_RAISED,False,S6-K2P0,LONG,L,0.5,1774584515.571,1774574100,1774575000.0,1774584000
6687078.249999891,emaslope,0.5,4509.08,0,4509.61,4475.2145347514415,4474.99,F1,True,4223249.765,-3242162.9999999898,-3263234.2499999898,S6-K2P0|F1|1774811700|LONG,EXIT_SL_RAISED,False,S6-K2P0,LONG,L,0.5,1774814786.068,1774811700,1774812600.0,1774814400
6687078.249999891,emaslope,0.5,4509.08,0,4509.61,4475.2145347514415,4474.99,F2,True,4223249.765,-3242162.9999999898,-3263234.2499999898,S6-K2P0|F2|1774811700|LONG,EXIT_SL_RAISED,False,S6-K2P0,LONG,L,0.5,1774814786.068,1774811700,1774812600.0,1774814400
6687078.249999891,emaslope,0.5,4509.08,0,4509.61,4475.2145347514415,4474.99,F3,True,4223249.765,-3242162.9999999898,-3263234.2499999898,S6-K2P0|F3|1774811700|LONG,EXIT_SL_RAISED,False,S6-K2P0,LONG,L,0.5,1774814786.068,1774811700,1774812600.0,1774814400
9496578.249999976,emaslope,0.5,4504.45,0,4504.85,4519.596158819773,4519.59,F1,True,4218792.025,1380400.9999999795,1359329.7499999795,S6-K2P0|F1|1774828800|LONG,EXIT_SL_RAISED,False,S6-K2P0,LONG,L,0.5,1774845237.399,1774828800,1774829700.0,1774845000
9496578.249999976,emaslope,0.5,4504.45,0,4504.85,4519.596158819773,4519.59,F2,True,4218792.025,1380400.9999999795,1359329.7499999795,S6-K2P0|F2|1774828800|LONG,EXIT_SL_RAISED,False,S6-K2P0,LONG,L,0.5,1774845237.399,1774828800,1774829700.0,1774845000
9496578.249999976,emaslope,0.5,4504.45,0,4504.85,4519.596158819773,4519.59,F3,True,4218792.025,1380400.9999999795,1359329.7499999795,S6-K2P0|F3|1774828800|LONG,EXIT_SL_RAISED,False,S6-K2P0,LONG,L,0.5,1774845237.399,1774828800,1774829700.0,1774845000
5381129.0000000885,emaslope,0.5,4498.8,0,4498.75,4523.346186094154,4523.43,F1,True,4213079.375,-2311282.0000000275,-2332353.2500000275,S6-K2P0|F1|1774900800|SHORT,EXIT_SL_RAISED,False,S6-K2P0,SHORT,S,0.5,1774904553.946,1774900800,1774901700.0,1774904400
5381129.0000000885,emaslope,0.5,4498.8,0,4498.75,4523.346186094154,4523.43,F2,True,4213079.375,-2311282.0000000275,-2332353.2500000275,S6-K2P0|F2|1774900800|SHORT,EXIT_SL_RAISED,False,S6-K2P0,SHORT,S,0.5,1774904553.946,1774900800,1774901700.0,1774904400
5381129.0000000885,emaslope,0.5,4498.8,0,4498.75,4523.346186094154,4523.43,F3,True,4213079.375,-2311282.0000000275,-2332353.2500000275,S6-K2P0|F3|1774900800|SHORT,EXIT_SL_RAISED,False,S6-K2P0,SHORT,S,0.5,1774904553.946,1774900800,1774901700.0,1774904400
1605160.9999999455,emaslope,0.5,4563.91,0,4564.45,4559.43,4559.45,F1,False,4274607.425,-468250.0,-468250.0,S6-K2P0|F1|1774920600|LONG,reverse,False,S6-K2P0,LONG,L,0.5,1774926900,1774920600,1774921500.0,1774926000
1605160.9999999455,emaslope,0.5,4563.91,0,4564.45,4559.43,4559.45,F2,False,4274607.425,-468250.0,-468250.0,S6-K2P0|F2|1774920600|LONG,reverse,False,S6-K2P0,LONG,L,0.5,1774926900,1774920600,1774921500.0,1774926000
1605160.9999999455,emaslope,0.5,4563.91,0,4564.45,4559.43,4559.45,F3,False,4274607.425,-468250.0,-468250.0,S6-K2P0|F3|1774920600|LONG,reverse,False,S6-K2P0,LONG,L,0.5,1774926900,1774920600,1774921500.0,1774926000
4034910.2500000033,emaslope,0.5,4682.28,0,4682.79,4691.820393962006,4691.76,F1,True,4385432.835,840040.5000000239,818969.2500000239,S6-K2P0|F1|1774988100|LONG,EXIT_SL_RAISED,False,S6-K2P0,LONG,L,0.5,1774994778.765,1774988100,1774989000.0,1774994400
4034910.2500000033,emaslope,0.5,4682.28,0,4682.79,4691.820393962006,4691.76,F2,True,4385432.835,840040.5000000239,818969.2500000239,S6-K2P0|F2|1774988100|LONG,EXIT_SL_RAISED,False,S6-K2P0,LONG,L,0.5,1774994778.765,1774988100,1774989000.0,1774994400
4034910.2500000033,emaslope,0.5,4682.28,0,4682.79,4691.820393962006,4691.76,F3,True,4385432.835,840040.5000000239,818969.2500000239,S6-K2P0|F3|1774988100|LONG,EXIT_SL_RAISED,False,S6-K2P0,LONG,L,0.5,1774994778.765,1774988100,1774989000.0,1774994400
5880283.500000082,emaslope,0.5,4791.06,0,4791.57,4775.422715654214,4775.28,F1,True,4487305.305,-1525558.4999999965,-1546629.7499999965,S6-K2P0|F1|1775073600|LONG,EXIT_SL_RAISED,False,S6-K2P0,LONG,L,0.5,1775077407.858,1775073600,1775074500.0,1775077200
5880283.500000082,emaslope,0.5,4791.06,0,4791.57,4775.422715654214,4775.28,F2,True,4487305.305,-1525558.4999999965,-1546629.7499999965,S6-K2P0|F2|1775073600|LONG,EXIT_SL_RAISED,False,S6-K2P0,LONG,L,0.5,1775077407.858,1775073600,1775074500.0,1775077200
5880283.500000082,emaslope,0.5,4791.06,0,4791.57,4775.422715654214,4775.28,F3,True,4487305.305,-1525558.4999999965,-1546629.7499999965,S6-K2P0|F3|1775073600|LONG,EXIT_SL_RAISED,False,S6-K2P0,LONG,L,0.5,1775077407.858,1775073600,1775074500.0,1775077200
7408651.499999969,emaslope,0.5,4632.38,0,4632.37,4637.6124215190775,4637.7,F1,True,4338214.505,-499154.4999999932,-520225.7499999932,S6-K2P0|F1|1775415600|SHORT,EXIT_SL_RAISED,False,S6-K2P0,SHORT,S,0.5,1775423177.679,1775415600,1775416500.0,1775422800
7408651.499999969,emaslope,0.5,4632.38,0,4632.37,4637.6124215190775,4637.7,F2,True,4338214.505,-499154.4999999932,-520225.7499999932,S6-K2P0|F2|1775415600|SHORT,EXIT_SL_RAISED,False,S6-K2P0,SHORT,S,0.5,1775423177.679,1775415600,1775416500.0,1775422800
7408651.499999969,emaslope,0.5,4632.38,0,4632.37,4637.6124215190775,4637.7,F3,True,4338214.505,-499154.4999999932,-520225.7499999932,S6-K2P0|F3|1775415600|SHORT,EXIT_SL_RAISED,False,S6-K2P0,SHORT,S,0.5,1775423177.679,1775415600,1775416500.0,1775422800
5916338.749999846,emaslope,0.5,4632.85,0,4632.96,4655.437682516616,4655.56,F1,True,4338767.04,-2116490.000000034,-2137561.250000034,S6-K2P0|F1|1775430000|SHORT,EXIT_SL_RAISED,False,S6-K2P0,SHORT,S,0.5,1775436887.799,1775430000,1775430900.0,1775436300
5916338.749999846,emaslope,0.5,4632.85,0,4632.96,4655.437682516616,4655.56,F2,True,4338767.04,-2116490.000000034,-2137561.250000034,S6-K2P0|F2|1775430000|SHORT,EXIT_SL_RAISED,False,S6-K2P0,SHORT,S,0.5,1775436887.799,1775430000,1775430900.0,1775436300
5916338.749999846,emaslope,0.5,4632.85,0,4632.96,4655.437682516616,4655.56,F3,True,4338767.04,-2116490.000000034,-2137561.250000034,S6-K2P0|F3|1775430000|SHORT,EXIT_SL_RAISED,False,S6-K2P0,SHORT,S,0.5,1775436887.799,1775430000,1775430900.0,1775436300
6011861.749999887,emaslope,0.5,4660.83,0,4661.28,4684.635784894142,4684.28,F1,True,4365288.72,2153950.0,2132878.75,S6-K2P0|F1|1775440800|LONG,EXIT_SL_RAISED,False,S6-K2P0,LONG,L,0.5,1775461500.325,1775440800,1775441700.0,1775461500
6011861.749999887,emaslope,0.5,4660.83,0,4661.28,4684.635784894142,4684.28,F2,True,4365288.72,2153950.0,2132878.75,S6-K2P0|F2|1775440800|LONG,EXIT_SL_RAISED,False,S6-K2P0,LONG,L,0.5,1775461500.325,1775440800,1775441700.0,1775461500
6011861.749999887,emaslope,0.5,4660.83,0,4661.28,4684.635784894142,4684.28,F3,True,4365288.72,2153950.0,2132878.75,S6-K2P0|F3|1775440800|LONG,EXIT_SL_RAISED,False,S6-K2P0,LONG,L,0.5,1775461500.325,1775440800,1775441700.0,1775461500
2283186.999999925,emaslope,0.5,4654.36,0,4654.41,4664.426652101634,4664.65,F1,True,4358854.965,-958975.9999999795,-980047.2499999795,S6-K2P0|F1|1775502900|SHORT,EXIT_SL_RAISED,False,S6-K2P0,SHORT,S,0.5,1775509662.211,1775502900,1775503800.0,1775509200
2283186.999999925,emaslope,0.5,4654.36,0,4654.41,4664.426652101634,4664.65,F2,True,4358854.965,-958975.9999999795,-980047.2499999795,S6-K2P0|F2|1775502900|SHORT,EXIT_SL_RAISED,False,S6-K2P0,SHORT,S,0.5,1775509662.211,1775502900,1775503800.0,1775509200
2283186.999999925,emaslope,0.5,4654.36,0,4654.41,4664.426652101634,4664.65,F3,True,4358854.965,-958975.9999999795,-980047.2499999795,S6-K2P0|F3|1775502900|SHORT,EXIT_SL_RAISED,False,S6-K2P0,SHORT,S,0.5,1775509662.211,1775502900,1775503800.0,1775509200
10841860.500000041,emaslope,0.5,4640.51,0,4640.56,4658.432164312124,4658.48,F1,True,4345884.44,-1678207.9999999215,-1699279.2499999215,S6-K2P0|F1|1775509200|SHORT,EXIT_SL_RAISED,False,S6-K2P0,SHORT,S,0.5,1775511148.706,1775509200,1775510100.0,1775511000
10841860.500000041,emaslope,0.5,4640.51,0,4640.56,4658.432164312124,4658.48,F2,True,4345884.44,-1678207.9999999215,-1699279.2499999215,S6-K2P0|F2|1775509200|SHORT,EXIT_SL_RAISED,False,S6-K2P0,SHORT,S,0.5,1775511148.706,1775509200,1775510100.0,1775511000
10841860.500000041,emaslope,0.5,4640.51,0,4640.56,4658.432164312124,4658.48,F3,True,4345884.44,-1678207.9999999215,-1699279.2499999215,S6-K2P0|F3|1775509200|SHORT,EXIT_SL_RAISED,False,S6-K2P0,SHORT,S,0.5,1775511148.706,1775509200,1775510100.0,1775511000
9839805.499999972,emaslope,0.5,4641.4,0,4641.38,4643.146614299213,4643.15,F1,True,4346652.37,-165760.4999999557,-186831.7499999557,S6-K2P0|F1|1775511000|SHORT,EXIT_SL_RAISED,False,S6-K2P0,SHORT,S,0.5,1775515194.814,1775511000,1775511900.0,1775514600
9839805.499999972,emaslope,0.5,4641.4,0,4641.38,4643.146614299213,4643.15,F2,True,4346652.37,-165760.4999999557,-186831.7499999557,S6-K2P0|F2|1775511000|SHORT,EXIT_SL_RAISED,False,S6-K2P0,SHORT,S,0.5,1775515194.814,1775511000,1775511900.0,1775514600
9839805.499999972,emaslope,0.5,4641.4,0,4641.38,4643.146614299213,4643.15,F3,True,4346652.37,-165760.4999999557,-186831.7499999557,S6-K2P0|F3|1775511000|SHORT,EXIT_SL_RAISED,False,S6-K2P0,SHORT,S,0.5,1775515194.814,1775511000,1775511900.0,1775514600
2074347.500000051,emaslope,0.5,4803.45,0,4804.11,4816.238008535125,4816.14,F1,True,4499049.015,1126609.5000000612,1105538.2500000612,S6-K2P0|F1|1775609100|LONG,EXIT_SL_RAISED,False,S6-K2P0,LONG,L,0.5,1775617229.45,1775609100,1775610000.0,1775617200
2074347.500000051,emaslope,0.5,4803.45,0,4804.11,4816.238008535125,4816.14,F2,True,4499049.015,1126609.5000000612,1105538.2500000612,S6-K2P0|F2|1775609100|LONG,EXIT_SL_RAISED,False,S6-K2P0,LONG,L,0.5,1775617229.45,1775609100,1775610000.0,1775617200
2074347.500000051,emaslope,0.5,4803.45,0,4804.11,4816.238008535125,4816.14,F3,True,4499049.015,1126609.5000000612,1105538.2500000612,S6-K2P0|F3|1775609100|LONG,EXIT_SL_RAISED,False,S6-K2P0,LONG,L,0.5,1775617229.45,1775609100,1775610000.0,1775617200
3810150.2500000373,emaslope,0.5,4712.59,0,4712.66,4720.44,4720.94,F1,False,4413406.09,-775421.9999999761,-775421.9999999761,S6-K2P0|F1|1775673000|SHORT,reverse,False,S6-K2P0,SHORT,S,0.5,1775682900,1775673000,1775673900.0,1775682000
3810150.2500000373,emaslope,0.5,4712.59,0,4712.66,4720.44,4720.94,F2,False,4413406.09,-775421.9999999761,-775421.9999999761,S6-K2P0|F2|1775673000|SHORT,reverse,False,S6-K2P0,SHORT,S,0.5,1775682900,1775673000,1775673900.0,1775682000
3810150.2500000373,emaslope,0.5,4712.59,0,4712.66,4720.44,4720.94,F3,False,4413406.09,-775421.9999999761,-775421.9999999761,S6-K2P0|F3|1775673000|SHORT,reverse,False,S6-K2P0,SHORT,S,0.5,1775682900,1775673000,1775673900.0,1775682000
5360994.2500000745,emaslope,0.5,4713.35,0,4713.1,4726.073253880715,4726.22,F1,True,4413818.15,-1228687.9999999898,-1249759.2499999898,S6-K2P0|F1|1775699100|SHORT,EXIT_SL_RAISED,False,S6-K2P0,SHORT,S,0.5,1775704081.683,1775699100,1775700000.0,1775703600
5360994.2500000745,emaslope,0.5,4713.35,0,4713.1,4726.073253880715,4726.22,F2,True,4413818.15,-1228687.9999999898,-1249759.2499999898,S6-K2P0|F2|1775699100|SHORT,EXIT_SL_RAISED,False,S6-K2P0,SHORT,S,0.5,1775704081.683,1775699100,1775700000.0,1775703600
5360994.2500000745,emaslope,0.5,4713.35,0,4713.1,4726.073253880715,4726.22,F3,True,4413818.15,-1228687.9999999898,-1249759.2499999898,S6-K2P0|F3|1775699100|SHORT,EXIT_SL_RAISED,False,S6-K2P0,SHORT,S,0.5,1775704081.683,1775699100,1775700000.0,1775703600
5106734.5000000615,emaslope,0.5,4771.68,0,4772.17,4754.29489368671,4754.2,F1,True,4469137.205,-1682890.5000000237,-1703961.7500000237,S6-K2P0|F1|1775770200|LONG,EXIT_SL_RAISED,False,S6-K2P0,LONG,L,0.5,1775772694.03,1775770200,1775771100.0,1775772000
5106734.5000000615,emaslope,0.5,4771.68,0,4772.17,4754.29489368671,4754.2,F2,True,4469137.205,-1682890.5000000237,-1703961.7500000237,S6-K2P0|F2|1775770200|LONG,EXIT_SL_RAISED,False,S6-K2P0,LONG,L,0.5,1775772694.03,1775770200,1775771100.0,1775772000
5106734.5000000615,emaslope,0.5,4771.68,0,4772.17,4754.29489368671,4754.2,F3,True,4469137.205,-1682890.5000000237,-1703961.7500000237,S6-K2P0|F3|1775770200|LONG,EXIT_SL_RAISED,False,S6-K2P0,LONG,L,0.5,1775772694.03,1775770200,1775771100.0,1775772000
2430217.499999898,emaslope,0.5,4758.45,0,4758.41,4747.683584465891,4747.94,F1,True,4456250.965,980515.5000000239,959444.2500000239,S6-K2P0|F1|1775781900|SHORT,EXIT_SL_RAISED,False,S6-K2P0,SHORT,S,0.5,1775798323.088,1775781900,1775782800.0,1775798100
2430217.499999898,emaslope,0.5,4758.45,0,4758.41,4747.683584465891,4747.94,F2,True,4456250.965,980515.5000000239,959444.2500000239,S6-K2P0|F2|1775781900|SHORT,EXIT_SL_RAISED,False,S6-K2P0,SHORT,S,0.5,1775798323.088,1775781900,1775782800.0,1775798100
2430217.499999898,emaslope,0.5,4758.45,0,4758.41,4747.683584465891,4747.94,F3,True,4456250.965,980515.5000000239,959444.2500000239,S6-K2P0|F3|1775781900|SHORT,EXIT_SL_RAISED,False,S6-K2P0,SHORT,S,0.5,1775798323.088,1775781900,1775782800.0,1775798100
4589318.250000181,emaslope,0.5,4781.92,0,4782.46,4779.667811646894,4779.64,F1,True,4478773.79,-264092.99999997276,-285164.24999997276,S6-K2P0|F1|1776134700|LONG,EXIT_SL_RAISED,False,S6-K2P0,LONG,L,0.5,1776137010.791,1776134700,1776135600.0,1776136500
4589318.250000181,emaslope,0.5,4781.92,0,4782.46,4779.667811646894,4779.64,F2,True,4478773.79,-264092.99999997276,-285164.24999997276,S6-K2P0|F2|1776134700|LONG,EXIT_SL_RAISED,False,S6-K2P0,LONG,L,0.5,1776137010.791,1776134700,1776135600.0,1776136500
4589318.250000181,emaslope,0.5,4781.92,0,4782.46,4779.667811646894,4779.64,F3,True,4478773.79,-264092.99999997276,-285164.24999997276,S6-K2P0|F3|1776134700|LONG,EXIT_SL_RAISED,False,S6-K2P0,LONG,L,0.5,1776137010.791,1776134700,1776135600.0,1776136500
2533232.499999932,emaslope,0.5,4842.15,0,4842.71,4828.298520486834,4828.23,F1,True,4535197.915,-1356052.0000000442,-1377123.2500000442,S6-K2P0|F1|1776195000|LONG,EXIT_SL_RAISED,False,S6-K2P0,LONG,L,0.5,1776198818.759,1776195000,1776195900.0,1776198600
2533232.499999932,emaslope,0.5,4842.15,0,4842.71,4828.298520486834,4828.23,F2,True,4535197.915,-1356052.0000000442,-1377123.2500000442,S6-K2P0|F2|1776195000|LONG,EXIT_SL_RAISED,False,S6-K2P0,LONG,L,0.5,1776198818.759,1776195000,1776195900.0,1776198600
2533232.499999932,emaslope,0.5,4842.15,0,4842.71,4828.298520486834,4828.23,F3,True,4535197.915,-1356052.0000000442,-1377123.2500000442,S6-K2P0|F3|1776195000|LONG,EXIT_SL_RAISED,False,S6-K2P0,LONG,L,0.5,1776198818.759,1776195000,1776195900.0,1776198600
7790275.2499999525,emaslope,0.5,4850.11,0,4850.57,4850.590340722528,4850.48,F1,True,4542558.805,-8428.500000013628,-29499.750000013628,S6-K2P0|F1|1776200400|LONG,EXIT_SL_RAISED,False,S6-K2P0,LONG,L,0.5,1776202200.219,1776200400,1776201300.0,1776202200
7790275.2499999525,emaslope,0.5,4850.11,0,4850.57,4850.590340722528,4850.48,F2,True,4542558.805,-8428.500000013628,-29499.750000013628,S6-K2P0|F2|1776200400|LONG,EXIT_SL_RAISED,False,S6-K2P0,LONG,L,0.5,1776202200.219,1776200400,1776201300.0,1776202200
7790275.2499999525,emaslope,0.5,4850.11,0,4850.57,4850.590340722528,4850.48,F3,True,4542558.805,-8428.500000013628,-29499.750000013628,S6-K2P0|F3|1776200400|LONG,EXIT_SL_RAISED,False,S6-K2P0,LONG,L,0.5,1776202200.219,1776200400,1776201300.0,1776202200
5303399.500000095,emaslope,0.5,4832.49,0,4833.02,4821.65137435663,4821.41,F1,True,4526123.23,-1087276.5000000545,-1108347.7500000545,S6-K2P0|F1|1776285000|LONG,EXIT_SL_RAISED,False,S6-K2P0,LONG,L,0.5,1776288796.727,1776285000,1776285900.0,1776288600
5303399.500000095,emaslope,0.5,4832.49,0,4833.02,4821.65137435663,4821.41,F2,True,4526123.23,-1087276.5000000545,-1108347.7500000545,S6-K2P0|F2|1776285000|LONG,EXIT_SL_RAISED,False,S6-K2P0,LONG,L,0.5,1776288796.727,1776285000,1776285900.0,1776288600
5303399.500000095,emaslope,0.5,4832.49,0,4833.02,4821.65137435663,4821.41,F3,True,4526123.23,-1087276.5000000545,-1108347.7500000545,S6-K2P0|F3|1776285000|LONG,EXIT_SL_RAISED,False,S6-K2P0,LONG,L,0.5,1776288796.727,1776285000,1776285900.0,1776288600
2619858.749999949,emaslope,0.5,4826.42,0,4826.87,4825.192309895193,4825.14,F1,True,4520363.755,-162014.4999999591,-183085.7499999591,S6-K2P0|F1|1776294000|LONG,EXIT_SL_RAISED,False,S6-K2P0,LONG,L,0.5,1776303531.947,1776294000,1776294900.0,1776303000
2619858.749999949,emaslope,0.5,4826.42,0,4826.87,4825.192309895193,4825.14,F2,True,4520363.755,-162014.4999999591,-183085.7499999591,S6-K2P0|F2|1776294000|LONG,EXIT_SL_RAISED,False,S6-K2P0,LONG,L,0.5,1776303531.947,1776294000,1776294900.0,1776303000
2619858.749999949,emaslope,0.5,4826.42,0,4826.87,4825.192309895193,4825.14,F3,True,4520363.755,-162014.4999999591,-183085.7499999591,S6-K2P0|F3|1776294000|LONG,EXIT_SL_RAISED,False,S6-K2P0,LONG,L,0.5,1776303531.947,1776294000,1776294900.0,1776303000
2305662.9999998193,emaslope,0.5,4825.87,0,4826.47,4815.965567302059,4815.83,F1,True,4519989.155,-996436.0000000306,-1017507.2500000306,S6-K2P0|F1|1776307500|LONG,EXIT_SL_RAISED,False,S6-K2P0,LONG,L,0.5,1776312138.408,1776307500,1776308400.0,1776312000
2305662.9999998193,emaslope,0.5,4825.87,0,4826.47,4815.965567302059,4815.83,F2,True,4519989.155,-996436.0000000306,-1017507.2500000306,S6-K2P0|F2|1776307500|LONG,EXIT_SL_RAISED,False,S6-K2P0,LONG,L,0.5,1776312138.408,1776307500,1776308400.0,1776312000
2305662.9999998193,emaslope,0.5,4825.87,0,4826.47,4815.965567302059,4815.83,F3,True,4519989.155,-996436.0000000306,-1017507.2500000306,S6-K2P0|F3|1776307500|LONG,EXIT_SL_RAISED,False,S6-K2P0,LONG,L,0.5,1776312138.408,1776307500,1776308400.0,1776312000
7764989.7499999115,emaslope,0.5,4778.87,0,4778.73,4783.772092736503,4783.81,F1,True,4475280.645,-475742.00000007835,-496813.25000007835,S6-K2P0|F1|1776373200|SHORT,EXIT_SL_RAISED,False,S6-K2P0,SHORT,S,0.5,1776376307.624,1776373200,1776374100.0,1776375900
7764989.7499999115,emaslope,0.5,4778.87,0,4778.73,4783.772092736503,4783.81,F2,True,4475280.645,-475742.00000007835,-496813.25000007835,S6-K2P0|F2|1776373200|SHORT,EXIT_SL_RAISED,False,S6-K2P0,SHORT,S,0.5,1776376307.624,1776373200,1776374100.0,1776375900
7764989.7499999115,emaslope,0.5,4778.87,0,4778.73,4783.772092736503,4783.81,F3,True,4475280.645,-475742.00000007835,-496813.25000007835,S6-K2P0|F3|1776373200|SHORT,EXIT_SL_RAISED,False,S6-K2P0,SHORT,S,0.5,1776376307.624,1776373200,1776374100.0,1776375900
2461590.249999816,emaslope,0.5,4791.43,0,4791.49,4795.24,4795.75,F1,False,4487230.385,-398949.00000002043,-398949.00000002043,S6-K2P0|F1|1776639600|SHORT,reverse,False,S6-K2P0,SHORT,S,0.5,1776654000,1776639600,1776640500.0,1776653100
2461590.249999816,emaslope,0.5,4791.43,0,4791.49,4795.24,4795.75,F2,False,4487230.385,-398949.00000002043,-398949.00000002043,S6-K2P0|F2|1776639600|SHORT,reverse,False,S6-K2P0,SHORT,S,0.5,1776654000,1776639600,1776640500.0,1776653100
2461590.249999816,emaslope,0.5,4791.43,0,4791.49,4795.24,4795.75,F3,False,4487230.385,-398949.00000002043,-398949.00000002043,S6-K2P0|F3|1776639600|SHORT,reverse,False,S6-K2P0,SHORT,S,0.5,1776654000,1776639600,1776640500.0,1776653100
4581826.249999932,emaslope,0.5,4765.97,0,4766.5,4758.57213097329,4758.39,F1,True,4463827.25,-759501.4999999694,-780572.7499999694,S6-K2P0|F1|1776820500|LONG,EXIT_SL_RAISED,False,S6-K2P0,LONG,L,0.5,1776831277.794,1776820500,1776821400.0,1776830400
4581826.249999932,emaslope,0.5,4765.97,0,4766.5,4758.57213097329,4758.39,F2,True,4463827.25,-759501.4999999694,-780572.7499999694,S6-K2P0|F2|1776820500|LONG,EXIT_SL_RAISED,False,S6-K2P0,LONG,L,0.5,1776831277.794,1776820500,1776821400.0,1776830400
4581826.249999932,emaslope,0.5,4765.97,0,4766.5,4758.57213097329,4758.39,F3,True,4463827.25,-759501.4999999694,-780572.7499999694,S6-K2P0|F3|1776820500|LONG,EXIT_SL_RAISED,False,S6-K2P0,LONG,L,0.5,1776831277.794,1776820500,1776821400.0,1776830400
1591113.4999998943,emaslope,0.5,4760.51,0,4760.94,4755.04,4755.18,F1,False,4458620.31,-539423.9999999353,-539423.9999999353,S6-K2P0|F1|1776834000|LONG,reverse,False,S6-K2P0,LONG,L,0.5,1776837600,1776834000,1776834900.0,1776836700
1591113.4999998943,emaslope,0.5,4760.51,0,4760.94,4755.04,4755.18,F2,False,4458620.31,-539423.9999999353,-539423.9999999353,S6-K2P0|F2|1776834000|LONG,reverse,False,S6-K2P0,LONG,L,0.5,1776837600,1776834000,1776834900.0,1776836700
1591113.4999998943,emaslope,0.5,4760.51,0,4760.94,4755.04,4755.18,F3,False,4458620.31,-539423.9999999353,-539423.9999999353,S6-K2P0|F3|1776834000|LONG,reverse,False,S6-K2P0,LONG,L,0.5,1776837600,1776834000,1776834900.0,1776836700
2767357.499999932,emaslope,0.5,4746.62,0,4746.65,4751.975323204871,4752.14,F1,True,4445237.725,-514138.5000000647,-535209.7500000647,S6-K2P0|F1|1776846600|SHORT,EXIT_SL_RAISED,False,S6-K2P0,SHORT,S,0.5,1776850662.621,1776846600,1776847500.0,1776850200
2767357.499999932,emaslope,0.5,4746.62,0,4746.65,4751.975323204871,4752.14,F2,True,4445237.725,-514138.5000000647,-535209.7500000647,S6-K2P0|F2|1776846600|SHORT,EXIT_SL_RAISED,False,S6-K2P0,SHORT,S,0.5,1776850662.621,1776846600,1776847500.0,1776850200
2767357.499999932,emaslope,0.5,4746.62,0,4746.65,4751.975323204871,4752.14,F3,True,4445237.725,-514138.5000000647,-535209.7500000647,S6-K2P0|F3|1776846600|SHORT,EXIT_SL_RAISED,False,S6-K2P0,SHORT,S,0.5,1776850662.621,1776846600,1776847500.0,1776850200
1958689.7499999965,emaslope,0.5,4730.26,0,4730.13,4744.840916568602,4745.67,F1,True,4429766.745,-1455320.9999999965,-1476392.2499999965,S6-K2P0|F1|1776867300|SHORT,EXIT_SL_RAISED,False,S6-K2P0,SHORT,S,0.5,1776869303.714,1776867300,1776868200.0,1776869100
1958689.7499999965,emaslope,0.5,4730.26,0,4730.13,4744.840916568602,4745.67,F2,True,4429766.745,-1455320.9999999965,-1476392.2499999965,S6-K2P0|F2|1776867300|SHORT,EXIT_SL_RAISED,False,S6-K2P0,SHORT,S,0.5,1776869303.714,1776867300,1776868200.0,1776869100
1958689.7499999965,emaslope,0.5,4730.26,0,4730.13,4744.840916568602,4745.67,F3,True,4429766.745,-1455320.9999999965,-1476392.2499999965,S6-K2P0|F3|1776867300|SHORT,EXIT_SL_RAISED,False,S6-K2P0,SHORT,S,0.5,1776869303.714,1776867300,1776868200.0,1776869100
9611767.75000002,emaslope,0.5,4699.13,0,4699.22,4741.38,4741.84,F1,False,4400819.53,-3991362.9999999898,-4012434.2499999898,S6-K2P0|F1|1776888000|SHORT,EXIT_TRAIL,True,S6-K2P0,SHORT,S,0.5,1776889800,1776888000,1776888900.0,1776888900
9611767.75000002,emaslope,0.5,4699.13,0,4699.22,4741.38,4741.84,F2,False,4400819.53,-3991362.9999999898,-4012434.2499999898,S6-K2P0|F2|1776888000|SHORT,EXIT_TRAIL,True,S6-K2P0,SHORT,S,0.5,1776889800,1776888000,1776888900.0,1776888900
9611767.75000002,emaslope,0.5,4699.13,0,4699.22,4741.38,4741.84,F3,False,4400819.53,-3991362.9999999898,-4012434.2499999898,S6-K2P0|F3|1776888000|SHORT,EXIT_TRAIL,True,S6-K2P0,SHORT,S,0.5,1776889800,1776888000,1776888900.0,1776888900
4650659.000000072,emaslope,0.5,4723.08,0,4723.11,4710.569550260446,4710.6,F1,True,4423192.515,1171561.4999999353,1150490.2499999353,S6-K2P0|F1|1776894300|SHORT,EXIT_SL_RAISED,False,S6-K2P0,SHORT,S,0.5,1776908986.854,1776894300,1776895200.0,1776908700
4650659.000000072,emaslope,0.5,4723.08,0,4723.11,4710.569550260446,4710.6,F2,True,4423192.515,1171561.4999999353,1150490.2499999353,S6-K2P0|F2|1776894300|SHORT,EXIT_SL_RAISED,False,S6-K2P0,SHORT,S,0.5,1776908986.854,1776894300,1776895200.0,1776908700
4650659.000000072,emaslope,0.5,4723.08,0,4723.11,4710.569550260446,4710.6,F3,True,4423192.515,1171561.4999999353,1150490.2499999353,S6-K2P0|F3|1776894300|SHORT,EXIT_SL_RAISED,False,S6-K2P0,SHORT,S,0.5,1776908986.854,1776894300,1776895200.0,1776908700
3876641.7499999558,emaslope,0.5,4690.82,0,4690.7,4676.731448134046,4676.91,F1,True,4392840.55,1291433.4999999965,1270362.2499999965,S6-K2P0|F1|1776979800|SHORT,EXIT_SL_RAISED,False,S6-K2P0,SHORT,S,0.5,1776991762.939,1776979800,1776980700.0,1776991500
3876641.7499999558,emaslope,0.5,4690.82,0,4690.7,4676.731448134046,4676.91,F2,True,4392840.55,1291433.4999999965,1270362.2499999965,S6-K2P0|F2|1776979800|SHORT,EXIT_SL_RAISED,False,S6-K2P0,SHORT,S,0.5,1776991762.939,1776979800,1776980700.0,1776991500
3876641.7499999558,emaslope,0.5,4690.82,0,4690.7,4676.731448134046,4676.91,F3,True,4392840.55,1291433.4999999965,1270362.2499999965,S6-K2P0|F3|1776979800|SHORT,EXIT_SL_RAISED,False,S6-K2P0,SHORT,S,0.5,1776991762.939,1776979800,1776980700.0,1776991500
3797039.250000092,emaslope,0.5,4671.32,0,4671.31,4684.602062087283,4684.65,F1,True,4374681.815,-1249290.9999999285,-1270362.2499999285,S6-K2P0|F1|1776996900|SHORT,EXIT_SL_RAISED,False,S6-K2P0,SHORT,S,0.5,1777001007.079,1776996900,1776997800.0,1777000500
3797039.250000092,emaslope,0.5,4671.32,0,4671.31,4684.602062087283,4684.65,F2,True,4374681.815,-1249290.9999999285,-1270362.2499999285,S6-K2P0|F2|1776996900|SHORT,EXIT_SL_RAISED,False,S6-K2P0,SHORT,S,0.5,1777001007.079,1776996900,1776997800.0,1777000500
3797039.250000092,emaslope,0.5,4671.32,0,4671.31,4684.602062087283,4684.65,F3,True,4374681.815,-1249290.9999999285,-1270362.2499999285,S6-K2P0|F3|1776996900|SHORT,EXIT_SL_RAISED,False,S6-K2P0,SHORT,S,0.5,1777001007.079,1776996900,1776997800.0,1777000500
8120391.500000174,emaslope,0.5,4685.14,1,4686.44,4686.181765798454,4686.21,F1,True,4388851.06,21539.499999959116,468.2499999591164,S6-K2P0|F1|1777226400|SHORT,EXIT_SL_RAISED,False,S6-K2P0,SHORT,S,0.5,1777236715.524,1777226400,1777228200.0,1777236300
8120391.500000174,emaslope,0.5,4685.14,1,4686.44,4686.181765798454,4686.21,F2,True,4388851.06,21539.499999959116,468.2499999591164,S6-K2P0|F2|1777226400|SHORT,EXIT_SL_RAISED,False,S6-K2P0,SHORT,S,0.5,1777236715.524,1777226400,1777228200.0,1777236300
8120391.500000174,emaslope,0.5,4685.14,1,4686.44,4686.181765798454,4686.21,F3,True,4388851.06,21539.499999959116,468.2499999591164,S6-K2P0|F3|1777226400|SHORT,EXIT_SL_RAISED,False,S6-K2P0,SHORT,S,0.5,1777236715.524,1777226400,1777228200.0,1777236300
5855934.499999891,emaslope,0.5,4670.58,0,4670.52,4679.224827300021,4679.5,F1,True,4373941.98,-840976.9999999591,-862048.2499999591,S6-K2P0|F1|1777326300|SHORT,EXIT_SL_RAISED,False,S6-K2P0,SHORT,S,0.5,1777328205.476,1777326300,1777327200.0,1777328100
5855934.499999891,emaslope,0.5,4670.58,0,4670.52,4679.224827300021,4679.5,F2,True,4373941.98,-840976.9999999591,-862048.2499999591,S6-K2P0|F2|1777326300|SHORT,EXIT_SL_RAISED,False,S6-K2P0,SHORT,S,0.5,1777328205.476,1777326300,1777327200.0,1777328100
5855934.499999891,emaslope,0.5,4670.58,0,4670.52,4679.224827300021,4679.5,F3,True,4373941.98,-840976.9999999591,-862048.2499999591,S6-K2P0|F3|1777326300|SHORT,EXIT_SL_RAISED,False,S6-K2P0,SHORT,S,0.5,1777328205.476,1777326300,1777327200.0,1777328100
1179989.999999949,emaslope,0.5,4671.86,0,4671.75,4640.519792855659,4640.6,F1,True,4375093.875,2917197.499999966,2896126.249999966,S6-K2P0|F1|1777332600|SHORT,EXIT_SL_RAISED,False,S6-K2P0,SHORT,S,0.5,1777342052.523,1777332600,1777333500.0,1777341600
1179989.999999949,emaslope,0.5,4671.86,0,4671.75,4640.519792855659,4640.6,F2,True,4375093.875,2917197.499999966,2896126.249999966,S6-K2P0|F2|1777332600|SHORT,EXIT_SL_RAISED,False,S6-K2P0,SHORT,S,0.5,1777342052.523,1777332600,1777333500.0,1777341600
1179989.999999949,emaslope,0.5,4671.86,0,4671.75,4640.519792855659,4640.6,F3,True,4375093.875,2917197.499999966,2896126.249999966,S6-K2P0|F3|1777332600|SHORT,EXIT_SL_RAISED,False,S6-K2P0,SHORT,S,0.5,1777342052.523,1777332600,1777333500.0,1777341600
7376342.250000031,emaslope,0.5,4582.46,0,4582.21,4595.425752140632,4595.68,F1,True,4291239.665,-1261465.5000000237,-1282536.7500000237,S6-K2P0|F1|1777410000|SHORT,EXIT_SL_RAISED,False,S6-K2P0,SHORT,S,0.5,1777413692.248,1777410000,1777410900.0,1777413600
7376342.250000031,emaslope,0.5,4582.46,0,4582.21,4595.425752140632,4595.68,F2,True,4291239.665,-1261465.5000000237,-1282536.7500000237,S6-K2P0|F2|1777410000|SHORT,EXIT_SL_RAISED,False,S6-K2P0,SHORT,S,0.5,1777413692.248,1777410000,1777410900.0,1777413600
7376342.250000031,emaslope,0.5,4582.46,0,4582.21,4595.425752140632,4595.68,F3,True,4291239.665,-1261465.5000000237,-1282536.7500000237,S6-K2P0|F3|1777410000|SHORT,EXIT_SL_RAISED,False,S6-K2P0,SHORT,S,0.5,1777413692.248,1777410000,1777410900.0,1777413600
1988657.7499999693,emaslope,0.5,4593.63,0,4593.61,4600.67,4601.24,F1,False,4301915.765,-714549.5000000102,-714549.5000000102,S6-K2P0|F1|1777419000|SHORT,reverse,False,S6-K2P0,SHORT,S,0.5,1777421700,1777419000,1777419900.0,1777420800
1988657.7499999693,emaslope,0.5,4593.63,0,4593.61,4600.67,4601.24,F2,False,4301915.765,-714549.5000000102,-714549.5000000102,S6-K2P0|F2|1777419000|SHORT,reverse,False,S6-K2P0,SHORT,S,0.5,1777421700,1777419000,1777419900.0,1777420800
1988657.7499999693,emaslope,0.5,4593.63,0,4593.61,4600.67,4601.24,F3,False,4301915.765,-714549.5000000102,-714549.5000000102,S6-K2P0|F3|1777419000|SHORT,reverse,False,S6-K2P0,SHORT,S,0.5,1777421700,1777419000,1777419900.0,1777420800
3671079.999999898,emaslope,0.5,4588.4,0,4588.42,4573.668091396416,4573.71,F1,True,4297055.33,1377591.5000000035,1356520.2500000035,S6-K2P0|F1|1777428000|SHORT,EXIT_SL_RAISED,False,S6-K2P0,SHORT,S,0.5,1777438295.602,1777428000,1777428900.0,1777437900
3671079.999999898,emaslope,0.5,4588.4,0,4588.42,4573.668091396416,4573.71,F2,True,4297055.33,1377591.5000000035,1356520.2500000035,S6-K2P0|F2|1777428000|SHORT,EXIT_SL_RAISED,False,S6-K2P0,SHORT,S,0.5,1777438295.602,1777428000,1777428900.0,1777437900
3671079.999999898,emaslope,0.5,4588.4,0,4588.42,4573.668091396416,4573.71,F3,True,4297055.33,1377591.5000000035,1356520.2500000035,S6-K2P0|F3|1777428000|SHORT,EXIT_SL_RAISED,False,S6-K2P0,SHORT,S,0.5,1777438295.602,1777428000,1777428900.0,1777437900
4924585.250000004,emaslope,0.5,4579.61,0,4580.17,4564.978047244497,4564.91,F1,True,4289329.205,-1429099.0000000205,-1450170.2500000205,S6-K2P0|F1|1777497300|LONG,EXIT_SL_RAISED,False,S6-K2P0,LONG,L,0.5,1777502284.086,1777497300,1777498200.0,1777501800
4924585.250000004,emaslope,0.5,4579.61,0,4580.17,4564.978047244497,4564.91,F2,True,4289329.205,-1429099.0000000205,-1450170.2500000205,S6-K2P0|F2|1777497300|LONG,EXIT_SL_RAISED,False,S6-K2P0,LONG,L,0.5,1777502284.086,1777497300,1777498200.0,1777501800
4924585.250000004,emaslope,0.5,4579.61,0,4580.17,4564.978047244497,4564.91,F3,True,4289329.205,-1429099.0000000205,-1450170.2500000205,S6-K2P0|F3|1777497300|LONG,EXIT_SL_RAISED,False,S6-K2P0,LONG,L,0.5,1777502284.086,1777497300,1777498200.0,1777501800
4548580.499999887,emaslope,0.5,4630.72,0,4631.28,4622.353920359901,4622.35,F1,True,4337193.72,-836294.499999942,-857365.749999942,S6-K2P0|F1|1777586400|LONG,EXIT_SL_RAISED,False,S6-K2P0,LONG,L,0.5,1777589153.309,1777586400,1777587300.0,1777589100
4548580.499999887,emaslope,0.5,4630.72,0,4631.28,4622.353920359901,4622.35,F2,True,4337193.72,-836294.499999942,-857365.749999942,S6-K2P0|F2|1777586400|LONG,EXIT_SL_RAISED,False,S6-K2P0,LONG,L,0.5,1777589153.309,1777586400,1777587300.0,1777589100
4548580.499999887,emaslope,0.5,4630.72,0,4631.28,4622.353920359901,4622.35,F3,True,4337193.72,-836294.499999942,-857365.749999942,S6-K2P0|F3|1777586400|LONG,EXIT_SL_RAISED,False,S6-K2P0,LONG,L,0.5,1777589153.309,1777586400,1777587300.0,1777589100
1905777.500000034,emaslope,0.5,4609.73,0,4609.69,4574.683280532601,4574.95,F1,True,4316974.685,3253400.9999999795,3232329.7499999795,S6-K2P0|F1|1777599000|SHORT,EXIT_SL_RAISED,False,S6-K2P0,SHORT,S,0.5,1777617067.532,1777599000,1777599900.0,1777617000
1905777.500000034,emaslope,0.5,4609.73,0,4609.69,4574.683280532601,4574.95,F2,True,4316974.685,3253400.9999999795,3232329.7499999795,S6-K2P0|F2|1777599000|SHORT,EXIT_SL_RAISED,False,S6-K2P0,SHORT,S,0.5,1777617067.532,1777599000,1777599900.0,1777617000
1905777.500000034,emaslope,0.5,4609.73,0,4609.69,4574.683280532601,4574.95,F3,True,4316974.685,3253400.9999999795,3232329.7499999795,S6-K2P0|F3|1777599000|SHORT,EXIT_SL_RAISED,False,S6-K2P0,SHORT,S,0.5,1777617067.532,1777599000,1777599900.0,1777617000
3069378.7500001364,emaslope,0.5,4627.97,0,4628.51,4614.87,4614.89,F1,False,4334599.615,-1275512.9999999898,-1275512.9999999898,S6-K2P0|F1|1777833000|LONG,reverse,False,S6-K2P0,LONG,L,0.5,1777835700,1777833000,1777833900.0,1777834800
3069378.7500001364,emaslope,0.5,4627.97,0,4628.51,4614.87,4614.89,F2,False,4334599.615,-1275512.9999999898,-1275512.9999999898,S6-K2P0|F2|1777833000|LONG,reverse,False,S6-K2P0,LONG,L,0.5,1777835700,1777833000,1777833900.0,1777834800
3069378.7500001364,emaslope,0.5,4627.97,0,4628.51,4614.87,4614.89,F3,False,4334599.615,-1275512.9999999898,-1275512.9999999898,S6-K2P0|F3|1777833000|LONG,reverse,False,S6-K2P0,LONG,L,0.5,1777835700,1777833000,1777833900.0,1777834800
4157591.7499999558,emaslope,0.5,4612.9,0,4613.37,4598.290253562722,4598.27,F1,True,4320421.005,-1414114.999999949,-1435186.249999949,S6-K2P0|F1|1777844700|LONG,EXIT_SL_RAISED,False,S6-K2P0,LONG,L,0.5,1777847027.766,1777844700,1777845600.0,1777846500
4157591.7499999558,emaslope,0.5,4612.9,0,4613.37,4598.290253562722,4598.27,F2,True,4320421.005,-1414114.999999949,-1435186.249999949,S6-K2P0|F2|1777844700|LONG,EXIT_SL_RAISED,False,S6-K2P0,LONG,L,0.5,1777847027.766,1777844700,1777845600.0,1777846500
4157591.7499999558,emaslope,0.5,4612.9,0,4613.37,4598.290253562722,4598.27,F3,True,4320421.005,-1414114.999999949,-1435186.249999949,S6-K2P0|F3|1777844700|LONG,EXIT_SL_RAISED,False,S6-K2P0,LONG,L,0.5,1777847027.766,1777844700,1777845600.0,1777846500
3852292.7500000205,emaslope,0.5,4614.95,0,4615.43,4597.545651424014,4597.51,F1,True,4322350.195,-1678208.0000000068,-1699279.2500000068,S6-K2P0|F1|1777851900|LONG,EXIT_SL_RAISED,False,S6-K2P0,LONG,L,0.5,1777858041.259,1777851900,1777852800.0,1777857300
3852292.7500000205,emaslope,0.5,4614.95,0,4615.43,4597.545651424014,4597.51,F2,True,4322350.195,-1678208.0000000068,-1699279.2500000068,S6-K2P0|F2|1777851900|LONG,EXIT_SL_RAISED,False,S6-K2P0,LONG,L,0.5,1777858041.259,1777851900,1777852800.0,1777857300
3852292.7500000205,emaslope,0.5,4614.95,0,4615.43,4597.545651424014,4597.51,F3,True,4322350.195,-1678208.0000000068,-1699279.2500000068,S6-K2P0|F3|1777851900|LONG,EXIT_SL_RAISED,False,S6-K2P0,LONG,L,0.5,1777858041.259,1777851900,1777852800.0,1777857300
953825.249999782,emaslope,0.5,4518.3,0,4518.35,4528.534999999998,4528.55,F1,True,4231434.775,-955229.999999983,-976301.249999983,S6-K2P0|F1|1777923000|SHORT,EXIT_INITSL,False,S6-K2P0,SHORT,S,0.5,1777928049.113,1777923000,1777923900.0,1777927500
953825.249999782,emaslope,0.5,4518.3,0,4518.35,4528.534999999998,4528.55,F2,True,4231434.775,-955229.999999983,-976301.249999983,S6-K2P0|F2|1777923000|SHORT,EXIT_INITSL,False,S6-K2P0,SHORT,S,0.5,1777928049.113,1777923000,1777923900.0,1777927500
953825.249999782,emaslope,0.5,4518.3,0,4518.35,4528.534999999998,4528.55,F3,True,4231434.775,-955229.999999983,-976301.249999983,S6-K2P0|F3|1777923000|SHORT,EXIT_INITSL,False,S6-K2P0,SHORT,S,0.5,1777928049.113,1777923000,1777923900.0,1777927500
4098123.99999985,emaslope,0.5,4546.16,0,4546.65,4545.827606369239,4545.79,F1,True,4257937.725,-80538.99999996934,-101610.24999996934,S6-K2P0|F1|1777948200|LONG,EXIT_SL_RAISED,False,S6-K2P0,LONG,L,0.5,1777963430.714,1777948200,1777949100.0,1777962600
4098123.99999985,emaslope,0.5,4546.16,0,4546.65,4545.827606369239,4545.79,F2,True,4257937.725,-80538.99999996934,-101610.24999996934,S6-K2P0|F2|1777948200|LONG,EXIT_SL_RAISED,False,S6-K2P0,LONG,L,0.5,1777963430.714,1777948200,1777949100.0,1777962600
4098123.99999985,emaslope,0.5,4546.16,0,4546.65,4545.827606369239,4545.79,F3,True,4257937.725,-80538.99999996934,-101610.24999996934,S6-K2P0|F3|1777948200|LONG,EXIT_SL_RAISED,False,S6-K2P0,LONG,L,0.5,1777963430.714,1777948200,1777949100.0,1777962600
9582736.249999898,emaslope,0.5,4573.14,0,4573.8,4701.54464645573,4701.51,F1,True,4283363.7,11960041.500000004,11938970.250000004,S6-K2P0|F1|1778006700|LONG,EXIT_SL_RAISED,False,S6-K2P0,LONG,L,0.5,1778053383.912,1778006700,1778007600.0,1778052600
9582736.249999898,emaslope,0.5,4573.14,0,4573.8,4701.54464645573,4701.51,F2,True,4283363.7,11960041.500000004,11938970.250000004,S6-K2P0|F2|1778006700|LONG,EXIT_SL_RAISED,False,S6-K2P0,LONG,L,0.5,1778053383.912,1778006700,1778007600.0,1778052600
9582736.249999898,emaslope,0.5,4573.14,0,4573.8,4701.54464645573,4701.51,F3,True,4283363.7,11960041.500000004,11938970.250000004,S6-K2P0|F3|1778006700|LONG,EXIT_SL_RAISED,False,S6-K2P0,LONG,L,0.5,1778053383.912,1778006700,1778007600.0,1778052600
8424285.749999993,emaslope,0.5,4709.56,0,4710.1,4702.869142713712,4702.8,F1,True,4411008.65,-683645.000000017,-704716.250000017,S6-K2P0|F1|1778101200|LONG,EXIT_SL_RAISED,False,S6-K2P0,LONG,L,0.5,1778105730.761,1778101200,1778102100.0,1778105700
8424285.749999993,emaslope,0.5,4709.56,0,4710.1,4702.869142713712,4702.8,F2,True,4411008.65,-683645.000000017,-704716.250000017,S6-K2P0|F2|1778101200|LONG,EXIT_SL_RAISED,False,S6-K2P0,LONG,L,0.5,1778105730.761,1778101200,1778102100.0,1778105700
8424285.749999993,emaslope,0.5,4709.56,0,4710.1,4702.869142713712,4702.8,F3,True,4411008.65,-683645.000000017,-704716.250000017,S6-K2P0|F3|1778101200|LONG,EXIT_SL_RAISED,False,S6-K2P0,LONG,L,0.5,1778105730.761,1778101200,1778102100.0,1778105700
3426185.2500000033,emaslope,0.5,4703.37,0,4703.82,4733.895478565705,4733.2,F1,True,4405127.43,2751437.0000000102,2730365.7500000102,S6-K2P0|F1|1778117400|LONG,EXIT_SL_RAISED,False,S6-K2P0,LONG,L,0.5,1778129339.275,1778117400,1778118300.0,1778129100
3426185.2500000033,emaslope,0.5,4703.37,0,4703.82,4733.895478565705,4733.2,F2,True,4405127.43,2751437.0000000102,2730365.7500000102,S6-K2P0|F2|1778117400|LONG,EXIT_SL_RAISED,False,S6-K2P0,LONG,L,0.5,1778129339.275,1778117400,1778118300.0,1778129100
3426185.2500000033,emaslope,0.5,4703.37,0,4703.82,4733.895478565705,4733.2,F3,True,4405127.43,2751437.0000000102,2730365.7500000102,S6-K2P0|F3|1778117400|LONG,EXIT_SL_RAISED,False,S6-K2P0,LONG,L,0.5,1778129339.275,1778117400,1778118300.0,1778129100
5394708.249999874,emaslope,0.5,4686.98,1,4691.11,4699.617832107224,4699.67,F1,True,4393224.515,-801644.0000000375,-822715.2500000375,S6-K2P0|F1|1778172300|SHORT,EXIT_SL_RAISED,False,S6-K2P0,SHORT,S,0.5,1778183148.87,1778172300,1778177700.0,1778183100
5394708.249999874,emaslope,0.5,4686.98,1,4691.11,4699.617832107224,4699.67,F2,True,4393224.515,-801644.0000000375,-822715.2500000375,S6-K2P0|F2|1778172300|SHORT,EXIT_SL_RAISED,False,S6-K2P0,SHORT,S,0.5,1778183148.87,1778172300,1778177700.0,1778183100
5394708.249999874,emaslope,0.5,4686.98,1,4691.11,4699.617832107224,4699.67,F3,True,4393224.515,-801644.0000000375,-822715.2500000375,S6-K2P0|F3|1778172300|SHORT,EXIT_SL_RAISED,False,S6-K2P0,SHORT,S,0.5,1778183148.87,1778172300,1778177700.0,1778183100
4201138.9999998845,emaslope,0.5,4733.47,0,4733.98,4715.04,4714.97,F1,False,4433372.27,-1780286.4999999353,-1780286.4999999353,S6-K2P0|F1|1778206500|LONG,reverse,False,S6-K2P0,LONG,L,0.5,1778210100,1778206500,1778207400.0,1778209200
4201138.9999998845,emaslope,0.5,4733.47,0,4733.98,4715.04,4714.97,F2,False,4433372.27,-1780286.4999999353,-1780286.4999999353,S6-K2P0|F2|1778206500|LONG,reverse,False,S6-K2P0,LONG,L,0.5,1778210100,1778206500,1778207400.0,1778209200
4201138.9999998845,emaslope,0.5,4733.47,0,4733.98,4715.04,4714.97,F3,False,4433372.27,-1780286.4999999353,-1780286.4999999353,S6-K2P0|F3|1778206500|LONG,reverse,False,S6-K2P0,LONG,L,0.5,1778210100,1778206500,1778207400.0,1778209200
6170130.2500000205,emaslope,0.5,4683.46,0,4683.27,4695.770218915321,4695.8,F1,True,4385882.355,-1173434.4999999763,-1194505.7499999763,S6-K2P0|F1|1778445900|SHORT,EXIT_SL_RAISED,False,S6-K2P0,SHORT,S,0.5,1778447843.728,1778445900,1778446800.0,1778447700
6170130.2500000205,emaslope,0.5,4683.46,0,4683.27,4695.770218915321,4695.8,F2,True,4385882.355,-1173434.4999999763,-1194505.7499999763,S6-K2P0|F2|1778445900|SHORT,EXIT_SL_RAISED,False,S6-K2P0,SHORT,S,0.5,1778447843.728,1778445900,1778446800.0,1778447700
6170130.2500000205,emaslope,0.5,4683.46,0,4683.27,4695.770218915321,4695.8,F3,True,4385882.355,-1173434.4999999763,-1194505.7499999763,S6-K2P0|F3|1778445900|SHORT,EXIT_SL_RAISED,False,S6-K2P0,SHORT,S,0.5,1778447843.728,1778445900,1778446800.0,1778447700
4689055.500000143,emaslope,0.5,4685.53,0,4685.48,4668.668401124635,4668.72,F1,True,4387952.02,1569573.9999999353,1548502.7499999353,S6-K2P0|F1|1778449500|SHORT,EXIT_SL_RAISED,False,S6-K2P0,SHORT,S,0.5,1778465852.504,1778449500,1778450400.0,1778465700
4689055.500000143,emaslope,0.5,4685.53,0,4685.48,4668.668401124635,4668.72,F2,True,4387952.02,1569573.9999999353,1548502.7499999353,S6-K2P0|F2|1778449500|SHORT,EXIT_SL_RAISED,False,S6-K2P0,SHORT,S,0.5,1778465852.504,1778449500,1778450400.0,1778465700
4689055.500000143,emaslope,0.5,4685.53,0,4685.48,4668.668401124635,4668.72,F3,True,4387952.02,1569573.9999999353,1548502.7499999353,S6-K2P0|F3|1778449500|SHORT,EXIT_SL_RAISED,False,S6-K2P0,SHORT,S,0.5,1778465852.504,1778449500,1778450400.0,1778465700
