strategy,t_in,ficha,reason,net_067lot_clp
S6-K2P0,2026-01-05T23:00:00,F1,EXIT_INITSL,499454.18
S6-K2P0,2026-01-05T23:00:00,F2,EXIT_INITSL,499454.18
S6-K2P0,2026-01-05T23:00:00,F3,EXIT_INITSL,499454.18
S6-K2P0,2026-01-06T22:15:00,F1,EXIT_INITSL,-321256.96
S6-K2P0,2026-01-06T22:15:00,F2,EXIT_INITSL,-321256.96
S6-K2P0,2026-01-06T22:15:00,F3,EXIT_INITSL,-321256.96
S6-K2P0,2026-01-07T01:00:00,F1,EXIT_INITSL,996398.54
S6-K2P0,2026-01-07T01:00:00,F2,EXIT_INITSL,996398.54
S6-K2P0,2026-01-07T01:00:00,F3,EXIT_INITSL,996398.54
S6-K2P0,2026-01-07T03:30:00,F1,EXIT_INITSL,-149334.29
S6-K2P0,2026-01-07T03:30:00,F2,EXIT_INITSL,-149334.29
S6-K2P0,2026-01-07T03:30:00,F3,EXIT_INITSL,-149334.29
S6-K2P0,2026-01-09T00:15:00,F1,EXIT_INITSL,-357021.89
S6-K2P0,2026-01-09T00:15:00,F2,EXIT_INITSL,-357021.89
S6-K2P0,2026-01-09T00:15:00,F3,EXIT_INITSL,-357021.89
S6-K2P0,2026-01-12T02:30:00,F1,EXIT_INITSL,797495.31
S6-K2P0,2026-01-12T02:30:00,F2,EXIT_INITSL,797495.31
S6-K2P0,2026-01-12T02:30:00,F3,EXIT_INITSL,797495.31
S6-K2P0,2026-01-12T21:00:00,F1,EXIT_INITSL,-1141340.65
S6-K2P0,2026-01-12T21:00:00,F2,EXIT_INITSL,-1141340.65
S6-K2P0,2026-01-12T21:00:00,F3,EXIT_INITSL,-1141340.65
S6-K2P0,2026-01-12T22:30:00,F1,EXIT_INITSL,-803142.4
S6-K2P0,2026-01-12T22:30:00,F2,EXIT_INITSL,-803142.4
S6-K2P0,2026-01-12T22:30:00,F3,EXIT_INITSL,-803142.4
S6-K2P0,2026-01-13T02:30:00,F1,EXIT_INITSL,-892868.47
S6-K2P0,2026-01-13T02:30:00,F2,EXIT_INITSL,-892868.47
S6-K2P0,2026-01-13T02:30:00,F3,EXIT_INITSL,-892868.47
S6-K2P0,2026-01-13T20:15:00,F1,EXIT_INITSL,1867306.08
S6-K2P0,2026-01-13T20:15:00,F2,EXIT_INITSL,1867306.08
S6-K2P0,2026-01-13T20:15:00,F3,EXIT_INITSL,1867306.08
S6-K2P0,2026-01-15T00:15:00,F1,EXIT_INITSL,-548395.67
S6-K2P0,2026-01-15T00:15:00,F2,EXIT_INITSL,-548395.67
S6-K2P0,2026-01-15T00:15:00,F3,EXIT_INITSL,-548395.67
S6-K2P0,2026-01-15T23:45:00,F1,EXIT_INITSL,-412865.39
S6-K2P0,2026-01-15T23:45:00,F2,EXIT_INITSL,-412865.39
S6-K2P0,2026-01-15T23:45:00,F3,EXIT_INITSL,-412865.39
S6-K2P0,2026-01-16T03:45:00,F1,EXIT_INITSL,-704004.51
S6-K2P0,2026-01-16T03:45:00,F2,EXIT_INITSL,-704004.51
S6-K2P0,2026-01-16T03:45:00,F3,EXIT_INITSL,-704004.51
S6-K2P0,2026-01-16T18:00:00,F1,EXIT_INITSL,-31372.75
S6-K2P0,2026-01-16T18:00:00,F2,EXIT_INITSL,-31372.75
S6-K2P0,2026-01-16T18:00:00,F3,EXIT_INITSL,-31372.75
S6-K2P0,2026-01-19T00:15:00,F1,EXIT_INITSL,-359531.72
S6-K2P0,2026-01-19T00:15:00,F2,EXIT_INITSL,-359531.72
S6-K2P0,2026-01-19T00:15:00,F3,EXIT_INITSL,-359531.72
S6-K2P0,2026-01-19T22:15:00,F1,EXIT_INITSL,3306060.39
S6-K2P0,2026-01-19T22:15:00,F2,EXIT_INITSL,3306060.39
S6-K2P0,2026-01-19T22:15:00,F3,EXIT_INITSL,3306060.39
S6-K2P0,2026-01-21T20:15:00,F1,EXIT_INITSL,308080.4
S6-K2P0,2026-01-21T20:15:00,F2,EXIT_INITSL,308080.4
S6-K2P0,2026-01-21T20:15:00,F3,EXIT_INITSL,308080.4
S6-K2P0,2026-01-22T02:30:00,F1,EXIT_INITSL,-1165183.94
S6-K2P0,2026-01-22T02:30:00,F2,EXIT_INITSL,-1165183.94
S6-K2P0,2026-01-22T02:30:00,F3,EXIT_INITSL,-1165183.94
S6-K2P0,2026-01-22T03:00:00,F1,EXIT_INITSL,-53333.68
S6-K2P0,2026-01-22T03:00:00,F2,EXIT_INITSL,-53333.68
S6-K2P0,2026-01-22T03:00:00,F3,EXIT_INITSL,-53333.68
S6-K2P0,2026-01-22T22:00:00,F1,EXIT_INITSL,-1254910.0
S6-K2P0,2026-01-22T22:00:00,F2,EXIT_INITSL,-1254910.0
S6-K2P0,2026-01-22T22:00:00,F3,EXIT_INITSL,-1254910.0
S6-K2P0,2026-01-23T01:45:00,F1,EXIT_INITSL,-377727.91
S6-K2P0,2026-01-23T01:45:00,F2,EXIT_INITSL,-377727.91
S6-K2P0,2026-01-23T01:45:00,F3,EXIT_INITSL,-377727.91
S6-K2P0,2026-01-26T03:00:00,F1,EXIT_TRAIL,203295.42
S6-K2P0,2026-01-26T03:00:00,F2,EXIT_TRAIL,203295.42
S6-K2P0,2026-01-26T03:00:00,F3,EXIT_TRAIL,203295.42
S6-K2P0,2026-01-26T21:45:00,F1,EXIT_INITSL,-1345263.52
S6-K2P0,2026-01-26T21:45:00,F2,EXIT_INITSL,-1345263.52
S6-K2P0,2026-01-26T21:45:00,F3,EXIT_INITSL,-1345263.52
S6-K2P0,2026-01-27T02:45:00,F1,EXIT_INITSL,85961.33
S6-K2P0,2026-01-27T02:45:00,F2,EXIT_INITSL,85961.33
S6-K2P0,2026-01-27T02:45:00,F3,EXIT_INITSL,85961.33
S6-K2P0,2026-01-27T22:15:00,F1,EXIT_INITSL,5891175.0
S6-K2P0,2026-01-27T22:15:00,F2,EXIT_INITSL,5891175.0
S6-K2P0,2026-01-27T22:15:00,F3,EXIT_INITSL,5891175.0
S6-K2P0,2026-01-28T23:45:00,F1,EXIT_INITSL,1290674.93
S6-K2P0,2026-01-28T23:45:00,F2,EXIT_INITSL,1290674.93
S6-K2P0,2026-01-28T23:45:00,F3,EXIT_INITSL,1290674.93
S6-K2P0,2026-01-29T22:15:00,F1,EXIT_INITSL,5723644.51
S6-K2P0,2026-01-29T22:15:00,F2,EXIT_INITSL,5723644.51
S6-K2P0,2026-01-29T22:15:00,F3,EXIT_INITSL,5723644.51
S6-K2P0,2026-01-30T03:00:00,F1,EXIT_INITSL,8232837.06
S6-K2P0,2026-01-30T03:00:00,F2,EXIT_INITSL,8232837.06
S6-K2P0,2026-01-30T03:00:00,F3,EXIT_INITSL,8232837.06
S6-K2P0,2026-02-01T20:15:00,F1,EXIT_INITSL,-5632663.54
S6-K2P0,2026-02-01T20:15:00,F2,EXIT_INITSL,-5632663.54
S6-K2P0,2026-02-01T20:15:00,F3,EXIT_INITSL,-5632663.54
S6-K2P0,2026-02-01T22:15:00,F1,EXIT_INITSL,6878161.71
S6-K2P0,2026-02-01T22:15:00,F2,EXIT_INITSL,6878161.71
S6-K2P0,2026-02-01T22:15:00,F3,EXIT_INITSL,6878161.71
S6-K2P0,2026-02-02T22:15:00,F1,EXIT_INITSL,-3260883.64
S6-K2P0,2026-02-02T22:15:00,F2,EXIT_INITSL,-3260883.64
S6-K2P0,2026-02-02T22:15:00,F3,EXIT_INITSL,-3260883.64
S6-K2P0,2026-02-03T00:45:00,F1,EXIT_INITSL,5812115.67
S6-K2P0,2026-02-03T00:45:00,F2,EXIT_INITSL,5812115.67
S6-K2P0,2026-02-03T00:45:00,F3,EXIT_INITSL,5812115.67
S6-K2P0,2026-02-03T20:15:00,F1,EXIT_INITSL,-2714997.79
S6-K2P0,2026-02-03T20:15:00,F2,EXIT_INITSL,-2714997.79
S6-K2P0,2026-02-03T20:15:00,F3,EXIT_INITSL,-2714997.79
S6-K2P0,2026-02-03T21:15:00,F1,EXIT_INITSL,4076575.14
S6-K2P0,2026-02-03T21:15:00,F2,EXIT_INITSL,4076575.14
S6-K2P0,2026-02-03T21:15:00,F3,EXIT_INITSL,4076575.14
S6-K2P0,2026-02-04T04:00:00,F1,EXIT_INITSL,-1297576.94
S6-K2P0,2026-02-04T04:00:00,F2,EXIT_INITSL,-1297576.94
S6-K2P0,2026-02-04T04:00:00,F3,EXIT_INITSL,-1297576.94
S6-K2P0,2026-02-05T02:15:00,F1,EXIT_INITSL,-2778370.74
S6-K2P0,2026-02-05T02:15:00,F2,EXIT_INITSL,-2778370.74
S6-K2P0,2026-02-05T02:15:00,F3,EXIT_INITSL,-2778370.74
S6-K2P0,2026-02-05T23:00:00,F1,EXIT_INITSL,4346380.78
S6-K2P0,2026-02-05T23:00:00,F2,EXIT_INITSL,4346380.78
S6-K2P0,2026-02-05T23:00:00,F3,EXIT_INITSL,4346380.78
S6-K2P0,2026-02-08T23:00:00,F1,EXIT_INITSL,-1960796.88
S6-K2P0,2026-02-08T23:00:00,F2,EXIT_INITSL,-1960796.88
S6-K2P0,2026-02-08T23:00:00,F3,EXIT_INITSL,-1960796.88
S6-K2P0,2026-02-09T03:00:00,F1,EXIT_INITSL,-1615069.17
S6-K2P0,2026-02-09T03:00:00,F2,EXIT_INITSL,-1615069.17
S6-K2P0,2026-02-09T03:00:00,F3,EXIT_INITSL,-1615069.17
S6-K2P0,2026-02-09T20:15:00,F1,EXIT_INITSL,-1591225.88
S6-K2P0,2026-02-09T20:15:00,F2,EXIT_INITSL,-1591225.88
S6-K2P0,2026-02-09T20:15:00,F3,EXIT_INITSL,-1591225.88
S6-K2P0,2026-02-09T22:30:00,F1,EXIT_INITSL,-2128327.36
S6-K2P0,2026-02-09T22:30:00,F2,EXIT_INITSL,-2128327.36
S6-K2P0,2026-02-09T22:30:00,F3,EXIT_INITSL,-2128327.36
S6-K2P0,2026-02-10T00:15:00,F1,EXIT_INITSL,-853338.8
S6-K2P0,2026-02-10T00:15:00,F2,EXIT_INITSL,-853338.8
S6-K2P0,2026-02-10T00:15:00,F3,EXIT_INITSL,-853338.8
S6-K2P0,2026-02-10T04:30:00,F1,EXIT_INITSL,-1626363.36
S6-K2P0,2026-02-10T04:30:00,F2,EXIT_INITSL,-1626363.36
S6-K2P0,2026-02-10T04:30:00,F3,EXIT_INITSL,-1626363.36
S6-K2P0,2026-02-10T21:30:00,F1,EXIT_INITSL,523297.47
S6-K2P0,2026-02-10T21:30:00,F2,EXIT_INITSL,523297.47
S6-K2P0,2026-02-10T21:30:00,F3,EXIT_INITSL,523297.47
S6-K2P0,2026-02-11T21:45:00,F1,EXIT_INITSL,-763612.74
S6-K2P0,2026-02-11T21:45:00,F2,EXIT_INITSL,-763612.74
S6-K2P0,2026-02-11T21:45:00,F3,EXIT_INITSL,-763612.74
S6-K2P0,2026-02-12T00:30:00,F1,EXIT_INITSL,-853338.8
S6-K2P0,2026-02-12T00:30:00,F2,EXIT_INITSL,-853338.8
S6-K2P0,2026-02-12T00:30:00,F3,EXIT_INITSL,-853338.8
S6-K2P0,2026-02-12T03:30:00,F1,EXIT_INITSL,-813181.68
S6-K2P0,2026-02-12T03:30:00,F2,EXIT_INITSL,-813181.68
S6-K2P0,2026-02-12T03:30:00,F3,EXIT_INITSL,-813181.68
S6-K2P0,2026-02-12T21:15:00,F1,EXIT_INITSL,1668402.85
S6-K2P0,2026-02-12T21:15:00,F2,EXIT_INITSL,1668402.85
S6-K2P0,2026-02-12T21:15:00,F3,EXIT_INITSL,1668402.85
S6-K2P0,2026-02-15T20:30:00,F1,EXIT_INITSL,-1675304.85
S6-K2P0,2026-02-15T20:30:00,F2,EXIT_INITSL,-1675304.85
S6-K2P0,2026-02-15T20:30:00,F3,EXIT_INITSL,-1675304.85
S6-K2P0,2026-02-15T21:30:00,F1,EXIT_INITSL,1549186.4
S6-K2P0,2026-02-15T21:30:00,F2,EXIT_INITSL,1549186.4
S6-K2P0,2026-02-15T21:30:00,F3,EXIT_INITSL,1549186.4
S6-K2P0,2026-02-16T20:45:00,F1,EXIT_TRAIL,2465270.69
S6-K2P0,2026-02-16T20:45:00,F2,EXIT_TRAIL,2465270.69
S6-K2P0,2026-02-16T20:45:00,F3,EXIT_TRAIL,2465270.69
S6-K2P0,2026-02-16T23:00:00,F1,EXIT_INITSL,3885201.36
S6-K2P0,2026-02-16T23:00:00,F2,EXIT_INITSL,3885201.36
S6-K2P0,2026-02-16T23:00:00,F3,EXIT_INITSL,3885201.36
S6-K2P0,2026-02-17T21:45:00,F1,EXIT_INITSL,2933979.58
S6-K2P0,2026-02-17T21:45:00,F2,EXIT_INITSL,2933979.58
S6-K2P0,2026-02-17T21:45:00,F3,EXIT_INITSL,2933979.58
S6-K2P0,2026-02-18T21:45:00,F1,EXIT_INITSL,-677651.4
S6-K2P0,2026-02-18T21:45:00,F2,EXIT_INITSL,-677651.4
S6-K2P0,2026-02-18T21:45:00,F3,EXIT_INITSL,-677651.4
S6-K2P0,2026-02-19T21:00:00,F1,EXIT_INITSL,-1050987.12
S6-K2P0,2026-02-19T21:00:00,F2,EXIT_INITSL,-1050987.12
S6-K2P0,2026-02-19T21:00:00,F3,EXIT_INITSL,-1050987.12
S6-K2P0,2026-02-19T22:00:00,F1,EXIT_INITSL,-720318.34
S6-K2P0,2026-02-19T22:00:00,F2,EXIT_INITSL,-720318.34
S6-K2P0,2026-02-19T22:00:00,F3,EXIT_INITSL,-720318.34
S6-K2P0,2026-02-19T23:15:00,F1,EXIT_INITSL,-197648.32
S6-K2P0,2026-02-19T23:15:00,F2,EXIT_INITSL,-197648.32
S6-K2P0,2026-02-19T23:15:00,F3,EXIT_INITSL,-197648.32
S6-K2P0,2026-02-23T03:30:00,F1,EXIT_INITSL,515140.56
S6-K2P0,2026-02-23T03:30:00,F2,EXIT_INITSL,515140.56
S6-K2P0,2026-02-23T03:30:00,F3,EXIT_INITSL,515140.56
S6-K2P0,2026-02-23T22:00:00,F1,EXIT_INITSL,3005509.45
S6-K2P0,2026-02-23T22:00:00,F2,EXIT_INITSL,3005509.45
S6-K2P0,2026-02-23T22:00:00,F3,EXIT_INITSL,3005509.45
S6-K2P0,2026-02-24T03:00:00,F1,EXIT_INITSL,-1351538.07
S6-K2P0,2026-02-24T03:00:00,F2,EXIT_INITSL,-1351538.07
S6-K2P0,2026-02-24T03:00:00,F3,EXIT_INITSL,-1351538.07
S6-K2P0,2026-02-24T20:15:00,F1,EXIT_INITSL,-1116242.44
S6-K2P0,2026-02-24T20:15:00,F2,EXIT_INITSL,-1116242.44
S6-K2P0,2026-02-24T20:15:00,F3,EXIT_INITSL,-1116242.44
S6-K2P0,2026-02-24T22:00:00,F1,EXIT_INITSL,969417.98
S6-K2P0,2026-02-24T22:00:00,F2,EXIT_INITSL,969417.98
S6-K2P0,2026-02-24T22:00:00,F3,EXIT_INITSL,969417.98
S6-K2P0,2026-02-25T02:15:00,F1,EXIT_INITSL,64000.41
S6-K2P0,2026-02-25T02:15:00,F2,EXIT_INITSL,64000.41
S6-K2P0,2026-02-25T02:15:00,F3,EXIT_INITSL,64000.41
S6-K2P0,2026-02-25T21:00:00,F1,EXIT_INITSL,-1109340.44
S6-K2P0,2026-02-25T21:00:00,F2,EXIT_INITSL,-1109340.44
S6-K2P0,2026-02-25T21:00:00,F3,EXIT_INITSL,-1109340.44
S6-K2P0,2026-02-26T00:15:00,F1,EXIT_INITSL,90980.97
S6-K2P0,2026-02-26T00:15:00,F2,EXIT_INITSL,90980.97
S6-K2P0,2026-02-26T00:15:00,F3,EXIT_INITSL,90980.97
S6-K2P0,2026-02-26T21:30:00,F1,EXIT_INITSL,-1165183.93
S6-K2P0,2026-02-26T21:30:00,F2,EXIT_INITSL,-1165183.93
S6-K2P0,2026-02-26T21:30:00,F3,EXIT_INITSL,-1165183.93
S6-K2P0,2026-02-26T22:45:00,F1,EXIT_INITSL,-652553.2
S6-K2P0,2026-02-26T22:45:00,F2,EXIT_INITSL,-652553.2
S6-K2P0,2026-02-26T22:45:00,F3,EXIT_INITSL,-652553.2
S6-K2P0,2026-02-27T01:15:00,F1,EXIT_INITSL,-119843.9
S6-K2P0,2026-02-27T01:15:00,F2,EXIT_INITSL,-119843.9
S6-K2P0,2026-02-27T01:15:00,F3,EXIT_INITSL,-119843.9
S6-K2P0,2026-03-03T20:15:00,F1,EXIT_INITSL,2132719.54
S6-K2P0,2026-03-03T20:15:00,F2,EXIT_INITSL,2132719.54
S6-K2P0,2026-03-03T20:15:00,F3,EXIT_INITSL,2132719.54
S6-K2P0,2026-03-04T01:00:00,F1,EXIT_INITSL,-1797031.12
S6-K2P0,2026-03-04T01:00:00,F2,EXIT_INITSL,-1797031.12
S6-K2P0,2026-03-04T01:00:00,F3,EXIT_INITSL,-1797031.12
S6-K2P0,2026-03-04T04:00:00,F1,EXIT_INITSL,1082987.33
S6-K2P0,2026-03-04T04:00:00,F2,EXIT_INITSL,1082987.33
S6-K2P0,2026-03-04T04:00:00,F3,EXIT_INITSL,1082987.33
S6-K2P0,2026-03-04T23:15:00,F1,EXIT_INITSL,-420394.85
S6-K2P0,2026-03-04T23:15:00,F2,EXIT_INITSL,-420394.85
S6-K2P0,2026-03-04T23:15:00,F3,EXIT_INITSL,-420394.85
S6-K2P0,2026-03-05T19:00:00,F1,EXIT_INITSL,-240942.72
S6-K2P0,2026-03-05T19:00:00,F2,EXIT_INITSL,-240942.72
S6-K2P0,2026-03-05T19:00:00,F3,EXIT_INITSL,-240942.72
S6-K2P0,2026-03-05T22:45:00,F1,EXIT_INITSL,141177.38
S6-K2P0,2026-03-05T22:45:00,F2,EXIT_INITSL,141177.38
S6-K2P0,2026-03-05T22:45:00,F3,EXIT_INITSL,141177.38
S6-K2P0,2026-03-08T19:45:00,F1,EXIT_TRAIL,3323629.14
S6-K2P0,2026-03-08T19:45:00,F2,EXIT_TRAIL,3323629.14
S6-K2P0,2026-03-08T19:45:00,F3,EXIT_TRAIL,3323629.14
S6-K2P0,2026-03-08T23:15:00,F1,EXIT_INITSL,576631.15
S6-K2P0,2026-03-08T23:15:00,F2,EXIT_INITSL,576631.15
S6-K2P0,2026-03-08T23:15:00,F3,EXIT_INITSL,576631.15
S6-K2P0,2026-03-09T20:00:00,F1,EXIT_INITSL,-1492715.44
S6-K2P0,2026-03-09T20:00:00,F2,EXIT_INITSL,-1492715.44
S6-K2P0,2026-03-09T20:00:00,F3,EXIT_INITSL,-1492715.44
S6-K2P0,2026-03-09T22:15:00,F1,EXIT_INITSL,967535.61
S6-K2P0,2026-03-09T22:15:00,F2,EXIT_INITSL,967535.61
S6-K2P0,2026-03-09T22:15:00,F3,EXIT_INITSL,967535.61
S6-K2P0,2026-03-10T02:15:00,F1,EXIT_INITSL,-700239.78
S6-K2P0,2026-03-10T02:15:00,F2,EXIT_INITSL,-700239.78
S6-K2P0,2026-03-10T02:15:00,F3,EXIT_INITSL,-700239.78
S6-K2P0,2026-03-10T19:30:00,F1,EXIT_INITSL,-1035928.2
S6-K2P0,2026-03-10T19:30:00,F2,EXIT_INITSL,-1035928.2
S6-K2P0,2026-03-10T19:30:00,F3,EXIT_INITSL,-1035928.2
S6-K2P0,2026-03-10T23:15:00,F1,EXIT_INITSL,-398433.93
S6-K2P0,2026-03-10T23:15:00,F2,EXIT_INITSL,-398433.93
S6-K2P0,2026-03-10T23:15:00,F3,EXIT_INITSL,-398433.93
S6-K2P0,2026-03-11T03:45:00,F1,EXIT_INITSL,19451.11
S6-K2P0,2026-03-11T03:45:00,F2,EXIT_INITSL,19451.11
S6-K2P0,2026-03-11T03:45:00,F3,EXIT_INITSL,19451.11
S6-K2P0,2026-03-11T19:15:00,F1,EXIT_INITSL,1397969.74
S6-K2P0,2026-03-11T19:15:00,F2,EXIT_INITSL,1397969.74
S6-K2P0,2026-03-11T19:15:00,F3,EXIT_INITSL,1397969.74
S6-K2P0,2026-03-11T23:45:00,F1,EXIT_INITSL,89726.07
S6-K2P0,2026-03-11T23:45:00,F2,EXIT_INITSL,89726.07
S6-K2P0,2026-03-11T23:45:00,F3,EXIT_INITSL,89726.07
S6-K2P0,2026-03-12T23:00:00,F1,EXIT_INITSL,-908554.84
S6-K2P0,2026-03-12T23:00:00,F2,EXIT_INITSL,-908554.84
S6-K2P0,2026-03-12T23:00:00,F3,EXIT_INITSL,-908554.84
S6-K2P0,2026-03-13T01:00:00,F1,EXIT_INITSL,-845809.34
S6-K2P0,2026-03-13T01:00:00,F2,EXIT_INITSL,-845809.34
S6-K2P0,2026-03-13T01:00:00,F3,EXIT_INITSL,-845809.34
S6-K2P0,2026-03-16T18:00:00,F1,EXIT_INITSL,-404708.48
S6-K2P0,2026-03-16T18:00:00,F2,EXIT_INITSL,-404708.48
S6-K2P0,2026-03-16T18:00:00,F3,EXIT_INITSL,-404708.48
S6-K2P0,2026-03-17T01:30:00,F1,EXIT_INITSL,-300550.94
S6-K2P0,2026-03-17T01:30:00,F2,EXIT_INITSL,-300550.94
S6-K2P0,2026-03-17T01:30:00,F3,EXIT_INITSL,-300550.94
S6-K2P0,2026-03-17T19:15:00,F1,EXIT_INITSL,-246589.81
S6-K2P0,2026-03-17T19:15:00,F2,EXIT_INITSL,-246589.81
S6-K2P0,2026-03-17T19:15:00,F3,EXIT_INITSL,-246589.81
S6-K2P0,2026-03-17T22:15:00,F1,EXIT_INITSL,-696475.05
S6-K2P0,2026-03-17T22:15:00,F2,EXIT_INITSL,-696475.05
S6-K2P0,2026-03-17T22:15:00,F3,EXIT_INITSL,-696475.05
S6-K2P0,2026-03-19T01:00:00,F1,EXIT_INITSL,4569754.76
S6-K2P0,2026-03-19T01:00:00,F2,EXIT_INITSL,4569754.76
S6-K2P0,2026-03-19T01:00:00,F3,EXIT_INITSL,4569754.76
S6-K2P0,2026-03-19T21:15:00,F1,EXIT_INITSL,2721899.79
S6-K2P0,2026-03-19T21:15:00,F2,EXIT_INITSL,2721899.79
S6-K2P0,2026-03-19T21:15:00,F3,EXIT_INITSL,2721899.79
S6-K2P0,2026-03-22T21:00:00,F1,EXIT_INITSL,4694618.31
S6-K2P0,2026-03-22T21:00:00,F2,EXIT_INITSL,4694618.31
S6-K2P0,2026-03-22T21:00:00,F3,EXIT_INITSL,4694618.31
S6-K2P0,2026-03-23T19:30:00,F1,EXIT_INITSL,-1311380.95
S6-K2P0,2026-03-23T19:30:00,F2,EXIT_INITSL,-1311380.95
S6-K2P0,2026-03-23T19:30:00,F3,EXIT_INITSL,-1311380.95
S6-K2P0,2026-03-23T21:30:00,F1,EXIT_INITSL,345100.25
S6-K2P0,2026-03-23T21:30:00,F2,EXIT_INITSL,345100.25
S6-K2P0,2026-03-23T21:30:00,F3,EXIT_INITSL,345100.25
S6-K2P0,2026-03-24T00:45:00,F1,EXIT_INITSL,-1772560.38
S6-K2P0,2026-03-24T00:45:00,F2,EXIT_INITSL,-1772560.38
S6-K2P0,2026-03-24T00:45:00,F3,EXIT_INITSL,-1772560.38
S6-K2P0,2026-03-25T19:30:00,F1,EXIT_INITSL,-895378.29
S6-K2P0,2026-03-25T19:30:00,F2,EXIT_INITSL,-895378.29
S6-K2P0,2026-03-25T19:30:00,F3,EXIT_INITSL,-895378.29
S6-K2P0,2026-03-25T23:00:00,F1,EXIT_INITSL,-1907463.2
S6-K2P0,2026-03-25T23:00:00,F2,EXIT_INITSL,-1907463.2
S6-K2P0,2026-03-25T23:00:00,F3,EXIT_INITSL,-1907463.2
S6-K2P0,2026-03-26T01:30:00,F1,EXIT_INITSL,-1220399.97
S6-K2P0,2026-03-26T01:30:00,F2,EXIT_INITSL,-1220399.97
S6-K2P0,2026-03-26T01:30:00,F3,EXIT_INITSL,-1220399.97
S6-K2P0,2026-03-26T20:15:00,F1,EXIT_INITSL,-1227301.98
S6-K2P0,2026-03-26T20:15:00,F2,EXIT_INITSL,-1227301.98
S6-K2P0,2026-03-26T20:15:00,F3,EXIT_INITSL,-1227301.98
S6-K2P0,2026-03-27T01:30:00,F1,EXIT_INITSL,823220.96
S6-K2P0,2026-03-27T01:30:00,F2,EXIT_INITSL,823220.96
S6-K2P0,2026-03-27T01:30:00,F3,EXIT_INITSL,823220.96
S6-K2P0,2026-03-29T19:30:00,F1,EXIT_INITSL,-2172249.21
S6-K2P0,2026-03-29T19:30:00,F2,EXIT_INITSL,-2172249.21
S6-K2P0,2026-03-29T19:30:00,F3,EXIT_INITSL,-2172249.21
S6-K2P0,2026-03-29T22:45:00,F1,EXIT_INITSL,2994842.72
S6-K2P0,2026-03-29T22:45:00,F2,EXIT_INITSL,2994842.72
S6-K2P0,2026-03-29T22:45:00,F3,EXIT_INITSL,2994842.72
S6-K2P0,2026-03-30T20:15:00,F1,EXIT_INITSL,-1548558.94
S6-K2P0,2026-03-30T20:15:00,F2,EXIT_INITSL,-1548558.94
S6-K2P0,2026-03-30T20:15:00,F3,EXIT_INITSL,-1548558.94
S6-K2P0,2026-03-30T21:45:00,F1,EXIT_INITSL,2694291.77
S6-K2P0,2026-03-30T21:45:00,F2,EXIT_INITSL,2694291.77
S6-K2P0,2026-03-30T21:45:00,F3,EXIT_INITSL,2694291.77
S6-K2P0,2026-03-31T20:30:00,F1,EXIT_INITSL,562827.14
S6-K2P0,2026-03-31T20:30:00,F2,EXIT_INITSL,562827.14
S6-K2P0,2026-03-31T20:30:00,F3,EXIT_INITSL,562827.14
S6-K2P0,2026-03-31T22:45:00,F1,EXIT_INITSL,-229648.53
S6-K2P0,2026-03-31T22:45:00,F2,EXIT_INITSL,-229648.53
S6-K2P0,2026-03-31T22:45:00,F3,EXIT_INITSL,-229648.53
S6-K2P0,2026-04-01T18:00:00,F1,EXIT_INITSL,-1118752.26
S6-K2P0,2026-04-01T18:00:00,F2,EXIT_INITSL,-1118752.26
S6-K2P0,2026-04-01T18:00:00,F3,EXIT_INITSL,-1118752.26
S6-K2P0,2026-04-01T20:15:00,F1,EXIT_INITSL,-1022124.19
S6-K2P0,2026-04-01T20:15:00,F2,EXIT_INITSL,-1022124.19
S6-K2P0,2026-04-01T20:15:00,F3,EXIT_INITSL,-1022124.19
S6-K2P0,2026-04-01T22:15:00,F1,EXIT_INITSL,3518140.18
S6-K2P0,2026-04-01T22:15:00,F2,EXIT_INITSL,3518140.18
S6-K2P0,2026-04-01T22:15:00,F3,EXIT_INITSL,3518140.18
S6-K2P0,2026-04-05T18:15:00,F1,EXIT_TRAIL,-983849.44
S6-K2P0,2026-04-05T18:15:00,F2,EXIT_TRAIL,-983849.44
S6-K2P0,2026-04-05T18:15:00,F3,EXIT_TRAIL,-983849.44
S6-K2P0,2026-04-05T19:15:00,F1,EXIT_INITSL,-334433.51
S6-K2P0,2026-04-05T19:15:00,F2,EXIT_INITSL,-334433.51
S6-K2P0,2026-04-05T19:15:00,F3,EXIT_INITSL,-334433.51
S6-K2P0,2026-04-05T21:15:00,F1,EXIT_INITSL,-483767.81
S6-K2P0,2026-04-05T21:15:00,F2,EXIT_INITSL,-483767.81
S6-K2P0,2026-04-05T21:15:00,F3,EXIT_INITSL,-483767.81
S6-K2P0,2026-04-05T23:15:00,F1,EXIT_INITSL,-1418048.3
S6-K2P0,2026-04-05T23:15:00,F2,EXIT_INITSL,-1418048.3
S6-K2P0,2026-04-05T23:15:00,F3,EXIT_INITSL,-1418048.3
S6-K2P0,2026-04-06T02:15:00,F1,EXIT_INITSL,1443146.5
S6-K2P0,2026-04-06T02:15:00,F2,EXIT_INITSL,1443146.5
S6-K2P0,2026-04-06T02:15:00,F3,EXIT_INITSL,1443146.5
S6-K2P0,2026-04-06T19:30:00,F1,EXIT_INITSL,-642513.92
S6-K2P0,2026-04-06T19:30:00,F2,EXIT_INITSL,-642513.92
S6-K2P0,2026-04-06T19:30:00,F3,EXIT_INITSL,-642513.92
S6-K2P0,2026-04-06T21:15:00,F1,EXIT_INITSL,-1124399.36
S6-K2P0,2026-04-06T21:15:00,F2,EXIT_INITSL,-1124399.36
S6-K2P0,2026-04-06T21:15:00,F3,EXIT_INITSL,-1124399.36
S6-K2P0,2026-04-06T21:45:00,F1,EXIT_INITSL,-111059.53
S6-K2P0,2026-04-06T21:45:00,F2,EXIT_INITSL,-111059.53
S6-K2P0,2026-04-06T21:45:00,F3,EXIT_INITSL,-111059.53
S6-K2P0,2026-04-07T00:45:00,F1,EXIT_INITSL,-1355930.25
S6-K2P0,2026-04-07T00:45:00,F2,EXIT_INITSL,-1355930.25
S6-K2P0,2026-04-07T00:45:00,F3,EXIT_INITSL,-1355930.25
S6-K2P0,2026-04-07T02:45:00,F1,EXIT_INITSL,842044.61
S6-K2P0,2026-04-07T02:45:00,F2,EXIT_INITSL,842044.61
S6-K2P0,2026-04-07T02:45:00,F3,EXIT_INITSL,842044.61
S6-K2P0,2026-04-08T01:00:00,F1,EXIT_INITSL,754828.37
S6-K2P0,2026-04-08T01:00:00,F2,EXIT_INITSL,754828.37
S6-K2P0,2026-04-08T01:00:00,F3,EXIT_INITSL,754828.37
S6-K2P0,2026-04-08T21:15:00,F1,EXIT_INITSL,-816318.95
S6-K2P0,2026-04-08T21:15:00,F2,EXIT_INITSL,-816318.95
S6-K2P0,2026-04-08T21:15:00,F3,EXIT_INITSL,-816318.95
S6-K2P0,2026-04-09T02:00:00,F1,EXIT_INITSL,-823220.96
S6-K2P0,2026-04-09T02:00:00,F2,EXIT_INITSL,-823220.96
S6-K2P0,2026-04-09T02:00:00,F3,EXIT_INITSL,-823220.96
S6-K2P0,2026-04-09T18:30:00,F1,EXIT_INITSL,-228393.62
S6-K2P0,2026-04-09T18:30:00,F2,EXIT_INITSL,-228393.62
S6-K2P0,2026-04-09T18:30:00,F3,EXIT_INITSL,-228393.62
S6-K2P0,2026-04-09T21:45:00,F1,EXIT_INITSL,-1127536.64
S6-K2P0,2026-04-09T21:45:00,F2,EXIT_INITSL,-1127536.64
S6-K2P0,2026-04-09T21:45:00,F3,EXIT_INITSL,-1127536.64
S6-K2P0,2026-04-09T22:15:00,F1,EXIT_INITSL,-368316.08
S6-K2P0,2026-04-09T22:15:00,F2,EXIT_INITSL,-368316.08
S6-K2P0,2026-04-09T22:15:00,F3,EXIT_INITSL,-368316.08
S6-K2P0,2026-04-10T01:00:00,F1,EXIT_INITSL,656945.39
S6-K2P0,2026-04-10T01:00:00,F2,EXIT_INITSL,656945.39
S6-K2P0,2026-04-10T01:00:00,F3,EXIT_INITSL,656945.39
S6-K2P0,2026-04-13T00:45:00,F1,EXIT_INITSL,227138.71
S6-K2P0,2026-04-13T00:45:00,F2,EXIT_INITSL,227138.71
S6-K2P0,2026-04-13T00:45:00,F3,EXIT_INITSL,227138.71
S6-K2P0,2026-04-14T02:00:00,F1,EXIT_INITSL,-914829.39
S6-K2P0,2026-04-14T02:00:00,F2,EXIT_INITSL,-914829.39
S6-K2P0,2026-04-14T02:00:00,F3,EXIT_INITSL,-914829.39
S6-K2P0,2026-04-14T03:00:00,F1,EXIT_INITSL,-176942.31
S6-K2P0,2026-04-14T03:00:00,F2,EXIT_INITSL,-176942.31
S6-K2P0,2026-04-14T03:00:00,F3,EXIT_INITSL,-176942.31
S6-K2P0,2026-04-14T19:45:00,F1,EXIT_INITSL,-908554.84
S6-K2P0,2026-04-14T19:45:00,F2,EXIT_INITSL,-908554.84
S6-K2P0,2026-04-14T19:45:00,F3,EXIT_INITSL,-908554.84
S6-K2P0,2026-04-14T21:15:00,F1,EXIT_INITSL,-5647.1
S6-K2P0,2026-04-14T21:15:00,F2,EXIT_INITSL,-5647.1
S6-K2P0,2026-04-14T21:15:00,F3,EXIT_INITSL,-5647.1
S6-K2P0,2026-04-14T22:30:00,F1,EXIT_INITSL,779299.11
S6-K2P0,2026-04-14T22:30:00,F2,EXIT_INITSL,779299.11
S6-K2P0,2026-04-14T22:30:00,F3,EXIT_INITSL,779299.11
S6-K2P0,2026-04-15T20:45:00,F1,EXIT_INITSL,-728475.26
S6-K2P0,2026-04-15T20:45:00,F2,EXIT_INITSL,-728475.26
S6-K2P0,2026-04-15T20:45:00,F3,EXIT_INITSL,-728475.26
S6-K2P0,2026-04-15T23:15:00,F1,EXIT_INITSL,-108549.71
S6-K2P0,2026-04-15T23:15:00,F2,EXIT_INITSL,-108549.71
S6-K2P0,2026-04-15T23:15:00,F3,EXIT_INITSL,-108549.71
S6-K2P0,2026-04-16T03:00:00,F1,EXIT_INITSL,-667612.12
S6-K2P0,2026-04-16T03:00:00,F2,EXIT_INITSL,-667612.12
S6-K2P0,2026-04-16T03:00:00,F3,EXIT_INITSL,-667612.12
S6-K2P0,2026-04-16T18:30:00,F1,EXIT_INITSL,-524552.38
S6-K2P0,2026-04-16T18:30:00,F2,EXIT_INITSL,-524552.38
S6-K2P0,2026-04-16T18:30:00,F3,EXIT_INITSL,-524552.38
S6-K2P0,2026-04-16T20:45:00,F1,EXIT_INITSL,-649415.93
S6-K2P0,2026-04-16T20:45:00,F2,EXIT_INITSL,-649415.93
S6-K2P0,2026-04-16T20:45:00,F3,EXIT_INITSL,-649415.93
S6-K2P0,2026-04-16T21:15:00,F1,EXIT_INITSL,-318747.14
S6-K2P0,2026-04-16T21:15:00,F2,EXIT_INITSL,-318747.14
S6-K2P0,2026-04-16T21:15:00,F3,EXIT_INITSL,-318747.14
S6-K2P0,2026-04-16T23:15:00,F1,EXIT_INITSL,-214589.61
S6-K2P0,2026-04-16T23:15:00,F2,EXIT_INITSL,-214589.61
S6-K2P0,2026-04-16T23:15:00,F3,EXIT_INITSL,-214589.61
S6-K2P0,2026-04-19T21:15:00,F1,EXIT_INITSL,-207060.15
S6-K2P0,2026-04-19T21:15:00,F2,EXIT_INITSL,-207060.15
S6-K2P0,2026-04-19T21:15:00,F3,EXIT_INITSL,-207060.15
S6-K2P0,2026-04-20T03:00:00,F1,EXIT_INITSL,-542121.12
S6-K2P0,2026-04-20T03:00:00,F2,EXIT_INITSL,-542121.12
S6-K2P0,2026-04-20T03:00:00,F3,EXIT_INITSL,-542121.12
S6-K2P0,2026-04-20T20:30:00,F1,EXIT_INITSL,1962051.79
S6-K2P0,2026-04-20T20:30:00,F2,EXIT_INITSL,1962051.79
S6-K2P0,2026-04-20T20:30:00,F3,EXIT_INITSL,1962051.79
S6-K2P0,2026-04-22T01:30:00,F1,EXIT_INITSL,-508866.0
S6-K2P0,2026-04-22T01:30:00,F2,EXIT_INITSL,-508866.0
S6-K2P0,2026-04-22T01:30:00,F3,EXIT_INITSL,-508866.0
S6-K2P0,2026-04-22T06:00:00,F1,EXIT_INITSL,-245334.9
S6-K2P0,2026-04-22T06:00:00,F2,EXIT_INITSL,-245334.9
S6-K2P0,2026-04-22T06:00:00,F3,EXIT_INITSL,-245334.9
S6-K2P0,2026-04-22T08:45:00,F1,EXIT_INITSL,-344472.8
S6-K2P0,2026-04-22T08:45:00,F2,EXIT_INITSL,-344472.8
S6-K2P0,2026-04-22T08:45:00,F3,EXIT_INITSL,-344472.8
S6-K2P0,2026-04-22T09:45:00,F1,EXIT_INITSL,-779926.57
S6-K2P0,2026-04-22T09:45:00,F2,EXIT_INITSL,-779926.57
S6-K2P0,2026-04-22T09:45:00,F3,EXIT_INITSL,-779926.57
S6-K2P0,2026-04-22T14:30:00,F1,EXIT_INITSL,-975065.07
S6-K2P0,2026-04-22T14:30:00,F2,EXIT_INITSL,-975065.07
S6-K2P0,2026-04-22T14:30:00,F3,EXIT_INITSL,-975065.07
S6-K2P0,2026-04-22T15:30:00,F1,EXIT_INITSL,-775534.38
S6-K2P0,2026-04-22T15:30:00,F2,EXIT_INITSL,-775534.38
S6-K2P0,2026-04-22T15:30:00,F3,EXIT_INITSL,-775534.38
S6-K2P0,2026-04-22T20:15:00,F1,EXIT_TRAIL,-2674213.21
S6-K2P0,2026-04-22T20:15:00,F2,EXIT_TRAIL,-2674213.21
S6-K2P0,2026-04-22T20:15:00,F3,EXIT_TRAIL,-2674213.21
S6-K2P0,2026-04-22T20:30:00,F1,EXIT_INITSL,-584160.61
S6-K2P0,2026-04-22T20:30:00,F2,EXIT_INITSL,-584160.61
S6-K2P0,2026-04-22T20:30:00,F3,EXIT_INITSL,-584160.61
S6-K2P0,2026-04-22T22:00:00,F1,EXIT_INITSL,784946.2
S6-K2P0,2026-04-22T22:00:00,F2,EXIT_INITSL,784946.2
S6-K2P0,2026-04-22T22:00:00,F3,EXIT_INITSL,784946.2
S6-K2P0,2026-04-23T02:00:00,F1,EXIT_INITSL,-671376.85
S6-K2P0,2026-04-23T02:00:00,F2,EXIT_INITSL,-671376.85
S6-K2P0,2026-04-23T02:00:00,F3,EXIT_INITSL,-671376.85
S6-K2P0,2026-04-23T20:30:00,F1,EXIT_INITSL,-889103.74
S6-K2P0,2026-04-23T20:30:00,F2,EXIT_INITSL,-889103.74
S6-K2P0,2026-04-23T20:30:00,F3,EXIT_INITSL,-889103.74
S6-K2P0,2026-04-23T21:45:00,F1,EXIT_INITSL,865260.44
S6-K2P0,2026-04-23T21:45:00,F2,EXIT_INITSL,865260.44
S6-K2P0,2026-04-23T21:45:00,F3,EXIT_INITSL,865260.44
S6-K2P0,2026-04-24T02:30:00,F1,EXIT_INITSL,-837024.97
S6-K2P0,2026-04-24T02:30:00,F2,EXIT_INITSL,-837024.97
S6-K2P0,2026-04-24T02:30:00,F3,EXIT_INITSL,-837024.97
S6-K2P0,2026-04-26T18:30:00,F1,EXIT_INITSL,14431.46
S6-K2P0,2026-04-26T18:30:00,F2,EXIT_INITSL,14431.46
S6-K2P0,2026-04-26T18:30:00,F3,EXIT_INITSL,14431.46
S6-K2P0,2026-04-27T22:00:00,F1,EXIT_INITSL,-563454.59
S6-K2P0,2026-04-27T22:00:00,F2,EXIT_INITSL,-563454.59
S6-K2P0,2026-04-27T22:00:00,F3,EXIT_INITSL,-563454.59
S6-K2P0,2026-04-27T23:45:00,F1,EXIT_INITSL,1954522.32
S6-K2P0,2026-04-27T23:45:00,F2,EXIT_INITSL,1954522.32
S6-K2P0,2026-04-27T23:45:00,F3,EXIT_INITSL,1954522.32
S6-K2P0,2026-04-28T20:15:00,F1,EXIT_INITSL,-892868.47
S6-K2P0,2026-04-28T20:15:00,F2,EXIT_INITSL,-892868.47
S6-K2P0,2026-04-28T20:15:00,F3,EXIT_INITSL,-892868.47
S6-K2P0,2026-04-28T21:15:00,F1,EXIT_INITSL,-845181.89
S6-K2P0,2026-04-28T21:15:00,F2,EXIT_INITSL,-845181.89
S6-K2P0,2026-04-28T21:15:00,F3,EXIT_INITSL,-845181.89
S6-K2P0,2026-04-29T00:15:00,F1,EXIT_INITSL,-527062.2
S6-K2P0,2026-04-29T00:15:00,F2,EXIT_INITSL,-527062.2
S6-K2P0,2026-04-29T00:15:00,F3,EXIT_INITSL,-527062.2
S6-K2P0,2026-04-29T02:15:00,F1,EXIT_INITSL,922986.31
S6-K2P0,2026-04-29T02:15:00,F2,EXIT_INITSL,922986.31
S6-K2P0,2026-04-29T02:15:00,F3,EXIT_INITSL,922986.31
S6-K2P0,2026-04-29T22:45:00,F1,EXIT_INITSL,343217.89
S6-K2P0,2026-04-29T22:45:00,F2,EXIT_INITSL,343217.89
S6-K2P0,2026-04-29T22:45:00,F3,EXIT_INITSL,343217.89
S6-K2P0,2026-04-30T01:45:00,F1,EXIT_INITSL,3843789.33
S6-K2P0,2026-04-30T01:45:00,F2,EXIT_INITSL,3843789.33
S6-K2P0,2026-04-30T01:45:00,F3,EXIT_INITSL,3843789.33
S6-K2P0,2026-04-30T22:15:00,F1,EXIT_INITSL,-560317.31
S6-K2P0,2026-04-30T22:15:00,F2,EXIT_INITSL,-560317.31
S6-K2P0,2026-04-30T22:15:00,F3,EXIT_INITSL,-560317.31
S6-K2P0,2026-05-01T01:45:00,F1,EXIT_INITSL,2179778.67
S6-K2P0,2026-05-01T01:45:00,F2,EXIT_INITSL,2179778.67
S6-K2P0,2026-05-01T01:45:00,F3,EXIT_INITSL,2179778.67
S6-K2P0,2026-05-03T19:15:00,F1,EXIT_INITSL,220864.16
S6-K2P0,2026-05-03T19:15:00,F2,EXIT_INITSL,220864.16
S6-K2P0,2026-05-03T19:15:00,F3,EXIT_INITSL,220864.16
S6-K2P0,2026-05-03T22:00:00,F1,EXIT_INITSL,-947457.05
S6-K2P0,2026-05-03T22:00:00,F2,EXIT_INITSL,-947457.05
S6-K2P0,2026-05-03T22:00:00,F3,EXIT_INITSL,-947457.05
S6-K2P0,2026-05-03T23:15:00,F1,EXIT_INITSL,-714671.24
S6-K2P0,2026-05-03T23:15:00,F2,EXIT_INITSL,-714671.24
S6-K2P0,2026-05-03T23:15:00,F3,EXIT_INITSL,-714671.24
S6-K2P0,2026-05-04T19:45:00,F1,EXIT_INITSL,-640004.1
S6-K2P0,2026-05-04T19:45:00,F2,EXIT_INITSL,-640004.1
S6-K2P0,2026-05-04T19:45:00,F3,EXIT_INITSL,-640004.1
S6-K2P0,2026-05-05T01:15:00,F1,EXIT_INITSL,-178824.67
S6-K2P0,2026-05-05T01:15:00,F2,EXIT_INITSL,-178824.67
S6-K2P0,2026-05-05T01:15:00,F3,EXIT_INITSL,-178824.67
S6-K2P0,2026-05-05T02:45:00,F1,EXIT_INITSL,-53961.13
S6-K2P0,2026-05-05T02:45:00,F2,EXIT_INITSL,-53961.13
S6-K2P0,2026-05-05T02:45:00,F3,EXIT_INITSL,-53961.13
S6-K2P0,2026-05-05T19:00:00,F1,EXIT_INITSL,8013227.81
S6-K2P0,2026-05-05T19:00:00,F2,EXIT_INITSL,8013227.81
S6-K2P0,2026-05-05T19:00:00,F3,EXIT_INITSL,8013227.81
S6-K2P0,2026-05-06T17:00:00,F1,EXIT_INITSL,-358276.81
S6-K2P0,2026-05-06T17:00:00,F2,EXIT_INITSL,-358276.81
S6-K2P0,2026-05-06T17:00:00,F3,EXIT_INITSL,-358276.81
S6-K2P0,2026-05-06T21:15:00,F1,EXIT_INITSL,-458042.15
S6-K2P0,2026-05-06T21:15:00,F2,EXIT_INITSL,-458042.15
S6-K2P0,2026-05-06T21:15:00,F3,EXIT_INITSL,-458042.15
S6-K2P0,2026-05-07T01:45:00,F1,EXIT_INITSL,1843462.79
S6-K2P0,2026-05-07T01:45:00,F2,EXIT_INITSL,1843462.79
S6-K2P0,2026-05-07T01:45:00,F3,EXIT_INITSL,1843462.79
S6-K2P0,2026-05-07T21:15:00,F1,EXIT_INITSL,-207060.15
S6-K2P0,2026-05-07T21:15:00,F2,EXIT_INITSL,-207060.15
S6-K2P0,2026-05-07T21:15:00,F3,EXIT_INITSL,-207060.15
S6-K2P0,2026-05-10T21:00:00,F1,EXIT_INITSL,-786201.11
S6-K2P0,2026-05-10T21:00:00,F2,EXIT_INITSL,-786201.11
S6-K2P0,2026-05-10T21:00:00,F3,EXIT_INITSL,-786201.11
S6-K2P0,2026-05-10T22:00:00,F1,EXIT_INITSL,1051614.58
S6-K2P0,2026-05-10T22:00:00,F2,EXIT_INITSL,1051614.58
S6-K2P0,2026-05-10T22:00:00,F3,EXIT_INITSL,1051614.58
S6-K2P0,2026-05-11T21:30:00,F1,EXIT_INITSL,1916875.03
S6-K2P0,2026-05-11T21:30:00,F2,EXIT_INITSL,1916875.03
S6-K2P0,2026-05-11T21:30:00,F3,EXIT_INITSL,1916875.03
S6-K2P0,2026-05-13T01:45:00,F1,EXIT_INITSL,-907299.93
S6-K2P0,2026-05-13T01:45:00,F2,EXIT_INITSL,-907299.93
S6-K2P0,2026-05-13T01:45:00,F3,EXIT_INITSL,-907299.93
S6-K2P0,2026-05-13T21:00:00,F1,EXIT_TRAIL,-1035928.21
S6-K2P0,2026-05-13T21:00:00,F2,EXIT_TRAIL,-1035928.21
S6-K2P0,2026-05-13T21:00:00,F3,EXIT_TRAIL,-1035928.21
S6-K2P0,2026-05-13T21:45:00,F1,EXIT_INITSL,-675141.58
S6-K2P0,2026-05-13T21:45:00,F2,EXIT_INITSL,-675141.58
S6-K2P0,2026-05-13T21:45:00,F3,EXIT_INITSL,-675141.58
S6-K2P0,2026-05-13T23:00:00,F1,EXIT_INITSL,-56470.95
S6-K2P0,2026-05-13T23:00:00,F2,EXIT_INITSL,-56470.95
S6-K2P0,2026-05-13T23:00:00,F3,EXIT_INITSL,-56470.95
S6-K2P0,2026-05-14T00:30:00,F1,EXIT_INITSL,-586042.97
S6-K2P0,2026-05-14T00:30:00,F2,EXIT_INITSL,-586042.97
S6-K2P0,2026-05-14T00:30:00,F3,EXIT_INITSL,-586042.97
S6-K2P0,2026-05-14T02:45:00,F1,EXIT_INITSL,-20706.01
S6-K2P0,2026-05-14T02:45:00,F2,EXIT_INITSL,-20706.01
S6-K2P0,2026-05-14T02:45:00,F3,EXIT_INITSL,-20706.01
S6-K2P0,2026-05-14T19:45:00,F1,EXIT_INITSL,4780579.64
S6-K2P0,2026-05-14T19:45:00,F2,EXIT_INITSL,4780579.64
S6-K2P0,2026-05-14T19:45:00,F3,EXIT_INITSL,4780579.64
S6-K2P0,2026-05-17T19:15:00,F1,EXIT_INITSL,2140249.0
S6-K2P0,2026-05-17T19:15:00,F2,EXIT_INITSL,2140249.0
S6-K2P0,2026-05-17T19:15:00,F3,EXIT_INITSL,2140249.0
S6-K2P0,2026-05-17T21:15:00,F1,EXIT_INITSL,-1817737.14
S6-K2P0,2026-05-17T21:15:00,F2,EXIT_INITSL,-1817737.14
S6-K2P0,2026-05-17T21:15:00,F3,EXIT_INITSL,-1817737.14
S6-K2P0,2026-05-18T02:00:00,F1,EXIT_INITSL,-1550441.31
S6-K2P0,2026-05-18T02:00:00,F2,EXIT_INITSL,-1550441.31
S6-K2P0,2026-05-18T02:00:00,F3,EXIT_INITSL,-1550441.31
S6-K2P0,2026-05-18T21:45:00,F1,EXIT_INITSL,-1246125.63
S6-K2P0,2026-05-18T21:45:00,F2,EXIT_INITSL,-1246125.63
S6-K2P0,2026-05-18T21:45:00,F3,EXIT_INITSL,-1246125.63
S6-K2P0,2026-05-19T21:30:00,F1,EXIT_INITSL,-297413.67
S6-K2P0,2026-05-19T21:30:00,F2,EXIT_INITSL,-297413.67
S6-K2P0,2026-05-19T21:30:00,F3,EXIT_INITSL,-297413.67
S6-K2P0,2026-05-19T22:15:00,F1,EXIT_INITSL,415375.21
S6-K2P0,2026-05-19T22:15:00,F2,EXIT_INITSL,415375.21
S6-K2P0,2026-05-19T22:15:00,F3,EXIT_INITSL,415375.21
S6-K2P0,2026-05-20T18:45:00,F1,EXIT_INITSL,670749.4
S6-K2P0,2026-05-20T18:45:00,F2,EXIT_INITSL,670749.4
S6-K2P0,2026-05-20T18:45:00,F3,EXIT_INITSL,670749.4
S6-K2P0,2026-05-20T22:30:00,F1,EXIT_INITSL,336315.88
S6-K2P0,2026-05-20T22:30:00,F2,EXIT_INITSL,336315.88
S6-K2P0,2026-05-20T22:30:00,F3,EXIT_INITSL,336315.88
S6-K2P0,2026-05-21T20:45:00,F1,EXIT_INITSL,-869652.63
S6-K2P0,2026-05-21T20:45:00,F2,EXIT_INITSL,-869652.63
S6-K2P0,2026-05-21T20:45:00,F3,EXIT_INITSL,-869652.63
S6-K2P0,2026-05-21T22:30:00,F1,EXIT_INITSL,-416002.67
S6-K2P0,2026-05-21T22:30:00,F2,EXIT_INITSL,-416002.67
S6-K2P0,2026-05-21T22:30:00,F3,EXIT_INITSL,-416002.67
S6-K2P0,2026-05-22T01:00:00,F1,EXIT_INITSL,260393.82
S6-K2P0,2026-05-22T01:00:00,F2,EXIT_INITSL,260393.82
S6-K2P0,2026-05-22T01:00:00,F3,EXIT_INITSL,260393.82
S6-K2P0,2026-05-25T00:30:00,F1,EXIT_INITSL,-842044.61
S6-K2P0,2026-05-25T00:30:00,F2,EXIT_INITSL,-842044.61
S6-K2P0,2026-05-25T00:30:00,F3,EXIT_INITSL,-842044.61
S6-K2P0,2026-05-25T18:45:00,F1,EXIT_INITSL,-308080.4
S6-K2P0,2026-05-25T18:45:00,F2,EXIT_INITSL,-308080.4
S6-K2P0,2026-05-25T18:45:00,F3,EXIT_INITSL,-308080.4
S6-K2P0,2026-05-26T00:30:00,F1,EXIT_INITSL,-199530.69
S6-K2P0,2026-05-26T00:30:00,F2,EXIT_INITSL,-199530.69
S6-K2P0,2026-05-26T00:30:00,F3,EXIT_INITSL,-199530.69
S6-K2P0,2026-05-26T03:00:00,F1,EXIT_INITSL,-267923.28
S6-K2P0,2026-05-26T03:00:00,F2,EXIT_INITSL,-267923.28
S6-K2P0,2026-05-26T03:00:00,F3,EXIT_INITSL,-267923.28
S6-K2P0,2026-05-26T19:00:00,F1,EXIT_INITSL,-47686.58
S6-K2P0,2026-05-26T19:00:00,F2,EXIT_INITSL,-47686.58
S6-K2P0,2026-05-26T19:00:00,F3,EXIT_INITSL,-47686.58
S6-K2P0,2026-05-26T21:45:00,F1,EXIT_INITSL,-46431.67
S6-K2P0,2026-05-26T21:45:00,F2,EXIT_INITSL,-46431.67
S6-K2P0,2026-05-26T21:45:00,F3,EXIT_INITSL,-46431.67
S6-K2P0,2026-05-27T01:45:00,F1,EXIT_INITSL,70274.96
S6-K2P0,2026-05-27T01:45:00,F2,EXIT_INITSL,70274.96
S6-K2P0,2026-05-27T01:45:00,F3,EXIT_INITSL,70274.96
S6-K2P0,2026-05-27T20:45:00,F1,EXIT_INITSL,-560944.77
S6-K2P0,2026-05-27T20:45:00,F2,EXIT_INITSL,-560944.77
S6-K2P0,2026-05-27T20:45:00,F3,EXIT_INITSL,-560944.77
S6-K2P0,2026-05-27T21:15:00,F1,EXIT_INITSL,3186843.94
S6-K2P0,2026-05-27T21:15:00,F2,EXIT_INITSL,3186843.94
S6-K2P0,2026-05-27T21:15:00,F3,EXIT_INITSL,3186843.94
S6-K2P0,2026-05-28T20:00:00,F1,EXIT_INITSL,555925.13
S6-K2P0,2026-05-28T20:00:00,F2,EXIT_INITSL,555925.13
S6-K2P0,2026-05-28T20:00:00,F3,EXIT_INITSL,555925.13
S6-K2P0,2026-05-28T21:45:00,F1,EXIT_INITSL,-703377.06
S6-K2P0,2026-05-28T21:45:00,F2,EXIT_INITSL,-703377.06
S6-K2P0,2026-05-28T21:45:00,F3,EXIT_INITSL,-703377.06
S6-K2P0,2026-05-29T00:00:00,F1,EXIT_INITSL,556552.58
S6-K2P0,2026-05-29T00:00:00,F2,EXIT_INITSL,556552.58
S6-K2P0,2026-05-29T00:00:00,F3,EXIT_INITSL,556552.58
S6-K2P0,2026-05-31T19:00:00,F1,EXIT_INITSL,747298.9
S6-K2P0,2026-05-31T19:00:00,F2,EXIT_INITSL,747298.9
S6-K2P0,2026-05-31T19:00:00,F3,EXIT_INITSL,747298.9
S6-K2P0,2026-06-01T02:45:00,F1,EXIT_INITSL,-84078.97
S6-K2P0,2026-06-01T02:45:00,F2,EXIT_INITSL,-84078.97
S6-K2P0,2026-06-01T02:45:00,F3,EXIT_INITSL,-84078.97
S6-K2P0,2026-06-01T18:15:00,F1,EXIT_INITSL,-499454.18
S6-K2P0,2026-06-01T18:15:00,F2,EXIT_INITSL,-499454.18
S6-K2P0,2026-06-01T18:15:00,F3,EXIT_INITSL,-499454.18
S6-K2P0,2026-06-01T20:30:00,F1,EXIT_INITSL,-706514.33
S6-K2P0,2026-06-01T20:30:00,F2,EXIT_INITSL,-706514.33
S6-K2P0,2026-06-01T20:30:00,F3,EXIT_INITSL,-706514.33
S6-K2P0,2026-06-01T21:15:00,F1,EXIT_INITSL,-921103.94
S6-K2P0,2026-06-01T21:15:00,F2,EXIT_INITSL,-921103.94
S6-K2P0,2026-06-01T21:15:00,F3,EXIT_INITSL,-921103.94
S6-K2P0,2026-06-01T23:30:00,F1,EXIT_INITSL,1941973.22
S6-K2P0,2026-06-01T23:30:00,F2,EXIT_INITSL,1941973.22
S6-K2P0,2026-06-01T23:30:00,F3,EXIT_INITSL,1941973.22
S6-K2P0,2026-06-02T20:45:00,F1,EXIT_INITSL,-1023379.1
S6-K2P0,2026-06-02T20:45:00,F2,EXIT_INITSL,-1023379.1
S6-K2P0,2026-06-02T20:45:00,F3,EXIT_INITSL,-1023379.1
S6-K2P0,2026-06-02T21:15:00,F1,EXIT_INITSL,-587297.88
S6-K2P0,2026-06-02T21:15:00,F2,EXIT_INITSL,-587297.88
S6-K2P0,2026-06-02T21:15:00,F3,EXIT_INITSL,-587297.88
S6-K2P0,2026-06-03T19:00:00,F1,EXIT_INITSL,-21960.93
S6-K2P0,2026-06-03T19:00:00,F2,EXIT_INITSL,-21960.93
S6-K2P0,2026-06-03T19:00:00,F3,EXIT_INITSL,-21960.93
S6-K2P0,2026-06-03T22:00:00,F1,EXIT_INITSL,-501336.54
S6-K2P0,2026-06-03T22:00:00,F2,EXIT_INITSL,-501336.54
S6-K2P0,2026-06-03T22:00:00,F3,EXIT_INITSL,-501336.54
S6-K2P0,2026-06-04T21:00:00,F1,EXIT_INITSL,846436.79
S6-K2P0,2026-06-04T21:00:00,F2,EXIT_INITSL,846436.79
S6-K2P0,2026-06-04T21:00:00,F3,EXIT_INITSL,846436.79
S6-K2P0,2026-06-07T19:15:00,F1,EXIT_INITSL,32627.66
S6-K2P0,2026-06-07T19:15:00,F2,EXIT_INITSL,32627.66
S6-K2P0,2026-06-07T19:15:00,F3,EXIT_INITSL,32627.66
S6-K2P0,2026-06-07T21:15:00,F1,EXIT_TRAIL,18823.65
S6-K2P0,2026-06-07T21:15:00,F2,EXIT_TRAIL,18823.65
S6-K2P0,2026-06-07T21:15:00,F3,EXIT_TRAIL,18823.65
S6-K2P0,2026-06-08T01:15:00,F1,EXIT_INITSL,651298.29
S6-K2P0,2026-06-08T01:15:00,F2,EXIT_INITSL,651298.29
S6-K2P0,2026-06-08T01:15:00,F3,EXIT_INITSL,651298.29
S6-K2P0,2026-06-08T20:30:00,F1,EXIT_INITSL,-726592.89
S6-K2P0,2026-06-08T20:30:00,F2,EXIT_INITSL,-726592.89
S6-K2P0,2026-06-08T20:30:00,F3,EXIT_INITSL,-726592.89
S6-K2P0,2026-06-08T23:45:00,F1,EXIT_INITSL,-654435.57
S6-K2P0,2026-06-08T23:45:00,F2,EXIT_INITSL,-654435.57
S6-K2P0,2026-06-08T23:45:00,F3,EXIT_INITSL,-654435.57
S6-K2P0,2026-06-09T01:30:00,F1,EXIT_INITSL,188863.96
S6-K2P0,2026-06-09T01:30:00,F2,EXIT_INITSL,188863.96
S6-K2P0,2026-06-09T01:30:00,F3,EXIT_INITSL,188863.96
S6-K2P0,2026-06-10T01:45:00,F1,EXIT_INITSL,94118.25
S6-K2P0,2026-06-10T01:45:00,F2,EXIT_INITSL,94118.25
S6-K2P0,2026-06-10T01:45:00,F3,EXIT_INITSL,94118.25
S6-K2P0,2026-06-10T19:00:00,F1,EXIT_INITSL,-534591.66
S6-K2P0,2026-06-10T19:00:00,F2,EXIT_INITSL,-534591.66
S6-K2P0,2026-06-10T19:00:00,F3,EXIT_INITSL,-534591.66
S6-K2P0,2026-06-10T21:15:00,F1,EXIT_INITSL,-279844.93
S6-K2P0,2026-06-10T21:15:00,F2,EXIT_INITSL,-279844.93
S6-K2P0,2026-06-10T21:15:00,F3,EXIT_INITSL,-279844.93
S6-K2P0,2026-06-11T00:15:00,F1,EXIT_INITSL,-388394.65
S6-K2P0,2026-06-11T00:15:00,F2,EXIT_INITSL,-388394.65
S6-K2P0,2026-06-11T00:15:00,F3,EXIT_INITSL,-388394.65
S6-K2P0,2026-06-11T02:45:00,F1,EXIT_INITSL,-320002.05
S6-K2P0,2026-06-11T02:45:00,F2,EXIT_INITSL,-320002.05
S6-K2P0,2026-06-11T02:45:00,F3,EXIT_INITSL,-320002.05
S6-K2P0,2026-06-11T21:15:00,F1,EXIT_INITSL,-785573.66
S6-K2P0,2026-06-11T21:15:00,F2,EXIT_INITSL,-785573.66
S6-K2P0,2026-06-11T21:15:00,F3,EXIT_INITSL,-785573.66
S6-K2P0,2026-06-12T00:30:00,F1,EXIT_INITSL,99765.34
S6-K2P0,2026-06-12T00:30:00,F2,EXIT_INITSL,99765.34
S6-K2P0,2026-06-12T00:30:00,F3,EXIT_INITSL,99765.34
S6-K2P0,2026-06-15T00:30:00,F1,EXIT_INITSL,-722200.71
S6-K2P0,2026-06-15T00:30:00,F2,EXIT_INITSL,-722200.71
S6-K2P0,2026-06-15T00:30:00,F3,EXIT_INITSL,-722200.71
S6-K2P0,2026-06-15T20:30:00,F1,EXIT_INITSL,-750436.18
S6-K2P0,2026-06-15T20:30:00,F2,EXIT_INITSL,-750436.18
S6-K2P0,2026-06-15T20:30:00,F3,EXIT_INITSL,-750436.18
S6-K2P0,2026-06-15T23:30:00,F1,EXIT_INITSL,-67137.69
S6-K2P0,2026-06-15T23:30:00,F2,EXIT_INITSL,-67137.69
S6-K2P0,2026-06-15T23:30:00,F3,EXIT_INITSL,-67137.69
S6-K2P0,2026-06-16T03:00:00,F1,EXIT_INITSL,796240.39
S6-K2P0,2026-06-16T03:00:00,F2,EXIT_INITSL,796240.39
S6-K2P0,2026-06-16T03:00:00,F3,EXIT_INITSL,796240.39
S6-K2P0,2026-06-16T19:00:00,F1,EXIT_INITSL,-466199.06
S6-K2P0,2026-06-16T19:00:00,F2,EXIT_INITSL,-466199.06
S6-K2P0,2026-06-16T19:00:00,F3,EXIT_INITSL,-466199.06
S6-K2P0,2026-06-16T21:15:00,F1,EXIT_INITSL,-786201.11
S6-K2P0,2026-06-16T21:15:00,F2,EXIT_INITSL,-786201.11
S6-K2P0,2026-06-16T21:15:00,F3,EXIT_INITSL,-786201.11
S6-K2P0,2026-06-17T00:30:00,F1,EXIT_INITSL,-303688.22
S6-K2P0,2026-06-17T00:30:00,F2,EXIT_INITSL,-303688.22
S6-K2P0,2026-06-17T00:30:00,F3,EXIT_INITSL,-303688.22
S6-K2P0,2026-06-18T00:45:00,F1,EXIT_INITSL,3250844.36
S6-K2P0,2026-06-18T00:45:00,F2,EXIT_INITSL,3250844.36
S6-K2P0,2026-06-18T00:45:00,F3,EXIT_INITSL,3250844.36
S6-K2P0,2026-06-18T18:15:00,F1,EXIT_INITSL,4300576.57
S6-K2P0,2026-06-18T18:15:00,F2,EXIT_INITSL,4300576.57
S6-K2P0,2026-06-18T18:15:00,F3,EXIT_INITSL,4300576.57
S6-K2P0,2026-06-21T19:45:00,F1,EXIT_INITSL,-555925.13
S6-K2P0,2026-06-21T19:45:00,F2,EXIT_INITSL,-555925.13
S6-K2P0,2026-06-21T19:45:00,F3,EXIT_INITSL,-555925.13
S6-K2P0,2026-06-22T01:00:00,F1,EXIT_INITSL,577886.06
S6-K2P0,2026-06-22T01:00:00,F2,EXIT_INITSL,577886.06
S6-K2P0,2026-06-22T01:00:00,F3,EXIT_INITSL,577886.06
S6-K2P0,2026-06-22T19:45:00,F1,EXIT_INITSL,-672004.31
S6-K2P0,2026-06-22T19:45:00,F2,EXIT_INITSL,-672004.31
S6-K2P0,2026-06-22T19:45:00,F3,EXIT_INITSL,-672004.31
S6-K2P0,2026-06-22T20:45:00,F1,EXIT_INITSL,-512630.74
S6-K2P0,2026-06-22T20:45:00,F2,EXIT_INITSL,-512630.74
S6-K2P0,2026-06-22T20:45:00,F3,EXIT_INITSL,-512630.74
S6-K2P0,2026-06-23T01:00:00,F1,EXIT_INITSL,326276.6
S6-K2P0,2026-06-23T01:00:00,F2,EXIT_INITSL,326276.6
S6-K2P0,2026-06-23T01:00:00,F3,EXIT_INITSL,326276.6
S6-K2P0,2026-06-23T21:15:00,F1,EXIT_INITSL,1135693.55
S6-K2P0,2026-06-23T21:15:00,F2,EXIT_INITSL,1135693.55
S6-K2P0,2026-06-23T21:15:00,F3,EXIT_INITSL,1135693.55
S6-K2P0,2026-06-24T02:15:00,F1,EXIT_INITSL,-1259929.64
S6-K2P0,2026-06-24T02:15:00,F2,EXIT_INITSL,-1259929.64
S6-K2P0,2026-06-24T02:15:00,F3,EXIT_INITSL,-1259929.64
S6-K2P0,2026-06-24T19:00:00,F1,EXIT_INITSL,-1032163.47
S6-K2P0,2026-06-24T19:00:00,F2,EXIT_INITSL,-1032163.47
S6-K2P0,2026-06-24T19:00:00,F3,EXIT_INITSL,-1032163.47
S6-K2P0,2026-06-24T19:45:00,F1,EXIT_INITSL,-1226674.52
S6-K2P0,2026-06-24T19:45:00,F2,EXIT_INITSL,-1226674.52
S6-K2P0,2026-06-24T19:45:00,F3,EXIT_INITSL,-1226674.52
S6-K2P0,2026-06-24T20:30:00,F1,EXIT_INITSL,-434826.31
S6-K2P0,2026-06-24T20:30:00,F2,EXIT_INITSL,-434826.31
S6-K2P0,2026-06-24T20:30:00,F3,EXIT_INITSL,-434826.31
S6-K2P0,2026-06-24T21:45:00,F1,EXIT_INITSL,-609886.26
S6-K2P0,2026-06-24T21:45:00,F2,EXIT_INITSL,-609886.26
S6-K2P0,2026-06-24T21:45:00,F3,EXIT_INITSL,-609886.26
S6-K2P0,2026-06-25T01:45:00,F1,EXIT_INITSL,-872162.45
S6-K2P0,2026-06-25T01:45:00,F2,EXIT_INITSL,-872162.45
S6-K2P0,2026-06-25T01:45:00,F3,EXIT_INITSL,-872162.45
S6-K2P0,2026-06-25T18:45:00,F1,EXIT_INITSL,-1031536.02
S6-K2P0,2026-06-25T18:45:00,F2,EXIT_INITSL,-1031536.02
S6-K2P0,2026-06-25T18:45:00,F3,EXIT_INITSL,-1031536.02
S6-K2P0,2026-06-25T20:00:00,F1,EXIT_INITSL,-965653.24
S6-K2P0,2026-06-25T20:00:00,F2,EXIT_INITSL,-965653.24
S6-K2P0,2026-06-25T20:00:00,F3,EXIT_INITSL,-965653.24
S6-K2P0,2026-06-25T22:15:00,F1,EXIT_INITSL,728475.26
S6-K2P0,2026-06-25T22:15:00,F2,EXIT_INITSL,728475.26
S6-K2P0,2026-06-25T22:15:00,F3,EXIT_INITSL,728475.26
S6-K2P0,2026-06-26T02:30:00,F1,EXIT_INITSL,858358.44
S6-K2P0,2026-06-26T02:30:00,F2,EXIT_INITSL,858358.44
S6-K2P0,2026-06-26T02:30:00,F3,EXIT_INITSL,858358.44
S6-K2P0,2026-06-29T00:15:00,F1,EXIT_INITSL,437963.59
S6-K2P0,2026-06-29T00:15:00,F2,EXIT_INITSL,437963.59
S6-K2P0,2026-06-29T00:15:00,F3,EXIT_INITSL,437963.59
S6-K2P0,2026-06-29T18:45:00,F1,EXIT_INITSL,-751691.09
S6-K2P0,2026-06-29T18:45:00,F2,EXIT_INITSL,-751691.09
S6-K2P0,2026-06-29T18:45:00,F3,EXIT_INITSL,-751691.09
S6-K2P0,2026-06-29T20:15:00,F1,EXIT_INITSL,2931469.76
S6-K2P0,2026-06-29T20:15:00,F2,EXIT_INITSL,2931469.76
S6-K2P0,2026-06-29T20:15:00,F3,EXIT_INITSL,2931469.76
S6-K2P0,2026-06-30T02:15:00,F1,EXIT_INITSL,1699148.14
S6-K2P0,2026-06-30T02:15:00,F2,EXIT_INITSL,1699148.14
S6-K2P0,2026-06-30T02:15:00,F3,EXIT_INITSL,1699148.14
S6-K2P0,2026-06-30T23:45:00,F1,EXIT_INITSL,94118.25
S6-K2P0,2026-06-30T23:45:00,F2,EXIT_INITSL,94118.25
S6-K2P0,2026-06-30T23:45:00,F3,EXIT_INITSL,94118.25
S6-K2P0,2026-07-02T02:00:00,F1,EXIT_INITSL,-261021.28
S6-K2P0,2026-07-02T02:00:00,F2,EXIT_INITSL,-261021.28
S6-K2P0,2026-07-02T02:00:00,F3,EXIT_INITSL,-261021.28
S6-K2P0,2026-07-02T07:45:00,F1,EXIT_INITSL,2689272.13
S6-K2P0,2026-07-02T07:45:00,F2,EXIT_INITSL,2689272.13
S6-K2P0,2026-07-02T07:45:00,F3,EXIT_INITSL,2689272.13
S6-K2P0,2026-07-02T11:45:00,F1,EXIT_INITSL,-1352792.98
S6-K2P0,2026-07-02T11:45:00,F2,EXIT_INITSL,-1352792.98
S6-K2P0,2026-07-02T11:45:00,F3,EXIT_INITSL,-1352792.98
S6-K2P0,2026-07-02T14:15:00,F1,EXIT_INITSL,3595317.15
S6-K2P0,2026-07-02T14:15:00,F2,EXIT_INITSL,3595317.15
S6-K2P0,2026-07-02T14:15:00,F3,EXIT_INITSL,3595317.15
S6-K2P0,2026-07-03T02:45:00,F1,EXIT_INITSL,5647.1
S6-K2P0,2026-07-03T02:45:00,F2,EXIT_INITSL,5647.1
S6-K2P0,2026-07-03T02:45:00,F3,EXIT_INITSL,5647.1
S6-K2P0,2026-07-05T20:15:00,F1,EXIT_INITSL,-864632.99
S6-K2P0,2026-07-05T20:15:00,F2,EXIT_INITSL,-864632.99
S6-K2P0,2026-07-05T20:15:00,F3,EXIT_INITSL,-864632.99
S6-K2P0,2026-07-05T21:30:00,F1,EXIT_INITSL,-575376.24
S6-K2P0,2026-07-05T21:30:00,F2,EXIT_INITSL,-575376.24
S6-K2P0,2026-07-05T21:30:00,F3,EXIT_INITSL,-575376.24
S6-K2P0,2026-07-05T22:15:00,F1,EXIT_INITSL,1238596.17
S6-K2P0,2026-07-05T22:15:00,F2,EXIT_INITSL,1238596.17
S6-K2P0,2026-07-05T22:15:00,F3,EXIT_INITSL,1238596.17
S6-K2P0,2026-07-06T20:45:00,F1,EXIT_INITSL,622435.36
S6-K2P0,2026-07-06T20:45:00,F2,EXIT_INITSL,622435.36
S6-K2P0,2026-07-06T20:45:00,F3,EXIT_INITSL,622435.36
S6-K2P0,2026-07-06T22:00:00,F1,EXIT_INITSL,178824.67
S6-K2P0,2026-07-06T22:00:00,F2,EXIT_INITSL,178824.67
S6-K2P0,2026-07-06T22:00:00,F3,EXIT_INITSL,178824.67
S6-K2P0,2026-07-07T03:30:00,F1,EXIT_INITSL,-771769.65
S6-K2P0,2026-07-07T03:30:00,F2,EXIT_INITSL,-771769.65
S6-K2P0,2026-07-07T03:30:00,F3,EXIT_INITSL,-771769.65
S6-K2P0,2026-07-07T23:15:00,F1,EXIT_INITSL,-628709.91
S6-K2P0,2026-07-07T23:15:00,F2,EXIT_INITSL,-628709.91
S6-K2P0,2026-07-07T23:15:00,F3,EXIT_INITSL,-628709.91
S6-K2P0,2026-07-08T19:30:00,F1,EXIT_INITSL,-266040.92
S6-K2P0,2026-07-08T19:30:00,F2,EXIT_INITSL,-266040.92
S6-K2P0,2026-07-08T19:30:00,F3,EXIT_INITSL,-266040.92
S6-K2P0,2026-07-08T22:15:00,F1,EXIT_INITSL,-819456.23
S6-K2P0,2026-07-08T22:15:00,F2,EXIT_INITSL,-819456.23
S6-K2P0,2026-07-08T22:15:00,F3,EXIT_INITSL,-819456.23
S6-K2P0,2026-07-09T00:15:00,F1,EXIT_INITSL,-722828.16
S6-K2P0,2026-07-09T00:15:00,F2,EXIT_INITSL,-722828.16
S6-K2P0,2026-07-09T00:15:00,F3,EXIT_INITSL,-722828.16
S6-K2P0,2026-07-09T21:45:00,F1,EXIT_INITSL,-662592.48
S6-K2P0,2026-07-09T21:45:00,F2,EXIT_INITSL,-662592.48
S6-K2P0,2026-07-09T21:45:00,F3,EXIT_INITSL,-662592.48
S6-K2P0,2026-07-09T23:00:00,F1,EXIT_INITSL,-496316.91
S6-K2P0,2026-07-09T23:00:00,F2,EXIT_INITSL,-496316.91
S6-K2P0,2026-07-09T23:00:00,F3,EXIT_INITSL,-496316.91
S6-K2P0,2026-07-13T01:15:00,F1,EXIT_INITSL,-1236713.81
S6-K2P0,2026-07-13T01:15:00,F2,EXIT_INITSL,-1236713.81
S6-K2P0,2026-07-13T01:15:00,F3,EXIT_INITSL,-1236713.81
S6-K2P0,2026-07-13T19:15:00,F1,EXIT_INITSL,142432.28
S6-K2P0,2026-07-13T19:15:00,F2,EXIT_INITSL,142432.28
S6-K2P0,2026-07-13T19:15:00,F3,EXIT_INITSL,142432.28
S6-K2P0,2026-07-13T22:00:00,F1,EXIT_INITSL,648161.01
S6-K2P0,2026-07-13T22:00:00,F2,EXIT_INITSL,648161.01
S6-K2P0,2026-07-13T22:00:00,F3,EXIT_INITSL,648161.01
S6-K2P0,2026-07-14T21:30:00,F1,EXIT_INITSL,1421185.58
S6-K2P0,2026-07-14T21:30:00,F2,EXIT_INITSL,1421185.58
S6-K2P0,2026-07-14T21:30:00,F3,EXIT_INITSL,1421185.58
S6-K2P0,2026-07-16T00:45:00,F1,EXIT_INITSL,-148706.83
S6-K2P0,2026-07-16T00:45:00,F2,EXIT_INITSL,-148706.83
S6-K2P0,2026-07-16T00:45:00,F3,EXIT_INITSL,-148706.83
S6-K2P0,2026-07-16T18:45:00,F1,EXIT_INITSL,-758593.09
S6-K2P0,2026-07-16T18:45:00,F2,EXIT_INITSL,-758593.09
S6-K2P0,2026-07-16T18:45:00,F3,EXIT_INITSL,-758593.09
S6-K2P0,2026-07-16T22:00:00,F1,EXIT_INITSL,-160001.02
S6-K2P0,2026-07-16T22:00:00,F2,EXIT_INITSL,-160001.02
S6-K2P0,2026-07-16T22:00:00,F3,EXIT_INITSL,-160001.02
S6-K2P0,2026-07-16T23:15:00,F1,EXIT_INITSL,151216.65
S6-K2P0,2026-07-16T23:15:00,F2,EXIT_INITSL,151216.65
S6-K2P0,2026-07-16T23:15:00,F3,EXIT_INITSL,151216.65
S6-K2P0,2026-07-17T00:30:00,F1,EXIT_INITSL,-263531.1
S6-K2P0,2026-07-17T00:30:00,F2,EXIT_INITSL,-263531.1
S6-K2P0,2026-07-17T00:30:00,F3,EXIT_INITSL,-263531.1
S6-K2P0,2026-07-17T01:45:00,F1,EXIT_INITSL,248472.18
S6-K2P0,2026-07-17T01:45:00,F2,EXIT_INITSL,248472.18
S6-K2P0,2026-07-17T01:45:00,F3,EXIT_INITSL,248472.18
S6-K2P0,2026-07-19T20:30:00,F1,EXIT_INITSL,-32627.66
S6-K2P0,2026-07-19T20:30:00,F2,EXIT_INITSL,-32627.66
S6-K2P0,2026-07-19T20:30:00,F3,EXIT_INITSL,-32627.66
S6-K2P0,2026-07-19T22:15:00,F1,EXIT_INITSL,463689.24
S6-K2P0,2026-07-19T22:15:00,F2,EXIT_INITSL,463689.24
S6-K2P0,2026-07-19T22:15:00,F3,EXIT_INITSL,463689.24
S6-K2P0,2026-07-20T17:00:00,F1,EXIT_INITSL,-117334.08
S6-K2P0,2026-07-20T17:00:00,F2,EXIT_INITSL,-117334.08
S6-K2P0,2026-07-20T17:00:00,F3,EXIT_INITSL,-117334.08
S6-K2P0,2026-07-21T20:15:00,F1,EXIT_INITSL,2198602.32
S6-K2P0,2026-07-21T20:15:00,F2,EXIT_INITSL,2198602.32
S6-K2P0,2026-07-21T20:15:00,F3,EXIT_INITSL,2198602.32
S6-K2P0,2026-07-22T01:45:00,F1,EXIT_INITSL,-638121.74
S6-K2P0,2026-07-22T01:45:00,F2,EXIT_INITSL,-638121.74
S6-K2P0,2026-07-22T01:45:00,F3,EXIT_INITSL,-638121.74
S6-K2P0,2026-07-22T02:30:00,F1,EXIT_INITSL,-302433.31
S6-K2P0,2026-07-22T02:30:00,F2,EXIT_INITSL,-302433.31
S6-K2P0,2026-07-22T02:30:00,F3,EXIT_INITSL,-302433.31
S6-K2P0,2026-07-22T20:00:00,F1,EXIT_INITSL,-517650.38
S6-K2P0,2026-07-22T20:00:00,F2,EXIT_INITSL,-517650.38
S6-K2P0,2026-07-22T20:00:00,F3,EXIT_INITSL,-517650.38
S6-K2P0,2026-07-22T21:45:00,F1,EXIT_INITSL,-390904.46
S6-K2P0,2026-07-22T21:45:00,F2,EXIT_INITSL,-390904.46
S6-K2P0,2026-07-22T21:45:00,F3,EXIT_INITSL,-390904.46
S6-K2P0,2026-07-22T23:00:00,F1,EXIT_INITSL,-569729.14
S6-K2P0,2026-07-22T23:00:00,F2,EXIT_INITSL,-569729.14
S6-K2P0,2026-07-22T23:00:00,F3,EXIT_INITSL,-569729.14
S6-K2P0,2026-07-23T02:45:00,F1,EXIT_INITSL,2010365.82
S6-K2P0,2026-07-23T02:45:00,F2,EXIT_INITSL,2010365.82
S6-K2P0,2026-07-23T02:45:00,F3,EXIT_INITSL,2010365.82
S6-K2P0,2026-07-23T20:45:00,F1,EXIT_INITSL,-517650.38
S6-K2P0,2026-07-23T20:45:00,F2,EXIT_INITSL,-517650.38
S6-K2P0,2026-07-23T20:45:00,F3,EXIT_INITSL,-517650.38
S6-K2P0,2026-07-23T21:15:00,F1,EXIT_INITSL,549023.12
S6-K2P0,2026-07-23T21:15:00,F2,EXIT_INITSL,549023.12
S6-K2P0,2026-07-23T21:15:00,F3,EXIT_INITSL,549023.12
S7-TPNONE,2026-01-05T23:00:00,F1,EXIT_TRAIL,772397.11
S7-TPNONE,2026-01-05T23:00:00,F2,EXIT_TRAIL,772397.11
S7-TPNONE,2026-01-05T23:00:00,F3,EXIT_TRAIL,772397.11
S7-TPNONE,2026-01-06T22:15:00,F1,EXIT_INITSL,-129883.18
S7-TPNONE,2026-01-06T22:15:00,F2,EXIT_INITSL,-129883.18
S7-TPNONE,2026-01-06T22:15:00,F3,EXIT_INITSL,-129883.18
S7-TPNONE,2026-01-07T01:00:00,F1,EXIT_INITSL,1237341.26
S7-TPNONE,2026-01-07T01:00:00,F2,EXIT_INITSL,1237341.26
S7-TPNONE,2026-01-07T01:00:00,F3,EXIT_INITSL,1237341.26
S7-TPNONE,2026-01-07T03:30:00,F1,EXIT_INITSL,95373.16
S7-TPNONE,2026-01-07T03:30:00,F2,EXIT_INITSL,95373.16
S7-TPNONE,2026-01-07T03:30:00,F3,EXIT_INITSL,95373.16
S7-TPNONE,2026-01-08T03:45:00,F1,EXIT_INITSL,-473728.53
S7-TPNONE,2026-01-08T03:45:00,F2,EXIT_INITSL,-473728.53
S7-TPNONE,2026-01-08T03:45:00,F3,EXIT_INITSL,-473728.53
S7-TPNONE,2026-01-09T00:15:00,F1,EXIT_INITSL,-186981.59
S7-TPNONE,2026-01-09T00:15:00,F2,EXIT_INITSL,-186981.59
S7-TPNONE,2026-01-09T00:15:00,F3,EXIT_INITSL,-186981.59
S7-TPNONE,2026-01-12T02:30:00,F1,EXIT_INITSL,-31372.75
S7-TPNONE,2026-01-12T02:30:00,F2,EXIT_INITSL,-31372.75
S7-TPNONE,2026-01-12T02:30:00,F3,EXIT_INITSL,-31372.75
S7-TPNONE,2026-01-12T21:00:00,F1,EXIT_INITSL,-890986.1
S7-TPNONE,2026-01-12T21:00:00,F2,EXIT_INITSL,-890986.1
S7-TPNONE,2026-01-12T21:00:00,F3,EXIT_INITSL,-890986.1
S7-TPNONE,2026-01-12T22:30:00,F1,EXIT_INITSL,-522670.01
S7-TPNONE,2026-01-12T22:30:00,F2,EXIT_INITSL,-522670.01
S7-TPNONE,2026-01-12T22:30:00,F3,EXIT_INITSL,-522670.01
S7-TPNONE,2026-01-13T02:30:00,F1,EXIT_INITSL,-680788.68
S7-TPNONE,2026-01-13T02:30:00,F2,EXIT_INITSL,-680788.68
S7-TPNONE,2026-01-13T02:30:00,F3,EXIT_INITSL,-680788.68
S7-TPNONE,2026-01-13T20:15:00,F1,EXIT_INITSL,2092562.42
S7-TPNONE,2026-01-13T20:15:00,F2,EXIT_INITSL,2092562.42
S7-TPNONE,2026-01-13T20:15:00,F3,EXIT_INITSL,2092562.42
S7-TPNONE,2026-01-14T20:15:00,F1,EXIT_INITSL,-32627.66
S7-TPNONE,2026-01-14T20:15:00,F2,EXIT_INITSL,-32627.66
S7-TPNONE,2026-01-14T20:15:00,F3,EXIT_INITSL,-32627.66
S7-TPNONE,2026-01-15T00:15:00,F1,EXIT_INITSL,-382747.55
S7-TPNONE,2026-01-15T00:15:00,F2,EXIT_INITSL,-382747.55
S7-TPNONE,2026-01-15T00:15:00,F3,EXIT_INITSL,-382747.55
S7-TPNONE,2026-01-15T03:15:00,F1,EXIT_INITSL,-377727.91
S7-TPNONE,2026-01-15T03:15:00,F2,EXIT_INITSL,-377727.91
S7-TPNONE,2026-01-15T03:15:00,F3,EXIT_INITSL,-377727.91
S7-TPNONE,2026-01-15T23:45:00,F1,EXIT_INITSL,-293021.49
S7-TPNONE,2026-01-15T23:45:00,F2,EXIT_INITSL,-293021.49
S7-TPNONE,2026-01-15T23:45:00,F3,EXIT_INITSL,-293021.49
S7-TPNONE,2026-01-16T02:15:00,F1,EXIT_INITSL,-451767.6
S7-TPNONE,2026-01-16T02:15:00,F2,EXIT_INITSL,-451767.6
S7-TPNONE,2026-01-16T02:15:00,F3,EXIT_INITSL,-451767.6
S7-TPNONE,2026-01-16T03:45:00,F1,EXIT_INITSL,-500709.09
S7-TPNONE,2026-01-16T03:45:00,F2,EXIT_INITSL,-500709.09
S7-TPNONE,2026-01-16T03:45:00,F3,EXIT_INITSL,-500709.09
S7-TPNONE,2026-01-16T18:00:00,F1,EXIT_INITSL,-31372.75
S7-TPNONE,2026-01-16T18:00:00,F2,EXIT_INITSL,-31372.75
S7-TPNONE,2026-01-16T18:00:00,F3,EXIT_INITSL,-31372.75
S7-TPNONE,2026-01-19T00:15:00,F1,EXIT_INITSL,-144314.65
S7-TPNONE,2026-01-19T00:15:00,F2,EXIT_INITSL,-144314.65
S7-TPNONE,2026-01-19T00:15:00,F3,EXIT_INITSL,-144314.65
S7-TPNONE,2026-01-19T22:15:00,F1,EXIT_INITSL,-197020.87
S7-TPNONE,2026-01-19T22:15:00,F2,EXIT_INITSL,-197020.87
S7-TPNONE,2026-01-19T22:15:00,F3,EXIT_INITSL,-197020.87
S7-TPNONE,2026-01-19T23:30:00,F1,EXIT_INITSL,2145268.65
S7-TPNONE,2026-01-19T23:30:00,F2,EXIT_INITSL,2145268.65
S7-TPNONE,2026-01-19T23:30:00,F3,EXIT_INITSL,2145268.65
S7-TPNONE,2026-01-21T04:00:00,F1,EXIT_INITSL,-366433.72
S7-TPNONE,2026-01-21T04:00:00,F2,EXIT_INITSL,-366433.72
S7-TPNONE,2026-01-21T04:00:00,F3,EXIT_INITSL,-366433.72
S7-TPNONE,2026-01-21T20:15:00,F1,EXIT_INITSL,933025.58
S7-TPNONE,2026-01-21T20:15:00,F2,EXIT_INITSL,933025.58
S7-TPNONE,2026-01-21T20:15:00,F3,EXIT_INITSL,933025.58
S7-TPNONE,2026-01-21T23:15:00,F1,EXIT_INITSL,-139922.46
S7-TPNONE,2026-01-21T23:15:00,F2,EXIT_INITSL,-139922.46
S7-TPNONE,2026-01-21T23:15:00,F3,EXIT_INITSL,-139922.46
S7-TPNONE,2026-01-22T02:30:00,F1,EXIT_INITSL,-982594.53
S7-TPNONE,2026-01-22T02:30:00,F2,EXIT_INITSL,-982594.53
S7-TPNONE,2026-01-22T02:30:00,F3,EXIT_INITSL,-982594.53
S7-TPNONE,2026-01-22T03:00:00,F1,EXIT_INITSL,165648.12
S7-TPNONE,2026-01-22T03:00:00,F2,EXIT_INITSL,165648.12
S7-TPNONE,2026-01-22T03:00:00,F3,EXIT_INITSL,165648.12
S7-TPNONE,2026-01-22T22:00:00,F1,EXIT_INITSL,-1103065.89
S7-TPNONE,2026-01-22T22:00:00,F2,EXIT_INITSL,-1103065.89
S7-TPNONE,2026-01-22T22:00:00,F3,EXIT_INITSL,-1103065.89
S7-TPNONE,2026-01-23T01:45:00,F1,EXIT_INITSL,-137412.64
S7-TPNONE,2026-01-23T01:45:00,F2,EXIT_INITSL,-137412.64
S7-TPNONE,2026-01-23T01:45:00,F3,EXIT_INITSL,-137412.64
S7-TPNONE,2026-01-26T02:15:00,F1,EXIT_INITSL,-737259.62
S7-TPNONE,2026-01-26T02:15:00,F2,EXIT_INITSL,-737259.62
S7-TPNONE,2026-01-26T02:15:00,F3,EXIT_INITSL,-737259.62
S7-TPNONE,2026-01-26T03:00:00,F1,EXIT_TRAIL,203295.42
S7-TPNONE,2026-01-26T03:00:00,F2,EXIT_TRAIL,203295.42
S7-TPNONE,2026-01-26T03:00:00,F3,EXIT_TRAIL,203295.42
S7-TPNONE,2026-01-26T21:45:00,F1,EXIT_INITSL,-725965.43
S7-TPNONE,2026-01-26T21:45:00,F2,EXIT_INITSL,-725965.43
S7-TPNONE,2026-01-26T21:45:00,F3,EXIT_INITSL,-725965.43
S7-TPNONE,2026-01-26T23:15:00,F1,EXIT_INITSL,-448630.32
S7-TPNONE,2026-01-26T23:15:00,F2,EXIT_INITSL,-448630.32
S7-TPNONE,2026-01-26T23:15:00,F3,EXIT_INITSL,-448630.32
S7-TPNONE,2026-01-27T02:45:00,F1,EXIT_INITSL,435453.77
S7-TPNONE,2026-01-27T02:45:00,F2,EXIT_INITSL,435453.77
S7-TPNONE,2026-01-27T02:45:00,F3,EXIT_INITSL,435453.77
S7-TPNONE,2026-01-27T22:15:00,F1,EXIT_TRAIL,6267648.0
S7-TPNONE,2026-01-27T22:15:00,F2,EXIT_TRAIL,6267648.0
S7-TPNONE,2026-01-27T22:15:00,F3,EXIT_TRAIL,6267648.0
S7-TPNONE,2026-01-28T23:45:00,F1,EXIT_INITSL,-186981.59
S7-TPNONE,2026-01-28T23:45:00,F2,EXIT_INITSL,-186981.59
S7-TPNONE,2026-01-28T23:45:00,F3,EXIT_INITSL,-186981.59
S7-TPNONE,2026-01-29T22:15:00,F1,EXIT_INITSL,-3900260.28
S7-TPNONE,2026-01-29T22:15:00,F2,EXIT_INITSL,-3900260.28
S7-TPNONE,2026-01-29T22:15:00,F3,EXIT_INITSL,-3900260.28
S7-TPNONE,2026-01-30T03:00:00,F1,EXIT_INITSL,295531.31
S7-TPNONE,2026-01-30T03:00:00,F2,EXIT_INITSL,295531.31
S7-TPNONE,2026-01-30T03:00:00,F3,EXIT_INITSL,295531.31
S7-TPNONE,2026-02-01T20:15:00,F1,EXIT_INITSL,-3487394.89
S7-TPNONE,2026-02-01T20:15:00,F2,EXIT_INITSL,-3487394.89
S7-TPNONE,2026-02-01T20:15:00,F3,EXIT_INITSL,-3487394.89
S7-TPNONE,2026-02-01T22:15:00,F1,EXIT_INITSL,-6314079.66
S7-TPNONE,2026-02-01T22:15:00,F2,EXIT_INITSL,-6314079.66
S7-TPNONE,2026-02-01T22:15:00,F3,EXIT_INITSL,-6314079.66
S7-TPNONE,2026-02-02T00:15:00,F1,EXIT_INITSL,-405963.39
S7-TPNONE,2026-02-02T00:15:00,F2,EXIT_INITSL,-405963.39
S7-TPNONE,2026-02-02T00:15:00,F3,EXIT_INITSL,-405963.39
S7-TPNONE,2026-02-02T02:45:00,F1,EXIT_INITSL,4636892.45
S7-TPNONE,2026-02-02T02:45:00,F2,EXIT_INITSL,4636892.45
S7-TPNONE,2026-02-02T02:45:00,F3,EXIT_INITSL,4636892.45
S7-TPNONE,2026-02-02T22:15:00,F1,EXIT_INITSL,-1991542.17
S7-TPNONE,2026-02-02T22:15:00,F2,EXIT_INITSL,-1991542.17
S7-TPNONE,2026-02-02T22:15:00,F3,EXIT_INITSL,-1991542.17
S7-TPNONE,2026-02-03T00:45:00,F1,EXIT_INITSL,6537453.65
S7-TPNONE,2026-02-03T00:45:00,F2,EXIT_INITSL,6537453.65
S7-TPNONE,2026-02-03T00:45:00,F3,EXIT_INITSL,6537453.65
S7-TPNONE,2026-02-03T20:15:00,F1,EXIT_INITSL,-1812717.5
S7-TPNONE,2026-02-03T20:15:00,F2,EXIT_INITSL,-1812717.5
S7-TPNONE,2026-02-03T20:15:00,F3,EXIT_INITSL,-1812717.5
S7-TPNONE,2026-02-03T21:15:00,F1,EXIT_INITSL,4649441.55
S7-TPNONE,2026-02-03T21:15:00,F2,EXIT_INITSL,4649441.55
S7-TPNONE,2026-02-03T21:15:00,F3,EXIT_INITSL,4649441.55
S7-TPNONE,2026-02-04T04:00:00,F1,EXIT_INITSL,-751063.64
S7-TPNONE,2026-02-04T04:00:00,F2,EXIT_INITSL,-751063.64
S7-TPNONE,2026-02-04T04:00:00,F3,EXIT_INITSL,-751063.64
S7-TPNONE,2026-02-05T02:15:00,F1,EXIT_TRAIL,-2088797.69
S7-TPNONE,2026-02-05T02:15:00,F2,EXIT_TRAIL,-2088797.69
S7-TPNONE,2026-02-05T02:15:00,F3,EXIT_TRAIL,-2088797.69
S7-TPNONE,2026-02-05T23:00:00,F1,EXIT_INITSL,5251798.35
S7-TPNONE,2026-02-05T23:00:00,F2,EXIT_INITSL,5251798.35
S7-TPNONE,2026-02-05T23:00:00,F3,EXIT_INITSL,5251798.35
S7-TPNONE,2026-02-08T23:00:00,F1,EXIT_INITSL,-1315145.68
S7-TPNONE,2026-02-08T23:00:00,F2,EXIT_INITSL,-1315145.68
S7-TPNONE,2026-02-08T23:00:00,F3,EXIT_INITSL,-1315145.68
S7-TPNONE,2026-02-08T23:45:00,F1,EXIT_INITSL,-1458205.42
S7-TPNONE,2026-02-08T23:45:00,F2,EXIT_INITSL,-1458205.42
S7-TPNONE,2026-02-08T23:45:00,F3,EXIT_INITSL,-1458205.42
S7-TPNONE,2026-02-09T03:00:00,F1,EXIT_INITSL,-1083614.79
S7-TPNONE,2026-02-09T03:00:00,F2,EXIT_INITSL,-1083614.79
S7-TPNONE,2026-02-09T03:00:00,F3,EXIT_INITSL,-1083614.79
S7-TPNONE,2026-02-09T20:15:00,F1,EXIT_INITSL,-1036555.66
S7-TPNONE,2026-02-09T20:15:00,F2,EXIT_INITSL,-1036555.66
S7-TPNONE,2026-02-09T20:15:00,F3,EXIT_INITSL,-1036555.66
S7-TPNONE,2026-02-09T22:30:00,F1,EXIT_INITSL,-1620716.26
S7-TPNONE,2026-02-09T22:30:00,F2,EXIT_INITSL,-1620716.26
S7-TPNONE,2026-02-09T22:30:00,F3,EXIT_INITSL,-1620716.26
S7-TPNONE,2026-02-10T00:15:00,F1,EXIT_INITSL,-382120.09
S7-TPNONE,2026-02-10T00:15:00,F2,EXIT_INITSL,-382120.09
S7-TPNONE,2026-02-10T00:15:00,F3,EXIT_INITSL,-382120.09
S7-TPNONE,2026-02-10T04:30:00,F1,EXIT_INITSL,-1193419.41
S7-TPNONE,2026-02-10T04:30:00,F2,EXIT_INITSL,-1193419.41
S7-TPNONE,2026-02-10T04:30:00,F3,EXIT_INITSL,-1193419.41
S7-TPNONE,2026-02-10T21:30:00,F1,EXIT_INITSL,-503846.36
S7-TPNONE,2026-02-10T21:30:00,F2,EXIT_INITSL,-503846.36
S7-TPNONE,2026-02-10T21:30:00,F3,EXIT_INITSL,-503846.36
S7-TPNONE,2026-02-10T22:45:00,F1,EXIT_INITSL,-571611.5
S7-TPNONE,2026-02-10T22:45:00,F2,EXIT_INITSL,-571611.5
S7-TPNONE,2026-02-10T22:45:00,F3,EXIT_INITSL,-571611.5
S7-TPNONE,2026-02-10T23:45:00,F1,EXIT_INITSL,-560317.31
S7-TPNONE,2026-02-10T23:45:00,F2,EXIT_INITSL,-560317.31
S7-TPNONE,2026-02-10T23:45:00,F3,EXIT_INITSL,-560317.31
S7-TPNONE,2026-02-11T02:45:00,F1,EXIT_INITSL,-579140.97
S7-TPNONE,2026-02-11T02:45:00,F2,EXIT_INITSL,-579140.97
S7-TPNONE,2026-02-11T02:45:00,F3,EXIT_INITSL,-579140.97
S7-TPNONE,2026-02-11T21:45:00,F1,EXIT_INITSL,-348237.53
S7-TPNONE,2026-02-11T21:45:00,F2,EXIT_INITSL,-348237.53
S7-TPNONE,2026-02-11T21:45:00,F3,EXIT_INITSL,-348237.53
S7-TPNONE,2026-02-12T00:30:00,F1,EXIT_INITSL,-510120.92
S7-TPNONE,2026-02-12T00:30:00,F2,EXIT_INITSL,-510120.92
S7-TPNONE,2026-02-12T00:30:00,F3,EXIT_INITSL,-510120.92
S7-TPNONE,2026-02-12T03:30:00,F1,EXIT_INITSL,-545885.85
S7-TPNONE,2026-02-12T03:30:00,F2,EXIT_INITSL,-545885.85
S7-TPNONE,2026-02-12T03:30:00,F3,EXIT_INITSL,-545885.85
S7-TPNONE,2026-02-12T21:15:00,F1,EXIT_INITSL,1945737.96
S7-TPNONE,2026-02-12T21:15:00,F2,EXIT_INITSL,1945737.96
S7-TPNONE,2026-02-12T21:15:00,F3,EXIT_INITSL,1945737.96
S7-TPNONE,2026-02-13T02:45:00,F1,EXIT_INITSL,-225256.35
S7-TPNONE,2026-02-13T02:45:00,F2,EXIT_INITSL,-225256.35
S7-TPNONE,2026-02-13T02:45:00,F3,EXIT_INITSL,-225256.35
S7-TPNONE,2026-02-13T04:00:00,F1,EXIT_INITSL,53961.13
S7-TPNONE,2026-02-13T04:00:00,F2,EXIT_INITSL,53961.13
S7-TPNONE,2026-02-13T04:00:00,F3,EXIT_INITSL,53961.13
S7-TPNONE,2026-02-15T20:30:00,F1,EXIT_INITSL,-1258674.73
S7-TPNONE,2026-02-15T20:30:00,F2,EXIT_INITSL,-1258674.73
S7-TPNONE,2026-02-15T20:30:00,F3,EXIT_INITSL,-1258674.73
S7-TPNONE,2026-02-15T21:30:00,F1,EXIT_INITSL,-993261.26
S7-TPNONE,2026-02-15T21:30:00,F2,EXIT_INITSL,-993261.26
S7-TPNONE,2026-02-15T21:30:00,F3,EXIT_INITSL,-993261.26
S7-TPNONE,2026-02-15T23:45:00,F1,EXIT_TRAIL,1154517.2
S7-TPNONE,2026-02-15T23:45:00,F2,EXIT_TRAIL,1154517.2
S7-TPNONE,2026-02-15T23:45:00,F3,EXIT_TRAIL,1154517.2
S7-TPNONE,2026-02-16T20:45:00,F1,EXIT_INITSL,2625899.18
S7-TPNONE,2026-02-16T20:45:00,F2,EXIT_INITSL,2625899.18
S7-TPNONE,2026-02-16T20:45:00,F3,EXIT_INITSL,2625899.18
S7-TPNONE,2026-02-16T23:00:00,F1,EXIT_INITSL,4455557.96
S7-TPNONE,2026-02-16T23:00:00,F2,EXIT_INITSL,4455557.96
S7-TPNONE,2026-02-16T23:00:00,F3,EXIT_INITSL,4455557.96
S7-TPNONE,2026-02-17T21:00:00,F1,EXIT_INITSL,-1264321.82
S7-TPNONE,2026-02-17T21:00:00,F2,EXIT_INITSL,-1264321.82
S7-TPNONE,2026-02-17T21:00:00,F3,EXIT_INITSL,-1264321.82
S7-TPNONE,2026-02-17T21:45:00,F1,EXIT_INITSL,2990450.53
S7-TPNONE,2026-02-17T21:45:00,F2,EXIT_INITSL,2990450.53
S7-TPNONE,2026-02-17T21:45:00,F3,EXIT_INITSL,2990450.53
S7-TPNONE,2026-02-18T21:45:00,F1,EXIT_INITSL,-555925.13
S7-TPNONE,2026-02-18T21:45:00,F2,EXIT_INITSL,-555925.13
S7-TPNONE,2026-02-18T21:45:00,F3,EXIT_INITSL,-555925.13
S7-TPNONE,2026-02-19T00:00:00,F1,EXIT_INITSL,-600474.43
S7-TPNONE,2026-02-19T00:00:00,F2,EXIT_INITSL,-600474.43
S7-TPNONE,2026-02-19T00:00:00,F3,EXIT_INITSL,-600474.43
S7-TPNONE,2026-02-19T21:00:00,F1,EXIT_INITSL,-771142.19
S7-TPNONE,2026-02-19T21:00:00,F2,EXIT_INITSL,-771142.19
S7-TPNONE,2026-02-19T21:00:00,F3,EXIT_INITSL,-771142.19
S7-TPNONE,2026-02-19T22:00:00,F1,EXIT_INITSL,-417885.03
S7-TPNONE,2026-02-19T22:00:00,F2,EXIT_INITSL,-417885.03
S7-TPNONE,2026-02-19T22:00:00,F3,EXIT_INITSL,-417885.03
S7-TPNONE,2026-02-19T23:15:00,F1,EXIT_INITSL,81569.15
S7-TPNONE,2026-02-19T23:15:00,F2,EXIT_INITSL,81569.15
S7-TPNONE,2026-02-19T23:15:00,F3,EXIT_INITSL,81569.15
S7-TPNONE,2026-02-20T04:15:00,F1,EXIT_INITSL,-830122.96
S7-TPNONE,2026-02-20T04:15:00,F2,EXIT_INITSL,-830122.96
S7-TPNONE,2026-02-20T04:15:00,F3,EXIT_INITSL,-830122.96
S7-TPNONE,2026-02-23T03:30:00,F1,EXIT_INITSL,880946.82
S7-TPNONE,2026-02-23T03:30:00,F2,EXIT_INITSL,880946.82
S7-TPNONE,2026-02-23T03:30:00,F3,EXIT_INITSL,880946.82
S7-TPNONE,2026-02-23T22:00:00,F1,EXIT_INITSL,3502453.81
S7-TPNONE,2026-02-23T22:00:00,F2,EXIT_INITSL,3502453.81
S7-TPNONE,2026-02-23T22:00:00,F3,EXIT_INITSL,3502453.81
S7-TPNONE,2026-02-24T03:00:00,F1,EXIT_INITSL,-965025.79
S7-TPNONE,2026-02-24T03:00:00,F2,EXIT_INITSL,-965025.79
S7-TPNONE,2026-02-24T03:00:00,F3,EXIT_INITSL,-965025.79
S7-TPNONE,2026-02-24T20:15:00,F1,EXIT_INITSL,-690200.5
S7-TPNONE,2026-02-24T20:15:00,F2,EXIT_INITSL,-690200.5
S7-TPNONE,2026-02-24T20:15:00,F3,EXIT_INITSL,-690200.5
S7-TPNONE,2026-02-24T22:00:00,F1,EXIT_INITSL,1367224.44
S7-TPNONE,2026-02-24T22:00:00,F2,EXIT_INITSL,1367224.44
S7-TPNONE,2026-02-24T22:00:00,F3,EXIT_INITSL,1367224.44
S7-TPNONE,2026-02-25T02:15:00,F1,EXIT_INITSL,370825.9
S7-TPNONE,2026-02-25T02:15:00,F2,EXIT_INITSL,370825.9
S7-TPNONE,2026-02-25T02:15:00,F3,EXIT_INITSL,370825.9
S7-TPNONE,2026-02-25T21:00:00,F1,EXIT_INITSL,-726592.89
S7-TPNONE,2026-02-25T21:00:00,F2,EXIT_INITSL,-726592.89
S7-TPNONE,2026-02-25T21:00:00,F3,EXIT_INITSL,-726592.89
S7-TPNONE,2026-02-25T21:30:00,F1,EXIT_INITSL,-387767.19
S7-TPNONE,2026-02-25T21:30:00,F2,EXIT_INITSL,-387767.19
S7-TPNONE,2026-02-25T21:30:00,F3,EXIT_INITSL,-387767.19
S7-TPNONE,2026-02-26T00:15:00,F1,EXIT_INITSL,264158.56
S7-TPNONE,2026-02-26T00:15:00,F2,EXIT_INITSL,264158.56
S7-TPNONE,2026-02-26T00:15:00,F3,EXIT_INITSL,264158.56
S7-TPNONE,2026-02-26T21:30:00,F1,EXIT_INITSL,-886593.91
S7-TPNONE,2026-02-26T21:30:00,F2,EXIT_INITSL,-886593.91
S7-TPNONE,2026-02-26T21:30:00,F3,EXIT_INITSL,-886593.91
S7-TPNONE,2026-02-26T22:45:00,F1,EXIT_INITSL,-247217.27
S7-TPNONE,2026-02-26T22:45:00,F2,EXIT_INITSL,-247217.27
S7-TPNONE,2026-02-26T22:45:00,F3,EXIT_INITSL,-247217.27
S7-TPNONE,2026-02-27T01:15:00,F1,EXIT_INITSL,112314.44
S7-TPNONE,2026-02-27T01:15:00,F2,EXIT_INITSL,112314.44
S7-TPNONE,2026-02-27T01:15:00,F3,EXIT_INITSL,112314.44
S7-TPNONE,2026-03-03T20:15:00,F1,EXIT_INITSL,2738841.07
S7-TPNONE,2026-03-03T20:15:00,F2,EXIT_INITSL,2738841.07
S7-TPNONE,2026-03-03T20:15:00,F3,EXIT_INITSL,2738841.07
S7-TPNONE,2026-03-04T01:00:00,F1,EXIT_INITSL,-1318282.96
S7-TPNONE,2026-03-04T01:00:00,F2,EXIT_INITSL,-1318282.96
S7-TPNONE,2026-03-04T01:00:00,F3,EXIT_INITSL,-1318282.96
S7-TPNONE,2026-03-04T04:00:00,F1,EXIT_INITSL,-643141.38
S7-TPNONE,2026-03-04T04:00:00,F2,EXIT_INITSL,-643141.38
S7-TPNONE,2026-03-04T04:00:00,F3,EXIT_INITSL,-643141.38
S7-TPNONE,2026-03-04T23:15:00,F1,EXIT_INITSL,-109177.17
S7-TPNONE,2026-03-04T23:15:00,F2,EXIT_INITSL,-109177.17
S7-TPNONE,2026-03-04T23:15:00,F3,EXIT_INITSL,-109177.17
S7-TPNONE,2026-03-05T19:00:00,F1,EXIT_INITSL,-200785.6
S7-TPNONE,2026-03-05T19:00:00,F2,EXIT_INITSL,-200785.6
S7-TPNONE,2026-03-05T19:00:00,F3,EXIT_INITSL,-200785.6
S7-TPNONE,2026-03-05T21:45:00,F1,EXIT_INITSL,-342590.43
S7-TPNONE,2026-03-05T21:45:00,F2,EXIT_INITSL,-342590.43
S7-TPNONE,2026-03-05T21:45:00,F3,EXIT_INITSL,-342590.43
S7-TPNONE,2026-03-05T22:45:00,F1,EXIT_INITSL,432943.95
S7-TPNONE,2026-03-05T22:45:00,F2,EXIT_INITSL,432943.95
S7-TPNONE,2026-03-05T22:45:00,F3,EXIT_INITSL,432943.95
S7-TPNONE,2026-03-08T19:45:00,F1,EXIT_INITSL,3668101.93
S7-TPNONE,2026-03-08T19:45:00,F2,EXIT_INITSL,3668101.93
S7-TPNONE,2026-03-08T19:45:00,F3,EXIT_INITSL,3668101.93
S7-TPNONE,2026-03-08T23:15:00,F1,EXIT_INITSL,1148870.11
S7-TPNONE,2026-03-08T23:15:00,F2,EXIT_INITSL,1148870.11
S7-TPNONE,2026-03-08T23:15:00,F3,EXIT_INITSL,1148870.11
S7-TPNONE,2026-03-09T04:00:00,F1,EXIT_INITSL,-779299.11
S7-TPNONE,2026-03-09T04:00:00,F2,EXIT_INITSL,-779299.11
S7-TPNONE,2026-03-09T04:00:00,F3,EXIT_INITSL,-779299.11
S7-TPNONE,2026-03-09T20:00:00,F1,EXIT_INITSL,-1090516.79
S7-TPNONE,2026-03-09T20:00:00,F2,EXIT_INITSL,-1090516.79
S7-TPNONE,2026-03-09T20:00:00,F3,EXIT_INITSL,-1090516.79
S7-TPNONE,2026-03-09T22:15:00,F1,EXIT_INITSL,1326439.87
S7-TPNONE,2026-03-09T22:15:00,F2,EXIT_INITSL,1326439.87
S7-TPNONE,2026-03-09T22:15:00,F3,EXIT_INITSL,1326439.87
S7-TPNONE,2026-03-10T02:15:00,F1,EXIT_INITSL,-397806.47
S7-TPNONE,2026-03-10T02:15:00,F2,EXIT_INITSL,-397806.47
S7-TPNONE,2026-03-10T02:15:00,F3,EXIT_INITSL,-397806.47
S7-TPNONE,2026-03-10T19:30:00,F1,EXIT_INITSL,-702122.14
S7-TPNONE,2026-03-10T19:30:00,F2,EXIT_INITSL,-702122.14
S7-TPNONE,2026-03-10T19:30:00,F3,EXIT_INITSL,-702122.14
S7-TPNONE,2026-03-10T23:15:00,F1,EXIT_INITSL,-935535.41
S7-TPNONE,2026-03-10T23:15:00,F2,EXIT_INITSL,-935535.41
S7-TPNONE,2026-03-10T23:15:00,F3,EXIT_INITSL,-935535.41
S7-TPNONE,2026-03-11T01:00:00,F1,EXIT_INITSL,-3764.73
S7-TPNONE,2026-03-11T01:00:00,F2,EXIT_INITSL,-3764.73
S7-TPNONE,2026-03-11T01:00:00,F3,EXIT_INITSL,-3764.73
S7-TPNONE,2026-03-11T03:45:00,F1,EXIT_INITSL,-199530.69
S7-TPNONE,2026-03-11T03:45:00,F2,EXIT_INITSL,-199530.69
S7-TPNONE,2026-03-11T03:45:00,F3,EXIT_INITSL,-199530.69
S7-TPNONE,2026-03-11T19:15:00,F1,EXIT_INITSL,505728.73
S7-TPNONE,2026-03-11T19:15:00,F2,EXIT_INITSL,505728.73
S7-TPNONE,2026-03-11T19:15:00,F3,EXIT_INITSL,505728.73
S7-TPNONE,2026-03-11T20:00:00,F1,EXIT_INITSL,-906672.47
S7-TPNONE,2026-03-11T20:00:00,F2,EXIT_INITSL,-906672.47
S7-TPNONE,2026-03-11T20:00:00,F3,EXIT_INITSL,-906672.47
S7-TPNONE,2026-03-11T22:45:00,F1,EXIT_INITSL,-766122.56
S7-TPNONE,2026-03-11T22:45:00,F2,EXIT_INITSL,-766122.56
S7-TPNONE,2026-03-11T22:45:00,F3,EXIT_INITSL,-766122.56
S7-TPNONE,2026-03-11T23:45:00,F1,EXIT_INITSL,363923.9
S7-TPNONE,2026-03-11T23:45:00,F2,EXIT_INITSL,363923.9
S7-TPNONE,2026-03-11T23:45:00,F3,EXIT_INITSL,363923.9
S7-TPNONE,2026-03-12T23:00:00,F1,EXIT_INITSL,-613650.99
S7-TPNONE,2026-03-12T23:00:00,F2,EXIT_INITSL,-613650.99
S7-TPNONE,2026-03-12T23:00:00,F3,EXIT_INITSL,-613650.99
S7-TPNONE,2026-03-13T01:00:00,F1,EXIT_INITSL,-680788.67
S7-TPNONE,2026-03-13T01:00:00,F2,EXIT_INITSL,-680788.67
S7-TPNONE,2026-03-13T01:00:00,F3,EXIT_INITSL,-680788.67
S7-TPNONE,2026-03-16T18:00:00,F1,EXIT_INITSL,-277335.11
S7-TPNONE,2026-03-16T18:00:00,F2,EXIT_INITSL,-277335.11
S7-TPNONE,2026-03-16T18:00:00,F3,EXIT_INITSL,-277335.11
S7-TPNONE,2026-03-16T21:15:00,F1,EXIT_INITSL,-318119.68
S7-TPNONE,2026-03-16T21:15:00,F2,EXIT_INITSL,-318119.68
S7-TPNONE,2026-03-16T21:15:00,F3,EXIT_INITSL,-318119.68
S7-TPNONE,2026-03-17T01:30:00,F1,EXIT_INITSL,-39529.67
S7-TPNONE,2026-03-17T01:30:00,F2,EXIT_INITSL,-39529.67
S7-TPNONE,2026-03-17T01:30:00,F3,EXIT_INITSL,-39529.67
S7-TPNONE,2026-03-17T19:15:00,F1,EXIT_INITSL,-454904.88
S7-TPNONE,2026-03-17T19:15:00,F2,EXIT_INITSL,-454904.88
S7-TPNONE,2026-03-17T19:15:00,F3,EXIT_INITSL,-454904.88
S7-TPNONE,2026-03-17T20:45:00,F1,EXIT_INITSL,-20078.56
S7-TPNONE,2026-03-17T20:45:00,F2,EXIT_INITSL,-20078.56
S7-TPNONE,2026-03-17T20:45:00,F3,EXIT_INITSL,-20078.56
S7-TPNONE,2026-03-17T22:15:00,F1,EXIT_INITSL,-473101.07
S7-TPNONE,2026-03-17T22:15:00,F2,EXIT_INITSL,-473101.07
S7-TPNONE,2026-03-17T22:15:00,F3,EXIT_INITSL,-473101.07
S7-TPNONE,2026-03-18T21:15:00,F1,EXIT_INITSL,108549.72
S7-TPNONE,2026-03-18T21:15:00,F2,EXIT_INITSL,108549.72
S7-TPNONE,2026-03-18T21:15:00,F3,EXIT_INITSL,108549.72
S7-TPNONE,2026-03-19T01:00:00,F1,EXIT_INITSL,5037208.74
S7-TPNONE,2026-03-19T01:00:00,F2,EXIT_INITSL,5037208.74
S7-TPNONE,2026-03-19T01:00:00,F3,EXIT_INITSL,5037208.74
S7-TPNONE,2026-03-19T21:15:00,F1,EXIT_INITSL,-832005.33
S7-TPNONE,2026-03-19T21:15:00,F2,EXIT_INITSL,-832005.33
S7-TPNONE,2026-03-19T21:15:00,F3,EXIT_INITSL,-832005.33
S7-TPNONE,2026-03-20T02:30:00,F1,EXIT_INITSL,-1171458.49
S7-TPNONE,2026-03-20T02:30:00,F2,EXIT_INITSL,-1171458.49
S7-TPNONE,2026-03-20T02:30:00,F3,EXIT_INITSL,-1171458.49
S7-TPNONE,2026-03-22T21:00:00,F1,EXIT_INITSL,5756899.62
S7-TPNONE,2026-03-22T21:00:00,F2,EXIT_INITSL,5756899.62
S7-TPNONE,2026-03-22T21:00:00,F3,EXIT_INITSL,5756899.62
S7-TPNONE,2026-03-23T19:30:00,F1,EXIT_INITSL,-454904.88
S7-TPNONE,2026-03-23T19:30:00,F2,EXIT_INITSL,-454904.88
S7-TPNONE,2026-03-23T19:30:00,F3,EXIT_INITSL,-454904.88
S7-TPNONE,2026-03-23T21:30:00,F1,EXIT_INITSL,11294.19
S7-TPNONE,2026-03-23T21:30:00,F2,EXIT_INITSL,11294.19
S7-TPNONE,2026-03-23T21:30:00,F3,EXIT_INITSL,11294.19
S7-TPNONE,2026-03-23T22:45:00,F1,EXIT_INITSL,-2131464.63
S7-TPNONE,2026-03-23T22:45:00,F2,EXIT_INITSL,-2131464.63
S7-TPNONE,2026-03-23T22:45:00,F3,EXIT_INITSL,-2131464.63
S7-TPNONE,2026-03-24T00:45:00,F1,EXIT_INITSL,-972555.25
S7-TPNONE,2026-03-24T00:45:00,F2,EXIT_INITSL,-972555.25
S7-TPNONE,2026-03-24T00:45:00,F3,EXIT_INITSL,-972555.25
S7-TPNONE,2026-03-25T19:30:00,F1,EXIT_INITSL,-304315.68
S7-TPNONE,2026-03-25T19:30:00,F2,EXIT_INITSL,-304315.68
S7-TPNONE,2026-03-25T19:30:00,F3,EXIT_INITSL,-304315.68
S7-TPNONE,2026-03-25T23:00:00,F1,EXIT_INITSL,-1441891.59
S7-TPNONE,2026-03-25T23:00:00,F2,EXIT_INITSL,-1441891.59
S7-TPNONE,2026-03-25T23:00:00,F3,EXIT_INITSL,-1441891.59
S7-TPNONE,2026-03-26T01:30:00,F1,EXIT_INITSL,-968163.07
S7-TPNONE,2026-03-26T01:30:00,F2,EXIT_INITSL,-968163.07
S7-TPNONE,2026-03-26T01:30:00,F3,EXIT_INITSL,-968163.07
S7-TPNONE,2026-03-26T20:15:00,F1,EXIT_INITSL,-647533.56
S7-TPNONE,2026-03-26T20:15:00,F2,EXIT_INITSL,-647533.56
S7-TPNONE,2026-03-26T20:15:00,F3,EXIT_INITSL,-647533.56
S7-TPNONE,2026-03-27T01:30:00,F1,EXIT_INITSL,1256164.91
S7-TPNONE,2026-03-27T01:30:00,F2,EXIT_INITSL,1256164.91
S7-TPNONE,2026-03-27T01:30:00,F3,EXIT_INITSL,1256164.91
S7-TPNONE,2026-03-29T19:30:00,F1,EXIT_INITSL,-1597500.43
S7-TPNONE,2026-03-29T19:30:00,F2,EXIT_INITSL,-1597500.43
S7-TPNONE,2026-03-29T19:30:00,F3,EXIT_INITSL,-1597500.43
S7-TPNONE,2026-03-29T22:45:00,F1,EXIT_INITSL,998908.36
S7-TPNONE,2026-03-29T22:45:00,F2,EXIT_INITSL,998908.36
S7-TPNONE,2026-03-29T22:45:00,F3,EXIT_INITSL,998908.36
S7-TPNONE,2026-03-30T20:15:00,F1,EXIT_INITSL,-1141340.64
S7-TPNONE,2026-03-30T20:15:00,F2,EXIT_INITSL,-1141340.64
S7-TPNONE,2026-03-30T20:15:00,F3,EXIT_INITSL,-1141340.64
S7-TPNONE,2026-03-30T21:45:00,F1,EXIT_INITSL,3301668.21
S7-TPNONE,2026-03-30T21:45:00,F2,EXIT_INITSL,3301668.21
S7-TPNONE,2026-03-30T21:45:00,F3,EXIT_INITSL,3301668.21
S7-TPNONE,2026-03-31T01:45:00,F1,EXIT_INITSL,-36392.39
S7-TPNONE,2026-03-31T01:45:00,F2,EXIT_INITSL,-36392.39
S7-TPNONE,2026-03-31T01:45:00,F3,EXIT_INITSL,-36392.39
S7-TPNONE,2026-03-31T20:30:00,F1,EXIT_INITSL,1026516.38
S7-TPNONE,2026-03-31T20:30:00,F2,EXIT_INITSL,1026516.38
S7-TPNONE,2026-03-31T20:30:00,F3,EXIT_INITSL,1026516.38
S7-TPNONE,2026-03-31T22:45:00,F1,EXIT_INITSL,133647.92
S7-TPNONE,2026-03-31T22:45:00,F2,EXIT_INITSL,133647.92
S7-TPNONE,2026-03-31T22:45:00,F3,EXIT_INITSL,133647.92
S7-TPNONE,2026-04-01T18:00:00,F1,EXIT_INITSL,-740396.9
S7-TPNONE,2026-04-01T18:00:00,F2,EXIT_INITSL,-740396.9
S7-TPNONE,2026-04-01T18:00:00,F3,EXIT_INITSL,-740396.9
S7-TPNONE,2026-04-01T20:15:00,F1,EXIT_INITSL,-650670.83
S7-TPNONE,2026-04-01T20:15:00,F2,EXIT_INITSL,-650670.83
S7-TPNONE,2026-04-01T20:15:00,F3,EXIT_INITSL,-650670.83
S7-TPNONE,2026-04-01T22:15:00,F1,EXIT_TRAIL,3799240.03
S7-TPNONE,2026-04-01T22:15:00,F2,EXIT_TRAIL,3799240.03
S7-TPNONE,2026-04-01T22:15:00,F3,EXIT_TRAIL,3799240.03
S7-TPNONE,2026-04-05T18:15:00,F1,EXIT_TRAIL,-983849.44
S7-TPNONE,2026-04-05T18:15:00,F2,EXIT_TRAIL,-983849.44
S7-TPNONE,2026-04-05T18:15:00,F3,EXIT_TRAIL,-983849.44
S7-TPNONE,2026-04-05T19:15:00,F1,EXIT_INITSL,240315.26
S7-TPNONE,2026-04-05T19:15:00,F2,EXIT_INITSL,240315.26
S7-TPNONE,2026-04-05T19:15:00,F3,EXIT_INITSL,240315.26
S7-TPNONE,2026-04-05T21:15:00,F1,EXIT_INITSL,100392.8
S7-TPNONE,2026-04-05T21:15:00,F2,EXIT_INITSL,100392.8
S7-TPNONE,2026-04-05T21:15:00,F3,EXIT_INITSL,100392.8
S7-TPNONE,2026-04-05T23:15:00,F1,EXIT_INITSL,-994516.18
S7-TPNONE,2026-04-05T23:15:00,F2,EXIT_INITSL,-994516.18
S7-TPNONE,2026-04-05T23:15:00,F3,EXIT_INITSL,-994516.18
S7-TPNONE,2026-04-06T02:15:00,F1,EXIT_INITSL,-927378.49
S7-TPNONE,2026-04-06T02:15:00,F2,EXIT_INITSL,-927378.49
S7-TPNONE,2026-04-06T02:15:00,F3,EXIT_INITSL,-927378.49
S7-TPNONE,2026-04-06T03:45:00,F1,EXIT_INITSL,1473891.79
S7-TPNONE,2026-04-06T03:45:00,F2,EXIT_INITSL,1473891.79
S7-TPNONE,2026-04-06T03:45:00,F3,EXIT_INITSL,1473891.79
S7-TPNONE,2026-04-06T19:30:00,F1,EXIT_INITSL,-410355.57
S7-TPNONE,2026-04-06T19:30:00,F2,EXIT_INITSL,-410355.57
S7-TPNONE,2026-04-06T19:30:00,F3,EXIT_INITSL,-410355.57
S7-TPNONE,2026-04-06T21:15:00,F1,EXIT_TRAIL,-923613.76
S7-TPNONE,2026-04-06T21:15:00,F2,EXIT_TRAIL,-923613.76
S7-TPNONE,2026-04-06T21:15:00,F3,EXIT_TRAIL,-923613.76
S7-TPNONE,2026-04-06T21:45:00,F1,EXIT_INITSL,295531.31
S7-TPNONE,2026-04-06T21:45:00,F2,EXIT_INITSL,295531.31
S7-TPNONE,2026-04-06T21:45:00,F3,EXIT_INITSL,295531.31
S7-TPNONE,2026-04-07T00:45:00,F1,EXIT_INITSL,-907299.93
S7-TPNONE,2026-04-07T00:45:00,F2,EXIT_INITSL,-907299.93
S7-TPNONE,2026-04-07T00:45:00,F3,EXIT_INITSL,-907299.93
S7-TPNONE,2026-04-07T02:45:00,F1,EXIT_INITSL,-853338.8
S7-TPNONE,2026-04-07T02:45:00,F2,EXIT_INITSL,-853338.8
S7-TPNONE,2026-04-07T02:45:00,F3,EXIT_INITSL,-853338.8
S7-TPNONE,2026-04-08T01:00:00,F1,EXIT_INITSL,1143850.47
S7-TPNONE,2026-04-08T01:00:00,F2,EXIT_INITSL,1143850.47
S7-TPNONE,2026-04-08T01:00:00,F3,EXIT_INITSL,1143850.47
S7-TPNONE,2026-04-08T18:45:00,F1,EXIT_INITSL,-321884.42
S7-TPNONE,2026-04-08T18:45:00,F2,EXIT_INITSL,-321884.42
S7-TPNONE,2026-04-08T18:45:00,F3,EXIT_INITSL,-321884.42
S7-TPNONE,2026-04-08T21:15:00,F1,EXIT_INITSL,-442355.77
S7-TPNONE,2026-04-08T21:15:00,F2,EXIT_INITSL,-442355.77
S7-TPNONE,2026-04-08T21:15:00,F3,EXIT_INITSL,-442355.77
S7-TPNONE,2026-04-09T00:45:00,F1,EXIT_INITSL,-718435.97
S7-TPNONE,2026-04-09T00:45:00,F2,EXIT_INITSL,-718435.97
S7-TPNONE,2026-04-09T00:45:00,F3,EXIT_INITSL,-718435.97
S7-TPNONE,2026-04-09T02:00:00,F1,EXIT_INITSL,-459297.06
S7-TPNONE,2026-04-09T02:00:00,F2,EXIT_INITSL,-459297.06
S7-TPNONE,2026-04-09T02:00:00,F3,EXIT_INITSL,-459297.06
S7-TPNONE,2026-04-09T18:30:00,F1,EXIT_INITSL,46431.67
S7-TPNONE,2026-04-09T18:30:00,F2,EXIT_INITSL,46431.67
S7-TPNONE,2026-04-09T18:30:00,F3,EXIT_INITSL,46431.67
S7-TPNONE,2026-04-09T21:45:00,F1,EXIT_INITSL,-822593.5
S7-TPNONE,2026-04-09T21:45:00,F2,EXIT_INITSL,-822593.5
S7-TPNONE,2026-04-09T21:45:00,F3,EXIT_INITSL,-822593.5
S7-TPNONE,2026-04-09T22:15:00,F1,EXIT_INITSL,-72784.78
S7-TPNONE,2026-04-09T22:15:00,F2,EXIT_INITSL,-72784.78
S7-TPNONE,2026-04-09T22:15:00,F3,EXIT_INITSL,-72784.78
S7-TPNONE,2026-04-10T01:00:00,F1,EXIT_INITSL,279844.93
S7-TPNONE,2026-04-10T01:00:00,F2,EXIT_INITSL,279844.93
S7-TPNONE,2026-04-10T01:00:00,F3,EXIT_INITSL,279844.93
S7-TPNONE,2026-04-13T00:45:00,F1,EXIT_INITSL,500081.64
S7-TPNONE,2026-04-13T00:45:00,F2,EXIT_INITSL,500081.64
S7-TPNONE,2026-04-13T00:45:00,F3,EXIT_INITSL,500081.64
S7-TPNONE,2026-04-13T21:15:00,F1,EXIT_INITSL,-821338.6
S7-TPNONE,2026-04-13T21:15:00,F2,EXIT_INITSL,-821338.6
S7-TPNONE,2026-04-13T21:15:00,F3,EXIT_INITSL,-821338.6
S7-TPNONE,2026-04-14T00:30:00,F1,EXIT_INITSL,-666357.21
S7-TPNONE,2026-04-14T00:30:00,F2,EXIT_INITSL,-666357.21
S7-TPNONE,2026-04-14T00:30:00,F3,EXIT_INITSL,-666357.21
S7-TPNONE,2026-04-14T02:00:00,F1,EXIT_INITSL,-732239.99
S7-TPNONE,2026-04-14T02:00:00,F2,EXIT_INITSL,-732239.99
S7-TPNONE,2026-04-14T02:00:00,F3,EXIT_INITSL,-732239.99
S7-TPNONE,2026-04-14T03:00:00,F1,EXIT_INITSL,75294.6
S7-TPNONE,2026-04-14T03:00:00,F2,EXIT_INITSL,75294.6
S7-TPNONE,2026-04-14T03:00:00,F3,EXIT_INITSL,75294.6
S7-TPNONE,2026-04-14T19:45:00,F1,EXIT_INITSL,-658827.75
S7-TPNONE,2026-04-14T19:45:00,F2,EXIT_INITSL,-658827.75
S7-TPNONE,2026-04-14T19:45:00,F3,EXIT_INITSL,-658827.75
S7-TPNONE,2026-04-14T21:15:00,F1,EXIT_TRAIL,8784.37
S7-TPNONE,2026-04-14T21:15:00,F2,EXIT_TRAIL,8784.37
S7-TPNONE,2026-04-14T21:15:00,F3,EXIT_TRAIL,8784.37
S7-TPNONE,2026-04-14T22:30:00,F1,EXIT_INITSL,335688.42
S7-TPNONE,2026-04-14T22:30:00,F2,EXIT_INITSL,335688.42
S7-TPNONE,2026-04-14T22:30:00,F3,EXIT_INITSL,335688.42
S7-TPNONE,2026-04-15T01:45:00,F1,EXIT_INITSL,2509.82
S7-TPNONE,2026-04-15T01:45:00,F2,EXIT_INITSL,2509.82
S7-TPNONE,2026-04-15T01:45:00,F3,EXIT_INITSL,2509.82
S7-TPNONE,2026-04-15T20:45:00,F1,EXIT_INITSL,-473101.07
S7-TPNONE,2026-04-15T20:45:00,F2,EXIT_INITSL,-473101.07
S7-TPNONE,2026-04-15T20:45:00,F3,EXIT_INITSL,-473101.07
S7-TPNONE,2026-04-15T23:15:00,F1,EXIT_INITSL,97255.53
S7-TPNONE,2026-04-15T23:15:00,F2,EXIT_INITSL,97255.53
S7-TPNONE,2026-04-15T23:15:00,F3,EXIT_INITSL,97255.53
S7-TPNONE,2026-04-16T03:00:00,F1,EXIT_INITSL,-429806.68
S7-TPNONE,2026-04-16T03:00:00,F2,EXIT_INITSL,-429806.68
S7-TPNONE,2026-04-16T03:00:00,F3,EXIT_INITSL,-429806.68
S7-TPNONE,2026-04-16T18:30:00,F1,EXIT_INITSL,-341962.97
S7-TPNONE,2026-04-16T18:30:00,F2,EXIT_INITSL,-341962.97
S7-TPNONE,2026-04-16T18:30:00,F3,EXIT_INITSL,-341962.97
S7-TPNONE,2026-04-16T20:45:00,F1,EXIT_INITSL,-429806.68
S7-TPNONE,2026-04-16T20:45:00,F2,EXIT_INITSL,-429806.68
S7-TPNONE,2026-04-16T20:45:00,F3,EXIT_INITSL,-429806.68
S7-TPNONE,2026-04-16T21:15:00,F1,EXIT_INITSL,-67137.69
S7-TPNONE,2026-04-16T21:15:00,F2,EXIT_INITSL,-67137.69
S7-TPNONE,2026-04-16T21:15:00,F3,EXIT_INITSL,-67137.69
S7-TPNONE,2026-04-16T23:15:00,F1,EXIT_INITSL,-19451.11
S7-TPNONE,2026-04-16T23:15:00,F2,EXIT_INITSL,-19451.11
S7-TPNONE,2026-04-16T23:15:00,F3,EXIT_INITSL,-19451.11
S7-TPNONE,2026-04-19T21:15:00,F1,EXIT_INITSL,69647.5
S7-TPNONE,2026-04-19T21:15:00,F2,EXIT_INITSL,69647.5
S7-TPNONE,2026-04-19T21:15:00,F3,EXIT_INITSL,69647.5
S7-TPNONE,2026-04-19T23:15:00,F1,EXIT_INITSL,-126118.46
S7-TPNONE,2026-04-19T23:15:00,F2,EXIT_INITSL,-126118.46
S7-TPNONE,2026-04-19T23:15:00,F3,EXIT_INITSL,-126118.46
S7-TPNONE,2026-04-20T03:00:00,F1,EXIT_INITSL,-256629.1
S7-TPNONE,2026-04-20T03:00:00,F2,EXIT_INITSL,-256629.1
S7-TPNONE,2026-04-20T03:00:00,F3,EXIT_INITSL,-256629.1
S7-TPNONE,2026-04-20T20:30:00,F1,EXIT_INITSL,1547931.49
S7-TPNONE,2026-04-20T20:30:00,F2,EXIT_INITSL,1547931.49
S7-TPNONE,2026-04-20T20:30:00,F3,EXIT_INITSL,1547931.49
S7-TPNONE,2026-04-22T01:30:00,F1,EXIT_INITSL,-389022.1
S7-TPNONE,2026-04-22T01:30:00,F2,EXIT_INITSL,-389022.1
S7-TPNONE,2026-04-22T01:30:00,F3,EXIT_INITSL,-389022.1
S7-TPNONE,2026-04-22T02:30:00,F1,EXIT_INITSL,-350747.34
S7-TPNONE,2026-04-22T02:30:00,F2,EXIT_INITSL,-350747.34
S7-TPNONE,2026-04-22T02:30:00,F3,EXIT_INITSL,-350747.34
S7-TPNONE,2026-04-22T05:15:00,F1,EXIT_INITSL,-510748.37
S7-TPNONE,2026-04-22T05:15:00,F2,EXIT_INITSL,-510748.37
S7-TPNONE,2026-04-22T05:15:00,F3,EXIT_INITSL,-510748.37
S7-TPNONE,2026-04-22T06:00:00,F1,EXIT_INITSL,-30745.29
S7-TPNONE,2026-04-22T06:00:00,F2,EXIT_INITSL,-30745.29
S7-TPNONE,2026-04-22T06:00:00,F3,EXIT_INITSL,-30745.29
S7-TPNONE,2026-04-22T08:45:00,F1,EXIT_TRAIL,-235295.62
S7-TPNONE,2026-04-22T08:45:00,F2,EXIT_TRAIL,-235295.62
S7-TPNONE,2026-04-22T08:45:00,F3,EXIT_TRAIL,-235295.62
S7-TPNONE,2026-04-22T09:45:00,F1,EXIT_INITSL,-485022.72
S7-TPNONE,2026-04-22T09:45:00,F2,EXIT_INITSL,-485022.72
S7-TPNONE,2026-04-22T09:45:00,F3,EXIT_INITSL,-485022.72
S7-TPNONE,2026-04-22T14:30:00,F1,EXIT_INITSL,-705886.88
S7-TPNONE,2026-04-22T14:30:00,F2,EXIT_INITSL,-705886.88
S7-TPNONE,2026-04-22T14:30:00,F3,EXIT_INITSL,-705886.88
S7-TPNONE,2026-04-22T15:30:00,F1,EXIT_INITSL,-605494.07
S7-TPNONE,2026-04-22T15:30:00,F2,EXIT_INITSL,-605494.07
S7-TPNONE,2026-04-22T15:30:00,F3,EXIT_INITSL,-605494.07
S7-TPNONE,2026-04-22T20:15:00,F1,EXIT_TRAIL,-2674213.21
S7-TPNONE,2026-04-22T20:15:00,F2,EXIT_TRAIL,-2674213.21
S7-TPNONE,2026-04-22T20:15:00,F3,EXIT_TRAIL,-2674213.21
S7-TPNONE,2026-04-22T20:30:00,F1,EXIT_INITSL,-257884.01
S7-TPNONE,2026-04-22T20:30:00,F2,EXIT_INITSL,-257884.01
S7-TPNONE,2026-04-22T20:30:00,F3,EXIT_INITSL,-257884.01
S7-TPNONE,2026-04-22T22:00:00,F1,EXIT_INITSL,1065418.59
S7-TPNONE,2026-04-22T22:00:00,F2,EXIT_INITSL,1065418.59
S7-TPNONE,2026-04-22T22:00:00,F3,EXIT_INITSL,1065418.59
S7-TPNONE,2026-04-23T02:00:00,F1,EXIT_INITSL,-388394.65
S7-TPNONE,2026-04-23T02:00:00,F2,EXIT_INITSL,-388394.65
S7-TPNONE,2026-04-23T02:00:00,F3,EXIT_INITSL,-388394.65
S7-TPNONE,2026-04-23T20:30:00,F1,EXIT_INITSL,-603611.71
S7-TPNONE,2026-04-23T20:30:00,F2,EXIT_INITSL,-603611.71
S7-TPNONE,2026-04-23T20:30:00,F3,EXIT_INITSL,-603611.71
S7-TPNONE,2026-04-23T21:45:00,F1,EXIT_INITSL,1159536.84
S7-TPNONE,2026-04-23T21:45:00,F2,EXIT_INITSL,1159536.84
S7-TPNONE,2026-04-23T21:45:00,F3,EXIT_INITSL,1159536.84
S7-TPNONE,2026-04-24T02:30:00,F1,EXIT_INITSL,-552160.4
S7-TPNONE,2026-04-24T02:30:00,F2,EXIT_INITSL,-552160.4
S7-TPNONE,2026-04-24T02:30:00,F3,EXIT_INITSL,-552160.4
S7-TPNONE,2026-04-26T18:30:00,F1,EXIT_INITSL,237805.44
S7-TPNONE,2026-04-26T18:30:00,F2,EXIT_INITSL,237805.44
S7-TPNONE,2026-04-26T18:30:00,F3,EXIT_INITSL,237805.44
S7-TPNONE,2026-04-27T22:00:00,F1,EXIT_TRAIL,-444238.14
S7-TPNONE,2026-04-27T22:00:00,F2,EXIT_TRAIL,-444238.14
S7-TPNONE,2026-04-27T22:00:00,F3,EXIT_TRAIL,-444238.14
S7-TPNONE,2026-04-27T23:45:00,F1,EXIT_INITSL,901025.38
S7-TPNONE,2026-04-27T23:45:00,F2,EXIT_INITSL,901025.38
S7-TPNONE,2026-04-27T23:45:00,F3,EXIT_INITSL,901025.38
S7-TPNONE,2026-04-28T01:45:00,F1,EXIT_INITSL,-727220.35
S7-TPNONE,2026-04-28T01:45:00,F2,EXIT_INITSL,-727220.35
S7-TPNONE,2026-04-28T01:45:00,F3,EXIT_INITSL,-727220.35
S7-TPNONE,2026-04-28T20:15:00,F1,EXIT_INITSL,-664474.85
S7-TPNONE,2026-04-28T20:15:00,F2,EXIT_INITSL,-664474.85
S7-TPNONE,2026-04-28T20:15:00,F3,EXIT_INITSL,-664474.85
S7-TPNONE,2026-04-28T21:15:00,F1,EXIT_INITSL,-575376.24
S7-TPNONE,2026-04-28T21:15:00,F2,EXIT_INITSL,-575376.24
S7-TPNONE,2026-04-28T21:15:00,F3,EXIT_INITSL,-575376.24
S7-TPNONE,2026-04-28T22:00:00,F1,EXIT_TRAIL,-1045340.03
S7-TPNONE,2026-04-28T22:00:00,F2,EXIT_TRAIL,-1045340.03
S7-TPNONE,2026-04-28T22:00:00,F3,EXIT_TRAIL,-1045340.03
S7-TPNONE,2026-04-29T00:15:00,F1,EXIT_INITSL,-284237.11
S7-TPNONE,2026-04-29T00:15:00,F2,EXIT_INITSL,-284237.11
S7-TPNONE,2026-04-29T00:15:00,F3,EXIT_INITSL,-284237.11
S7-TPNONE,2026-04-29T02:15:00,F1,EXIT_INITSL,1180242.86
S7-TPNONE,2026-04-29T02:15:00,F2,EXIT_INITSL,1180242.86
S7-TPNONE,2026-04-29T02:15:00,F3,EXIT_INITSL,1180242.86
S7-TPNONE,2026-04-29T22:45:00,F1,EXIT_INITSL,592944.97
S7-TPNONE,2026-04-29T22:45:00,F2,EXIT_INITSL,592944.97
S7-TPNONE,2026-04-29T22:45:00,F3,EXIT_INITSL,592944.97
S7-TPNONE,2026-04-30T01:45:00,F1,EXIT_INITSL,3052568.58
S7-TPNONE,2026-04-30T01:45:00,F2,EXIT_INITSL,3052568.58
S7-TPNONE,2026-04-30T01:45:00,F3,EXIT_INITSL,3052568.58
S7-TPNONE,2026-04-30T22:15:00,F1,EXIT_INITSL,-350119.89
S7-TPNONE,2026-04-30T22:15:00,F2,EXIT_INITSL,-350119.89
S7-TPNONE,2026-04-30T22:15:00,F3,EXIT_INITSL,-350119.89
S7-TPNONE,2026-05-01T01:45:00,F1,EXIT_INITSL,2413819.38
S7-TPNONE,2026-05-01T01:45:00,F2,EXIT_INITSL,2413819.38
S7-TPNONE,2026-05-01T01:45:00,F3,EXIT_INITSL,2413819.38
S7-TPNONE,2026-05-03T18:45:00,F1,EXIT_INITSL,-847064.25
S7-TPNONE,2026-05-03T18:45:00,F2,EXIT_INITSL,-847064.25
S7-TPNONE,2026-05-03T18:45:00,F3,EXIT_INITSL,-847064.25
S7-TPNONE,2026-05-03T19:15:00,F1,EXIT_INITSL,508866.01
S7-TPNONE,2026-05-03T19:15:00,F2,EXIT_INITSL,508866.01
S7-TPNONE,2026-05-03T19:15:00,F3,EXIT_INITSL,508866.01
S7-TPNONE,2026-05-03T22:00:00,F1,EXIT_INITSL,-640631.56
S7-TPNONE,2026-05-03T22:00:00,F2,EXIT_INITSL,-640631.56
S7-TPNONE,2026-05-03T22:00:00,F3,EXIT_INITSL,-640631.56
S7-TPNONE,2026-05-03T23:15:00,F1,EXIT_INITSL,-448002.87
S7-TPNONE,2026-05-03T23:15:00,F2,EXIT_INITSL,-448002.87
S7-TPNONE,2026-05-03T23:15:00,F3,EXIT_INITSL,-448002.87
S7-TPNONE,2026-05-04T19:45:00,F1,EXIT_INITSL,-569101.68
S7-TPNONE,2026-05-04T19:45:00,F2,EXIT_INITSL,-569101.68
S7-TPNONE,2026-05-04T19:45:00,F3,EXIT_INITSL,-569101.68
S7-TPNONE,2026-05-05T01:15:00,F1,EXIT_INITSL,35764.93
S7-TPNONE,2026-05-05T01:15:00,F2,EXIT_INITSL,35764.93
S7-TPNONE,2026-05-05T01:15:00,F3,EXIT_INITSL,35764.93
S7-TPNONE,2026-05-05T02:45:00,F1,EXIT_INITSL,-11921.64
S7-TPNONE,2026-05-05T02:45:00,F2,EXIT_INITSL,-11921.64
S7-TPNONE,2026-05-05T02:45:00,F3,EXIT_INITSL,-11921.64
S7-TPNONE,2026-05-05T19:00:00,F1,EXIT_INITSL,5238621.79
S7-TPNONE,2026-05-05T19:00:00,F2,EXIT_INITSL,5238621.79
S7-TPNONE,2026-05-05T19:00:00,F3,EXIT_INITSL,5238621.79
S7-TPNONE,2026-05-06T17:00:00,F1,EXIT_INITSL,-254119.28
S7-TPNONE,2026-05-06T17:00:00,F2,EXIT_INITSL,-254119.28
S7-TPNONE,2026-05-06T17:00:00,F3,EXIT_INITSL,-254119.28
S7-TPNONE,2026-05-06T21:15:00,F1,EXIT_INITSL,-432316.5
S7-TPNONE,2026-05-06T21:15:00,F2,EXIT_INITSL,-432316.5
S7-TPNONE,2026-05-06T21:15:00,F3,EXIT_INITSL,-432316.5
S7-TPNONE,2026-05-07T01:45:00,F1,EXIT_INITSL,2013503.1
S7-TPNONE,2026-05-07T01:45:00,F2,EXIT_INITSL,2013503.1
S7-TPNONE,2026-05-07T01:45:00,F3,EXIT_INITSL,2013503.1
S7-TPNONE,2026-05-07T21:15:00,F1,EXIT_INITSL,135530.28
S7-TPNONE,2026-05-07T21:15:00,F2,EXIT_INITSL,135530.28
S7-TPNONE,2026-05-07T21:15:00,F3,EXIT_INITSL,135530.28
S7-TPNONE,2026-05-08T02:30:00,F1,EXIT_INITSL,-925496.12
S7-TPNONE,2026-05-08T02:30:00,F2,EXIT_INITSL,-925496.12
S7-TPNONE,2026-05-08T02:30:00,F3,EXIT_INITSL,-925496.12
S7-TPNONE,2026-05-10T21:00:00,F1,EXIT_TRAIL,-577258.6
S7-TPNONE,2026-05-10T21:00:00,F2,EXIT_TRAIL,-577258.6
S7-TPNONE,2026-05-10T21:00:00,F3,EXIT_TRAIL,-577258.6
S7-TPNONE,2026-05-10T21:30:00,F1,EXIT_INITSL,-896005.74
S7-TPNONE,2026-05-10T21:30:00,F2,EXIT_INITSL,-896005.74
S7-TPNONE,2026-05-10T21:30:00,F3,EXIT_INITSL,-896005.74
S7-TPNONE,2026-05-10T22:00:00,F1,EXIT_INITSL,-596709.71
S7-TPNONE,2026-05-10T22:00:00,F2,EXIT_INITSL,-596709.71
S7-TPNONE,2026-05-10T22:00:00,F3,EXIT_INITSL,-596709.71
S7-TPNONE,2026-05-10T23:00:00,F1,EXIT_INITSL,1114360.08
S7-TPNONE,2026-05-10T23:00:00,F2,EXIT_INITSL,1114360.08
S7-TPNONE,2026-05-10T23:00:00,F3,EXIT_INITSL,1114360.08
S7-TPNONE,2026-05-11T21:30:00,F1,EXIT_INITSL,868397.72
S7-TPNONE,2026-05-11T21:30:00,F2,EXIT_INITSL,868397.72
S7-TPNONE,2026-05-11T21:30:00,F3,EXIT_INITSL,868397.72
S7-TPNONE,2026-05-12T02:00:00,F1,EXIT_INITSL,842672.06
S7-TPNONE,2026-05-12T02:00:00,F2,EXIT_INITSL,842672.06
S7-TPNONE,2026-05-12T02:00:00,F3,EXIT_INITSL,842672.06
S7-TPNONE,2026-05-13T01:45:00,F1,EXIT_INITSL,-680161.22
S7-TPNONE,2026-05-13T01:45:00,F2,EXIT_INITSL,-680161.22
S7-TPNONE,2026-05-13T01:45:00,F3,EXIT_INITSL,-680161.22
S7-TPNONE,2026-05-13T21:00:00,F1,EXIT_TRAIL,-1035928.21
S7-TPNONE,2026-05-13T21:00:00,F2,EXIT_TRAIL,-1035928.21
S7-TPNONE,2026-05-13T21:00:00,F3,EXIT_TRAIL,-1035928.21
S7-TPNONE,2026-05-13T21:45:00,F1,EXIT_INITSL,-426669.4
S7-TPNONE,2026-05-13T21:45:00,F2,EXIT_INITSL,-426669.4
S7-TPNONE,2026-05-13T21:45:00,F3,EXIT_INITSL,-426669.4
S7-TPNONE,2026-05-13T23:00:00,F1,EXIT_INITSL,228393.62
S7-TPNONE,2026-05-13T23:00:00,F2,EXIT_INITSL,228393.62
S7-TPNONE,2026-05-13T23:00:00,F3,EXIT_INITSL,228393.62
S7-TPNONE,2026-05-14T00:30:00,F1,EXIT_INITSL,-284864.57
S7-TPNONE,2026-05-14T00:30:00,F2,EXIT_INITSL,-284864.57
S7-TPNONE,2026-05-14T00:30:00,F3,EXIT_INITSL,-284864.57
S7-TPNONE,2026-05-14T02:45:00,F1,EXIT_INITSL,287374.39
S7-TPNONE,2026-05-14T02:45:00,F2,EXIT_INITSL,287374.39
S7-TPNONE,2026-05-14T02:45:00,F3,EXIT_INITSL,287374.39
S7-TPNONE,2026-05-14T19:45:00,F1,EXIT_INITSL,166903.03
S7-TPNONE,2026-05-14T19:45:00,F2,EXIT_INITSL,166903.03
S7-TPNONE,2026-05-14T19:45:00,F3,EXIT_INITSL,166903.03
S7-TPNONE,2026-05-14T20:30:00,F1,EXIT_INITSL,84706.43
S7-TPNONE,2026-05-14T20:30:00,F2,EXIT_INITSL,84706.43
S7-TPNONE,2026-05-14T20:30:00,F3,EXIT_INITSL,84706.43
S7-TPNONE,2026-05-15T00:30:00,F1,EXIT_INITSL,2208014.14
S7-TPNONE,2026-05-15T00:30:00,F2,EXIT_INITSL,2208014.14
S7-TPNONE,2026-05-15T00:30:00,F3,EXIT_INITSL,2208014.14
S7-TPNONE,2026-05-17T19:15:00,F1,EXIT_INITSL,2556879.12
S7-TPNONE,2026-05-17T19:15:00,F2,EXIT_INITSL,2556879.12
S7-TPNONE,2026-05-17T19:15:00,F3,EXIT_INITSL,2556879.12
S7-TPNONE,2026-05-17T21:15:00,F1,EXIT_INITSL,-1308243.68
S7-TPNONE,2026-05-17T21:15:00,F2,EXIT_INITSL,-1308243.68
S7-TPNONE,2026-05-17T21:15:00,F3,EXIT_INITSL,-1308243.68
S7-TPNONE,2026-05-17T23:45:00,F1,EXIT_INITSL,-939300.14
S7-TPNONE,2026-05-17T23:45:00,F2,EXIT_INITSL,-939300.14
S7-TPNONE,2026-05-17T23:45:00,F3,EXIT_INITSL,-939300.14
S7-TPNONE,2026-05-18T02:00:00,F1,EXIT_INITSL,-1167066.3
S7-TPNONE,2026-05-18T02:00:00,F2,EXIT_INITSL,-1167066.3
S7-TPNONE,2026-05-18T02:00:00,F3,EXIT_INITSL,-1167066.3
S7-TPNONE,2026-05-18T21:45:00,F1,EXIT_INITSL,-930515.76
S7-TPNONE,2026-05-18T21:45:00,F2,EXIT_INITSL,-930515.76
S7-TPNONE,2026-05-18T21:45:00,F3,EXIT_INITSL,-930515.76
S7-TPNONE,2026-05-19T21:30:00,F1,EXIT_INITSL,42039.49
S7-TPNONE,2026-05-19T21:30:00,F2,EXIT_INITSL,42039.49
S7-TPNONE,2026-05-19T21:30:00,F3,EXIT_INITSL,42039.49
S7-TPNONE,2026-05-19T22:15:00,F1,EXIT_INITSL,688318.14
S7-TPNONE,2026-05-19T22:15:00,F2,EXIT_INITSL,688318.14
S7-TPNONE,2026-05-19T22:15:00,F3,EXIT_INITSL,688318.14
S7-TPNONE,2026-05-20T02:45:00,F1,EXIT_INITSL,-897888.1
S7-TPNONE,2026-05-20T02:45:00,F2,EXIT_INITSL,-897888.1
S7-TPNONE,2026-05-20T02:45:00,F3,EXIT_INITSL,-897888.1
S7-TPNONE,2026-05-20T18:45:00,F1,EXIT_INITSL,-259138.92
S7-TPNONE,2026-05-20T18:45:00,F2,EXIT_INITSL,-259138.92
S7-TPNONE,2026-05-20T18:45:00,F3,EXIT_INITSL,-259138.92
S7-TPNONE,2026-05-20T21:00:00,F1,EXIT_INITSL,766750.01
S7-TPNONE,2026-05-20T21:00:00,F2,EXIT_INITSL,766750.01
S7-TPNONE,2026-05-20T21:00:00,F3,EXIT_INITSL,766750.01
S7-TPNONE,2026-05-20T22:30:00,F1,EXIT_INITSL,14431.47
S7-TPNONE,2026-05-20T22:30:00,F2,EXIT_INITSL,14431.47
S7-TPNONE,2026-05-20T22:30:00,F3,EXIT_INITSL,14431.47
S7-TPNONE,2026-05-21T20:45:00,F1,EXIT_TRAIL,-752946.0
S7-TPNONE,2026-05-21T20:45:00,F2,EXIT_TRAIL,-752946.0
S7-TPNONE,2026-05-21T20:45:00,F3,EXIT_TRAIL,-752946.0
S7-TPNONE,2026-05-21T22:30:00,F1,EXIT_INITSL,-264786.01
S7-TPNONE,2026-05-21T22:30:00,F2,EXIT_INITSL,-264786.01
S7-TPNONE,2026-05-21T22:30:00,F3,EXIT_INITSL,-264786.01
S7-TPNONE,2026-05-22T01:00:00,F1,EXIT_INITSL,-346982.62
S7-TPNONE,2026-05-22T01:00:00,F2,EXIT_INITSL,-346982.62
S7-TPNONE,2026-05-22T01:00:00,F3,EXIT_INITSL,-346982.62
S7-TPNONE,2026-05-22T02:00:00,F1,EXIT_INITSL,-707141.79
S7-TPNONE,2026-05-22T02:00:00,F2,EXIT_INITSL,-707141.79
S7-TPNONE,2026-05-22T02:00:00,F3,EXIT_INITSL,-707141.79
S7-TPNONE,2026-05-25T00:30:00,F1,EXIT_INITSL,-626200.09
S7-TPNONE,2026-05-25T00:30:00,F2,EXIT_INITSL,-626200.09
S7-TPNONE,2026-05-25T00:30:00,F3,EXIT_INITSL,-626200.09
S7-TPNONE,2026-05-25T18:45:00,F1,EXIT_INITSL,-181961.95
S7-TPNONE,2026-05-25T18:45:00,F2,EXIT_INITSL,-181961.95
S7-TPNONE,2026-05-25T18:45:00,F3,EXIT_INITSL,-181961.95
S7-TPNONE,2026-05-26T00:30:00,F1,EXIT_INITSL,-1882.36
S7-TPNONE,2026-05-26T00:30:00,F2,EXIT_INITSL,-1882.36
S7-TPNONE,2026-05-26T00:30:00,F3,EXIT_INITSL,-1882.36
S7-TPNONE,2026-05-26T03:00:00,F1,EXIT_INITSL,-52078.76
S7-TPNONE,2026-05-26T03:00:00,F2,EXIT_INITSL,-52078.76
S7-TPNONE,2026-05-26T03:00:00,F3,EXIT_INITSL,-52078.76
S7-TPNONE,2026-05-26T19:00:00,F1,EXIT_INITSL,206432.69
S7-TPNONE,2026-05-26T19:00:00,F2,EXIT_INITSL,206432.69
S7-TPNONE,2026-05-26T19:00:00,F3,EXIT_INITSL,206432.69
S7-TPNONE,2026-05-26T21:45:00,F1,EXIT_INITSL,-3764.73
S7-TPNONE,2026-05-26T21:45:00,F2,EXIT_INITSL,-3764.73
S7-TPNONE,2026-05-26T21:45:00,F3,EXIT_INITSL,-3764.73
S7-TPNONE,2026-05-26T23:45:00,F1,EXIT_INITSL,-166903.03
S7-TPNONE,2026-05-26T23:45:00,F2,EXIT_INITSL,-166903.03
S7-TPNONE,2026-05-26T23:45:00,F3,EXIT_INITSL,-166903.03
S7-TPNONE,2026-05-27T01:45:00,F1,EXIT_INITSL,333806.06
S7-TPNONE,2026-05-27T01:45:00,F2,EXIT_INITSL,333806.06
S7-TPNONE,2026-05-27T01:45:00,F3,EXIT_INITSL,333806.06
S7-TPNONE,2026-05-27T20:45:00,F1,EXIT_INITSL,-335688.43
S7-TPNONE,2026-05-27T20:45:00,F2,EXIT_INITSL,-335688.43
S7-TPNONE,2026-05-27T20:45:00,F3,EXIT_INITSL,-335688.43
S7-TPNONE,2026-05-27T21:15:00,F1,EXIT_INITSL,3550140.39
S7-TPNONE,2026-05-27T21:15:00,F2,EXIT_INITSL,3550140.39
S7-TPNONE,2026-05-27T21:15:00,F3,EXIT_INITSL,3550140.39
S7-TPNONE,2026-05-28T20:00:00,F1,EXIT_TRAIL,608631.35
S7-TPNONE,2026-05-28T20:00:00,F2,EXIT_TRAIL,608631.35
S7-TPNONE,2026-05-28T20:00:00,F3,EXIT_TRAIL,608631.35
S7-TPNONE,2026-05-28T21:45:00,F1,EXIT_INITSL,-462434.33
S7-TPNONE,2026-05-28T21:45:00,F2,EXIT_INITSL,-462434.33
S7-TPNONE,2026-05-28T21:45:00,F3,EXIT_INITSL,-462434.33
S7-TPNONE,2026-05-29T00:00:00,F1,EXIT_INITSL,254746.73
S7-TPNONE,2026-05-29T00:00:00,F2,EXIT_INITSL,254746.73
S7-TPNONE,2026-05-29T00:00:00,F3,EXIT_INITSL,254746.73
S7-TPNONE,2026-05-29T02:30:00,F1,EXIT_INITSL,-306825.5
S7-TPNONE,2026-05-29T02:30:00,F2,EXIT_INITSL,-306825.5
S7-TPNONE,2026-05-29T02:30:00,F3,EXIT_INITSL,-306825.5
S7-TPNONE,2026-05-31T19:00:00,F1,EXIT_INITSL,976319.98
S7-TPNONE,2026-05-31T19:00:00,F2,EXIT_INITSL,976319.98
S7-TPNONE,2026-05-31T19:00:00,F3,EXIT_INITSL,976319.98
S7-TPNONE,2026-06-01T02:45:00,F1,EXIT_INITSL,156863.75
S7-TPNONE,2026-06-01T02:45:00,F2,EXIT_INITSL,156863.75
S7-TPNONE,2026-06-01T02:45:00,F3,EXIT_INITSL,156863.75
S7-TPNONE,2026-06-01T18:15:00,F1,EXIT_INITSL,-357649.35
S7-TPNONE,2026-06-01T18:15:00,F2,EXIT_INITSL,-357649.35
S7-TPNONE,2026-06-01T18:15:00,F3,EXIT_INITSL,-357649.35
S7-TPNONE,2026-06-01T20:30:00,F1,EXIT_INITSL,-481257.99
S7-TPNONE,2026-06-01T20:30:00,F2,EXIT_INITSL,-481257.99
S7-TPNONE,2026-06-01T20:30:00,F3,EXIT_INITSL,-481257.99
S7-TPNONE,2026-06-01T21:15:00,F1,EXIT_INITSL,-633729.55
S7-TPNONE,2026-06-01T21:15:00,F2,EXIT_INITSL,-633729.55
S7-TPNONE,2026-06-01T21:15:00,F3,EXIT_INITSL,-633729.55
S7-TPNONE,2026-06-01T23:30:00,F1,EXIT_INITSL,1301341.67
S7-TPNONE,2026-06-01T23:30:00,F2,EXIT_INITSL,1301341.67
S7-TPNONE,2026-06-01T23:30:00,F3,EXIT_INITSL,1301341.67
S7-TPNONE,2026-06-02T02:30:00,F1,EXIT_INITSL,-254746.73
S7-TPNONE,2026-06-02T02:30:00,F2,EXIT_INITSL,-254746.73
S7-TPNONE,2026-06-02T02:30:00,F3,EXIT_INITSL,-254746.73
S7-TPNONE,2026-06-02T20:45:00,F1,EXIT_INITSL,-794985.48
S7-TPNONE,2026-06-02T20:45:00,F2,EXIT_INITSL,-794985.48
S7-TPNONE,2026-06-02T20:45:00,F3,EXIT_INITSL,-794985.48
S7-TPNONE,2026-06-02T21:15:00,F1,EXIT_INITSL,-339453.15
S7-TPNONE,2026-06-02T21:15:00,F2,EXIT_INITSL,-339453.15
S7-TPNONE,2026-06-02T21:15:00,F3,EXIT_INITSL,-339453.15
S7-TPNONE,2026-06-03T19:00:00,F1,EXIT_INITSL,228393.62
S7-TPNONE,2026-06-03T19:00:00,F2,EXIT_INITSL,228393.62
S7-TPNONE,2026-06-03T19:00:00,F3,EXIT_INITSL,228393.62
S7-TPNONE,2026-06-03T22:00:00,F1,EXIT_INITSL,-207060.15
S7-TPNONE,2026-06-03T22:00:00,F2,EXIT_INITSL,-207060.15
S7-TPNONE,2026-06-03T22:00:00,F3,EXIT_INITSL,-207060.15
S7-TPNONE,2026-06-04T19:00:00,F1,EXIT_INITSL,-222119.07
S7-TPNONE,2026-06-04T19:00:00,F2,EXIT_INITSL,-222119.07
S7-TPNONE,2026-06-04T19:00:00,F3,EXIT_INITSL,-222119.07
S7-TPNONE,2026-06-04T19:30:00,F1,EXIT_INITSL,552787.85
S7-TPNONE,2026-06-04T19:30:00,F2,EXIT_INITSL,552787.85
S7-TPNONE,2026-06-04T19:30:00,F3,EXIT_INITSL,552787.85
S7-TPNONE,2026-06-04T21:00:00,F1,EXIT_INITSL,-314982.41
S7-TPNONE,2026-06-04T21:00:00,F2,EXIT_INITSL,-314982.41
S7-TPNONE,2026-06-04T21:00:00,F3,EXIT_INITSL,-314982.41
S7-TPNONE,2026-06-04T22:45:00,F1,EXIT_INITSL,-242825.08
S7-TPNONE,2026-06-04T22:45:00,F2,EXIT_INITSL,-242825.08
S7-TPNONE,2026-06-04T22:45:00,F3,EXIT_INITSL,-242825.08
S7-TPNONE,2026-06-05T01:45:00,F1,EXIT_TRAIL,39529.67
S7-TPNONE,2026-06-05T01:45:00,F2,EXIT_TRAIL,39529.67
S7-TPNONE,2026-06-05T01:45:00,F3,EXIT_TRAIL,39529.67
S7-TPNONE,2026-06-07T18:30:00,F1,EXIT_INITSL,-1022124.19
S7-TPNONE,2026-06-07T18:30:00,F2,EXIT_INITSL,-1022124.19
S7-TPNONE,2026-06-07T18:30:00,F3,EXIT_INITSL,-1022124.19
S7-TPNONE,2026-06-07T19:15:00,F1,EXIT_INITSL,368316.08
S7-TPNONE,2026-06-07T19:15:00,F2,EXIT_INITSL,368316.08
S7-TPNONE,2026-06-07T19:15:00,F3,EXIT_INITSL,368316.08
S7-TPNONE,2026-06-07T21:15:00,F1,EXIT_TRAIL,18823.65
S7-TPNONE,2026-06-07T21:15:00,F2,EXIT_TRAIL,18823.65
S7-TPNONE,2026-06-07T21:15:00,F3,EXIT_TRAIL,18823.65
S7-TPNONE,2026-06-08T01:15:00,F1,EXIT_TRAIL,1012084.92
S7-TPNONE,2026-06-08T01:15:00,F2,EXIT_TRAIL,1012084.92
S7-TPNONE,2026-06-08T01:15:00,F3,EXIT_TRAIL,1012084.92
S7-TPNONE,2026-06-08T01:45:00,F1,EXIT_INITSL,-1021496.74
S7-TPNONE,2026-06-08T01:45:00,F2,EXIT_INITSL,-1021496.74
S7-TPNONE,2026-06-08T01:45:00,F3,EXIT_INITSL,-1021496.74
S7-TPNONE,2026-06-08T20:30:00,F1,EXIT_INITSL,-520160.19
S7-TPNONE,2026-06-08T20:30:00,F2,EXIT_INITSL,-520160.19
S7-TPNONE,2026-06-08T20:30:00,F3,EXIT_INITSL,-520160.19
S7-TPNONE,2026-06-08T23:45:00,F1,EXIT_INITSL,-453649.97
S7-TPNONE,2026-06-08T23:45:00,F2,EXIT_INITSL,-453649.97
S7-TPNONE,2026-06-08T23:45:00,F3,EXIT_INITSL,-453649.97
S7-TPNONE,2026-06-09T01:30:00,F1,EXIT_INITSL,426669.4
S7-TPNONE,2026-06-09T01:30:00,F2,EXIT_INITSL,426669.4
S7-TPNONE,2026-06-09T01:30:00,F3,EXIT_INITSL,426669.4
S7-TPNONE,2026-06-09T21:15:00,F1,EXIT_INITSL,956868.88
S7-TPNONE,2026-06-09T21:15:00,F2,EXIT_INITSL,956868.88
S7-TPNONE,2026-06-09T21:15:00,F3,EXIT_INITSL,956868.88
S7-TPNONE,2026-06-10T01:45:00,F1,EXIT_INITSL,414120.3
S7-TPNONE,2026-06-10T01:45:00,F2,EXIT_INITSL,414120.3
S7-TPNONE,2026-06-10T01:45:00,F3,EXIT_INITSL,414120.3
S7-TPNONE,2026-06-10T19:00:00,F1,EXIT_INITSL,-43921.85
S7-TPNONE,2026-06-10T19:00:00,F2,EXIT_INITSL,-43921.85
S7-TPNONE,2026-06-10T19:00:00,F3,EXIT_INITSL,-43921.85
S7-TPNONE,2026-06-10T21:15:00,F1,EXIT_INITSL,257256.55
S7-TPNONE,2026-06-10T21:15:00,F2,EXIT_INITSL,257256.55
S7-TPNONE,2026-06-10T21:15:00,F3,EXIT_INITSL,257256.55
S7-TPNONE,2026-06-10T22:45:00,F1,EXIT_INITSL,-1133183.73
S7-TPNONE,2026-06-10T22:45:00,F2,EXIT_INITSL,-1133183.73
S7-TPNONE,2026-06-10T22:45:00,F3,EXIT_INITSL,-1133183.73
S7-TPNONE,2026-06-11T00:15:00,F1,EXIT_INITSL,53333.67
S7-TPNONE,2026-06-11T00:15:00,F2,EXIT_INITSL,53333.67
S7-TPNONE,2026-06-11T00:15:00,F3,EXIT_INITSL,53333.67
S7-TPNONE,2026-06-11T02:45:00,F1,EXIT_INITSL,45176.76
S7-TPNONE,2026-06-11T02:45:00,F2,EXIT_INITSL,45176.76
S7-TPNONE,2026-06-11T02:45:00,F3,EXIT_INITSL,45176.76
S7-TPNONE,2026-06-11T21:15:00,F1,EXIT_INITSL,-522042.56
S7-TPNONE,2026-06-11T21:15:00,F2,EXIT_INITSL,-522042.56
S7-TPNONE,2026-06-11T21:15:00,F3,EXIT_INITSL,-522042.56
S7-TPNONE,2026-06-12T00:30:00,F1,EXIT_INITSL,421022.31
S7-TPNONE,2026-06-12T00:30:00,F2,EXIT_INITSL,421022.31
S7-TPNONE,2026-06-12T00:30:00,F3,EXIT_INITSL,421022.31
S7-TPNONE,2026-06-15T00:30:00,F1,EXIT_INITSL,-475610.89
S7-TPNONE,2026-06-15T00:30:00,F2,EXIT_INITSL,-475610.89
S7-TPNONE,2026-06-15T00:30:00,F3,EXIT_INITSL,-475610.89
S7-TPNONE,2026-06-15T20:30:00,F1,EXIT_INITSL,-557807.5
S7-TPNONE,2026-06-15T20:30:00,F2,EXIT_INITSL,-557807.5
S7-TPNONE,2026-06-15T20:30:00,F3,EXIT_INITSL,-557807.5
S7-TPNONE,2026-06-15T22:45:00,F1,EXIT_INITSL,-581650.78
S7-TPNONE,2026-06-15T22:45:00,F2,EXIT_INITSL,-581650.78
S7-TPNONE,2026-06-15T22:45:00,F3,EXIT_INITSL,-581650.78
S7-TPNONE,2026-06-15T23:30:00,F1,EXIT_INITSL,48314.03
S7-TPNONE,2026-06-15T23:30:00,F2,EXIT_INITSL,48314.03
S7-TPNONE,2026-06-15T23:30:00,F3,EXIT_INITSL,48314.03
S7-TPNONE,2026-06-16T03:00:00,F1,EXIT_INITSL,872162.45
S7-TPNONE,2026-06-16T03:00:00,F2,EXIT_INITSL,872162.45
S7-TPNONE,2026-06-16T03:00:00,F3,EXIT_INITSL,872162.45
S7-TPNONE,2026-06-16T19:00:00,F1,EXIT_INITSL,-308080.4
S7-TPNONE,2026-06-16T19:00:00,F2,EXIT_INITSL,-308080.4
S7-TPNONE,2026-06-16T19:00:00,F3,EXIT_INITSL,-308080.4
S7-TPNONE,2026-06-16T21:15:00,F1,EXIT_INITSL,-613023.54
S7-TPNONE,2026-06-16T21:15:00,F2,EXIT_INITSL,-613023.54
S7-TPNONE,2026-06-16T21:15:00,F3,EXIT_INITSL,-613023.54
S7-TPNONE,2026-06-16T22:00:00,F1,EXIT_INITSL,-372080.81
S7-TPNONE,2026-06-16T22:00:00,F2,EXIT_INITSL,-372080.81
S7-TPNONE,2026-06-16T22:00:00,F3,EXIT_INITSL,-372080.81
S7-TPNONE,2026-06-17T00:30:00,F1,EXIT_INITSL,-138040.1
S7-TPNONE,2026-06-17T00:30:00,F2,EXIT_INITSL,-138040.1
S7-TPNONE,2026-06-17T00:30:00,F3,EXIT_INITSL,-138040.1
S7-TPNONE,2026-06-17T01:15:00,F1,EXIT_INITSL,-475610.89
S7-TPNONE,2026-06-17T01:15:00,F2,EXIT_INITSL,-475610.89
S7-TPNONE,2026-06-17T01:15:00,F3,EXIT_INITSL,-475610.89
S7-TPNONE,2026-06-17T19:15:00,F1,EXIT_INITSL,1780089.83
S7-TPNONE,2026-06-17T19:15:00,F2,EXIT_INITSL,1780089.83
S7-TPNONE,2026-06-17T19:15:00,F3,EXIT_INITSL,1780089.83
S7-TPNONE,2026-06-18T00:45:00,F1,EXIT_INITSL,-926123.58
S7-TPNONE,2026-06-18T00:45:00,F2,EXIT_INITSL,-926123.58
S7-TPNONE,2026-06-18T00:45:00,F3,EXIT_INITSL,-926123.58
S7-TPNONE,2026-06-18T01:45:00,F1,EXIT_INITSL,3580885.69
S7-TPNONE,2026-06-18T01:45:00,F2,EXIT_INITSL,3580885.69
S7-TPNONE,2026-06-18T01:45:00,F3,EXIT_INITSL,3580885.69
S7-TPNONE,2026-06-18T18:15:00,F1,EXIT_INITSL,4594852.96
S7-TPNONE,2026-06-18T18:15:00,F2,EXIT_INITSL,4594852.96
S7-TPNONE,2026-06-18T18:15:00,F3,EXIT_INITSL,4594852.96
S7-TPNONE,2026-06-21T19:45:00,F1,EXIT_INITSL,-268550.74
S7-TPNONE,2026-06-21T19:45:00,F2,EXIT_INITSL,-268550.74
S7-TPNONE,2026-06-21T19:45:00,F3,EXIT_INITSL,-268550.74
S7-TPNONE,2026-06-22T01:00:00,F1,EXIT_INITSL,821966.05
S7-TPNONE,2026-06-22T01:00:00,F2,EXIT_INITSL,821966.05
S7-TPNONE,2026-06-22T01:00:00,F3,EXIT_INITSL,821966.05
S7-TPNONE,2026-06-22T19:45:00,F1,EXIT_INITSL,-512630.74
S7-TPNONE,2026-06-22T19:45:00,F2,EXIT_INITSL,-512630.74
S7-TPNONE,2026-06-22T19:45:00,F3,EXIT_INITSL,-512630.74
S7-TPNONE,2026-06-22T20:45:00,F1,EXIT_INITSL,-508866.0
S7-TPNONE,2026-06-22T20:45:00,F2,EXIT_INITSL,-508866.0
S7-TPNONE,2026-06-22T20:45:00,F3,EXIT_INITSL,-508866.0
S7-TPNONE,2026-06-23T01:00:00,F1,EXIT_INITSL,-816318.96
S7-TPNONE,2026-06-23T01:00:00,F2,EXIT_INITSL,-816318.96
S7-TPNONE,2026-06-23T01:00:00,F3,EXIT_INITSL,-816318.96
S7-TPNONE,2026-06-23T21:15:00,F1,EXIT_INITSL,-641886.46
S7-TPNONE,2026-06-23T21:15:00,F2,EXIT_INITSL,-641886.46
S7-TPNONE,2026-06-23T21:15:00,F3,EXIT_INITSL,-641886.46
S7-TPNONE,2026-06-23T22:15:00,F1,EXIT_INITSL,722200.71
S7-TPNONE,2026-06-23T22:15:00,F2,EXIT_INITSL,722200.71
S7-TPNONE,2026-06-23T22:15:00,F3,EXIT_INITSL,722200.71
S7-TPNONE,2026-06-24T02:15:00,F1,EXIT_INITSL,-933025.58
S7-TPNONE,2026-06-24T02:15:00,F2,EXIT_INITSL,-933025.58
S7-TPNONE,2026-06-24T02:15:00,F3,EXIT_INITSL,-933025.58
S7-TPNONE,2026-06-24T19:00:00,F1,EXIT_INITSL,-645023.74
S7-TPNONE,2026-06-24T19:00:00,F2,EXIT_INITSL,-645023.74
S7-TPNONE,2026-06-24T19:00:00,F3,EXIT_INITSL,-645023.74
S7-TPNONE,2026-06-24T19:45:00,F1,EXIT_INITSL,-889103.74
S7-TPNONE,2026-06-24T19:45:00,F2,EXIT_INITSL,-889103.74
S7-TPNONE,2026-06-24T19:45:00,F3,EXIT_INITSL,-889103.74
S7-TPNONE,2026-06-24T20:30:00,F1,EXIT_INITSL,-131138.1
S7-TPNONE,2026-06-24T20:30:00,F2,EXIT_INITSL,-131138.1
S7-TPNONE,2026-06-24T20:30:00,F3,EXIT_INITSL,-131138.1
S7-TPNONE,2026-06-24T21:45:00,F1,EXIT_INITSL,-163765.76
S7-TPNONE,2026-06-24T21:45:00,F2,EXIT_INITSL,-163765.76
S7-TPNONE,2026-06-24T21:45:00,F3,EXIT_INITSL,-163765.76
S7-TPNONE,2026-06-24T23:15:00,F1,EXIT_INITSL,-1178360.49
S7-TPNONE,2026-06-24T23:15:00,F2,EXIT_INITSL,-1178360.49
S7-TPNONE,2026-06-24T23:15:00,F3,EXIT_INITSL,-1178360.49
S7-TPNONE,2026-06-25T01:45:00,F1,EXIT_INITSL,-486277.62
S7-TPNONE,2026-06-25T01:45:00,F2,EXIT_INITSL,-486277.62
S7-TPNONE,2026-06-25T01:45:00,F3,EXIT_INITSL,-486277.62
S7-TPNONE,2026-06-25T18:45:00,F1,EXIT_INITSL,-754828.36
S7-TPNONE,2026-06-25T18:45:00,F2,EXIT_INITSL,-754828.36
S7-TPNONE,2026-06-25T18:45:00,F3,EXIT_INITSL,-754828.36
S7-TPNONE,2026-06-25T20:00:00,F1,EXIT_INITSL,-666984.67
S7-TPNONE,2026-06-25T20:00:00,F2,EXIT_INITSL,-666984.67
S7-TPNONE,2026-06-25T20:00:00,F3,EXIT_INITSL,-666984.67
S7-TPNONE,2026-06-25T22:15:00,F1,EXIT_INITSL,1014594.74
S7-TPNONE,2026-06-25T22:15:00,F2,EXIT_INITSL,1014594.74
S7-TPNONE,2026-06-25T22:15:00,F3,EXIT_INITSL,1014594.74
S7-TPNONE,2026-06-26T02:30:00,F1,EXIT_INITSL,72157.33
S7-TPNONE,2026-06-26T02:30:00,F2,EXIT_INITSL,72157.33
S7-TPNONE,2026-06-26T02:30:00,F3,EXIT_INITSL,72157.33
S7-TPNONE,2026-06-28T20:15:00,F1,EXIT_INITSL,-200158.14
S7-TPNONE,2026-06-28T20:15:00,F2,EXIT_INITSL,-200158.14
S7-TPNONE,2026-06-28T20:15:00,F3,EXIT_INITSL,-200158.14
S7-TPNONE,2026-06-29T00:15:00,F1,EXIT_INITSL,741024.35
S7-TPNONE,2026-06-29T00:15:00,F2,EXIT_INITSL,741024.35
S7-TPNONE,2026-06-29T00:15:00,F3,EXIT_INITSL,741024.35
S7-TPNONE,2026-06-29T18:45:00,F1,EXIT_INITSL,-554670.22
S7-TPNONE,2026-06-29T18:45:00,F2,EXIT_INITSL,-554670.22
S7-TPNONE,2026-06-29T18:45:00,F3,EXIT_INITSL,-554670.22
S7-TPNONE,2026-06-29T20:15:00,F1,EXIT_INITSL,3245197.26
S7-TPNONE,2026-06-29T20:15:00,F2,EXIT_INITSL,3245197.26
S7-TPNONE,2026-06-29T20:15:00,F3,EXIT_INITSL,3245197.26
S7-TPNONE,2026-06-30T02:15:00,F1,EXIT_INITSL,2018522.73
S7-TPNONE,2026-06-30T02:15:00,F2,EXIT_INITSL,2018522.73
S7-TPNONE,2026-06-30T02:15:00,F3,EXIT_INITSL,2018522.73
S7-TPNONE,2026-06-30T18:30:00,F1,EXIT_INITSL,1677187.22
S7-TPNONE,2026-06-30T18:30:00,F2,EXIT_INITSL,1677187.22
S7-TPNONE,2026-06-30T18:30:00,F3,EXIT_INITSL,1677187.22
S7-TPNONE,2026-06-30T23:45:00,F1,EXIT_INITSL,340080.61
S7-TPNONE,2026-06-30T23:45:00,F2,EXIT_INITSL,340080.61
S7-TPNONE,2026-06-30T23:45:00,F3,EXIT_INITSL,340080.61
S7-TPNONE,2026-07-02T02:00:00,F1,EXIT_INITSL,6274.55
S7-TPNONE,2026-07-02T02:00:00,F2,EXIT_INITSL,6274.55
S7-TPNONE,2026-07-02T02:00:00,F3,EXIT_INITSL,6274.55
S7-TPNONE,2026-07-02T03:00:00,F1,EXIT_INITSL,-805652.22
S7-TPNONE,2026-07-02T03:00:00,F2,EXIT_INITSL,-805652.22
S7-TPNONE,2026-07-02T03:00:00,F3,EXIT_INITSL,-805652.22
S7-TPNONE,2026-07-02T04:30:00,F1,EXIT_INITSL,-561572.23
S7-TPNONE,2026-07-02T04:30:00,F2,EXIT_INITSL,-561572.23
S7-TPNONE,2026-07-02T04:30:00,F3,EXIT_INITSL,-561572.23
S7-TPNONE,2026-07-02T05:30:00,F1,EXIT_INITSL,-88471.15
S7-TPNONE,2026-07-02T05:30:00,F2,EXIT_INITSL,-88471.15
S7-TPNONE,2026-07-02T05:30:00,F3,EXIT_INITSL,-88471.15
S7-TPNONE,2026-07-02T07:45:00,F1,EXIT_INITSL,3097117.88
S7-TPNONE,2026-07-02T07:45:00,F2,EXIT_INITSL,3097117.88
S7-TPNONE,2026-07-02T07:45:00,F3,EXIT_INITSL,3097117.88
S7-TPNONE,2026-07-02T11:45:00,F1,EXIT_INITSL,-938672.68
S7-TPNONE,2026-07-02T11:45:00,F2,EXIT_INITSL,-938672.68
S7-TPNONE,2026-07-02T11:45:00,F3,EXIT_INITSL,-938672.68
S7-TPNONE,2026-07-02T13:30:00,F1,EXIT_INITSL,-631847.18
S7-TPNONE,2026-07-02T13:30:00,F2,EXIT_INITSL,-631847.18
S7-TPNONE,2026-07-02T13:30:00,F3,EXIT_INITSL,-631847.18
S7-TPNONE,2026-07-02T14:15:00,F1,EXIT_INITSL,-526434.75
S7-TPNONE,2026-07-02T14:15:00,F2,EXIT_INITSL,-526434.75
S7-TPNONE,2026-07-02T14:15:00,F3,EXIT_INITSL,-526434.75
S7-TPNONE,2026-07-03T02:45:00,F1,EXIT_INITSL,-149334.29
S7-TPNONE,2026-07-03T02:45:00,F2,EXIT_INITSL,-149334.29
S7-TPNONE,2026-07-03T02:45:00,F3,EXIT_INITSL,-149334.29
S7-TPNONE,2026-07-05T20:15:00,F1,EXIT_INITSL,-591062.61
S7-TPNONE,2026-07-05T20:15:00,F2,EXIT_INITSL,-591062.61
S7-TPNONE,2026-07-05T20:15:00,F3,EXIT_INITSL,-591062.61
S7-TPNONE,2026-07-05T21:30:00,F1,EXIT_TRAIL,-253491.82
S7-TPNONE,2026-07-05T21:30:00,F2,EXIT_TRAIL,-253491.82
S7-TPNONE,2026-07-05T21:30:00,F3,EXIT_TRAIL,-253491.82
S7-TPNONE,2026-07-05T22:15:00,F1,EXIT_INITSL,1460087.78
S7-TPNONE,2026-07-05T22:15:00,F2,EXIT_INITSL,1460087.78
S7-TPNONE,2026-07-05T22:15:00,F3,EXIT_INITSL,1460087.78
S7-TPNONE,2026-07-06T20:45:00,F1,EXIT_INITSL,843926.98
S7-TPNONE,2026-07-06T20:45:00,F2,EXIT_INITSL,843926.98
S7-TPNONE,2026-07-06T20:45:00,F3,EXIT_INITSL,843926.98
S7-TPNONE,2026-07-06T22:00:00,F1,EXIT_INITSL,412865.39
S7-TPNONE,2026-07-06T22:00:00,F2,EXIT_INITSL,412865.39
S7-TPNONE,2026-07-06T22:00:00,F3,EXIT_INITSL,412865.39
S7-TPNONE,2026-07-07T01:45:00,F1,EXIT_INITSL,-570984.05
S7-TPNONE,2026-07-07T01:45:00,F2,EXIT_INITSL,-570984.05
S7-TPNONE,2026-07-07T01:45:00,F3,EXIT_INITSL,-570984.05
S7-TPNONE,2026-07-07T03:30:00,F1,EXIT_INITSL,-555297.68
S7-TPNONE,2026-07-07T03:30:00,F2,EXIT_INITSL,-555297.68
S7-TPNONE,2026-07-07T03:30:00,F3,EXIT_INITSL,-555297.68
S7-TPNONE,2026-07-07T23:15:00,F1,EXIT_INITSL,-469963.79
S7-TPNONE,2026-07-07T23:15:00,F2,EXIT_INITSL,-469963.79
S7-TPNONE,2026-07-07T23:15:00,F3,EXIT_INITSL,-469963.79
S7-TPNONE,2026-07-08T19:30:00,F1,EXIT_INITSL,-50196.4
S7-TPNONE,2026-07-08T19:30:00,F2,EXIT_INITSL,-50196.4
S7-TPNONE,2026-07-08T19:30:00,F3,EXIT_INITSL,-50196.4
S7-TPNONE,2026-07-08T22:15:00,F1,EXIT_INITSL,-572238.96
S7-TPNONE,2026-07-08T22:15:00,F2,EXIT_INITSL,-572238.96
S7-TPNONE,2026-07-08T22:15:00,F3,EXIT_INITSL,-572238.96
S7-TPNONE,2026-07-09T00:15:00,F1,EXIT_INITSL,-470591.25
S7-TPNONE,2026-07-09T00:15:00,F2,EXIT_INITSL,-470591.25
S7-TPNONE,2026-07-09T00:15:00,F3,EXIT_INITSL,-470591.25
S7-TPNONE,2026-07-09T18:30:00,F1,EXIT_INITSL,-34510.03
S7-TPNONE,2026-07-09T18:30:00,F2,EXIT_INITSL,-34510.03
S7-TPNONE,2026-07-09T18:30:00,F3,EXIT_INITSL,-34510.03
S7-TPNONE,2026-07-09T21:45:00,F1,EXIT_INITSL,-455532.33
S7-TPNONE,2026-07-09T21:45:00,F2,EXIT_INITSL,-455532.33
S7-TPNONE,2026-07-09T21:45:00,F3,EXIT_INITSL,-455532.33
S7-TPNONE,2026-07-09T23:00:00,F1,EXIT_INITSL,-253491.82
S7-TPNONE,2026-07-09T23:00:00,F2,EXIT_INITSL,-253491.82
S7-TPNONE,2026-07-09T23:00:00,F3,EXIT_INITSL,-253491.82
S7-TPNONE,2026-07-13T01:15:00,F1,EXIT_INITSL,-919849.03
S7-TPNONE,2026-07-13T01:15:00,F2,EXIT_INITSL,-919849.03
S7-TPNONE,2026-07-13T01:15:00,F3,EXIT_INITSL,-919849.03
S7-TPNONE,2026-07-13T19:15:00,F1,EXIT_INITSL,-113569.35
S7-TPNONE,2026-07-13T19:15:00,F2,EXIT_INITSL,-113569.35
S7-TPNONE,2026-07-13T19:15:00,F3,EXIT_INITSL,-113569.35
S7-TPNONE,2026-07-13T20:15:00,F1,EXIT_INITSL,-118588.99
S7-TPNONE,2026-07-13T20:15:00,F2,EXIT_INITSL,-118588.99
S7-TPNONE,2026-07-13T20:15:00,F3,EXIT_INITSL,-118588.99
S7-TPNONE,2026-07-13T22:00:00,F1,EXIT_INITSL,829495.51
S7-TPNONE,2026-07-13T22:00:00,F2,EXIT_INITSL,829495.51
S7-TPNONE,2026-07-13T22:00:00,F3,EXIT_INITSL,829495.51
S7-TPNONE,2026-07-14T21:30:00,F1,EXIT_INITSL,918594.12
S7-TPNONE,2026-07-14T21:30:00,F2,EXIT_INITSL,918594.12
S7-TPNONE,2026-07-14T21:30:00,F3,EXIT_INITSL,918594.12
S7-TPNONE,2026-07-14T23:00:00,F1,EXIT_INITSL,5019.64
S7-TPNONE,2026-07-14T23:00:00,F2,EXIT_INITSL,5019.64
S7-TPNONE,2026-07-14T23:00:00,F3,EXIT_INITSL,5019.64
S7-TPNONE,2026-07-16T00:45:00,F1,EXIT_INITSL,-124236.09
S7-TPNONE,2026-07-16T00:45:00,F2,EXIT_INITSL,-124236.09
S7-TPNONE,2026-07-16T00:45:00,F3,EXIT_INITSL,-124236.09
S7-TPNONE,2026-07-16T18:45:00,F1,EXIT_INITSL,-593572.43
S7-TPNONE,2026-07-16T18:45:00,F2,EXIT_INITSL,-593572.43
S7-TPNONE,2026-07-16T18:45:00,F3,EXIT_INITSL,-593572.43
S7-TPNONE,2026-07-16T22:00:00,F1,EXIT_INITSL,58353.32
S7-TPNONE,2026-07-16T22:00:00,F2,EXIT_INITSL,58353.32
S7-TPNONE,2026-07-16T22:00:00,F3,EXIT_INITSL,58353.32
S7-TPNONE,2026-07-16T23:15:00,F1,EXIT_INITSL,415375.21
S7-TPNONE,2026-07-16T23:15:00,F2,EXIT_INITSL,415375.21
S7-TPNONE,2026-07-16T23:15:00,F3,EXIT_INITSL,415375.21
S7-TPNONE,2026-07-17T00:30:00,F1,EXIT_INITSL,-22588.38
S7-TPNONE,2026-07-17T00:30:00,F2,EXIT_INITSL,-22588.38
S7-TPNONE,2026-07-17T00:30:00,F3,EXIT_INITSL,-22588.38
S7-TPNONE,2026-07-17T01:45:00,F1,EXIT_INITSL,443610.69
S7-TPNONE,2026-07-17T01:45:00,F2,EXIT_INITSL,443610.69
S7-TPNONE,2026-07-17T01:45:00,F3,EXIT_INITSL,443610.69
S7-TPNONE,2026-07-19T20:30:00,F1,EXIT_INITSL,232785.81
S7-TPNONE,2026-07-19T20:30:00,F2,EXIT_INITSL,232785.81
S7-TPNONE,2026-07-19T20:30:00,F3,EXIT_INITSL,232785.81
S7-TPNONE,2026-07-19T22:15:00,F1,EXIT_INITSL,692710.32
S7-TPNONE,2026-07-19T22:15:00,F2,EXIT_INITSL,692710.32
S7-TPNONE,2026-07-19T22:15:00,F3,EXIT_INITSL,692710.32
S7-TPNONE,2026-07-20T17:00:00,F1,EXIT_INITSL,107922.26
S7-TPNONE,2026-07-20T17:00:00,F2,EXIT_INITSL,107922.26
S7-TPNONE,2026-07-20T17:00:00,F3,EXIT_INITSL,107922.26
S7-TPNONE,2026-07-21T20:15:00,F1,EXIT_INITSL,-125491.0
S7-TPNONE,2026-07-21T20:15:00,F2,EXIT_INITSL,-125491.0
S7-TPNONE,2026-07-21T20:15:00,F3,EXIT_INITSL,-125491.0
S7-TPNONE,2026-07-21T21:15:00,F1,EXIT_INITSL,573493.87
S7-TPNONE,2026-07-21T21:15:00,F2,EXIT_INITSL,573493.87
S7-TPNONE,2026-07-21T21:15:00,F3,EXIT_INITSL,573493.87
S7-TPNONE,2026-07-22T01:45:00,F1,EXIT_INITSL,-438591.04
S7-TPNONE,2026-07-22T01:45:00,F2,EXIT_INITSL,-438591.04
S7-TPNONE,2026-07-22T01:45:00,F3,EXIT_INITSL,-438591.04
S7-TPNONE,2026-07-22T02:30:00,F1,EXIT_INITSL,-291766.57
S7-TPNONE,2026-07-22T02:30:00,F2,EXIT_INITSL,-291766.57
S7-TPNONE,2026-07-22T02:30:00,F3,EXIT_INITSL,-291766.57
S7-TPNONE,2026-07-22T20:00:00,F1,EXIT_INITSL,-281099.84
S7-TPNONE,2026-07-22T20:00:00,F2,EXIT_INITSL,-281099.84
S7-TPNONE,2026-07-22T20:00:00,F3,EXIT_INITSL,-281099.84
S7-TPNONE,2026-07-22T21:45:00,F1,EXIT_INITSL,-143687.19
S7-TPNONE,2026-07-22T21:45:00,F2,EXIT_INITSL,-143687.19
S7-TPNONE,2026-07-22T21:45:00,F3,EXIT_INITSL,-143687.19
S7-TPNONE,2026-07-22T23:00:00,F1,EXIT_INITSL,-369571.0
S7-TPNONE,2026-07-22T23:00:00,F2,EXIT_INITSL,-369571.0
S7-TPNONE,2026-07-22T23:00:00,F3,EXIT_INITSL,-369571.0
S7-TPNONE,2026-07-23T02:45:00,F1,EXIT_INITSL,1357812.62
S7-TPNONE,2026-07-23T02:45:00,F2,EXIT_INITSL,1357812.62
S7-TPNONE,2026-07-23T02:45:00,F3,EXIT_INITSL,1357812.62
S7-TPNONE,2026-07-23T20:45:00,F1,EXIT_INITSL,-373335.72
S7-TPNONE,2026-07-23T20:45:00,F2,EXIT_INITSL,-373335.72
S7-TPNONE,2026-07-23T20:45:00,F3,EXIT_INITSL,-373335.72
S7-TPNONE,2026-07-23T21:15:00,F1,EXIT_INITSL,-410983.03
S7-TPNONE,2026-07-23T21:15:00,F2,EXIT_INITSL,-410983.03
S7-TPNONE,2026-07-23T21:15:00,F3,EXIT_INITSL,-410983.03
S7-TPNONE,2026-07-23T22:00:00,F1,EXIT_INITSL,676396.49
S7-TPNONE,2026-07-23T22:00:00,F2,EXIT_INITSL,676396.49
S7-TPNONE,2026-07-23T22:00:00,F3,EXIT_INITSL,676396.49
SuperTrend-p14x3-M15,2026-01-01T23:30:00,F1,EXIT_STLINE,-65255.32
SuperTrend-p14x3-M15,2026-01-01T23:45:00,F1,EXIT_STLINE,1674677.39
SuperTrend-p14x3-M15,2026-01-05T21:45:00,F1,EXIT_STLINE,-260393.83
SuperTrend-p14x3-M15,2026-01-05T22:15:00,F1,EXIT_STLINE,-577258.6
SuperTrend-p14x3-M15,2026-01-05T22:45:00,F1,EXIT_STLINE,569101.68
SuperTrend-p14x3-M15,2026-01-06T22:15:00,F1,EXIT_STLINE,50823.86
SuperTrend-p14x3-M15,2026-01-07T22:15:00,F1,EXIT_STLINE,-695220.14
SuperTrend-p14x3-M15,2026-01-07T22:45:00,F1,EXIT_STLINE,-126745.91
SuperTrend-p14x3-M15,2026-01-07T23:00:00,F1,EXIT_STLINE,-146824.47
SuperTrend-p14x3-M15,2026-01-07T23:15:00,F1,EXIT_STLINE,584788.06
SuperTrend-p14x3-M15,2026-01-08T22:15:00,F1,EXIT_STLINE,-96628.07
SuperTrend-p14x3-M15,2026-01-08T22:30:00,F1,EXIT_STLINE,-1337734.06
SuperTrend-p14x3-M15,2026-01-13T22:15:00,F1,EXIT_STLINE,123608.64
SuperTrend-p14x3-M15,2026-01-14T20:15:00,F1,EXIT_STLINE,-295531.31
SuperTrend-p14x3-M15,2026-01-14T20:30:00,F1,EXIT_STLINE,-428551.77
SuperTrend-p14x3-M15,2026-01-15T22:00:00,F1,EXIT_STLINE,-121726.27
SuperTrend-p14x3-M15,2026-01-15T22:15:00,F1,EXIT_STLINE,-326276.6
SuperTrend-p14x3-M15,2026-01-15T23:15:00,F1,EXIT_STLINE,-997026.0
SuperTrend-p14x3-M15,2026-01-16T03:00:00,F1,EXIT_STLINE,-141804.83
SuperTrend-p14x3-M15,2026-01-19T21:30:00,F1,EXIT_STLINE,-1131301.37
SuperTrend-p14x3-M15,2026-01-20T00:45:00,F1,EXIT_STLINE,-31372.75
SuperTrend-p14x3-M15,2026-01-20T01:00:00,F1,EXIT_STLINE,10230026.32
SuperTrend-p14x3-M15,2026-01-21T21:00:00,F1,EXIT_STLINE,-3208804.87
SuperTrend-p14x3-M15,2026-01-22T03:30:00,F1,EXIT_STLINE,-253491.82
SuperTrend-p14x3-M15,2026-01-26T22:15:00,F1,EXIT_STLINE,-648161.01
SuperTrend-p14x3-M15,2026-01-28T22:15:00,F1,EXIT_STLINE,1824639.14
SuperTrend-p14x3-M15,2026-01-29T22:15:00,F1,EXIT_STLINE,23691445.89
SuperTrend-p14x3-M15,2026-02-01T20:15:00,F1,EXIT_STLINE,-512003.28
SuperTrend-p14x3-M15,2026-02-01T20:30:00,F1,EXIT_STLINE,5018385.09
SuperTrend-p14x3-M15,2026-02-02T21:00:00,F1,EXIT_STLINE,7994404.15
SuperTrend-p14x3-M15,2026-02-04T20:15:00,F1,EXIT_STLINE,-4124261.71
SuperTrend-p14x3-M15,2026-02-04T22:30:00,F1,EXIT_STLINE,-509493.46
SuperTrend-p14x3-M15,2026-02-04T23:15:00,F1,EXIT_STLINE,-1288792.57
SuperTrend-p14x3-M15,2026-02-05T23:00:00,F1,EXIT_STLINE,-102902.62
SuperTrend-p14x3-M15,2026-02-05T23:15:00,F1,EXIT_STLINE,12222195.94
SuperTrend-p14x3-M15,2026-02-08T22:45:00,F1,EXIT_STLINE,-1702912.87
SuperTrend-p14x3-M15,2026-02-08T23:00:00,F1,EXIT_STLINE,-3587160.24
SuperTrend-p14x3-M15,2026-02-09T20:15:00,F1,EXIT_STLINE,-3144177.0
SuperTrend-p14x3-M15,2026-02-10T06:15:00,F1,EXIT_STLINE,-736004.71
SuperTrend-p14x3-M15,2026-02-10T20:30:00,F1,EXIT_STLINE,-394041.74
SuperTrend-p14x3-M15,2026-02-10T23:00:00,F1,EXIT_STLINE,-31372.75
SuperTrend-p14x3-M15,2026-02-10T23:15:00,F1,EXIT_STLINE,-972555.25
SuperTrend-p14x3-M15,2026-02-10T23:45:00,F1,EXIT_STLINE,1596245.52
SuperTrend-p14x3-M15,2026-02-12T22:30:00,F1,EXIT_STLINE,-1624480.99
SuperTrend-p14x3-M15,2026-02-16T00:00:00,F1,EXIT_STLINE,-985731.81
SuperTrend-p14x3-M15,2026-02-16T20:30:00,F1,EXIT_STLINE,4147477.55
SuperTrend-p14x3-M15,2026-02-17T23:45:00,F1,EXIT_STLINE,353884.62
SuperTrend-p14x3-M15,2026-02-18T20:15:00,F1,EXIT_STLINE,-213962.15
SuperTrend-p14x3-M15,2026-02-18T20:30:00,F1,EXIT_STLINE,-537101.48
SuperTrend-p14x3-M15,2026-02-18T21:00:00,F1,EXIT_STLINE,-156863.75
SuperTrend-p14x3-M15,2026-02-18T21:15:00,F1,EXIT_STLINE,-1443146.5
SuperTrend-p14x3-M15,2026-02-19T02:15:00,F1,EXIT_STLINE,-41412.03
SuperTrend-p14x3-M15,2026-02-19T02:45:00,F1,EXIT_STLINE,133647.91
SuperTrend-p14x3-M15,2026-02-19T22:15:00,F1,EXIT_STLINE,-84706.43
SuperTrend-p14x3-M15,2026-02-20T03:15:00,F1,EXIT_STLINE,-477493.25
SuperTrend-p14x3-M15,2026-02-23T22:15:00,F1,EXIT_STLINE,1957659.6
SuperTrend-p14x3-M15,2026-02-24T20:15:00,F1,EXIT_STLINE,-2132092.09
SuperTrend-p14x3-M15,2026-02-24T22:15:00,F1,EXIT_STLINE,-26980.57
SuperTrend-p14x3-M15,2026-02-25T22:15:00,F1,EXIT_STLINE,-348237.53
SuperTrend-p14x3-M15,2026-02-25T22:30:00,F1,EXIT_STLINE,-780554.02
SuperTrend-p14x3-M15,2026-02-25T22:45:00,F1,EXIT_STLINE,-224001.43
SuperTrend-p14x3-M15,2026-02-25T23:00:00,F1,EXIT_STLINE,-117961.54
SuperTrend-p14x3-M15,2026-02-25T23:15:00,F1,EXIT_STLINE,-631847.18
SuperTrend-p14x3-M15,2026-02-26T00:30:00,F1,EXIT_STLINE,-313100.05
SuperTrend-p14x3-M15,2026-02-26T01:00:00,F1,EXIT_STLINE,-31372.75
SuperTrend-p14x3-M15,2026-02-26T01:15:00,F1,EXIT_STLINE,-1489578.17
SuperTrend-p14x3-M15,2026-02-26T22:15:00,F1,EXIT_STLINE,-281727.29
SuperTrend-p14x3-M15,2026-03-03T03:00:00,F1,EXIT_STLINE,6617140.43
SuperTrend-p14x3-M15,2026-03-03T22:15:00,F1,EXIT_STLINE,-2374917.18
SuperTrend-p14x3-M15,2026-03-04T03:15:00,F1,EXIT_STLINE,1012712.37
SuperTrend-p14x3-M15,2026-03-04T21:30:00,F1,EXIT_STLINE,-93490.8
SuperTrend-p14x3-M15,2026-03-04T21:45:00,F1,EXIT_STLINE,-208942.51
SuperTrend-p14x3-M15,2026-03-04T22:00:00,F1,EXIT_STLINE,-142432.29
SuperTrend-p14x3-M15,2026-03-04T22:15:00,F1,EXIT_STLINE,-1558598.22
SuperTrend-p14x3-M15,2026-03-05T03:00:00,F1,EXIT_STLINE,-1635147.73
SuperTrend-p14x3-M15,2026-03-05T22:45:00,F1,EXIT_STLINE,-1417420.85
SuperTrend-p14x3-M15,2026-03-08T19:45:00,F1,EXIT_STLINE,-341335.52
SuperTrend-p14x3-M15,2026-03-08T20:00:00,F1,EXIT_STLINE,-591062.61
SuperTrend-p14x3-M15,2026-03-08T20:15:00,F1,EXIT_STLINE,-1367224.44
SuperTrend-p14x3-M15,2026-03-09T03:00:00,F1,EXIT_STLINE,-3253354.17
SuperTrend-p14x3-M15,2026-03-11T22:45:00,F1,EXIT_STLINE,-2082523.14
SuperTrend-p14x3-M15,2026-03-12T02:30:00,F1,EXIT_STLINE,1416165.93
SuperTrend-p14x3-M15,2026-03-12T21:00:00,F1,EXIT_STLINE,-148079.38
SuperTrend-p14x3-M15,2026-03-12T21:15:00,F1,EXIT_STLINE,-571611.5
SuperTrend-p14x3-M15,2026-03-16T23:00:00,F1,EXIT_STLINE,-904790.11
SuperTrend-p14x3-M15,2026-03-18T22:45:00,F1,EXIT_STLINE,-2695546.68
SuperTrend-p14x3-M15,2026-03-22T22:45:00,F1,EXIT_STLINE,11158032.26
SuperTrend-p14x3-M15,2026-03-23T21:45:00,F1,EXIT_STLINE,-4131163.72
SuperTrend-p14x3-M15,2026-03-26T23:15:00,F1,EXIT_STLINE,-777416.75
SuperTrend-p14x3-M15,2026-03-29T19:15:00,F1,EXIT_STLINE,-1251772.72
SuperTrend-p14x3-M15,2026-03-29T20:15:00,F1,EXIT_STLINE,-57725.86
SuperTrend-p14x3-M15,2026-03-29T20:30:00,F1,EXIT_STLINE,-1448166.14
SuperTrend-p14x3-M15,2026-03-29T23:45:00,F1,EXIT_STLINE,-39529.67
SuperTrend-p14x3-M15,2026-03-30T00:00:00,F1,EXIT_STLINE,-894750.83
SuperTrend-p14x3-M15,2026-03-30T00:15:00,F1,EXIT_STLINE,1505264.54
SuperTrend-p14x3-M15,2026-03-30T22:00:00,F1,EXIT_STLINE,-24470.75
SuperTrend-p14x3-M15,2026-03-31T02:15:00,F1,EXIT_STLINE,-192001.23
SuperTrend-p14x3-M15,2026-04-01T01:30:00,F1,EXIT_STLINE,2821037.68
SuperTrend-p14x3-M15,2026-04-01T22:15:00,F1,EXIT_STLINE,6607728.61
SuperTrend-p14x3-M15,2026-04-05T18:15:00,F1,EXIT_STLINE,-2298367.67
SuperTrend-p14x3-M15,2026-04-05T22:30:00,F1,EXIT_STLINE,-409728.11
SuperTrend-p14x3-M15,2026-04-06T01:15:00,F1,EXIT_STLINE,-431689.04
SuperTrend-p14x3-M15,2026-04-09T17:00:00,F1,EXIT_STLINE,-340080.61
SuperTrend-p14x3-M15,2026-04-09T18:45:00,F1,EXIT_STLINE,-135530.28
SuperTrend-p14x3-M15,2026-04-12T21:15:00,F1,EXIT_STLINE,-528317.11
SuperTrend-p14x3-M15,2026-04-14T22:45:00,F1,EXIT_STLINE,-196393.41
SuperTrend-p14x3-M15,2026-04-14T23:00:00,F1,EXIT_STLINE,-15686.38
SuperTrend-p14x3-M15,2026-04-15T19:00:00,F1,EXIT_STLINE,-236550.54
SuperTrend-p14x3-M15,2026-04-15T19:15:00,F1,EXIT_STLINE,160628.48
SuperTrend-p14x3-M15,2026-04-16T02:30:00,F1,EXIT_STLINE,-67765.14
SuperTrend-p14x3-M15,2026-04-16T02:45:00,F1,EXIT_STLINE,-564709.5
SuperTrend-p14x3-M15,2026-04-16T23:15:00,F1,EXIT_STLINE,-106039.89
SuperTrend-p14x3-M15,2026-04-16T23:30:00,F1,EXIT_STLINE,-225256.35
SuperTrend-p14x3-M15,2026-04-17T00:45:00,F1,EXIT_STLINE,-1131928.82
SuperTrend-p14x3-M15,2026-04-17T02:30:00,F1,EXIT_STLINE,-47686.58
SuperTrend-p14x3-M15,2026-04-17T02:45:00,F1,EXIT_STLINE,-156236.3
SuperTrend-p14x3-M15,2026-04-19T18:15:00,F1,EXIT_STLINE,87216.25
SuperTrend-p14x3-M15,2026-04-19T21:15:00,F1,EXIT_STLINE,998908.36
SuperTrend-p14x3-M15,2026-04-20T21:45:00,F1,EXIT_STLINE,-214589.61
SuperTrend-p14x3-M15,2026-04-20T22:00:00,F1,EXIT_STLINE,5282543.65
SuperTrend-p14x3-M15,2026-04-22T06:15:00,F1,EXIT_STLINE,-104157.53
SuperTrend-p14x3-M15,2026-04-22T08:45:00,F1,EXIT_STLINE,611768.62
SuperTrend-p14x3-M15,2026-04-22T20:30:00,F1,EXIT_STLINE,-1589970.97
SuperTrend-p14x3-M15,2026-04-22T22:15:00,F1,EXIT_STLINE,-493807.08
SuperTrend-p14x3-M15,2026-04-26T18:30:00,F1,EXIT_STLINE,-795612.94
SuperTrend-p14x3-M15,2026-04-26T21:15:00,F1,EXIT_STLINE,-392159.38
SuperTrend-p14x3-M15,2026-04-26T21:30:00,F1,EXIT_STLINE,-65882.78
SuperTrend-p14x3-M15,2026-04-26T21:45:00,F1,EXIT_STLINE,-85961.33
SuperTrend-p14x3-M15,2026-04-26T22:00:00,F1,EXIT_STLINE,97882.98
SuperTrend-p14x3-M15,2026-04-27T20:00:00,F1,EXIT_STLINE,-202040.51
SuperTrend-p14x3-M15,2026-04-27T20:15:00,F1,EXIT_STLINE,-1014594.74
SuperTrend-p14x3-M15,2026-04-27T22:00:00,F1,EXIT_STLINE,4434224.49
SuperTrend-p14x3-M15,2026-04-28T18:15:00,F1,EXIT_STLINE,-234040.72
SuperTrend-p14x3-M15,2026-04-28T20:15:00,F1,EXIT_STLINE,-1635147.73
SuperTrend-p14x3-M15,2026-04-28T21:15:00,F1,EXIT_STLINE,-58980.77
SuperTrend-p14x3-M15,2026-04-28T21:30:00,F1,EXIT_STLINE,-1692246.13
SuperTrend-p14x3-M15,2026-04-29T01:15:00,F1,EXIT_STLINE,2836096.6
SuperTrend-p14x3-M15,2026-04-29T20:15:00,F1,EXIT_STLINE,-673886.67
SuperTrend-p14x3-M15,2026-04-29T21:00:00,F1,EXIT_STLINE,-1131928.82
SuperTrend-p14x3-M15,2026-04-30T00:15:00,F1,EXIT_STLINE,-222119.07
SuperTrend-p14x3-M15,2026-04-30T00:30:00,F1,EXIT_STLINE,-1322675.14
SuperTrend-p14x3-M15,2026-04-30T02:00:00,F1,EXIT_STLINE,-355139.53
SuperTrend-p14x3-M15,2026-04-30T02:15:00,F1,EXIT_STLINE,-133020.46
SuperTrend-p14x3-M15,2026-04-30T02:30:00,F1,EXIT_STLINE,2522369.1
SuperTrend-p14x3-M15,2026-04-30T22:30:00,F1,EXIT_STLINE,2664801.39
SuperTrend-p14x3-M15,2026-05-04T21:15:00,F1,EXIT_STLINE,-45176.76
SuperTrend-p14x3-M15,2026-05-04T21:30:00,F1,EXIT_STLINE,-121726.27
SuperTrend-p14x3-M15,2026-05-04T21:45:00,F1,EXIT_STLINE,-166903.03
SuperTrend-p14x3-M15,2026-05-04T22:00:00,F1,EXIT_STLINE,762985.28
SuperTrend-p14x3-M15,2026-05-05T18:15:00,F1,EXIT_STLINE,-1026516.38
SuperTrend-p14x3-M15,2026-05-05T19:00:00,F1,EXIT_STLINE,6837377.14
SuperTrend-p14x3-M15,2026-05-06T21:15:00,F1,EXIT_STLINE,938672.68
SuperTrend-p14x3-M15,2026-05-07T22:00:00,F1,EXIT_STLINE,-1480166.35
SuperTrend-p14x3-M15,2026-05-11T21:30:00,F1,EXIT_STLINE,2536173.11
SuperTrend-p14x3-M15,2026-05-12T22:15:00,F1,EXIT_STLINE,-109804.62
SuperTrend-p14x3-M15,2026-05-12T22:30:00,F1,EXIT_STLINE,-907299.93
SuperTrend-p14x3-M15,2026-05-13T02:30:00,F1,EXIT_STLINE,354512.07
SuperTrend-p14x3-M15,2026-05-13T21:45:00,F1,EXIT_STLINE,-328786.42
SuperTrend-p14x3-M15,2026-05-13T22:00:00,F1,EXIT_STLINE,-353257.17
SuperTrend-p14x3-M15,2026-05-13T23:00:00,F1,EXIT_STLINE,-171295.21
SuperTrend-p14x3-M15,2026-05-13T23:15:00,F1,EXIT_STLINE,-1232321.62
SuperTrend-p14x3-M15,2026-05-14T00:30:00,F1,EXIT_STLINE,-31372.75
SuperTrend-p14x3-M15,2026-05-14T00:45:00,F1,EXIT_STLINE,-1508401.82
SuperTrend-p14x3-M15,2026-05-17T22:30:00,F1,EXIT_STLINE,-409100.66
SuperTrend-p14x3-M15,2026-05-17T22:45:00,F1,EXIT_STLINE,-252864.36
SuperTrend-p14x3-M15,2026-05-17T23:00:00,F1,EXIT_STLINE,-398433.93
SuperTrend-p14x3-M15,2026-05-17T23:45:00,F1,EXIT_STLINE,-724710.53
SuperTrend-p14x3-M15,2026-05-18T18:15:00,F1,EXIT_STLINE,-790593.3
SuperTrend-p14x3-M15,2026-05-18T21:15:00,F1,EXIT_STLINE,-337570.79
SuperTrend-p14x3-M15,2026-05-18T21:30:00,F1,EXIT_STLINE,3504336.18
SuperTrend-p14x3-M15,2026-05-19T20:45:00,F1,EXIT_STLINE,-1761266.18
SuperTrend-p14x3-M15,2026-05-19T21:30:00,F1,EXIT_STLINE,-1073575.51
SuperTrend-p14x3-M15,2026-05-20T22:30:00,F1,EXIT_STLINE,-15686.38
SuperTrend-p14x3-M15,2026-05-21T21:15:00,F1,EXIT_STLINE,-398433.93
SuperTrend-p14x3-M15,2026-05-21T21:45:00,F1,EXIT_STLINE,-107922.26
SuperTrend-p14x3-M15,2026-05-21T22:15:00,F1,EXIT_STLINE,-280472.38
SuperTrend-p14x3-M15,2026-05-21T22:30:00,F1,EXIT_STLINE,-99765.35
SuperTrend-p14x3-M15,2026-05-21T22:45:00,F1,EXIT_STLINE,-876554.64
SuperTrend-p14x3-M15,2026-05-24T18:15:00,F1,EXIT_STLINE,-311845.13
SuperTrend-p14x3-M15,2026-05-25T02:15:00,F1,EXIT_STLINE,190746.32
SuperTrend-p14x3-M15,2026-05-25T18:30:00,F1,EXIT_STLINE,-166903.03
SuperTrend-p14x3-M15,2026-05-25T19:00:00,F1,EXIT_STLINE,-63372.96
SuperTrend-p14x3-M15,2026-05-25T19:15:00,F1,EXIT_STLINE,-1094281.52
SuperTrend-p14x3-M15,2026-05-25T19:45:00,F1,EXIT_STLINE,1271851.29
SuperTrend-p14x3-M15,2026-05-26T18:15:00,F1,EXIT_STLINE,-496944.36
SuperTrend-p14x3-M15,2026-05-26T19:00:00,F1,EXIT_STLINE,-109177.17
SuperTrend-p14x3-M15,2026-05-26T19:15:00,F1,EXIT_STLINE,-243452.54
SuperTrend-p14x3-M15,2026-05-26T19:30:00,F1,EXIT_STLINE,-31372.75
SuperTrend-p14x3-M15,2026-05-26T19:45:00,F1,EXIT_STLINE,-2029816.92
SuperTrend-p14x3-M15,2026-05-27T01:45:00,F1,EXIT_STLINE,1834050.97
SuperTrend-p14x3-M15,2026-05-27T21:15:00,F1,EXIT_STLINE,2259465.46
SuperTrend-p14x3-M15,2026-06-01T20:30:00,F1,EXIT_STLINE,-1527225.47
SuperTrend-p14x3-M15,2026-06-01T22:00:00,F1,EXIT_STLINE,2412564.48
SuperTrend-p14x3-M15,2026-06-02T20:45:00,F1,EXIT_STLINE,-1832796.05
SuperTrend-p14x3-M15,2026-06-02T21:15:00,F1,EXIT_STLINE,-317492.23
SuperTrend-p14x3-M15,2026-06-02T21:30:00,F1,EXIT_STLINE,971300.34
SuperTrend-p14x3-M15,2026-06-03T19:00:00,F1,EXIT_STLINE,-191373.78
SuperTrend-p14x3-M15,2026-06-03T19:30:00,F1,EXIT_STLINE,-65882.77
SuperTrend-p14x3-M15,2026-06-03T19:45:00,F1,EXIT_STLINE,1516558.74
SuperTrend-p14x3-M15,2026-06-05T03:15:00,F1,EXIT_STLINE,-243452.54
SuperTrend-p14x3-M15,2026-06-05T03:30:00,F1,EXIT_STLINE,-1172085.94
SuperTrend-p14x3-M15,2026-06-07T20:30:00,F1,EXIT_STLINE,-2388093.73
SuperTrend-p14x3-M15,2026-06-07T21:30:00,F1,EXIT_STLINE,-90353.52
SuperTrend-p14x3-M15,2026-06-07T21:45:00,F1,EXIT_STLINE,-805024.76
SuperTrend-p14x3-M15,2026-06-07T22:30:00,F1,EXIT_STLINE,-103530.07
SuperTrend-p14x3-M15,2026-06-07T22:45:00,F1,EXIT_STLINE,-160001.03
SuperTrend-p14x3-M15,2026-06-07T23:00:00,F1,EXIT_STLINE,-492552.18
SuperTrend-p14x3-M15,2026-06-08T19:45:00,F1,EXIT_STLINE,-225256.35
SuperTrend-p14x3-M15,2026-06-08T20:00:00,F1,EXIT_STLINE,-117334.08
SuperTrend-p14x3-M15,2026-06-08T20:15:00,F1,EXIT_STLINE,-407845.75
SuperTrend-p14x3-M15,2026-06-08T20:30:00,F1,EXIT_STLINE,-37019.85
SuperTrend-p14x3-M15,2026-06-08T20:45:00,F1,EXIT_STLINE,-146197.02
SuperTrend-p14x3-M15,2026-06-08T21:00:00,F1,EXIT_STLINE,122981.18
SuperTrend-p14x3-M15,2026-06-10T02:00:00,F1,EXIT_STLINE,-76549.51
SuperTrend-p14x3-M15,2026-06-10T02:15:00,F1,EXIT_STLINE,-2165974.66
SuperTrend-p14x3-M15,2026-06-10T21:15:00,F1,EXIT_STLINE,-1864168.81
SuperTrend-p14x3-M15,2026-06-10T22:45:00,F1,EXIT_STLINE,-160001.02
SuperTrend-p14x3-M15,2026-06-10T23:00:00,F1,EXIT_STLINE,-687063.22
SuperTrend-p14x3-M15,2026-06-10T23:30:00,F1,EXIT_STLINE,457414.69
SuperTrend-p14x3-M15,2026-06-11T21:15:00,F1,EXIT_STLINE,-1283145.48
SuperTrend-p14x3-M15,2026-06-15T02:15:00,F1,EXIT_STLINE,-307452.95
SuperTrend-p14x3-M15,2026-06-15T02:30:00,F1,EXIT_STLINE,-67137.69
SuperTrend-p14x3-M15,2026-06-15T02:45:00,F1,EXIT_STLINE,-159373.57
SuperTrend-p14x3-M15,2026-06-15T03:00:00,F1,EXIT_STLINE,1640167.37
SuperTrend-p14x3-M15,2026-06-15T23:45:00,F1,EXIT_STLINE,-6274.55
SuperTrend-p14x3-M15,2026-06-16T21:15:00,F1,EXIT_STLINE,-1488950.72
SuperTrend-p14x3-M15,2026-06-17T00:30:00,F1,EXIT_STLINE,-879691.91
SuperTrend-p14x3-M15,2026-06-17T20:15:00,F1,EXIT_STLINE,-538983.84
SuperTrend-p14x3-M15,2026-06-21T18:15:00,F1,EXIT_STLINE,-567846.78
SuperTrend-p14x3-M15,2026-06-21T19:45:00,F1,EXIT_STLINE,-177569.76
SuperTrend-p14x3-M15,2026-06-21T20:00:00,F1,EXIT_STLINE,-1724246.34
SuperTrend-p14x3-M15,2026-06-21T20:30:00,F1,EXIT_STLINE,-31372.75
SuperTrend-p14x3-M15,2026-06-21T20:45:00,F1,EXIT_STLINE,2509.82
SuperTrend-p14x3-M15,2026-06-21T23:30:00,F1,EXIT_STLINE,-257884.0
SuperTrend-p14x3-M15,2026-06-21T23:45:00,F1,EXIT_STLINE,-1800795.85
SuperTrend-p14x3-M15,2026-06-22T03:00:00,F1,EXIT_STLINE,-418512.49
SuperTrend-p14x3-M15,2026-06-23T17:00:00,F1,EXIT_STLINE,-193256.14
SuperTrend-p14x3-M15,2026-06-23T18:30:00,F1,EXIT_STLINE,947457.05
SuperTrend-p14x3-M15,2026-06-24T02:15:00,F1,EXIT_STLINE,-2580722.41
SuperTrend-p14x3-M15,2026-06-25T22:30:00,F1,EXIT_STLINE,-829495.51
SuperTrend-p14x3-M15,2026-06-26T01:45:00,F1,EXIT_STLINE,-572238.96
SuperTrend-p14x3-M15,2026-06-26T02:30:00,F1,EXIT_STLINE,2029189.47
SuperTrend-p14x3-M15,2026-06-30T00:45:00,F1,EXIT_STLINE,-492552.17
SuperTrend-p14x3-M15,2026-06-30T02:30:00,F1,EXIT_STLINE,-153099.02
SuperTrend-p14x3-M15,2026-07-01T21:15:00,F1,EXIT_STLINE,6287099.1
SuperTrend-p14x3-M15,2026-07-05T18:15:00,F1,EXIT_STLINE,-71529.87
SuperTrend-p14x3-M15,2026-07-05T18:30:00,F1,EXIT_STLINE,-605494.07
SuperTrend-p14x3-M15,2026-07-05T20:15:00,F1,EXIT_STLINE,-1773815.29
SuperTrend-p14x3-M15,2026-07-05T22:00:00,F1,EXIT_STLINE,1613186.81
SuperTrend-p14x3-M15,2026-07-06T20:30:00,F1,EXIT_STLINE,-493179.63
SuperTrend-p14x3-M15,2026-07-06T20:45:00,F1,EXIT_STLINE,268550.74
SuperTrend-p14x3-M15,2026-07-08T23:15:00,F1,EXIT_STLINE,-1460715.24
SuperTrend-p14x3-M15,2026-07-09T02:00:00,F1,EXIT_STLINE,-31372.75
SuperTrend-p14x3-M15,2026-07-09T02:15:00,F1,EXIT_STLINE,1268714.01
SuperTrend-p14x3-M15,2026-07-09T21:45:00,F1,EXIT_STLINE,-1383538.28
SuperTrend-p14x3-M15,2026-07-09T23:15:00,F1,EXIT_STLINE,665102.3
SuperTrend-p14x3-M15,2026-07-12T18:15:00,F1,EXIT_STLINE,79059.33
SuperTrend-p14x3-M15,2026-07-13T22:15:00,F1,EXIT_STLINE,1975228.34
SuperTrend-p14x3-M15,2026-07-15T21:00:00,F1,EXIT_STLINE,286119.48
SuperTrend-p14x3-M15,2026-07-16T21:30:00,F1,EXIT_STLINE,-314982.41
SuperTrend-p14x3-M15,2026-07-16T23:30:00,F1,EXIT_STLINE,-1570519.87
SuperTrend-p14x3-M15,2026-07-19T18:30:00,F1,EXIT_STLINE,-1094908.97
SuperTrend-p14x3-M15,2026-07-19T21:15:00,F1,EXIT_STLINE,-127373.37
SuperTrend-p14x3-M15,2026-07-19T22:45:00,F1,EXIT_STLINE,-325021.69
SuperTrend-p14x3-M15,2026-07-20T20:45:00,F1,EXIT_STLINE,2213661.24
SuperTrend-p14x3-M15,2026-07-22T02:30:00,F1,EXIT_STLINE,-45176.76
SuperTrend-p14x3-M15,2026-07-22T02:45:00,F1,EXIT_STLINE,-126118.46
SuperTrend-p14x3-M15,2026-07-22T03:00:00,F1,EXIT_STLINE,-1030281.11
